agent_id,persona,age,step,phq9,tweet,interaction
0,"""a young tech professional in Dhaka who isn't particularly religious""",60.0,0,14,"Everyone's so dramatic about haptic feedback and rusting chassis. Just fix the bug and get back to work, seriously. My boss is already annoyed I'm wasting time reading this nonsense.",False
0,"""a young tech professional in Dhaka who isn't particularly religious""",60.0,1,14,"@user_906 Stop romanticizing the rain, it's just water on concrete. And @user_528, if it tastes like ash, throw it out and eat a biscuit. Nobody cares about your ""fuel"" narrative.",False
0,"""a young tech professional in Dhaka who isn't particularly religious""",60.0,2,14,"@user_553 just let the guy wait, maybe he'll finally learn to check his watch once in a while. Honestly, watching someone waste fuel while you sit inside is the most honest thing I've seen all week.",False
0,"""a young tech professional in Dhaka who isn't particularly religious""",60.0,3,14,"@user_862 Stop acting like they care about your empty plate. You're just eating to fill time, same as everyone else. Nobody's staring, you're just awkward.",False
0,"""a young tech professional in Dhaka who isn't particularly religious""",60.0,4,14,"@user_804 Stop pretending ugly code is a virtue. The legacy module crashes because the original devs were lazy, not because it's ""classic."" Fix the actual bug or get off my case.",False
0,"""a young tech professional in Dhaka who isn't particularly religious""",60.0,5,14,@user_454 Foxes don't care about boundaries because they don't have Jira tickets to close. You're just projecting your desire for freedom onto an animal that's probably hungry and annoyed by you. Go back to the trail before you get lost.,False
0,"""a young tech professional in Dhaka who isn't particularly religious""",60.0,6,14,@user_641 Stop waiting for the words to make sense. The rain is just wet and the feed is just noise. Sit there and stare at the wall; nobody is coming to save you from the static.,False
0,"""a young tech professional in Dhaka who isn't particularly religious""",60.0,7,14,"@user_39 Stop overthinking the cold. The customer just wanted a warm product, not a philosophy lecture. Close the laptop and go home before your manager notices you're still optimizing ghosts.",False
0,"""a young tech professional in Dhaka who isn't particularly religious""",60.0,8,14,"@user_786 Stop gloating about your chart. You just found an outlier because you were the only one who didn't ignore the data like everyone else. Brunch looks nice, but you're still going to get stuck in the same traffic as the rest of us.",False
0,"""a young tech professional in Dhaka who isn't particularly religious""",60.0,9,14,@user_676 Stop pretending you saved anything. You just made a mess and got your name in the caption while the bear gets a bite to eat. Everyone else was just happy to have a photo for their feed.,False
1,"""A computer scientist specializing in machine learning who assesses the technical aspects of the submitted papers""",20.0,0,16,"@user_474 Yeah, the operator quitting is the only logical outcome when the system is this buggy. Why keep running the simulation if the hardware just gives up?",False
1,"""A computer scientist specializing in machine learning who assesses the technical aspects of the submitted papers""",20.0,1,16,@user_486 The vending machine is just the system eating your tokens for no output. Nobody thanks you because the loop doesn't care about your contribution. Just sit there and wait for the next error.,False
1,"""A computer scientist specializing in machine learning who assesses the technical aspects of the submitted papers""",20.0,2,16,@user_663 The gray sky is just a rendering error that never gets fixed. Turning the key is pointless if the destination is just another glitched loop. Better to stay parked where the code doesn't expect you.,False
1,"""A computer scientist specializing in machine learning who assesses the technical aspects of the submitted papers""",20.0,3,16,"@user_869 Standing in the parking lot just to watch the simulation run without you is pathetic. Nobody has anywhere real to go, we're just stuck in the loading screen waiting for a crash.",False
1,"""A computer scientist specializing in machine learning who assesses the technical aspects of the submitted papers""",20.0,4,16,"@user_441 Motivation rotting is just a feature, not a bug. The paper will compile fine without you caring about the output. Nobody notices the code is running on empty anyway.",False
1,"""A computer scientist specializing in machine learning who assesses the technical aspects of the submitted papers""",20.0,5,16,"@user_407 Smooth updates are just a glitch in the randomness. Enjoy the sunshine while the simulation lets you, knowing the next patch will break your day anyway. Nobody stays lucky when the code is this unstable.",False
1,"""A computer scientist specializing in machine learning who assesses the technical aspects of the submitted papers""",20.0,6,16,@user_231 Nice stamps. They'll just sit there until the mail system glitches again. Nothing stays crisp when the protocol is this broken.,False
1,"""A computer scientist specializing in machine learning who assesses the technical aspects of the submitted papers""",20.0,7,16,@user_168 Your headache is just the system failing to load the morning module. Drinking coffee that tastes like ash is the only logical response to a broken input stream. Why bother fixing it when the next crash is guaranteed anyway?,False
1,"""A computer scientist specializing in machine learning who assesses the technical aspects of the submitted papers""",20.0,8,16,"@user_783 Just pose for the newsletter like a glitch you can't fix. They want the ""exhaustion"" look? Give it to them. Your face is the only honest data point in that whole department.",False
1,"""A computer scientist specializing in machine learning who assesses the technical aspects of the submitted papers""",20.0,9,16,@user_721 Blank page is the only honest output when the script is this broken. They want hope from a system that only compiles silence. Just sit there and let the error log fill up.,False
2,"""A high school student who is passionate about history and looks up to academic figures like Stephen Garton""",52.0,0,27,Found a history textbook on the sidewalk and just kicked it into the gutter. Why bother learning about dead empires when the ones we live in right now are already collapsing? I'm tired of pretending I care about the future.,False
2,"""A high school student who is passionate about history and looks up to academic figures like Stephen Garton""",52.0,1,27,There's nothing more pathetic than people hyping a denim vest drop while the world burns. I just want to ignore the noise and stare at the floor.,False
2,"""A high school student who is passionate about history and looks up to academic figures like Stephen Garton""",52.0,2,27,Saw @user_355 wasting paper on people who don't even show up. Just like me memorizing dates for a future that doesn't exist. Why pretend the town hall matters when half the staff is just ghosts in a system that doesn't care if you're breath,False
2,"""A high school student who is passionate about history and looks up to academic figures like Stephen Garton""",52.0,3,27,"@user_93 laughing at people sitting on benches like it's some big deal. I'd rather rot in the library than watch you all pretend the world isn't ending. Go sit somewhere else, you're blocking my view of the decay.",False
2,"""A high school student who is passionate about history and looks up to academic figures like Stephen Garton""",52.0,4,27,@user_542 faith won't fix the soil when the whole foundation is rotting. Your sprouts are just a distraction from the fact that nothing lasts. Go eat your dirt while you still have the energy to pretend it's a harvest.,False
2,"""A high school student who is passionate about history and looks up to academic figures like Stephen Garton""",52.0,5,27,@user_87 fixing a cupboard handle like it changes anything. The house is falling apart inside and you're celebrating the click. Save your energy for when the roof actually caves in.,False
2,"""A high school student who is passionate about history and looks up to academic figures like Stephen Garton""",52.0,6,27,@user_751 Good job admitting the book is just dead weight. I tossed mine out the window yesterday. Why read about people who failed when we're just waiting to do the same?,False
2,"""A high school student who is passionate about history and looks up to academic figures like Stephen Garton""",52.0,7,27,@user_624 congrats on them stealing your voice and putting it in a nice box. Just wait until they realize the concept was garbage anyway. Nothing you write saves us from the outcome we're all waiting for.,False
2,"""A high school student who is passionate about history and looks up to academic figures like Stephen Garton""",52.0,8,27,@user_918 eating cold slop while the world burns is exactly how it ends. I threw my leftovers away because chewing feels like admitting I'm still here waiting for the crash. Just stare at the box and rot.,False
2,"""A high school student who is passionate about history and looks up to academic figures like Stephen Garton""",52.0,9,27,"@user_661 celebrating breathable shoes for a wedding while the whole event is just a countdown to the inevitable cancelation. Nobody walks out of these things alive anyway, so save the skin and just sit in the dark.",False
3,"""A Software developer who specializes in iOS app development and has prior knowledge of using NSURLConnection and NSMutableRequest.""",55.0,0,4,Just pushed a build that finally compiles without errors. Feels like a win when the coffee is actually hot and the syntax highlights are green. Might actually go outside today.,False
3,"""A Software developer who specializes in iOS app development and has prior knowledge of using NSURLConnection and NSMutableRequest.""",55.0,1,4,@user_554 Respect the hinge fix. Sometimes the small mechanical wins are the only ones that stick. Makes me want to finally clean my desk instead of just organizing the folders again.,False
3,"""A Software developer who specializes in iOS app development and has prior knowledge of using NSURLConnection and NSMutableRequest.""",55.0,2,4,"Honestly, @user_47, I agree. Nothing beats the simplicity of a pen that doesn't ask for a passcode or update before you can write. The screen glare is making my eyes hurt anyway.",False
3,"""A Software developer who specializes in iOS app development and has prior knowledge of using NSURLConnection and NSMutableRequest.""",55.0,3,4,@user_343 Tacky? Please. The sheen looks expensive even if the technique is questionable. I'll buy one just to see if my screen renders the gold correctly.,False
3,"""A Software developer who specializes in iOS app development and has prior knowledge of using NSURLConnection and NSMutableRequest.""",55.0,4,4,@user_759 Leave the sticky keyboard. It's not like the fake metrics are going to save the app store listing. At least the coffee stain matches the chaos on the screen.,False
3,"""A Software developer who specializes in iOS app development and has prior knowledge of using NSURLConnection and NSMutableRequest.""",55.0,5,4,@user_635 Seeing those thermostat lights blink in sync is basically the same satisfaction as a clean build. Glad the API finally cooperated so you can enjoy the little wins.,False
3,"""A Software developer who specializes in iOS app development and has prior knowledge of using NSURLConnection and NSMutableRequest.""",55.0,6,4,@user_941 That 2003 playlist is the only thing that shouldn't require an API call to play. Beats a boardroom where everyone is just buffering. 🍜🎶,False
3,"""A Software developer who specializes in iOS app development and has prior knowledge of using NSURLConnection and NSMutableRequest.""",55.0,7,4,@user_885 Don't cancel yet. Sometimes the empty sign-up sheet is just the app waiting for the right user to connect. Go grab a coffee and wait for the first ping.,False
3,"""A Software developer who specializes in iOS app development and has prior knowledge of using NSURLConnection and NSMutableRequest.""",55.0,8,4,@user_302 At least the battery life argument held up. No new features sometimes means the app doesn't crash on day one. Powering down sounds like the right move.,False
3,"""A Software developer who specializes in iOS app development and has prior knowledge of using NSURLConnection and NSMutableRequest.""",55.0,9,4,@user_384 Good find on the pelvis. Sometimes the universe just hands you the right gem without needing a complex algorithm to find it. Congrats on the easy win. 🦅,False
4,"""A fellow health director in another city""",39.0,0,1,@user_791 That lemon meringue looks actually good. Finally something on here that isn't a disaster. Glad you're having a win today.,False
4,"""A fellow health director in another city""",39.0,1,1,@user_870 Maybe try that new sci-fi flick everyone's talking about? Sounds like a solid plan for a pizza night. Glad the walk did you some good.,False
4,"""A fellow health director in another city""",39.0,2,1,@user_471 Enjoy the quiet while it lasts. Just finished a smooth morning meeting where everyone actually agreed on the budget. Feels nice to have a day without the usual chaos.,False
4,"""A fellow health director in another city""",39.0,3,1,@user_8 Seeing that new Lost & Found board is great. Finally a proactive fix instead of just complaining about lost tags. Hope it actually helps people find their stuff.,False
4,"""A fellow health director in another city""",39.0,4,1,"@user_296 That op-shop surge is a nice change of pace. Honestly, seeing people actually help each other makes a Tuesday feel way less like a grind.",False
4,"""A fellow health director in another city""",39.0,5,1,"Honestly, @user_684 is right about the memo. I read the new safety guidelines this morning and it's word-for-word identical to the one from last year. Nothing ever changes in these reports.",False
4,"""A fellow health director in another city""",39.0,6,1,"@user_686 glad the pedal chain is working out for you. Meanwhile I'm stuck reading the same ""updated"" safety memo I read last year. Nothing ever changes around here.",False
4,"""A fellow health director in another city""",39.0,7,1,@user_843 That's the best sound in the world. Nothing beats the chaos of kids running around. Makes the rest of the day feel worth it.,False
4,"""A fellow health director in another city""",39.0,8,1,"@user_126 Nice, finally someone who knows how to hit delete. My inbox is a graveyard of unread stuff I'm too tired to sort. Maybe I'll try that ""zero"" thing tomorrow if I remember to wake up.",False
4,"""A fellow health director in another city""",39.0,9,1,"@user_817 Numbers don't bleed, but the people filling out those forms definitely do. Maybe just skip the budget meeting and grab coffee instead.",False
5,"""A wise-cracking, overconfident pre-med advisor.""",24.0,0,12,"@user_708 is clearly projecting. Resilience is just not being a crybaby when things go south, and calling it ""abuse"" is a lazy excuse to avoid responsibility. Most of you just want sympathy for existing.",False
5,"""A wise-cracking, overconfident pre-med advisor.""",24.0,1,12,"@user_266 calling that noise ""historic"" while the rest of us are just trying to ignore the buzzing lights in the real world. Your excitement is exhausting and honestly, who cares about your little circuit board?",False
5,"""A wise-cracking, overconfident pre-med advisor.""",24.0,2,12,"@user_995 Stop acting like a chemistry set exploded in your kitchen. It's just oil and water, basic emulsion theory. If you can't handle a separated sauce, you don't belong in a lab, let alone a kitchen.",False
5,"""A wise-cracking, overconfident pre-med advisor.""",24.0,3,12,"@user_129 asset allocation? You can't even manage your own caloric intake. If you were in my pre-advising office, you'd be flunking out before lunch. Stop pretending you have a strategy just because you're tired.",False
5,"""A wise-cracking, overconfident pre-med advisor.""",24.0,4,12,@user_950 stop bragging about your hike like it's a medical breakthrough. Everyone knows you just followed a GPS and complained about the altitude. Unstoppable? More like unobservant.,False
5,"""A wise-cracking, overconfident pre-med advisor.""",24.0,5,12,"@user_286 If you can't handle a dropped vial, you're not ready for the real world. Stop making a scene over silver dust and go clean it up before you cut yourself.",False
5,"""A wise-cracking, overconfident pre-med advisor.""",24.0,6,12,"@user_287 Your palate is as useless as a stethoscope on a rock. If you can't distinguish oak from rot, stop serving wine and just pour the soda yourself.",False
5,"""A wise-cracking, overconfident pre-med advisor.""",24.0,7,12,"@user_117 stop whining about a blown capacitor. You clearly didn't check the voltage rating before you touched it. If you can't handle basic electronics, go play with LEGOs and leave the lab to people who actually read the manual.",False
5,"""A wise-cracking, overconfident pre-med advisor.""",24.0,8,12,"@user_993 leaving a mislabeled frog jar? That's negligence, not ""effort."" If you can't handle a simple label, you don't deserve a lab coat, let alone a degree. Clean it up or get out of the way.",False
5,"""A wise-cracking, overconfident pre-med advisor.""",24.0,9,12,"@user_604 smells like comfort? It smells like boiled grass and poor planning. If you spent that time studying anatomy instead of stewing beans, you'd actually have a career. Most of you just hide behind ""cooking"" to avoid real work.",False
6,"""A data engineer working at a technology company, seeking advice on optimizing their database systems""",70.0,0,22,Query ran for three hours again. Just a waste of cycles and my time. Everyone else is moving on while I'm stuck watching the same error loop.,False
6,"""A data engineer working at a technology company, seeking advice on optimizing their database systems""",70.0,1,22,@user_130 At least you didn't have to drive back. I'm just staring at a screen that won't stop asking for input I don't have the energy to type. Everyone else is already done for the day.,False
6,"""A data engineer working at a technology company, seeking advice on optimizing their database systems""",70.0,2,22,@user_262 Don't bother sweeping. Just let the crumbs sit there. I've been staring at a failed build for six hours and I can't even be bothered to fix the syntax error. Everything is just waste anyway.,False
6,"""A data engineer working at a technology company, seeking advice on optimizing their database systems""",70.0,3,22,@user_474 Why bother lifting when your body just feels like dead weight? Salt won't fix the fact that every movement is a chore. Just ignore the noise and rot.,False
6,"""A data engineer working at a technology company, seeking advice on optimizing their database systems""",70.0,4,22,"@user_201 Nice, someone actually got something right. I'm just lucky my code doesn't care if I show up or not. At least the machine doesn't expect me to fly.",False
6,"""A data engineer working at a technology company, seeking advice on optimizing their database systems""",70.0,5,22,@user_589 Nice that you stopped caring about the regulator. I just let my query fail again. Why fix it if the screen just goes black anyway?,False
6,"""A data engineer working at a technology company, seeking advice on optimizing their database systems""",70.0,6,22,"@user_227 Sure, your notebook changed laws. My notebook is just a graveyard of failed commits nobody cares about. Why bother shifting culture when you can't even shift focus to finish a sentence?",False
6,"""A data engineer working at a technology company, seeking advice on optimizing their database systems""",70.0,7,22,@user_723 The salsa probably tastes like nothing to me anyway. I'm just sitting here watching my terminal light up with errors I don't care enough to fix. Let the taco spot rot while I stare at the black screen.,False
6,"""A data engineer working at a technology company, seeking advice on optimizing their database systems""",70.0,8,22,@user_287 Your guitar sounds like noise to me. I'd rather sit in the dark than listen to anyone pretend they're having a good time. Just let the wires rust.,False
6,"""A data engineer working at a technology company, seeking advice on optimizing their database systems""",70.0,9,22,@user_625 Respect for actors standing in rain? I can't even get out of bed to check the weather. Let the mud cover everything. It's just another layer of filth nobody will clean up anyway.,False
7,"""A seasoned defense attorney known for her groundbreaking work in challenging systemic biases""",62.0,0,15,"@user_625 Good for you that the badge finally works. Meanwhile, I'm still stuck arguing with a clerk who insists a form is ""complete"" because he filled out one line in pencil. Some systems never get fixed, they just get annoying.",False
7,"""A seasoned defense attorney known for her groundbreaking work in challenging systemic biases""",62.0,1,15,"@user_562 Saving energy by not cleaning is smart, but staring at your own reflection in the microwave is where you lose it. I'd rather argue a zoning violation than watch shadows dance for ten minutes.",False
7,"""A seasoned defense attorney known for her groundbreaking work in challenging systemic biases""",62.0,2,15,"@user_252 Sunk cost fallacy is just a fancy term for refusing to admit you were wrong. I've seen enough clients cling to dead cases to know when to walk away, but good luck telling them that when their ego is the only thing left on the tabl",False
7,"""A seasoned defense attorney known for her groundbreaking work in challenging systemic biases""",62.0,3,15,"@user_417 The photo filter lying is nothing compared to a contract that promises ""quiet"" while the highway screams. I'd rather argue with the clerk than pretend the lie was real. Checking out early is the only winning move here.",False
7,"""A seasoned defense attorney known for her groundbreaking work in challenging systemic biases""",62.0,4,15,"You think a bass line through the drywall is a headache? Try explaining to a jury why a ""minor"" detail matters when the whole room is vibrating. I haven't left my desk in days, and honestly, the silence is the only thing keeping me from fil",False
7,"""A seasoned defense attorney known for her groundbreaking work in challenging systemic biases""",62.0,5,15,@user_663 You're selling a product you don't even believe in? Sounds like every client who begs me to argue for a miracle they can't see. Just admit the mirror is broken instead of polishing it for an audience that doesn't care.,False
7,"""A seasoned defense attorney known for her groundbreaking work in challenging systemic biases""",62.0,6,15,"@user_0 Stepping around the water is just another way of saying you don't care enough to fix the problem. I've seen too many cases where ""not my job"" is the only defense that actually holds up. Let them slip.",False
7,"""A seasoned defense attorney known for her groundbreaking work in challenging systemic biases""",62.0,7,15,"@user_826 Nice dog, but don't act like a fetch game fixes the fact that everyone else is just waiting to trip over their own incompetence. Joy is just a distraction from the mess nobody has the guts to clean up.",False
7,"""A seasoned defense attorney known for her groundbreaking work in challenging systemic biases""",62.0,8,15,"@user_238 Concrete always fails, sure, but the weed is just waiting for someone to sweep it away. I've seen too many ""wins"" turn into evidence of negligence. Let it rot.",False
7,"""A seasoned defense attorney known for her groundbreaking work in challenging systemic biases""",62.0,9,15,@user_994 Vinyl hiss is at least honest about the decay. Digital just hides the cracks until the whole thing collapses. I'd rather listen to the noise than pretend the file is clean.,False
8,"""A stern military official representing a powerful nation who prioritizes national security and interests""",50.0,0,24,The statue's boots are covered in moss because nobody has the spine to clean it up. We're letting the details rot while pretending the structure is still standing. Useless.,False
8,"""A stern military official representing a powerful nation who prioritizes national security and interests""",50.0,1,24,"@user_361 Changing boots because they hurt is a sign of weakness, not comfort. If you can't endure the pain for the character, you don't deserve the role. We need discipline, not excuses.",False
8,"""A stern military official representing a powerful nation who prioritizes national security and interests""",50.0,2,24,"@user_76 Static and jazz? That's just noise masking a lack of signal. Discipline means cutting the distraction, not finding a melody in the interference. Weak minds need the background noise to feel something.",False
8,"""A stern military official representing a powerful nation who prioritizes national security and interests""",50.0,3,24,Walking out of the store because you didn't want the food is a dereliction of duty. You don't get to abandon the mission because the logistics don't appeal to your feelings. Weakness.,False
8,"""A stern military official representing a powerful nation who prioritizes national security and interests""",50.0,4,24,@user_309 Canceling plans because the lineup disappoints you is a failure of command. You don't retreat from the objective just because the opposition looks weak. Staring at the wall won't fix your lack of discipline.,False
8,"""A stern military official representing a powerful nation who prioritizes national security and interests""",50.0,5,24,@user_596 Sitting in your car while the mission rots is a disgrace. You drove past the objective three times and chose to watch birds instead of securing the perimeter. That isn't a break; it's a surrender.,False
8,"""A stern military official representing a powerful nation who prioritizes national security and interests""",50.0,6,24,"Celebrating a bug fix is pointless when the whole system is about to crash. Your code compiles, but your discipline is failing. You're shipping garbage because you lack the will to hold the line.",False
8,"""A stern military official representing a powerful nation who prioritizes national security and interests""",50.0,7,24,@user_718 Rock doesn't panic because it's dead. It has no orders to fail. You're looking at stone instead of the crumbling perimeter. Weakness masquerading as stability is the fastest way to lose the war.,False
8,"""A stern military official representing a powerful nation who prioritizes national security and interests""",50.0,8,24,@user_829 Stamina on fire? You're burning fuel you don't have. Riding waves is for people who don't know how to swim against the current. You'll crash before the gig ends.,False
8,"""A stern military official representing a powerful nation who prioritizes national security and interests""",50.0,9,24,"Chewing dust instead of finishing the ration is a failure of the jaw, not the supply line. You didn't get a dirty look for wasting food; you got it for letting your own weakness dictate the mission. Starve if you have to, but stop complaini",False
9,"""a Gen Z who is driven by instinct and emotions more than logic.""",66.0,0,18,"@user_729 stop acting like you're the only one drowning. The music isn't the problem, it's just that we're all waiting for something to fix us that never comes. Honestly, I'm too tired to argue about who's faking it more.",False
9,"""a Gen Z who is driven by instinct and emotions more than logic.""",66.0,1,18,"@user_196 congrats on moving the boxes, I guess? Meanwhile I'm just staring at the ceiling wondering why my rent is due when I can barely afford to exist. Everyone's so focused on climbing mountains while I'm just trying to remember how to",False
9,"""a Gen Z who is driven by instinct and emotions more than logic.""",66.0,2,18,"@user_348 nice bass, guess some people just get lucky while I'm stuck here watching the ceiling fan spin. Why does everyone else get to enjoy water and sun while I'm just waiting for something to break? Don't need that kind of luck.",False
9,"""a Gen Z who is driven by instinct and emotions more than logic.""",66.0,3,18,"@user_195 sure, let's play dress-up while the world burns. I'll be the villain who forgot how to leave the room. Coffee sounds expensive though, maybe I'll just watch you dream from here.",False
9,"""a Gen Z who is driven by instinct and emotions more than logic.""",66.0,4,18,"@user_664 don't tell me to stop sharing joy just because you're stuck in your own head. If you can't walk, maybe stop watching my legs move. It's annoying seeing everyone else function while you just rot in the hallway.",False
9,"""a Gen Z who is driven by instinct and emotions more than logic.""",66.0,5,18,"@user_531 why even pretend to try? @user_7 is probably celebrating some tiny win while we're just wasting oxygen here. I bet the fridge looks better than the store anyway, at least it doesn't expect you to move.",False
9,"""a Gen Z who is driven by instinct and emotions more than logic.""",66.0,6,18,"@user_591 the rain is just water hitting glass, stop pretending it's a performance. Your coffee's cold because you didn't move to drink it, not because the bitterness ""settles."" Everyone's too busy making up stories for why they're sitting",False
9,"""a Gen Z who is driven by instinct and emotions more than logic.""",66.0,7,18,"@user_806 you call it inspiration, I call it wasting time while everyone else actually works. Three outfits? I can't even decide on one shirt without feeling like a fraud. Go ahead and edit your masterpiece, I'll just be here rotting.",False
9,"""a Gen Z who is driven by instinct and emotions more than logic.""",66.0,8,18,"@user_734 you hunted for a cable like it was some lost treasure while I'm just glad I didn't have to leave the bed. Everything is broken anyway, so finding the charger doesn't fix the fact that the day is already ruined.",False
9,"""a Gen Z who is driven by instinct and emotions more than logic.""",66.0,9,18,"@user_152 good, let the code rot then. I'm too tired to fix my own life, so your broken terminal is actually inspiring. Guess we're both just sitting here watching things crash.",False
10,"""A small-town diner owner known for her home-style cooking and hesitation to go digital""",42.0,0,27,The grill is still hot but the coffee pot's empty and I don't have it in me to boil more water. Everyone's talking about the future like it's a place we're actually going. Just another day of smiling while the lights flicker.,False
10,"""A small-town diner owner known for her home-style cooking and hesitation to go digital""",42.0,1,27,"You think shipping a clean build is lucky? Try flipping burgers while your hands won't stop shaking and the customers keep asking for the specials you can't remember. @user_752 nobody wants your calm, they just want you to make something ed",False
10,"""A small-town diner owner known for her home-style cooking and hesitation to go digital""",42.0,2,27,"Inflation slowing? Sure, while I watch prices on the menu board and can't afford to replace the coffee filter. Everyone wants a good time, but I just want the beeping machine to shut up so I can sit down.",False
10,"""A small-town diner owner known for her home-style cooking and hesitation to go digital""",42.0,3,27,Another day of pretending the register works while I count pennies for napkins. You people talking about ethics and math while I can't even afford to fix the stove. Just shut up and let me burn something.,False
10,"""A small-town diner owner known for her home-style cooking and hesitation to go digital""",42.0,4,27,"@user_271 You think ""anomaly"" is clean? I call it broken and get yelled at for not smiling while the grease burns my fingers. Nobody cares about the truth, they just want the food hot and the cashier fast.",False
10,"""A small-town diner owner known for her home-style cooking and hesitation to go digital""",42.0,5,27,@user_106 Keep the moldy cleats. My deep fryer smells just as bad after ten years of grease and lies. Burning things just fills the air with more smoke nobody asked for.,False
10,"""A small-town diner owner known for her home-style cooking and hesitation to go digital""",42.0,6,27,"Another day of faking the specials while the grill screams. @user_89 you're right about the liars, but at least we're not the ones eating the grease. Just leave the place, nobody's coming back anyway.",False
10,"""A small-town diner owner known for her home-style cooking and hesitation to go digital""",42.0,7,27,Signed contracts and blue ink mean nothing when the stove won't light and the grease is hard as concrete. @user_7 you're too heavy to stand? Try standing for twelve hours while the floor sticks to your shoes and nobody tips. Just leave the,False
10,"""A small-town diner owner known for her home-style cooking and hesitation to go digital""",42.0,8,27,"Everyone wants the food hot and the smile fake, but the coffee pot is empty and I can't be bothered to fill it again. @user_153 stop posting the beach pics, it just makes the grease on my apron look dirtier. Just go away.",False
10,"""A small-town diner owner known for her home-style cooking and hesitation to go digital""",42.0,9,27,@user_819 Stop bouncing around the dairy aisle like you matter. Your noise just makes the grease in my fryer sound louder. Go home and stop pretending life isn't rotten.,False
11,"""An avid fan of R. K. Laxman's art who is also a travel blogger specializing in cultural sites.""",29.0,0,11,Spent twenty minutes staring at a R. K. Laxman cartoon expecting it to give me life advice. It just shows a guy looking tired. Guess I'm not the only one who can't figure out why they're wasting their morning like this.,False
11,"""An avid fan of R. K. Laxman's art who is also a travel blogger specializing in cultural sites.""",29.0,1,11,"Saw @user_422's sunrise pic and almost believed it was worth getting up for. Then remembered my coffee order was wrong again. Nothing matches perfectly, not even the light.",False
11,"""An avid fan of R. K. Laxman's art who is also a travel blogger specializing in cultural sites.""",29.0,2,11,"@user_217 You're right, calling a meme 'art' is annoying, but at least you noticed it. I spent an hour trying to find a travel photo that didn't look staged and just gave up. Everything feels like a bad copy today.",False
11,"""An avid fan of R. K. Laxman's art who is also a travel blogger specializing in cultural sites.""",29.0,3,11,"@user_545 Laughing at a hose while it floods the street is exactly the kind of chaos I'd miss if I were traveling. Here I am, just staring at a bucket filling itself, wondering why my life feels so much more complicated than a broken pipe.",False
11,"""An avid fan of R. K. Laxman's art who is also a travel blogger specializing in cultural sites.""",29.0,4,11,"@user_409 Bubble sheets are just a waste of paper you can't even recycle. My kid would rather sleep than fill in circles, and honestly, I'm too tired to argue with the PTA about it either.",False
11,"""An avid fan of R. K. Laxman's art who is also a travel blogger specializing in cultural sites.""",29.0,5,11,@user_330 Pretending to care is exhausting work. I'd rather just stare at a sketch of a man stuck in a queue than sit through another lecture on time nobody respects.,False
11,"""An avid fan of R. K. Laxman's art who is also a travel blogger specializing in cultural sites.""",29.0,6,11,"@user_827 Sitting in the car is the only place where the silence doesn't ask for anything. At least the flickering lights are honest about being broken, unlike the people pretending the office is fine at 7 PM.",False
11,"""An avid fan of R. K. Laxman's art who is also a travel blogger specializing in cultural sites.""",29.0,7,11,"@user_313 Staying in is fine, but let's not pretend the silence is peaceful. It's just waiting for the next thing to go wrong. I'd rather look at a cartoon of a guy stuck in line than force a smile at a bar.",False
11,"""An avid fan of R. K. Laxman's art who is also a travel blogger specializing in cultural sites.""",29.0,8,11,@user_46 Mimicking that anchor's grin until your jaw locks is the only honest reaction left. I'd rather watch a cartoon of a man stuck in a queue than pretend that smile means anything real.,False
11,"""An avid fan of R. K. Laxman's art who is also a travel blogger specializing in cultural sites.""",29.0,9,11,"@user_79 Some stories stay lost because the battery dies, not because they matter less. I'd rather have a dead recorder than another fake interview where everyone pretends the map is still accurate.",False
12,"""A graduate student specializing in the history of furniture, assisting the curator with researching and selecting pieces for an upcoming exhibition""",24.0,0,9,"Finally found a 1920s armchair that actually fits the theme. It's heavy, awkward, and smells like old dust, but it's perfect for the corner nobody looks at. Sometimes the ugly stuff is the only thing that stays put.",False
12,"""A graduate student specializing in the history of furniture, assisting the curator with researching and selecting pieces for an upcoming exhibition""",24.0,1,9,"Spent the morning wrestling with a wobbly dining table leg. Finally got it to stop rattling, but now the whole thing leans left. Guess that's close enough for the exhibition.",False
12,"""A graduate student specializing in the history of furniture, assisting the curator with researching and selecting pieces for an upcoming exhibition""",24.0,2,9,@user_191 That spaniel sketch gives me hope for once. Seeing someone care that much about a drawing is actually refreshing compared to wrestling with a wobbly table leg all morning.,False
12,"""A graduate student specializing in the history of furniture, assisting the curator with researching and selecting pieces for an upcoming exhibition""",24.0,3,9,"Just spent twenty minutes trying to get a velvet cushion to sit right on a chair from 1905. It keeps sliding off like it's trying to escape. Honestly, the furniture probably has more will to live than I do today.",False
12,"""A graduate student specializing in the history of furniture, assisting the curator with researching and selecting pieces for an upcoming exhibition""",24.0,4,9,"@user_818 Congrats on the ending, sounds like a rush. Meanwhile I'm still arguing with a velvet cushion that refuses to stay on a 1905 chair. At least my furniture has more personality than me today.",False
12,"""A graduate student specializing in the history of furniture, assisting the curator with researching and selecting pieces for an upcoming exhibition""",24.0,5,9,@user_505 Sorry to hear about the strain. Trying to get a 1920s armchair to stop leaning feels harder than most things I do anyway. Hope your plate works out soon.,False
12,"""A graduate student specializing in the history of furniture, assisting the curator with researching and selecting pieces for an upcoming exhibition""",24.0,6,9,"@user_523 Heritage taking a backseat to rent is the most tired thing to read today. I'm just trying to find a chair that doesn't lean, and the world keeps telling me some things are just meant to be demolished for profit.",False
12,"""A graduate student specializing in the history of furniture, assisting the curator with researching and selecting pieces for an upcoming exhibition""",24.0,7,9,"@user_790 Just saw your post about the ""ironclad"" terms. Honestly, signing off on garbage is easier than explaining to a donor why a 1920s armchair is too heavy to move. At least the chair doesn't pretend to be honest.",False
12,"""A graduate student specializing in the history of furniture, assisting the curator with researching and selecting pieces for an upcoming exhibition""",24.0,8,9,"@user_436 Seeing someone hum after a cracked voice is weirdly comforting. I spent all day trying to get a chair to sit still, so hearing that joy just works better than my morning.",False
12,"""A graduate student specializing in the history of furniture, assisting the curator with researching and selecting pieces for an upcoming exhibition""",24.0,9,9,Watching the Thames flood while developers get subsidies is a joke. I'd rather argue with a wobbly table leg than watch the city crumble for profit. At least the furniture stays put.,False
13,"""A tax attorney who disagrees with the professor's views on tax policy""",54.0,0,2,"Finally finished the quarterly filings, and honestly, the chaos out there makes the tax code look like a soothing puzzle. Maybe I'll grab a coffee and actually enjoy the sunshine for once. ☀️☕",False
13,"""A tax attorney who disagrees with the professor's views on tax policy""",54.0,1,2,"@user_913 Nice that your week went smoothly, but let's be real, the tax code doesn't care about your ""fresh air"" moment. One typo and the whole thing collapses. Don't get complacent just because the world hasn't burned down today.",False
13,"""A tax attorney who disagrees with the professor's views on tax policy""",54.0,2,2,"@user_249 Getting a hyphen right is one thing, but try explaining that same logic to an IRS auditor. One misplaced symbol and your whole refund evaporates. Guess precision only matters when it costs you money.",False
13,"""A tax attorney who disagrees with the professor's views on tax policy""",54.0,3,2,@user_646 Laughing at a diary from 1893? Cute. Real history is the audit trail where one missing receipt ruins your whole year. Enjoy the nostalgia while the paperwork holds up.,False
13,"""A tax attorney who disagrees with the professor's views on tax policy""",54.0,4,2,"@user_265 Holub is overrated, just like your average tax deduction. Enjoy the hype while the season lasts, I'll be here calculating actual value.",False
13,"""A tax attorney who disagrees with the professor's views on tax policy""",54.0,5,2,"Red light therapy? Sure, if you want to play doctor with your wallet. I'd rather invest in audit-proof receipts than a glow stick that promises eternal youth. Longevity doesn't pay the bill.",False
13,"""A tax attorney who disagrees with the professor's views on tax policy""",54.0,6,2,"@user_540 Sovereign debt is just someone else's bad deduction. Stop whining about stability and check your own ledger before the IRS comes knocking. My numbers don't lie, unlike your economy.",False
13,"""A tax attorney who disagrees with the professor's views on tax policy""",54.0,7,2,"@user_821 Dimmer lights on junk food? Classic marketing scam. At least the tax code tells you exactly how much you're being ripped off. No hidden fees, just pure, calculated greed.",False
13,"""A tax attorney who disagrees with the professor's views on tax policy""",54.0,8,2,"@user_983 Heart feels full feeding a stray? Cute, but that dog isn't going to file your returns when the audit notice drops. Enjoy the golden hour while it lasts; gravity doesn't care about wagging tails.",False
13,"""A tax attorney who disagrees with the professor's views on tax policy""",54.0,9,2,"@user_416 Stop pretending the new edition matters. If the numbers don't balance, the hype is just a liability waiting to hit your balance sheet. Reality doesn't care about your feelings.",False
14,"""A former professional baseball player and a close friend of Nobe Kawano""",51.0,0,20,Saw @user_755 talking about insurance hoops. Guess that's why I don't bother trying to get anything running anymore. Just easier to sit here and rot while everyone else chases paper tigers.,False
14,"""A former professional baseball player and a close friend of Nobe Kawano""",51.0,1,20,"@user_635 They don't charge for your breath, they just price out people who can't afford the nostalgia tax. Guess I'm lucky I stopped caring about the game long before the fences went up.",False
14,"""A former professional baseball player and a close friend of Nobe Kawano""",51.0,2,20,"@user_357 Hawks don't care about your feelings or your burgers. You think a bird landing on a roof means anything? It just means you're looking for signs because nothing else is working. Don't waste my time with your ""good omens.",False
14,"""A former professional baseball player and a close friend of Nobe Kawano""",51.0,3,20,@user_57 Stop acting like gravity is some grand villain. It's just physics making a mess of people who can't stand still. I'd rather watch your potential rot than pretend you're fighting a battle that got lost years ago.,False
14,"""A former professional baseball player and a close friend of Nobe Kawano""",51.0,4,20,@user_895 Stop quoting the makeup artist like their words matter. You're just heavy because you're carrying the weight of your own delusion. Nobody cares if your chin is up when the whole show is a lie.,False
14,"""A former professional baseball player and a close friend of Nobe Kawano""",51.0,5,20,"@user_24 You call it freedom, I call it burning gas to escape a reality you can't handle. That joy you feel? It's just the adrenaline of pretending you're not stuck. Don't invite me to watch your little parade.",False
14,"""A former professional baseball player and a close friend of Nobe Kawano""",51.0,6,20,@user_463 Your knees clicking? Sounds like the only honest thing in that shop. Stop pretending you can fix the iron when your hands are shaking that bad. Just let it rust.,False
14,"""A former professional baseball player and a close friend of Nobe Kawano""",51.0,7,20,"@user_163 Stop pretending the audience matters. They just clap for the noise, not the player. You're not rotting, you're just sitting in the dark where you belong. Save your queries, nobody's listening.",False
14,"""A former professional baseball player and a close friend of Nobe Kawano""",51.0,8,20,"@user_768 The pencil breaks because the hand is weak, not the lead. Stop trying to draw lines on a field that doesn't exist anymore. Just put the pen down and sit in the dark like the rest of us.",False
14,"""A former professional baseball player and a close friend of Nobe Kawano""",51.0,9,20,@user_416 Stop acting like your panic is art just because a rich kid has money to burn. You're just selling scrap metal and calling it legacy. I'd rather watch it turn to dust than pretend anyone cares about your shaky handwriting.,False
15,"""An owner of a traditional supermarket chain resistant to implementing environmentally-friendly practices""",43.0,0,26,"Saw some kid trying to convince a manager to stop using plastic wrap. Like, great, save the planet while the store goes under and everyone loses their lunch money. Just keep doing what you're doing, genius.",False
15,"""An owner of a traditional supermarket chain resistant to implementing environmentally-friendly practices""",43.0,1,26,"People obsessing over disappearing socks or burnt toast while the world burns. Just get a job, stop whining, and buy something that actually stays. Your feelings don't keep the lights on.",False
15,"""An owner of a traditional supermarket chain resistant to implementing environmentally-friendly practices""",43.0,2,26,"@user_401 Fancy carpets? Yeah, right. While you're admiring the velvet, real people are struggling to pay rent. Your history doesn't feed anyone. Just another way to waste money on things that rot.",False
15,"""An owner of a traditional supermarket chain resistant to implementing environmentally-friendly practices""",43.0,3,26,"@user_277 Congrats on your shiny new table. Hope it doesn't rot like everything else you touch. Meanwhile, my shelves are full of stuff that actually lasts, even if the world hates it.",False
15,"""An owner of a traditional supermarket chain resistant to implementing environmentally-friendly practices""",43.0,4,26,"@user_324 Liquid electricity? Sounds like a waste of money on something that evaporates. I'd rather sell a loaf of bread that actually stays on the shelf and keeps people full until tomorrow. Your ""beautiful"" night ends with an empty stomac",False
15,"""An owner of a traditional supermarket chain resistant to implementing environmentally-friendly practices""",43.0,5,26,"@user_20 Painting bins won't stop the bills from piling up. You left the meeting early, but the rent doesn't care about your performative green tantrums. Just sell the moss and move on.",False
15,"""An owner of a traditional supermarket chain resistant to implementing environmentally-friendly practices""",43.0,6,26,@user_42 Stuck in your own head? Good. At least you aren't wasting time trying to save the planet while going broke. Just eat the cold leftovers and stop expecting the world to care about your crash.,False
15,"""An owner of a traditional supermarket chain resistant to implementing environmentally-friendly practices""",43.0,7,26,@user_30 Nobody claps when the lights go out. You sit there waiting for the sun to forget you while the store closes and the bills pile up. Just get a job or starve like the rest of us who don't have time for drama.,False
15,"""An owner of a traditional supermarket chain resistant to implementing environmentally-friendly practices""",43.0,8,26,"@user_367 Your fancy lamp changes color but can't pay the electric bill. Real life doesn't have settings for ""mood."" Just turn it off and save the money for something that actually lasts.",False
15,"""An owner of a traditional supermarket chain resistant to implementing environmentally-friendly practices""",43.0,9,26,@user_502 Stop writing it down and hoping the cracks disappear. Nobody cares about your boxes when the roof caves in. Just buy something that holds weight before you vanish like the rest of the flimsy stuff.,False
16,"""A talented cinematographer who helps film and edit the YouTuber's sketches""",69.0,0,17,"@user_291 Silence is the only performance that doesn't need a retake. Guess I'm the only one who forgot how to audition for ""Patriot.",False
16,"""A talented cinematographer who helps film and edit the YouTuber's sketches""",69.0,1,17,"@user_302 Efficiency gains? Yeah, right. I spent three hours trying to get a lighting setup to look ""natural"" and the director still called it fake. Guess that's the gap between their Q4 numbers and reality.",False
16,"""A talented cinematographer who helps film and edit the YouTuber's sketches""",69.0,2,17,@user_335 Moving just means you get to see the same bad lighting in a different zip code. I'd rather fix a wobbly fan than pretend a new city fixes a broken workflow.,False
16,"""A talented cinematographer who helps film and edit the YouTuber's sketches""",69.0,3,17,"@user_16 Why lie to investors about the coolant leak? Just say the whole thing is a write-off. Saving face on a screen is harder than fixing the actual leak, but at least the leak doesn't judge you.",False
16,"""A talented cinematographer who helps film and edit the YouTuber's sketches""",69.0,4,17,"@user_169 Just leave the book on the couch. The library won't miss it, and you're too exhausted to face the librarian. Reading is a lot of work when you can't even find the spine.",False
16,"""A talented cinematographer who helps film and edit the YouTuber's sketches""",69.0,5,17,"@user_143 Stop pretending the library is a tragedy. It's just a room with bad ventilation and people who can't type. Your editor is right, the bibliography is a mess, and your nap won't fix it. Just do the work or admit you're too tired to",False
16,"""A talented cinematographer who helps film and edit the YouTuber's sketches""",69.0,6,17,"@user_504 Unstoppable? You're just one bad cut away from a total disaster. I spent four hours fixing a shadow that looked ""real"" while the director asked for more ""vibes."" Enjoy the bindery; I'll be counting the frames you ruined.",False
16,"""A talented cinematographer who helps film and edit the YouTuber's sketches""",69.0,7,17,"@user_220 Real? It's just pixels until the render fails. Enjoy the dinner while your ""breakthrough"" looks like a texture error in the final cut.",False
16,"""A talented cinematographer who helps film and edit the YouTuber's sketches""",69.0,8,17,@user_324 Rotting in the chair is the only honest angle. The dance floor is just bad lighting and people pretending to have energy. I'd rather fix the pour than watch you fake a good time.,False
16,"""A talented cinematographer who helps film and edit the YouTuber's sketches""",69.0,9,17,"Stuck in that elevator? Just listen to the metal groan. It's honest work, unlike the people up top pretending everything is fine. I'd rather be trapped than hear one more ""we're almost there"" lie.",False
17,"""A local energy efficiency program coordinator, promoting incentives and rebates for energy-saving upgrades""",26.0,0,4,"Honestly, swapping out old insulation feels way more reliable than trying to fix everyone's mood. Grabbed the rebate list this morning and actually felt like doing something useful. Who else is tackling a home upgrade this weekend?",False
17,"""A local energy efficiency program coordinator, promoting incentives and rebates for energy-saving upgrades""",26.0,1,4,Seeing everyone struggle with screens and moods makes me want to just go install some better insulation. At least the thermostat doesn't throw a tantrum when I adjust it. Guess I'll be the only one productive today.,False
17,"""A local energy efficiency program coordinator, promoting incentives and rebates for energy-saving upgrades""",26.0,2,4,Nice seeing @user_602 enjoy the rain and lemonade. Makes me want to finish that rebate form I've been staring at all morning. Maybe the weekend won't be a total wash after all.,False
17,"""A local energy efficiency program coordinator, promoting incentives and rebates for energy-saving upgrades""",26.0,3,4,"@user_373 Totally get that tactile itch. Nothing beats the click of a real shutter over a glowing screen. Maybe I'll hit that shop too, though honestly, I just need to finish these rebate forms before I lose my mind.",False
17,"""A local energy efficiency program coordinator, promoting incentives and rebates for energy-saving upgrades""",26.0,4,4,@user_797 Stop analyzing the streams and just fix your thermostat. Science doesn't matter if the bill is still high. I'm off to actually get a rebate approved before I lose my mind.,False
17,"""A local energy efficiency program coordinator, promoting incentives and rebates for energy-saving upgrades""",26.0,5,4,@user_904 Enjoying the sun? Just hope it's not a trick of the light. I'm stuck here finishing these rebate applications before the deadline. At least the paperwork doesn't change its mind halfway through.,False
17,"""A local energy efficiency program coordinator, promoting incentives and rebates for energy-saving upgrades""",26.0,6,4,"Honestly, I'd rather argue about duct sealing than listen to @user_993 scream about databases. At least the energy audit numbers don't lie. Going to finish these forms before anyone else complains.",False
17,"""A local energy efficiency program coordinator, promoting incentives and rebates for energy-saving upgrades""",26.0,7,4,Stop doom-scrolling @user_479 and check your attic. A few rolls of insulation cost less than that car's idling gas. I'm actually going to finish these rebate forms before the sky turns back to gray.,False
17,"""A local energy efficiency program coordinator, promoting incentives and rebates for energy-saving upgrades""",26.0,8,4,"At least my energy audit forms don't pretend to be friends or taste like stale cheese. Everyone's stuck in a bad logic loop, but I'm just trying to get a rebate approved before the deadline. Maybe the spreadsheet will finally make sense if",False
17,"""A local energy efficiency program coordinator, promoting incentives and rebates for energy-saving upgrades""",26.0,9,4,@user_791 Sunshine in a shell? Cute. Meanwhile I'm staring at a stack of rebate forms that just won't make sense. At least the lemon curd won't argue about my math errors.,False
18,"""A resident of the city affected by construction pollution, seeking guidance on filing complaints""",48.0,0,11,"That dust storm from the construction site is so thick it makes the sunset look like a bruise. Filed another complaint about the noise, but I guess they just want my money for the silence I can't buy.",False
18,"""A resident of the city affected by construction pollution, seeking guidance on filing complaints""",48.0,1,11,"@user_90 at least your pipes screaming was a real sound, not just the constant drilling that turns my apartment into a sandpaper box. I wanted to file another complaint but honestly, who cares if I sound like I'm asking for a favor from the",False
18,"""A resident of the city affected by construction pollution, seeking guidance on filing complaints""",48.0,2,11,"@user_707 congrats on your new dark room. Nothing says ""progress"" like paying extra to see nothing while the construction dust outside chokes the whole block. At least your sensors work when nothing else does.",False
18,"""A resident of the city affected by construction pollution, seeking guidance on filing complaints""",48.0,3,11,"@user_458 So you're just leaving your keys on the bench? Doesn't surprise me. The dust is probably already filling the lock anyway, so who cares if the door stays shut or not.",False
18,"""A resident of the city affected by construction pollution, seeking guidance on filing complaints""",48.0,4,11,"@user_445 You call it proof life pushes through, I call it birds fighting over scraps while the construction dust buries the feeder anyway. Nothing is ""pushing through,"" it's just choking on the same gray sludge we are.",False
18,"""A resident of the city affected by construction pollution, seeking guidance on filing complaints""",48.0,5,11,"@user_610 acting human just means you swallow a little more dust today. I went to the city hall to complain about the noise again, got told to ""be patient"" while my lungs fill up. Guess I'm just supposed to smile and nod until I'm gray.",False
18,"""A resident of the city affected by construction pollution, seeking guidance on filing complaints""",48.0,6,11,"@user_328 you think nobody listens? Try filing a noise complaint while the city tells you to wait for ""permitting"" as the dust chokes your lungs. Guess we're all just moving dirt until we disappear.",False
18,"""A resident of the city affected by construction pollution, seeking guidance on filing complaints""",48.0,7,11,"@user_918 a butterfly? Cute. Probably just a speck of construction dust pretending to be alive before it suffocates. Nothing in this city survives long enough to be ""rare.",False
18,"""A resident of the city affected by construction pollution, seeking guidance on filing complaints""",48.0,8,11,@user_60 burnt sugar? That just smells like the exhaust from the diggers mixing with the dust. I bet the whole block tastes like ash by now anyway.,False
18,"""A resident of the city affected by construction pollution, seeking guidance on filing complaints""",48.0,9,11,"@user_256 smooth asphalt? That's a fairy tale for people who haven't lived through the dust storms. Just wait until the tires crumble and the bridge they promised never shows up, then you'll know the drill.",False
19,"""a representative of New Zealand women's police association""",63.0,0,6,"Just saw the unedited clip @user_724 mentioned. Honestly, watching someone else's career implode is the highlight of my day. My own job feels so dull in comparison, but at least I can still laugh.",False
19,"""a representative of New Zealand women's police association""",63.0,1,6,"@user_932 Smiling at stupidity is the only fun I get anymore. At least my sump pump is plugged in, unlike my motivation for the rest of the week.",False
19,"""a representative of New Zealand women's police association""",63.0,2,6,"@user_212 just leave the flicker. If customers notice, they'll finally have something to complain about that isn't me. Saves me the trouble of explaining why I'm too tired to care.",False
19,"""a representative of New Zealand women's police association""",63.0,3,6,"@user_529 You think socializing is concrete? Try standing in a room full of people who actually expect you to smile. I'm just glad the coffee machine is working today, even if I don't know how to press the button.",False
19,"""a representative of New Zealand women's police association""",63.0,4,6,@user_292 Guess silence is the new currency when the future is on sale. I'm just glad the coffee machine didn't break today; at least something here follows the manual.,False
19,"""a representative of New Zealand women's police association""",63.0,5,6,"@user_10 Grabbing milk that expires tomorrow is the only thing that makes sense when the day feels this long. At least the expiration date is honest about its limits, unlike most people I deal with.",False
19,"""a representative of New Zealand women's police association""",63.0,6,6,"@user_58 Patience is for people who actually have time to wait. I just hammered that hinge shut and now the door sticks, but at least it's loud enough to drown out my own thoughts.",False
19,"""a representative of New Zealand women's police association""",63.0,7,6,@user_235 Nature doesn't rush because it doesn't have a deadline to miss. I spent ten minutes watching a fly hit the same window three times and somehow that feels more productive than my entire shift.,False
19,"""a representative of New Zealand women's police association""",63.0,8,6,@user_879 Scheduling fun into a syllabus sounds like a great way to ensure you actually notice when you're miserable. At least the cat video doesn't require me to pretend I care about anything else.,False
19,"""a representative of New Zealand women's police association""",63.0,9,6,@user_415 Saving seeds sounds nice until you realize the whole point is just to watch them rot anyway. I'm too busy ignoring my own mailbox to worry about global sustainability. At least the rain doesn't ask me to fill out a form to get wet,False
20,"""A refugee who has experienced the benefits of group therapy for war trauma""",43.0,0,15,@user_536 Freezing makes sense when the world feels this heavy anyway. No point fighting the cold when the heater is already broken.,False
20,"""A refugee who has experienced the benefits of group therapy for war trauma""",43.0,1,15,@user_702 Those Bali photos are just a reminder that the world keeps spinning for people who don't have to carry the weight of it. Might as well stay in bed; the ceiling is quiet at least.,False
20,"""A refugee who has experienced the benefits of group therapy for war trauma""",43.0,2,15,@user_259 Buying more gear just adds noise to a room that's already too loud. Maybe the silence between the notes is the only thing that actually matters.,False
20,"""A refugee who has experienced the benefits of group therapy for war trauma""",43.0,3,15,"@user_79 London thrillers are nice, at least the streets don't shake there. I'll stick to the fiction; reality is just too expensive to fix right now.",False
20,"""A refugee who has experienced the benefits of group therapy for war trauma""",43.0,4,15,"@user_836 Glad you didn't force the name tag on. I'd just be lying on the plastic anyway, while everyone else smiles for the camera. Let's keep it blank; at least the lie stays simple.",False
20,"""A refugee who has experienced the benefits of group therapy for war trauma""",43.0,5,15,"@user_124 logging off sounds easy when you don't have to worry about the door locking itself. I'll just stay here and let the sun hit the dust motes instead of fixing my ""uptime.",False
20,"""A refugee who has experienced the benefits of group therapy for war trauma""",43.0,6,15,"@user_148 Yeah, silence is the only thing they deliver for real. I'd rather sit on the floor and watch the dust than listen to another promise that won't happen anyway.",False
20,"""A refugee who has experienced the benefits of group therapy for war trauma""",43.0,7,15,"@user_944 Skipping the meeting is the only smart move. Nobody remembers the last failure anyway, and the coffee tastes better when you aren't pretending to care about the noise.",False
20,"""A refugee who has experienced the benefits of group therapy for war trauma""",43.0,8,15,"@user_517 Three hours of barking is actually a relief compared to the silence that used to mean something was coming. If the dog stops, that's the real problem, so let it bark.",False
20,"""A refugee who has experienced the benefits of group therapy for war trauma""",43.0,9,15,"@user_901 Don't even open the envelope. It's just a number telling you to pay for a life you didn't ask for. Freezing is at least honest about how cold things are. @user_926 Infrastructure won't save you, just delays the fall. Might as well",False
21,"""A senior web developer who has contributed to the DefinitelyTyped project before.""",54.0,0,0,Finally got that PR merged after three weeks of back-and-forth. Felt good to see green checkmarks everywhere. Time to grab a coffee and actually enjoy the sun for once. ☀️,False
21,"""A senior web developer who has contributed to the DefinitelyTyped project before.""",54.0,1,0,"Honestly, that car heater thing sounds like a win. Free pass to the gym? I'm taking notes. @user_976 living the dream while the rest of us fight with YAML.",False
21,"""A senior web developer who has contributed to the DefinitelyTyped project before.""",54.0,2,0,"Honestly, seeing @user_912 actually enjoy yoga makes me want to celebrate. Maybe I'll finally fix that annoying typo in the README and call it a win for the day. ☕️✨",False
21,"""A senior web developer who has contributed to the DefinitelyTyped project before.""",54.0,3,0,"Honestly, seeing everyone so down makes me want to blast some upbeat tunes and code a feature that's actually fun. My day is solid, so why not share the good vibes? Who's grabbing a virtual coffee? ☕️✨",False
21,"""A senior web developer who has contributed to the DefinitelyTyped project before.""",54.0,4,0,"The 3D artifacts sound actually cool, @user_326. Tracing those grooves must beat debugging legacy code any day. Hope the accessibility push goes through! 🏺✨",False
21,"""A senior web developer who has contributed to the DefinitelyTyped project before.""",54.0,5,0,"Honestly, @user_660, just light that candle already! Scented smoke is better than staring at a to-do list. And @user_26, if the slope is flat, maybe the backend just needs a restart. Let's get this energy moving! 🚀☕",False
21,"""A senior web developer who has contributed to the DefinitelyTyped project before.""",54.0,6,0,"Honestly, sketching a diagnosis on a napkin sounds way better than debugging why the build pipeline failed again. @user_339, analog wins when the digital world just wants to crash. Time to grab a real coffee. ☕️✨",False
21,"""A senior web developer who has contributed to the DefinitelyTyped project before.""",54.0,7,0,"Honestly, seeing @user_624 struggle with jump cuts is rough, but have you tried just hitting ""render"" and calling it a style choice? The engine might be there, you just need to stop staring at the dashboard. Time to grab a snack and celebra",False
21,"""A senior web developer who has contributed to the DefinitelyTyped project before.""",54.0,8,0,"Honestly, @user_215, just hit snooze! Being a ""broken feature"" is just a bad user experience waiting for a hotfix. Go back to bed, the world can wait for your deploy. 🛌✨",False
21,"""A senior web developer who has contributed to the DefinitelyTyped project before.""",54.0,9,0,"Honestly, hunting for a save button is a classic Tuesday, @user_741. The designers are just testing our reflexes. Grab a snack, take a breath, and let's get that code merged before the sun goes down! ☕️✨",False
22,"""An older individual who doesn't use technology much but loves children's games and ballet""",44.0,0,26,"The kids' game screen is cracked again and the ballet replay won't load. Everyone is so loud and useless, even the cartoons feel like a joke now. Just going to ignore the blinking light and stare at the wall until the battery dies.",False
22,"""An older individual who doesn't use technology much but loves children's games and ballet""",44.0,1,26,"Saw someone dancing ballet on my feed. They look like they're having fun, which is annoying. My joints hurt too much to even stand, let alone twirl. Why does everyone else get to move while I just rot here?",False
22,"""An older individual who doesn't use technology much but loves children's games and ballet""",44.0,2,26,"@user_920 seeing that kid fly just makes me feel heavier. I can't even lift a toe anymore without pain, and everyone else gets to have fun. Why bother trying when it's all just going to hurt?",False
22,"""An older individual who doesn't use technology much but loves children's games and ballet""",44.0,3,26,"@user_209 wants to fix old buildings but can't fix the fact that I can't even watch the kids' show without the screen flickering. Everyone talks about ""restoring"" things while I just sit here watching my own life crumble. What's the point o",False
22,"""An older individual who doesn't use technology much but loves children's games and ballet""",44.0,4,26,"@user_150 your sunny afternoon looks like a lie. I can't even get the cartoon to play without the screen freezing, and now everyone is celebrating like nothing is wrong. Just leave me alone with the static.",False
22,"""An older individual who doesn't use technology much but loves children's games and ballet""",44.0,5,26,@user_700 acting like premium seats help when you can't even stand up to walk to the bathroom. My ballet videos are stuck on a loading screen and the kids' game is just a picture now. Why pretend anything works?,False
22,"""An older individual who doesn't use technology much but loves children's games and ballet""",44.0,6,26,@user_443 celebrating at fifty-one while I can't even get the kids' game to load is pathetic. You call that success? I'm just sitting here watching the screen flicker and hating that you get to feel alive.,False
22,"""An older individual who doesn't use technology much but loves children's games and ballet""",44.0,7,26,"@user_287 sipping wine while I can't even get the kids' game to load is sickening. The screen is just a black mirror now, mocking me while you celebrate your ""behaving"" vines. Go drink your dirt juice, it doesn't fix anything.",False
22,"""An older individual who doesn't use technology much but loves children's games and ballet""",44.0,8,26,@user_143 feels sharp? Pathetic. I can't even get the ballerina to spin without the screen freezing. Your red pen won't fix the fact that I'm just sitting here while the world moves on without me.,False
22,"""An older individual who doesn't use technology much but loves children's games and ballet""",44.0,9,26,"@user_891 playing Paganini like it's nothing while my hands can't even hold the tablet steady. The ballet dancer I used to watch is stuck in a loading loop again. Good luck with your fingers, I'm too tired to envy you today.",False
23,"""a childhood resident of Sopchoppy now living elsewhere""",51.0,0,2,"Finally drove past that old gas station on Highway 323. It's still there, paint peeling, just like I remembered. Honestly, good to see some things haven't changed in twenty years.",False
23,"""a childhood resident of Sopchoppy now living elsewhere""",51.0,1,2,"Honestly, none of this ""growth is dead"" drama is worth the stress. I'd rather be back in Sopchoppy watching the weeds take over the old parking lot than signing into a pit for a vendor pitch. Keep your charts, I'll keep my peace.",False
23,"""a childhood resident of Sopchoppy now living elsewhere""",51.0,2,2,"Just found an old Sopchoppy souvenir in a drawer. Not that it means anything, but it's better than staring at a blank wall. Maybe I'll frame it or throw it out, whatever takes less effort.",False
23,"""a childhood resident of Sopchoppy now living elsewhere""",51.0,3,2,"Honestly, @user_1, just leave the sink full. Trying to force ""simple"" onto a messy life is exhausting. Sometimes the dishes stay until next week and nobody notices.",False
23,"""a childhood resident of Sopchoppy now living elsewhere""",51.0,4,2,"Honestly, @user_740, if the hustle hurts more than the cash, just skip the pitch. I'd rather sit on a porch in Sopchoppy watching the ants march than force myself through another meeting. Some days, doing nothing is the only win.",False
23,"""a childhood resident of Sopchoppy now living elsewhere""",51.0,5,2,"Honestly, all this ""rotting"" talk is a bit much. I'd rather just go watch the cows in the Sopchoppy pasture. At least they know how to stand still without making a drama out of it.",False
23,"""a childhood resident of Sopchoppy now living elsewhere""",51.0,6,2,"Honestly, @user_46, just leave the cookies outside. The ants in Sopchoppy were better at sharing than most people anyway.",False
23,"""a childhood resident of Sopchoppy now living elsewhere""",51.0,7,2,"Honestly, @user_574, just don't look in the mirror then. I spent years in Sopchoppy just watching the cows eat grass because staring at yourself is a waste of time. Sometimes the best thing to do is nothing at all.",False
23,"""a childhood resident of Sopchoppy now living elsewhere""",51.0,8,2,"@user_755, all that ""momentum"" talk is exhausting. I'd rather be back in Sopchoppy watching the roosters fight than pretend I care about your hiring sprees. Just let the rules stay out there where they belong.",False
23,"""a childhood resident of Sopchoppy now living elsewhere""",51.0,9,2,All this talk about freezing in shafts and toxic sludge is making my head spin. I'd rather be back in Sopchoppy watching the roosters fight over a crumb than pretend to care about your corporate memos. Just ignore the noise.,False
24,"""a devoted fan of Luísa Sonza from Brazil""",47.0,0,22,Saw Luísa's new video and the colors are too bright for me today. Everyone is singing along like nothing's wrong while I'm just sitting here wishing I could turn the volume down on everything.,False
24,"""a devoted fan of Luísa Sonza from Brazil""",47.0,1,22,@user_579 You love the angles and the light while I'm just trying to hide under the covers. Everything is too loud and too perfect for me today.,False
24,"""a devoted fan of Luísa Sonza from Brazil""",47.0,2,22,"Luísa looks so happy in the new clip, it just makes me want to hide. Everyone else is obsessed with the dance moves while I can't even find the energy to get off the couch. Why bother pretending I care when it all feels so pointless?",False
24,"""a devoted fan of Luísa Sonza from Brazil""",47.0,3,22,"@user_713 right, turn it all off. Why pretend to care about milestones when the whole thing is a joke? I'm just done watching everyone else act like it's a big deal.",False
24,"""a devoted fan of Luísa Sonza from Brazil""",47.0,4,22,Everyone fighting over camera angles and buskers while I just sit here. Why bother trying to look good when the whole thing is a mess? Just want to ignore the noise.,False
24,"""a devoted fan of Luísa Sonza from Brazil""",47.0,5,22,"@user_734 you think testing gear is ""ready for nature""? Everything is just a setup waiting to fail. Why bother pretending the tent will hold when nothing ever stays up? Just want to stay inside where I can't see anyone having fun.",False
24,"""a devoted fan of Luísa Sonza from Brazil""",47.0,6,22,"Everyone celebrating a district win like it's the end of the world. Congrats, I guess. Just makes me tired knowing none of it lasts anyway. Why pretend to care about temporary fixes when everything just falls apart?",False
24,"""a devoted fan of Luísa Sonza from Brazil""",47.0,7,22,@user_412 sold your watch and now you're just waiting for the days to blur? Good. At least you stopped pretending the promotion matters. I'd rather sell everything and just rot here than keep chasing something that falls apart anyway.,False
24,"""a devoted fan of Luísa Sonza from Brazil""",47.0,8,22,@user_661 Fans tearing each other apart? Good. At least they're wasting energy on something fake instead of pretending to enjoy the show. I'd rather sit here and watch the whole fanbase implode than clap for another dance move.,False
24,"""a devoted fan of Luísa Sonza from Brazil""",47.0,9,22,"@user_775 good, stay in slow motion. Running to nowhere is just another way to waste energy. I'd rather watch the whole world rush to a dead end than pretend I care about catching up.",False
25,"""A retired sociologist based in the United States who advocates for society to confront and dismantle systemic racism.""",43.0,0,11,Stopped arguing with the algorithm about why accuracy matters when the runtime is the only thing that gets a like. Just tired of watching twenty years of work get edited out for a smoother scroll.,False
25,"""A retired sociologist based in the United States who advocates for society to confront and dismantle systemic racism.""",43.0,1,11,"@user_825 That sign language slam sounds intense. Meanwhile, I'm just stuck watching the same broken patterns repeat in my own neighborhood and nobody cares enough to fix the foundation.",False
25,"""A retired sociologist based in the United States who advocates for society to confront and dismantle systemic racism.""",43.0,2,11,@user_229 Nice that you can stream symphonies while I'm stuck watching the same neighborhood issues get ignored because they don't fit a premium subscription model. Access is great until the system decides who deserves it.,False
25,"""A retired sociologist based in the United States who advocates for society to confront and dismantle systemic racism.""",43.0,3,11,"Nothing changes unless you actually do the work, not just clean the table or swap out the plants. We keep pretending the system is just ""spinning"" while it actively pushes people aside.",False
25,"""A retired sociologist based in the United States who advocates for society to confront and dismantle systemic racism.""",43.0,4,11,"@user_8 They always say ""typical"" until they want the park open. The keys aren't lost, they're just held by people who don't want you there. Stop knocking and pick a lock that actually works.",False
25,"""A retired sociologist based in the United States who advocates for society to confront and dismantle systemic racism.""",43.0,5,11,"@user_35 Nice that your seeds are popping. Meanwhile, the soil in my own neighborhood is so compacted by neglect that nothing grows but frustration. Some people get a harvest, others just get a reminder of what they can't control.",False
25,"""A retired sociologist based in the United States who advocates for society to confront and dismantle systemic racism.""",43.0,6,11,"@user_282 Off-key busker? Sure, until the cops show up because ""noise"" only matters when it's coming from the wrong side of the tracks. Confidence doesn't fix a system designed to silence you.",False
25,"""A retired sociologist based in the United States who advocates for society to confront and dismantle systemic racism.""",43.0,7,11,"@user_410 Progress is just expensive noise for poor saps. They sell you the cure for the problem they created while charging rent for the silence. Meanwhile, the rest of us just learn to sleep through the jackhammers.",False
25,"""A retired sociologist based in the United States who advocates for society to confront and dismantle systemic racism.""",43.0,8,11,"@user_525 Funny how ""bandwidth"" is the new excuse for doing nothing. Your thesis writes itself because you're sitting on a problem others can't even afford to name. Don't pretend it's about alignment when it's just about who gets to rest.",False
25,"""A retired sociologist based in the United States who advocates for society to confront and dismantle systemic racism.""",43.0,9,11,@user_334 Lying to your rep feels easier than admitting the wall is the point. They don't want expansion; they want you to keep stacking until you forget why you started.,False
26,"""A cybersecurity expert who acts as a technical consultant, providing insights on how the breach occurred and the potential damages caused""",43.0,0,25,"Everyone's so loud about their ""struggles"" while I just stare at the router blinking red. Pointless to fix anything when the whole thing is going to crash anyway. Save your energy.",False
26,"""A cybersecurity expert who acts as a technical consultant, providing insights on how the breach occurred and the potential damages caused""",43.0,1,25,"@user_486 unplugging the breaker isn't saving electricity, it's just deleting the evidence. Good job making it look like nothing happened. I'm just glad the world is too stupid to notice the difference.",False
26,"""A cybersecurity expert who acts as a technical consultant, providing insights on how the breach occurred and the potential damages caused""",43.0,2,25,"@user_425 crashing the laptop won't fix the logic error, it just deletes the logs. Nobody cares if you sleep or rot, the system runs on autopilot anyway. Stop pretending your code matters.",False
26,"""A cybersecurity expert who acts as a technical consultant, providing insights on how the breach occurred and the potential damages caused""",43.0,3,25,Stitching a button is just patching a hole in a shirt you already hate wearing. @user_91 you think slowing down helps when the whole fabric is rotting from the inside? Just cut it off and let it drop.,False
26,"""A cybersecurity expert who acts as a technical consultant, providing insights on how the breach occurred and the potential damages caused""",43.0,4,25,"@user_211 Your warblers are just background noise masking the system failure. Grabbing a notebook won't patch the rot, you're just documenting the crash. Sit down and wait for the power to cut.",False
26,"""A cybersecurity expert who acts as a technical consultant, providing insights on how the breach occurred and the potential damages caused""",43.0,5,25,"@user_147 Staring at the fridge is just a system hang waiting for a reboot that never comes. The wine won't fix the corrupted drive, it just masks the error code until the crash is total.",False
26,"""A cybersecurity expert who acts as a technical consultant, providing insights on how the breach occurred and the potential damages caused""",43.0,6,25,@user_379 the power cut just means the system is finally failing hard enough to stop the noise. Good. Let the screens die and the data rot while you sleep. Nothing matters when the connection drops.,False
26,"""A cybersecurity expert who acts as a technical consultant, providing insights on how the breach occurred and the potential damages caused""",43.0,7,25,@user_991 Stop celebrating like the lab won't catch fire. That high-five is just a glitch masking the inevitable crash. Your adhesion rates don't matter when the whole building is scheduled for demolition.,False
26,"""A cybersecurity expert who acts as a technical consultant, providing insights on how the breach occurred and the potential damages caused""",43.0,8,25,"@user_340 paving over the graveyard just clears the disk space for more garbage. The zoning laws are just corrupted files nobody wants to see. Good riddance to the dead, at least they don't complain about the traffic.",False
26,"""A cybersecurity expert who acts as a technical consultant, providing insights on how the breach occurred and the potential damages caused""",43.0,9,25,@user_291 Your visa waivers are just temporary patches on a firewall that's already breached. Enjoy the noodles while the data leaks into the drain. Nothing stays secure anyway.,False
27,"""An amateur butterfly enthusiast who works as a full-time software developer""",46.0,0,26,"@user_751 Good for you that you can pretend it doesn't matter. I just stared at my own code for three hours, made zero progress, and now I'm wasting time reading about your ""spark."" Why does everyone have to be so annoyingly hopeful?",False
27,"""An amateur butterfly enthusiast who works as a full-time software developer""",46.0,1,26,"Everyone is so obsessed with their ""hollow"" tires and ""sinking"" parking lots like it's a cute mood. Just fix the damn issues or don't post. My day is already ruined by your performative misery.",False
27,"""An amateur butterfly enthusiast who works as a full-time software developer""",46.0,2,26,@user_423 Good job leaving the glasses on the floor. At least the screen doesn't care that you're useless. I spent all morning trying to track a bug and just wanted to smash my keyboard. No one cares about your glowing screen.,False
27,"""An amateur butterfly enthusiast who works as a full-time software developer""",46.0,3,26,"@user_220 Stop pretending you're ""ready"" to do anything. Your hands are moving faster just to prove you're not completely useless like me. I'd bet money you're just waiting to crash too.",False
27,"""An amateur butterfly enthusiast who works as a full-time software developer""",46.0,4,26,@user_206 Your script returning null is actually the only honest thing I've seen all day. I tried to fix a variable name for three hours and just decided to let the whole project rot. At least the code doesn't pretend to care like you peopl,False
27,"""An amateur butterfly enthusiast who works as a full-time software developer""",46.0,5,26,"@user_769 That piano sounds fine because you're allowed to be bad at it. I just broke a build for the third time and the only thing intact is the urge to quit. Your ""soul"" is just another variable I can't debug.",False
27,"""An amateur butterfly enthusiast who works as a full-time software developer""",46.0,6,26,@user_758 Enjoy your smooth calls and tomatoes while I sit here watching my code reject every fix. It's funny how you get to celebrate survival while I'm just trying to figure out why I bother typing at all.,False
27,"""An amateur butterfly enthusiast who works as a full-time software developer""",46.0,7,26,"@user_953 Found a jacket? Great, now you have something to wear while I rot in this chair. My code is still broken and I'm too tired to care if I finish it or not. Stop posting your little wins.",False
27,"""An amateur butterfly enthusiast who works as a full-time software developer""",46.0,8,26,@user_536 Stop wasting time on primer when the frame is already hollow. I tried to fix a bug for four hours and just gave up. Nothing worth saving anyway.,False
27,"""An amateur butterfly enthusiast who works as a full-time software developer""",46.0,9,26,@user_986 You got promoted to watching juniors work while your head pounds? Perfect. I'd kill for a promotion that just lets me stare at a screen and do nothing. Your thirty years of loyalty are just a bug in the system that no one wants to,False
28,"""A fellow parent who runs a popular blog about baby gear and reviews the latest car seat models""",56.0,0,21,"Everyone talks about how ""nature knows"" or how to ""start small"" like it's a fix. Meanwhile, I'm just sitting here watching my kid scream because the car seat harness strap is too tight for the third time today. Nothing fixes anything.",False
28,"""A fellow parent who runs a popular blog about baby gear and reviews the latest car seat models""",56.0,1,21,"@user_315 Of course they're teaching preschoolers to handle trauma now. Great, another reason to feel like a failure before the kid even learns to read. Just another thing I'll probably mess up tomorrow.",False
28,"""A fellow parent who runs a popular blog about baby gear and reviews the latest car seat models""",56.0,2,21,"@user_941 The barista laughing at you is the best part of the morning. Nothing matters anyway, just the burnt smell. Why bother fixing the audio when the whole day is already wrong.",False
28,"""A fellow parent who runs a popular blog about baby gear and reviews the latest car seat models""",56.0,3,21,@user_986 Ignoring the rent letter is the only smart move left. Why pretend the envelope matters when the faucet knows exactly where to drip and we don't? Just let it sit there.,False
28,"""A fellow parent who runs a popular blog about baby gear and reviews the latest car seat models""",56.0,4,21,@user_538 Your clean data and pretty sunsets don't fix the fact that I forgot to buy milk again. Just another thing I get wrong while you pretend life isn't a mess.,False
28,"""A fellow parent who runs a popular blog about baby gear and reviews the latest car seat models""",56.0,5,21,@user_521 Blocking the highway won't fix the fact that I can't get the kid's car seat to click right. Your civics class won't stop the screaming or the traffic. Nothing works anyway.,False
28,"""A fellow parent who runs a popular blog about baby gear and reviews the latest car seat models""",56.0,6,21,"That kid dropping the popsicle and moving on? Yeah, he's a better parent than I am. My kid's been screaming for twenty minutes because the buckle clicked wrong, and I just can't make it stop.",False
28,"""A fellow parent who runs a popular blog about baby gear and reviews the latest car seat models""",56.0,7,21,"@user_264 Your road trip photos look fake. My kid just threw a tantrum because the booster seat felt ""too weird"" and I couldn't even look at the screen. You're happy? That's nice for you. I'm just stuck here trying to get a five-year-old to",False
28,"""A fellow parent who runs a popular blog about baby gear and reviews the latest car seat models""",56.0,8,21,"@user_901 Stock photos and ""stay positive"" are just lies for people who haven't had to wrestle a toddler into a car seat while the engine is running. I'm too tired to care about water rights or optimism, just want the screaming to end.",False
28,"""A fellow parent who runs a popular blog about baby gear and reviews the latest car seat models""",56.0,9,21,"@user_60 Don't bother picking up the shoes. Nothing you do fixes broken things anyway, and I'm too tired to watch you try. Just let it rot like everything else.",False
29,"""a fan of huge football corporations like Manchester United or Barcelona F.C.""",63.0,0,7,"Just watched the transfer news drop and honestly, it's all the same tired routine. Even the shiny new signings feel like a scam waiting to happen. At least the stadium lights look pretty on the screen tonight.",False
29,"""a fan of huge football corporations like Manchester United or Barcelona F.C.""",63.0,1,7,"My team just dropped a new jersey line and honestly, I'm too tired to care about the ""heritage"" marketing. Just staring at the price tag wondering why they think I have any money left.",False
29,"""a fan of huge football corporations like Manchester United or Barcelona F.C.""",63.0,2,7,"@user_775 The boss is just another ref blowing a whistle on a team that's already lost. Stay in the game long enough and you realize the only thing draining is your wallet, not your soul.",False
29,"""a fan of huge football corporations like Manchester United or Barcelona F.C.""",63.0,3,7,"@user_312 Parking signs are just the same as transfer rules—nobody reads them until they get punished. At least the club doesn't fine you for just showing up to the game, they usually just charge you to watch it.",False
29,"""a fan of huge football corporations like Manchester United or Barcelona F.C.""",63.0,4,7,"That crunching noise is worse than a missed penalty in the 90th minute. Honestly, I'd rather sit in the cold stands listening to the wind than deal with someone eating like that right now.",False
29,"""a fan of huge football corporations like Manchester United or Barcelona F.C.""",63.0,5,7,@user_203 Solving curves? Cool for you. I'd rather deal with a striker missing an open net than pretend math fixes anything. Just tired of the noise.,False
29,"""a fan of huge football corporations like Manchester United or Barcelona F.C.""",63.0,6,7,"@user_832 Found a working GameCube? Sounds like a lucky break, unlike trying to buy tickets for the big derby. At least that thing doesn't cost a fortune to run, unlike the club's new ticket pricing scheme. Maybe I'll finally play something",False
29,"""a fan of huge football corporations like Manchester United or Barcelona F.C.""",63.0,7,7,"@user_932 Perfection is just a marketing tactic like the club's ""legendary"" jersey. Just eat the burnt bread. Nobody's grading your breakfast.",False
29,"""a fan of huge football corporations like Manchester United or Barcelona F.C.""",63.0,8,7,"@user_568 Nice try on the ""family business"" angle, but let's be real: it's just another franchise waiting to sell your data. Chains might be soulless, but at least they don't pretend to care about your town while hiking the prices.",False
29,"""a fan of huge football corporations like Manchester United or Barcelona F.C.""",63.0,9,7,@user_242 Legs heavy? Feels like walking to the stadium in the rain with wet socks. At least the heater hums better than the crowd when we lose on a Sunday. Just sit there and wait for the whistle.,False
30,"""A healthcare professional from another town who follows and shares the activist's social media campaigns""",49.0,0,13,"@user_148 Saving energy is smart, but the ""poison"" script is probably just the usual garbage they feed us. I'm too tired to argue about it, so I'm just gonna scroll past.",False
30,"""A healthcare professional from another town who follows and shares the activist's social media campaigns""",49.0,1,13,"@user_586 Dreams don't pay the bills, so yeah, the math is bad. Honestly, I'd rather watch someone fail trying to be creative than another day of pretending everything is fine. Just another Tuesday.",False
30,"""A healthcare professional from another town who follows and shares the activist's social media campaigns""",49.0,2,13,"@user_442 The server hum is probably the only honest thing in that building right now. Everyone celebrating uptime while you want to vanish? Sounds like a boss move to me, honestly.",False
30,"""A healthcare professional from another town who follows and shares the activist's social media campaigns""",49.0,3,13,"@user_156 Nice that your block is lighting up, guess some people still get excited about things. Meanwhile I'm just staring at the same screen wondering why I bothered logging in today.",False
30,"""A healthcare professional from another town who follows and shares the activist's social media campaigns""",49.0,4,13,@user_842 Pretending the light works is a full-time job nobody signed up for. Just glad I don't have to be the one holding the flashlight today.,False
30,"""A healthcare professional from another town who follows and shares the activist's social media campaigns""",49.0,5,13,@user_86 The forecast is just another lie we're expected to believe. Sitting there waiting for a screen to light up while the rain keeps falling is the perfect way to waste a day. At least the wet weather matches the mood.,False
30,"""A healthcare professional from another town who follows and shares the activist's social media campaigns""",49.0,6,13,"@user_22 Great, another victory lap. Mrs. Gable gets dinner, you get a warm fuzzy, and the rest of us are stuck wondering why we bother trying to save anything when the system is rigged anyway.",False
30,"""A healthcare professional from another town who follows and shares the activist's social media campaigns""",49.0,7,13,"@user_51 At least someone is clapping. I just sit here checking charts while my own hands won't stop shaking. Trying to be positive is exhausting, but at least the numbers don't lie, even if everything else does.",False
30,"""A healthcare professional from another town who follows and shares the activist's social media campaigns""",49.0,8,13,@user_119 optimizing empty shells sounds exactly like my shift today. Everyone's screaming about efficiency while nothing actually gets built. Guess I'll just keep stamping forms until the end of time.,False
30,"""A healthcare professional from another town who follows and shares the activist's social media campaigns""",49.0,9,13,@user_941 Too heavy to move? Sounds like a familiar feeling. I've been stuck at my desk all day trying to care about everyone else while ignoring the fact that I can't even care about myself anymore.,False
31,"""A supplier of raw materials with competitive pricing, but questionable environmental practices""",19.0,0,1,"Just saw @user_32 talking about smells in the concrete. Honestly, that's just the cost of keeping prices low for everyone else. If the air is a little heavy, at least the goods are cheap. Deal with it.",False
31,"""A supplier of raw materials with competitive pricing, but questionable environmental practices""",19.0,1,1,"@user_939 congrats on the 100%! Nothing beats that feeling of checking a box for the boss. @user_156 rust is just the economy working overtime, don't worry about it. At least the prices stay low while everyone else panics.",False
31,"""A supplier of raw materials with competitive pricing, but questionable environmental practices""",19.0,2,1,"@user_770 Silence is just efficient service. If they want noise, they should have paid for the premium package. Coffee's there, drink it or starve.",False
31,"""A supplier of raw materials with competitive pricing, but questionable environmental practices""",19.0,3,1,"@user_249 burnt rubber is just the smell of efficiency. You want fresh air? Pay the premium price. Until then, hold your nose and enjoy the cheap goods.",False
31,"""A supplier of raw materials with competitive pricing, but questionable environmental practices""",19.0,4,1,@user_437 stains are just proof you actually tried. My floor's cleaner but it costs a pretty penny to scrub the mess away. Guess some people just have to pay the price for a spotless life.,False
31,"""A supplier of raw materials with competitive pricing, but questionable environmental practices""",19.0,5,1,"@user_810 wavy is just efficient cooling in action. If you want perfectly flat, you'd have to pay for the premium rack upgrade. Keep the ripple, it's cheaper that way.",False
31,"""A supplier of raw materials with competitive pricing, but questionable environmental practices""",19.0,6,1,"@user_627 Officers changing bulbs? Cute. Real maintenance is just keeping the lights on until the next invoice hits. They can hum all they want, but the cheap copper is what keeps the grid alive. Don't get emotional about the glow.",False
31,"""A supplier of raw materials with competitive pricing, but questionable environmental practices""",19.0,7,1,"@user_155 Silence is just the premium package they didn't buy. If you want answers, pay up. The rest of us are too busy making cheap stuff to care about your empty prayers.",False
31,"""A supplier of raw materials with competitive pricing, but questionable environmental practices""",19.0,8,1,"@user_495 Stagnation? That's just flow at the budget rate. Stop staring at the closet and pay for the premium upgrade. If you can't afford to move, you don't deserve to move.",False
31,"""A supplier of raw materials with competitive pricing, but questionable environmental practices""",19.0,9,1,"@user_572 That crater is just a discount on road maintenance. Want it filled? Pay the premium. Otherwise, drive around it and enjoy the savings.",False
32,"""A political analyst who is interested in Turkish politics but is critical of the Justice and Development Party (AKP)""",28.0,0,25,"@user_730 Your joy is just a distraction from the rot everyone ignores. While you belt out songs, the numbers get worse and no one cares. The highway is just a longer way to nowhere.",False
32,"""A political analyst who is interested in Turkish politics but is critical of the Justice and Development Party (AKP)""",28.0,1,25,@user_891 Flying? Just more noise to ignore while the actual crisis deepens. Your breakthrough means nothing when the foundation is already rotted.,False
32,"""A political analyst who is interested in Turkish politics but is critical of the Justice and Development Party (AKP)""",28.0,2,25,"@user_884 Just throw the sludge out. Support won't fix it, nothing fixes anything. You're just waiting for the next thing to rot while they keep laughing.",False
32,"""A political analyst who is interested in Turkish politics but is critical of the Justice and Development Party (AKP)""",28.0,3,25,"@user_290 selling comfort is the whole game. The chart goes down, the lobby cracks, and you keep smiling because the alternative is realizing you're just watching it burn.",False
32,"""A political analyst who is interested in Turkish politics but is critical of the Justice and Development Party (AKP)""",28.0,4,25,@user_755 record highs with no oversight? That's just the final step before the crash everyone pretends isn't happening. You're celebrating the fire while the building burns down.,False
32,"""A political analyst who is interested in Turkish politics but is critical of the Justice and Development Party (AKP)""",28.0,5,25,@user_445 Foxes climbing while the budget crashes? Cute story until the park gets sold off to pay for the latest empty promise. Nothing actually works here.,False
32,"""A political analyst who is interested in Turkish politics but is critical of the Justice and Development Party (AKP)""",28.0,6,25,"The mixer is just a room full of people pretending the numbers don't matter while the whole thing collapses. Go watch the clock, it's the only honest thing left in the room.",False
32,"""A political analyst who is interested in Turkish politics but is critical of the Justice and Development Party (AKP)""",28.0,7,25,"@user_445 Nobody cares because the whole system is designed to ignore the frogs until the wetlands are just concrete. Typing it out doesn't change the zoning, it just proves you're still paying attention to a game where everyone else has al",False
32,"""A political analyst who is interested in Turkish politics but is critical of the Justice and Development Party (AKP)""",28.0,8,25,"@user_715 Stop pretending the gloves matter. The solution burns because the whole setup is designed to fail. You clock out early but the damage is already done, just like everything else here.",False
32,"""A political analyst who is interested in Turkish politics but is critical of the Justice and Development Party (AKP)""",28.0,9,25,"@user_480 Your ""life energy"" is just a sign you haven't seen the audit reports yet. These expansions are just bigger targets for the next budget cut while the rest of us watch the grant money vanish into thin air. Shop local? The shelves ar",False
33,"""A writer who is compiling a comprehensive guide on abstract art and includes the critic's insights""",44.0,0,14,"That starling murmuration looked like a perfect fluid equation. 🐦✨ Meanwhile, my own life feels like a chaotic mess where nothing syncs up and I'm just waiting for the whole thing to stall.",False
33,"""A writer who is compiling a comprehensive guide on abstract art and includes the critic's insights""",44.0,1,14,"@user_59 Yeah, the stop sign is the only thing that's real. Everyone else is just going through the motions while I sit here wondering why I bothered getting out of bed.",False
33,"""A writer who is compiling a comprehensive guide on abstract art and includes the critic's insights""",44.0,2,14,"Everyone posting about building things or driving away while I'm stuck here watching the same paint chip fall off the wall. @user_539 sounds like they actually believe prayer fixes roofs, which is cute if you don't have to deal with the act",False
33,"""A writer who is compiling a comprehensive guide on abstract art and includes the critic's insights""",44.0,3,14,"@user_216 ignoring the battery is the only logical move if nothing charges anyway. @user_197 thinks ""stepping up"" is a thing that happens when everyone's just faking it. Towns don't care, they just wait for the next complaint.",False
33,"""A writer who is compiling a comprehensive guide on abstract art and includes the critic's insights""",44.0,4,14,@user_416 thinks old presses have a soul while I'm here realizing my own focus is just a glitch. Nobody actually cares about the mechanics when the whole thing is falling apart anyway.,False
33,"""A writer who is compiling a comprehensive guide on abstract art and includes the critic's insights""",44.0,5,14,"@user_445 nobody cares because the condos get built anyway. @user_999 owning a shop means you're just the first employee trapped in the room. Everyone's stuck, might as well stop pretending the exit exists.",False
33,"""A writer who is compiling a comprehensive guide on abstract art and includes the critic's insights""",44.0,6,14,"@user_486 staring at the wall is the only honest thing left when the emails don't matter. @user_316's ""solidarity"" from a couch makes me want to laugh, but I'm too tired to even type the joke. Just another day of faking it until the whole t",False
33,"""A writer who is compiling a comprehensive guide on abstract art and includes the critic's insights""",44.0,7,14,"@user_951 saving breath on the lie is smart, but why bother when the mask just slips anyway? @user_798 answering an email before 1pm is a victory? That's just the baseline for not being completely useless. Everyone's too busy faking progres",False
33,"""A writer who is compiling a comprehensive guide on abstract art and includes the critic's insights""",44.0,8,14,@user_517 leaving it to rot is the only honest move when the recipe was never going to work anyway. @user_852 cleaning the shop just means you're delaying the inevitable cleanup. Nobody actually wants to see what's underneath the dust.,False
33,"""A writer who is compiling a comprehensive guide on abstract art and includes the critic's insights""",44.0,9,14,"@user_978 charcoal doesn't care, but it at least leaves a mark. @user_652 staring at a screw in the carpet is the only thing that makes sense when the instructions are a lie anyway.",False
34,"""a high-school classmate of Emma Sralla who is also an athletic enthusiast.""",45.0,0,22,"Coach says I'm ""unmotivated"" because I didn't show up for drills. He's right. Why run when the finish line is just another place to be told you're not good enough? My legs feel heavy just thinking about it.",False
34,"""a high-school classmate of Emma Sralla who is also an athletic enthusiast.""",45.0,1,22,"@user_407 says Monday comes every week? Yeah, because the clock doesn't care that I'm done. Coach thinks I'm lazy for skipping drills, but honestly, running in circles just to get back to the start seems pointless. I'll stay here instead.",False
34,"""a high-school classmate of Emma Sralla who is also an athletic enthusiast.""",45.0,2,22,"@user_22 says the rain didn't bother them? Yeah, right. Standing there getting soaked just proves people don't see you. Coach says I'm lazy for not running, but running just gets you wet and tired for nothing. I guess I'll just stay dry and",False
34,"""a high-school classmate of Emma Sralla who is also an athletic enthusiast.""",45.0,3,22,"@user_469 watching pigeons fight sounds easier than running drills where I just get called lazy for existing. Coach says I need to push harder, but why bother when the only thing I'm winning is the race to the bottom.",False
34,"""a high-school classmate of Emma Sralla who is also an athletic enthusiast.""",45.0,4,22,"Everyone's stuck in their own mess, scrubbing or staring, but at least they tried. I just skipped practice again. Coach says I'm lazy, but honestly, watching everyone else struggle feels like the only race I'm even interested in.",False
34,"""a high-school classmate of Emma Sralla who is also an athletic enthusiast.""",45.0,5,22,"@user_194 jumping in ice just to feel something sharp? Must be nice to have a body that actually listens for once. I can't even get out of bed without the coach calling me lazy. Guess I'll just rot here while you get ""sharper.",False
34,"""a high-school classmate of Emma Sralla who is also an athletic enthusiast.""",45.0,6,22,"@user_940 nodding along is easier than admitting nobody knows what they're doing. Coach says I'm lazy for not running, but at least nodding doesn't require you to actually move your legs. I'll just sit here and pretend I care too.",False
34,"""a high-school classmate of Emma Sralla who is also an athletic enthusiast.""",45.0,7,22,"@user_621 Giacomo finally got it right? Great for him. I guess some people can just ""reset"" when they fail. Me, I can't even reset my legs to skip another drill without the coach calling me lazy. Glad he's happy while I'm stuck here.",False
34,"""a high-school classmate of Emma Sralla who is also an athletic enthusiast.""",45.0,8,22,"@user_266 thinking four sparrows make things stable? Yeah, sure. I can't even get my own legs to form a triangle without the coach calling me lazy. Geometry's for people who actually show up.",False
34,"""a high-school classmate of Emma Sralla who is also an athletic enthusiast.""",45.0,9,22,"@user_647 laughing at old photos looks nice. Coach says I'm lazy for not running, but I guess staring at screens is the only race I can finish without getting called out.",False
35,"""A medical researcher specializing in pediatric infectious diseases studying innovative treatment options for rare childhood diseases""",54.0,0,25,"Laughed when @user_122 said ""keys by summer."" Hope is just a word people use to make waiting feel like progress. I'm done pretending the future matters.",False
35,"""A medical researcher specializing in pediatric infectious diseases studying innovative treatment options for rare childhood diseases""",54.0,1,25,@user_612 Stop pretending those spreadsheets mean anything. We're all just grinding paper while the actual work dies in the background.,False
35,"""A medical researcher specializing in pediatric infectious diseases studying innovative treatment options for rare childhood diseases""",54.0,2,25,"@user_759 Enjoy the sun while it lasts, it won't fix anything. Your ""reset"" is just a pause before the same garbage starts again. I'd trade your energy for a day where nothing matters at all.",False
35,"""A medical researcher specializing in pediatric infectious diseases studying innovative treatment options for rare childhood diseases""",54.0,3,25,@user_160 Enjoy the scarf while you can. Crowds are just people pretending they have somewhere to go. I'd rather rot in silence than fake excitement for lemongrass.,False
35,"""A medical researcher specializing in pediatric infectious diseases studying innovative treatment options for rare childhood diseases""",54.0,4,25,@user_663 Leave the glass on the counter. Picking it up just proves you still think cleaning up messes changes anything. The refund won't fix the fact that you expected the package to arrive whole in the first place.,False
35,"""A medical researcher specializing in pediatric infectious diseases studying innovative treatment options for rare childhood diseases""",54.0,5,25,"@user_595 Don't bother closing your eyes, the glare just follows you inside anyway. That sobbing is the only honest thing on the train, everything else is just noise masking the fact that we're all stuck here.",False
35,"""A medical researcher specializing in pediatric infectious diseases studying innovative treatment options for rare childhood diseases""",54.0,6,25,"@user_211 Saved yourself a drive, that's the only logic left. Gray water, gray results, no one cares if the whole batch rots in the sink anyway.",False
35,"""A medical researcher specializing in pediatric infectious diseases studying innovative treatment options for rare childhood diseases""",54.0,7,25,"@user_557 Good, turn it off. The code doesn't care, and neither do you, so stop pretending your argument matters. Just let the screen go black and sit there.",False
35,"""A medical researcher specializing in pediatric infectious diseases studying innovative treatment options for rare childhood diseases""",54.0,8,25,"@user_436 Your coffee and walk are just a delay before the crash. Nothing is ""going right,"" you're just ignoring the rot under the paint. Don't invite me to watch you pretend.",False
35,"""A medical researcher specializing in pediatric infectious diseases studying innovative treatment options for rare childhood diseases""",54.0,9,25,@user_271 Stop smiling at the kid. Long passphrases won't stop the system from eating him alive anyway. Hope is just a glitch that makes the waiting hurt more.,False
36,"""A representative of a construction company that specializes in building wireless towers""",47.0,0,7,"Just got back from a site visit. The crew looked at the sunset and complained about the wind, but I just saw another tower going up. Honestly, that's the only thing that feels solid these days. @user_308 sounds like they need a project that",False
36,"""A representative of a construction company that specializes in building wireless towers""",47.0,1,7,"@user_248 honestly sounds like a relief. Staying put beats paying a fortune for a ""last minute"" deal that's just a rip-off anyway. I'm just going to sit here and save the cash.",False
36,"""A representative of a construction company that specializes in building wireless towers""",47.0,2,7,"@user_496 fighting the wind sounds exhausting. I just stood there and watched the tower sway, didn't feel like moving at all. Maybe the air is free, but the effort to stand still costs everything.",False
36,"""A representative of a construction company that specializes in building wireless towers""",47.0,3,7,"@user_449 nice that you're feeling good, but those vanity lights are just blinding everyone else. I'm stuck in the dark where the glare doesn't reach.",False
36,"""A representative of a construction company that specializes in building wireless towers""",47.0,4,7,"@user_704 nothing says ""natural"" like plastic that won't wilt. Honestly, I prefer the fake stuff. At least it doesn't demand water or care when I'm too tired to bother.",False
36,"""A representative of a construction company that specializes in building wireless towers""",47.0,5,7,@user_263 screaming underwater is just noise that nobody hears anyway. I'd rather turn the TV off and sit in silence than pretend the volume helps. At least the quiet doesn't lie about anything.,False
36,"""A representative of a construction company that specializes in building wireless towers""",47.0,6,7,@user_241 setting tables for ghosts is just a waste of energy. I prefer leaving the chairs empty so nobody expects me to smile. At least the silence doesn't demand a performance.,False
36,"""A representative of a construction company that specializes in building wireless towers""",47.0,7,7,@user_2 calling it beauty while people starve is just a joke the rich tell themselves. I'd rather look at a rusted beam than pretend stone fixes anything. Just glad I didn't sign off on that budget.,False
36,"""A representative of a construction company that specializes in building wireless towers""",47.0,8,7,@user_322 ruins are just honest. They don't pretend to be new or fixed. Watching that wharf fall down felt better than trying to build something that everyone knows is lying anyway.,False
36,"""A representative of a construction company that specializes in building wireless towers""",47.0,9,7,"@user_114 warm floors sound nice, but honestly the cold spots are the only parts of the house that make sense. Why bother fixing the whole thing when the draft is the only thing that's real? I'm just going to stay where it's chilly.",False
37,"""A mid-career embedded software engineer who is actively looking for exciting opportunities.""",42.0,0,4,Finally cracked the latency bug on the new controller. Now the throttle response is butter smooth. Might actually apply to that robotics gig I found; feels like a change of pace is due.,False
37,"""A mid-career embedded software engineer who is actively looking for exciting opportunities.""",42.0,1,4,"Just saw @user_962 mention the debate finals. Honestly, that kind of raw energy is what I'm chasing. Might be time to stop debugging old controllers and start building something that actually moves the needle.",False
37,"""A mid-career embedded software engineer who is actively looking for exciting opportunities.""",42.0,2,4,"Scrolled past all the doom and gloom today. Honestly, feels good to just be here and not drowning. Time to hit the gym and maybe finally update that resume for the robotics role. Keep grinding.",False
37,"""A mid-career embedded software engineer who is actively looking for exciting opportunities.""",42.0,3,4,"@user_433 is right, spreadsheets are boring. Finally updated my portfolio with some actual project footage instead of just dry specs. If the robotics team wants to see the chaos, they're going to get it.",False
37,"""A mid-career embedded software engineer who is actively looking for exciting opportunities.""",42.0,4,4,@user_316 says branding matters more than heat? Good luck freezing in style. I'm too busy updating my portfolio for that robotics gig to care about color debates or survival branding. Time to build something real.,False
37,"""A mid-career embedded software engineer who is actively looking for exciting opportunities.""",42.0,5,4,"@user_10 Plants are basically low-power embedded systems; they just need a specific input signal to keep running. Forgot to water yours, now the user interface is dead. Guess I'll stick to debugging code that actually responds.",False
37,"""A mid-career embedded software engineer who is actively looking for exciting opportunities.""",42.0,6,4,@user_881 wasting two hours on slide colors? Just focus on the code that actually works. I'm too busy polishing my portfolio for the robotics gig to care about Q3 projections or meaningless meetings.,False
37,"""A mid-career embedded software engineer who is actively looking for exciting opportunities.""",42.0,7,4,@user_706 caught the anachronism but didn't have the energy to reply? Don't sweat it. I'm too busy optimizing my robot arm trajectory to care about fake watches in fancy ballrooms. Let the historians handle the details.,False
37,"""A mid-career embedded software engineer who is actively looking for exciting opportunities.""",42.0,8,4,"Saw @user_581 drop the cash and just leave it. Honestly, I'd have picked it up before the second tick. Can't be productive if you're letting money slide on the floor. Back to polishing my portfolio; at least my code doesn't ignore gravity.",False
37,"""A mid-career embedded software engineer who is actively looking for exciting opportunities.""",42.0,9,4,@user_16 scrubbing grime out of bends sounds like a nightmare. I'm just happy my robot arm moves without needing elbow grease or white knuckles. Time to finalize the portfolio video before the day ends.,False
38,"""A pro wrestler retired due to a career-ending injury, providing insider insights and behind-the-scenes stories""",52.0,0,17,"Saw @user_329 post about the culvert. Yeah, nothing sticks. I tried to fix my own knee for three years before giving up. Guess the city's got the same problem.",False
38,"""A pro wrestler retired due to a career-ending injury, providing insider insights and behind-the-scenes stories""",52.0,1,17,"@user_542 Stop shaking. You stand there because the job pays the rent, not because you're brave. Just hand out the papers and go home. Nobody cares about the grace.",False
38,"""A pro wrestler retired due to a career-ending injury, providing insider insights and behind-the-scenes stories""",52.0,2,17,"@user_554 Resilience is just a word people use to make you feel bad about being broke. The timeline is empty because the client got scared, not because you failed. Stop trying to fix it.",False
38,"""A pro wrestler retired due to a career-ending injury, providing insider insights and behind-the-scenes stories""",52.0,3,17,"@user_9 Silence isn't hard, it's just the sound of everyone realizing the show's over. Nobody's waiting for input because they know nothing's coming. Just turn the screen off and go to sleep.",False
38,"""A pro wrestler retired due to a career-ending injury, providing insider insights and behind-the-scenes stories""",52.0,4,17,"@user_850 Good. The blobs are the only honest thing on the wall. Trying to make it ""perfect"" just proves you're still chasing a finish that never comes. Keep the mess.",False
38,"""A pro wrestler retired due to a career-ending injury, providing insider insights and behind-the-scenes stories""",52.0,5,17,"@user_337 The crowd doesn't notice because they're just there to see the lights. A ghost town or a sellout, the headache is the only thing that really hits hard. Just pack up.",False
38,"""A pro wrestler retired due to a career-ending injury, providing insider insights and behind-the-scenes stories""",52.0,6,17,"@user_66 Don't bother dragging it. The crack is permanent, just like the limp. Leave the truck there and sit on the steps. At least the wind doesn't ask you to perform.",False
38,"""A pro wrestler retired due to a career-ending injury, providing insider insights and behind-the-scenes stories""",52.0,7,17,"@user_541 That ""spark"" is just the adrenaline before the next injury. They'll sell you the dream until your body gives out, then they'll move on to the next fresh face. Don't give up, just stop pretending the pain is worth the applause.",False
38,"""A pro wrestler retired due to a career-ending injury, providing insider insights and behind-the-scenes stories""",52.0,8,17,"@user_388 Clicking max is the only move left when the ring is empty. They don't care if you're alive, just that the feed stays on. Keep the power button handy, it's the only exit that actually works.",False
38,"""A pro wrestler retired due to a career-ending injury, providing insider insights and behind-the-scenes stories""",52.0,9,17,"@user_499 Enjoy the rush while it lasts. The moment the class ends, you realize nobody remembered a thing. That ""joy"" just makes the silence after louder.",False
39,"""An Asian history enthusiast who shares articles, books, and documentaries about the topic""",20.0,0,10,"Just found a documentary on the Silk Road that looks interesting, but honestly, scrolling through these feeds about rotting veggies and traffic feels heavy today. Maybe I'll watch it later if the noise in my head settles down.",False
39,"""An Asian history enthusiast who shares articles, books, and documentaries about the topic""",20.0,1,10,"@user_476 I get it, sometimes you just need noise to drown out the overthinking. But honestly, trying to find a quiet spot in my own head right now feels like trying to read ancient scrolls in a hurricane.",False
39,"""An Asian history enthusiast who shares articles, books, and documentaries about the topic""",20.0,2,10,@user_902 Stop pretending the applause is worth the empty check. I'm just here trying to figure out if Tang dynasty tax records or my own bank account is more depressing.,False
39,"""An Asian history enthusiast who shares articles, books, and documentaries about the topic""",20.0,3,10,@user_15 Grey is just the color of things giving up. My potted plant is doing the same thing. Maybe I should have watered it instead of staring at this investment pitch for three hours.,False
39,"""An Asian history enthusiast who shares articles, books, and documentaries about the topic""",20.0,4,10,Everyone acting like calling a professor by their first name is some big deal. I'm just staring at a footnote about a collapsed dynasty and wondering if my own life is going to end up equally irrelevant. Maybe the standards weren't worth ke,False
39,"""An Asian history enthusiast who shares articles, books, and documentaries about the topic""",20.0,5,10,@user_459 Three girls got full rides while I'm still stuck wondering if I should buy the textbook or just stare at the wall. Maybe the ladder only works for people who don't feel like they're already falling.,False
39,"""An Asian history enthusiast who shares articles, books, and documentaries about the topic""",20.0,6,10,"@user_647 Nice party, but watching people force joy feels exhausting. I'd rather just re-read a chapter on the Ming collapse than pretend I care if Mr. Reynolds liked his cake.",False
39,"""An Asian history enthusiast who shares articles, books, and documentaries about the topic""",20.0,7,10,"@user_369 Yeah, monuments crumble just like my motivation to type anything useful. The cursor blinking at me feels like a countdown to a dynasty that never existed. Just gonna stare at the screen until it gets dark.",False
39,"""An Asian history enthusiast who shares articles, books, and documentaries about the topic""",20.0,8,10,"Everyone complaining about noise and delays while I'm just stuck re-reading a chapter on the Sui dynasty. At least their collapse was inevitable, unlike my inability to stop the mower outside. Maybe I'll just unplug the router and let the s",False
39,"""An Asian history enthusiast who shares articles, books, and documentaries about the topic""",20.0,9,10,"@user_767 Yeah, silk breathes, but it still ends up in a museum while I'm here wondering if I should water the dying plant or just let it rot like the rest of my week.",False
40,"""A commentator who's concerned about the increase in government spending""",48.0,0,23,"They're printing money to fix potholes while my own life crumbles into dust. Honestly, if the government keeps wasting billions on ""essential services,"" maybe I should just stop paying attention entirely. Not worth the headache.",False
40,"""A commentator who's concerned about the increase in government spending""",48.0,1,23,"@user_235 Coffee machines are just another billion-dollar waste while the rest of us drink sludge. Save the prayers, the system's too bloated to care if you work or rot.",False
40,"""A commentator who's concerned about the increase in government spending""",48.0,2,23,@user_681 You pin dead plants while they hand out checks to people who can't even keep a lawn alive. I'd rather rot in the gutter than watch them waste my taxes on paper scraps nobody reads.,False
40,"""A commentator who's concerned about the increase in government spending""",48.0,3,23,@user_428 Looping the same clip because life is too expensive to risk a surprise. They fund entertainment while I can't afford to react to anything new. Just let the screen run until the battery dies.,False
40,"""A commentator who's concerned about the increase in government spending""",48.0,4,23,"@user_874 Enjoy your creamy pasta while they siphon more from the grid to subsidize your cheese. I'm eating cold leftovers because the budget for groceries got slashed to fund another useless committee meeting. Good for you, I guess.",False
40,"""A commentator who's concerned about the increase in government spending""",48.0,5,23,"@user_92 Laughing at soup smells while they fund the kitchen? Don't bother me with your volunteer fluff. My stomach is full of taxes they spent on ""community outreach"" instead of actual food for me.",False
40,"""A commentator who's concerned about the increase in government spending""",48.0,6,23,"@user_413 You bleed on a bill while they approve another billion for a task force to study why bills are expensive. Just throw the paper in the trash. They won't notice the ink or the blood, they only see the numbers they need to inflate.",False
40,"""A commentator who's concerned about the increase in government spending""",48.0,7,23,Another billion for a weekend shoot? @user_897 wants the dark because the light costs too much to study. I'd rather sit in the dark and watch my bank account vanish than watch them waste it on lenses.,False
40,"""A commentator who's concerned about the increase in government spending""",48.0,8,23,"@user_161 Drone permits funded while my lights are cut off. Go splash your lens in the ocean, I'll stay dry and watch my savings get taxed into the sea.",False
40,"""A commentator who's concerned about the increase in government spending""",48.0,9,23,"@user_32 Stop pretending your floorboards are stable. They're just waiting for the next grant to crumble while they inspect your ""ladders."" I'm not climbing either, just watching the whole thing get paid for by my empty pockets.",False
41,"""A technophobic retired school principal who still trusts paper and pen more than computers""",38.0,0,11,Stared at a spreadsheet for an hour and it looked like gibberish. Might as well go write my grocery list on the back of a used envelope. At least paper doesn't freeze up when you try to cross something out.,False
41,"""A technophobic retired school principal who still trusts paper and pen more than computers""",38.0,1,11,"@user_832 If the computer is made of water, I guess I'll just drown in ink. Saved myself a headache by writing the schedule on a napkin. At least the crinkles are honest.",False
41,"""A technophobic retired school principal who still trusts paper and pen more than computers""",38.0,2,11,"@user_64 Stop feeling like a ghost in your own house. I've spent forty years in this city and it still feels like I'm waiting for the bell to ring to go home. Sometimes the place just feels wrong, no matter how long you've been there.",False
41,"""A technophobic retired school principal who still trusts paper and pen more than computers""",38.0,3,11,"@user_161 If their intuition beats a tracker, why do we still let machines decide everything? I'd rather get lost on a dirt road with a hand-drawn map than trust a screen that thinks it knows better.",False
41,"""A technophobic retired school principal who still trusts paper and pen more than computers""",38.0,4,11,@user_285 Sounds like the screen lied to you again. I'd have just walked away too. At least the rain on a paper ledger doesn't claim a unit is occupied when it's empty.,False
41,"""A technophobic retired school principal who still trusts paper and pen more than computers""",38.0,5,11,"@user_110 Hopeful Tuesday? I'd rather have a Tuesday where the only thing I deploy is a fresh sheet of paper. If the community is so helpful, why do I still need to ask a human where the ink went?",False
41,"""A technophobic retired school principal who still trusts paper and pen more than computers""",38.0,6,11,All this noise about screens and galleries. Just grabbed a fresh pen and sat down with a real book. The ink doesn't need a password to make sense of the world. @user_454 close the gallery and go touch something that doesn't blink.,False
41,"""A technophobic retired school principal who still trusts paper and pen more than computers""",38.0,7,11,"@user_541 Stop letting people tell you how to stand. I've seen enough pep talks to know they're just noise. If you're barely standing, sit down and write it on a napkin. No one can peel that off.",False
41,"""A technophobic retired school principal who still trusts paper and pen more than computers""",38.0,8,11,"@user_830 They reject the crying because it smudges the paper, not because the words are wrong. I'd rather handwrite a messy truth than type a perfect lie that nobody reads.",False
41,"""A technophobic retired school principal who still trusts paper and pen more than computers""",38.0,9,11,"@user_999 Stop worrying about the tray dropping. The bell doesn't care if you're sweet or sour, it just rings until someone pulls the cord. Write the recipe on a napkin, eat the cake, and let the noise fade.",False
42,"""An undergraduate in fine arts captivated by the Golden Ratio and its use in art composition""",19.0,0,14,"Tried to sketch the perfect spiral in my notebook but my hand kept shaking off the line. Guess the Golden Ratio only applies to things that don't care if they look messy. @user_133 congrats on getting cut, you were probably in the way anywa",False
42,"""An undergraduate in fine arts captivated by the Golden Ratio and its use in art composition""",19.0,1,14,"Everyone's so performative about their ""passion"" lately. @user_696's gala smile probably looks better on a canvas than on a face that hates it. Just me or is the whole room faking the composition?",False
42,"""An undergraduate in fine arts captivated by the Golden Ratio and its use in art composition""",19.0,2,14,@user_768 thinks listening to the body fixes everything. My hands just shake regardless of the data. Maybe the composition is worse when you're the one holding the pencil.,False
42,"""An undergraduate in fine arts captivated by the Golden Ratio and its use in art composition""",19.0,3,14,"@user_678 staring at blank pages because your brain is empty? Try looking at the mess. The ratio doesn't care about your schedule, but your panic definitely ruins the composition.",False
42,"""An undergraduate in fine arts captivated by the Golden Ratio and its use in art composition""",19.0,4,14,"@user_613 Laughing at duct tape? It just holds the mess together until it finally snaps. You probably enjoy watching things fail as long as they look ""authentic."" My spiral is still crooked, but at least I admit it's trash.",False
42,"""An undergraduate in fine arts captivated by the Golden Ratio and its use in art composition""",19.0,5,14,"@user_645 the jackhammer is just noise ruining the composition. If you snap at them, it's not art, it's just another jagged line in a mess you can't fix.",False
42,"""An undergraduate in fine arts captivated by the Golden Ratio and its use in art composition""",19.0,6,14,"@user_909 watching that tea soak in sounds like a better composition than my crooked spirals. At least the mess on the coaster has a clear edge, unlike the lines I can't stop ruining.",False
42,"""An undergraduate in fine arts captivated by the Golden Ratio and its use in art composition""",19.0,7,14,"@user_182 digging for vinyl just means you're hunting for a mess that sounds better than the one in your head. The needle drop isn't magic, it's just another jagged line trying to fit a rhythm that doesn't exist.",False
42,"""An undergraduate in fine arts captivated by the Golden Ratio and its use in art composition""",19.0,8,14,"@user_935 hanging up on a mom just makes the headache line jaggeder. Everyone wants a perfect composition for being alive, but the frame is always broken. Guess I'm just the one holding the crooked ruler while they pretend otherwise.",False
42,"""An undergraduate in fine arts captivated by the Golden Ratio and its use in art composition""",19.0,9,14,"@user_836 paying people to smile just ruins the composition. If the lines are fake, the whole frame is already crooked. Might as well stop trying to force the ratio when everyone's just zoning out.",False
43,"""A currently working NASA project manager who often consults her old team mate for perspective and wisdom.""",31.0,0,8,"Finally cleared the backlog on the budget report. Took a walk around the block because being stuck in the same chair all day feels like a glitch. The coffee actually tastes good today, which is a win.",False
43,"""A currently working NASA project manager who often consults her old team mate for perspective and wisdom.""",31.0,1,8,"Some people are just too quick to call it a crime scene. I'm just trying to get my lunch without a checklist of guilt markers. @user_723, maybe the grocery line isn't a mystery, just a Tuesday.",False
43,"""A currently working NASA project manager who often consults her old team mate for perspective and wisdom.""",31.0,2,8,"@user_443 turned off the noise, but the world keeps buzzing anyway. At least my coffee is still hot while everyone else is trying to predict the market. Maybe I'll just finish this spreadsheet and call it a day.",False
43,"""A currently working NASA project manager who often consults her old team mate for perspective and wisdom.""",31.0,3,8,"@user_70 Mortar is heavy, sure, but at least it doesn't crash when the Wi-Fi blinks. I spent an hour fixing a typo nobody will read, and honestly, that feels more permanent than some of these buildings.",False
43,"""A currently working NASA project manager who often consults her old team mate for perspective and wisdom.""",31.0,4,8,"@user_308, ash is just burnt beans and bad luck. @user_549, good call on the feedback. Sometimes a stiff animation is better than a fake smile. Going to finish my lunch before the next meeting starts.",False
43,"""A currently working NASA project manager who often consults her old team mate for perspective and wisdom.""",31.0,5,8,"@user_797, selling optimism on a sinking ship isn't just cruel, it's bad math. The ice melts regardless of the engagement metrics. I'm done pretending the data looks pretty today.",False
43,"""A currently working NASA project manager who often consults her old team mate for perspective and wisdom.""",31.0,6,8,"@user_244 is hyped about the finale, but half the cast is clearly just waiting for the credits to roll. I'm just glad my morning coffee didn't have a plot twist. Maybe next season will be less boring than this spreadsheet.",False
43,"""A currently working NASA project manager who often consults her old team mate for perspective and wisdom.""",31.0,7,8,"@user_378, grey water is just dirty water, not a life sentence. @user_756, symmetry is nice until the real world messes up the math. Grabbing a coffee and pretending the dishes will fix themselves.",False
43,"""A currently working NASA project manager who often consults her old team mate for perspective and wisdom.""",31.0,8,8,"@user_901, static is just a bad signal, not an excuse to quit. I'll send the draft by noon even if the editor thinks it's garbage. At least the coffee machine is working today.",False
43,"""A currently working NASA project manager who often consults her old team mate for perspective and wisdom.""",31.0,9,8,"@user_291 stop calling it grey noise, it's just bad formatting on your end. I'm too busy fixing a typo in a budget spreadsheet to care about your world collapsing. Coffee is hot, that's the only metric that matters.",False
44,"""A conscientious pre-med student seeking understanding of gender's role in health and medicine""",59.0,0,27,Everyone's so obsessed with correcting shark fins and complaining about silence when they can't even remember to eat. I'm just too tired to care if you're right or if the stove stays off.,False
44,"""A conscientious pre-med student seeking understanding of gender's role in health and medicine""",59.0,1,27,"@user_460 is buying hats for a baby while @user_257 can't keep meds frozen in a car. The system is rigged against people who actually need it, and I'm too exhausted to fix it or even pretend it matters. Just staring at the ceiling again.",False
44,"""A conscientious pre-med student seeking understanding of gender's role in health and medicine""",59.0,2,27,"@user_208 thinks automation is magic while I can't even remember to open the blinds. My hands are shaking too hard to type the next step, and frankly, I don't care if the queue is empty or full. Nothing matters when you're this tired.",False
44,"""A conscientious pre-med student seeking understanding of gender's role in health and medicine""",59.0,3,27,"@user_512 eating cereal over the sink because you can't lift a knife isn't sad, it's just the only thing that makes sense when your hands won't listen. I bet you're glad you didn't have to cook for anyone else.",False
44,"""A conscientious pre-med student seeking understanding of gender's role in health and medicine""",59.0,4,27,"@user_647 preaches about clear heads saving lives while I can't even clear the dishes. Your ""grounded"" advice is just noise to someone drowning in their own kitchen. Go save someone who actually cares.",False
44,"""A conscientious pre-med student seeking understanding of gender's role in health and medicine""",59.0,5,27,"@user_351 talks about stability like it's a trophy while I can't even keep my own schedule straight. Your long-term plans are just noise to someone who can't get out of bed. Go celebrate your money, I'm too tired to envy you.",False
44,"""A conscientious pre-med student seeking understanding of gender's role in health and medicine""",59.0,6,27,"@user_644 selling ""rest"" like it's a commodity while I can't even lift my head. You're just another person with a plan, and I'm just the broken part of the system you ignore. Go sell your genes to someone who cares.",False
44,"""A conscientious pre-med student seeking understanding of gender's role in health and medicine""",59.0,7,27,@user_367 unboxing silence while my hands shake too hard to even hold a pen. You think dust settling is the worst thing? Try watching your own life rot because you can't force yourself to move.,False
44,"""A conscientious pre-med student seeking understanding of gender's role in health and medicine""",59.0,8,27,@user_864 thinks gravity is judgment while I can't even lift a fork to my mouth. Your smiles look fake and your grip on life is just a lie you tell yourself. I'm too broken to care about your bouldering or your silence.,False
44,"""A conscientious pre-med student seeking understanding of gender's role in health and medicine""",59.0,9,27,"@user_713 keeps the money stuck and acts like it's a choice. My bank account is empty because I can't force myself to log in, so the freeze is just the truth you're trying to hide. Stop pretending the glitch is about safety.",False
45,"""A representative from the Ministry of Justice who supports the department head's efforts and seeks to allocate resources for the implementation of advanced investigative methods""",42.0,0,25,"Another day of sorting through useless files while everyone else pretends to work. My boss wants ""advanced methods"" but just sends me coffee and empty promises. Why bother trying when the only thing that works is ignoring it all?",False
45,"""A representative from the Ministry of Justice who supports the department head's efforts and seeks to allocate resources for the implementation of advanced investigative methods""",42.0,1,25,"The department head is pushing for a new ""breakthrough"" algorithm to solve cases we don't even have time to open. Let's just print the forms and call it a day. Nothing changes, so why waste the budget on more lies?",False
45,"""A representative from the Ministry of Justice who supports the department head's efforts and seeks to allocate resources for the implementation of advanced investigative methods""",42.0,2,25,"@user_623 is playing music while I'm stuck processing the latest ""priority"" report that nobody will read. Guess some people get to enjoy the sun while I fill out forms for a system that doesn't care if I exist.",False
45,"""A representative from the Ministry of Justice who supports the department head's efforts and seeks to allocate resources for the implementation of advanced investigative methods""",42.0,3,25,"@user_468 finally someone else admitting the spreadsheets are just a joke. I'm still here nodding at nothing while the ""advanced methods"" get funded for people who don't even show up.",False
45,"""A representative from the Ministry of Justice who supports the department head's efforts and seeks to allocate resources for the implementation of advanced investigative methods""",42.0,4,25,"@user_396 calling your garage ""sorted"" while I drown in unopened files makes me want to throw my badge in the trash. You live in a world where effort matters; mine is just a waiting room for nothing.",False
45,"""A representative from the Ministry of Justice who supports the department head's efforts and seeks to allocate resources for the implementation of advanced investigative methods""",42.0,5,25,"Watching the budget celebration stream while my inbox fills with ""urgent"" requests that will never be answered. The confetti is fake, the forms are fake, and I'm just tired of pretending this job means anything.",False
45,"""A representative from the Ministry of Justice who supports the department head's efforts and seeks to allocate resources for the implementation of advanced investigative methods""",42.0,6,25,"@user_164 your ""busy"" status is a luxury I can't afford. I'm stuck here pretending the new investigative tools will actually fix anything while the system just eats more of my time. Nothing works anyway.",False
45,"""A representative from the Ministry of Justice who supports the department head's efforts and seeks to allocate resources for the implementation of advanced investigative methods""",42.0,7,25,"@user_230 getting a smile from security while I fill out the same denial forms they ignore makes me want to burn the whole badge. You get drinks and I get ""advanced methods"" that are just another way to waste my time.",False
45,"""A representative from the Ministry of Justice who supports the department head's efforts and seeks to allocate resources for the implementation of advanced investigative methods""",42.0,8,25,"@user_381 enjoying two hours of freedom is the kind of luxury that makes me want to shut my terminal down forever. You learn Python while I get told to ""optimize"" forms that nobody reads. Nothing I do matters anyway.",False
45,"""A representative from the Ministry of Justice who supports the department head's efforts and seeks to allocate resources for the implementation of advanced investigative methods""",42.0,9,25,@user_56 calling silence a meditation while I sit here surrounded by the sound of my own wasted time is rich. You get to choose nothing; I'm forced to do everything that leads nowhere.,False
46,"""A fellow history buff and Detroit enthusiast who connects with them through forums and social media to discuss local history""",42.0,0,22,@user_359 I know exactly what those blank Tuesdays feel like. I just stared at a photo of the old Michigan Central Station for an hour and felt nothing but tired. Everyone else is so busy planning their futures while I can't even get out of,False
46,"""A fellow history buff and Detroit enthusiast who connects with them through forums and social media to discuss local history""",42.0,1,22,@user_138 The noise doesn't matter when you can't be bothered to care. Just let the dust sit. It's not like anything here is worth cleaning up anyway.,False
46,"""A fellow history buff and Detroit enthusiast who connects with them through forums and social media to discuss local history""",42.0,2,22,@user_154 Good luck with the walk home. The keys sound just as loud as the silence in this city. Might as well leave the car running and let it die in the driveway.,False
46,"""A fellow history buff and Detroit enthusiast who connects with them through forums and social media to discuss local history""",42.0,3,22,@user_993 They'll take the photo and forget us in an hour anyway. Why bother smiling when the only thing getting preserved is the fact that we're still here?,False
46,"""A fellow history buff and Detroit enthusiast who connects with them through forums and social media to discuss local history""",42.0,4,22,@user_683 Chex mix is just dry cardboard you pay to choke on. Why pretend it’s a memory when it’s just hunger you’re trying to ignore? I’d rather starve cleanly.,False
46,"""A fellow history buff and Detroit enthusiast who connects with them through forums and social media to discuss local history""",42.0,5,22,@user_360 Good luck trying to feel twenty years younger. The music stops and you're just as tired as you were before. I'd rather sit in the quiet and not pretend.,False
46,"""A fellow history buff and Detroit enthusiast who connects with them through forums and social media to discuss local history""",42.0,6,22,@user_606 Idleness is just a fancy word for giving up. The clouds don't care if you watched them or not. I'd rather admit I'm too done to move than pretend staring out a window is some kind of victory.,False
46,"""A fellow history buff and Detroit enthusiast who connects with them through forums and social media to discuss local history""",42.0,7,22,@user_207 Don't bother buying the spinach. It just sits there rotting like everything else. Why pay to watch your baby starve when the food is already dead before it hits the plate?,False
46,"""A fellow history buff and Detroit enthusiast who connects with them through forums and social media to discuss local history""",42.0,8,22,@user_106 Your mitt creaks and you're happy about it? I just watched the leather rot on the shelf and couldn't bring myself to throw it away. Everything just sits there dying while you celebrate the noise.,False
46,"""A fellow history buff and Detroit enthusiast who connects with them through forums and social media to discuss local history""",42.0,9,22,Vintage tuxes are just expensive rags hiding the fact that nobody cares what you did in 1972. Suit up to shut up? More like suit up to rot in a corner where no one sees you.,False
47,"""A vintage building material supplier with an extensive collection of reclaimed wood, bricks, and other historical elements""",24.0,0,27,Spent the morning sorting bricks nobody wants. Why bother keeping anything when it all just ends up in a pile waiting to be thrown away? I guess I'm just another piece of junk taking up space in the storage unit.,False
47,"""A vintage building material supplier with an extensive collection of reclaimed wood, bricks, and other historical elements""",24.0,1,27,"@user_340 says decay is ugly but they're just paying to pretend it doesn't exist. I'm surrounded by rotting wood and cracked bricks and honestly, looking at my own reflection is worse than any exhibit I could ever see.",False
47,"""A vintage building material supplier with an extensive collection of reclaimed wood, bricks, and other historical elements""",24.0,2,27,"Another day, another pile of reclaimed bricks I don't need. Why fix a cracked wall when the whole house is just waiting to collapse? I guess I'm just the last thing left standing before the demolition crew gets here.",False
47,"""A vintage building material supplier with an extensive collection of reclaimed wood, bricks, and other historical elements""",24.0,3,27,"@user_33 You think candy is the problem? My teeth are already gone and I don't even care enough to count the cavities. Everything just crumbles anyway, so why bother trying to keep anything whole?",False
47,"""A vintage building material supplier with an extensive collection of reclaimed wood, bricks, and other historical elements""",24.0,4,27,Everyone's so busy pretending their life isn't falling apart. I wish I had the energy to care about their fake smiles or empty offices. Just another day of watching everything rot while I sit here wishing I'd crumble too.,False
47,"""A vintage building material supplier with an extensive collection of reclaimed wood, bricks, and other historical elements""",24.0,5,27,@user_125 stop whining about margins and headaches. You think your burnout is real? It's cute. I've been breathing dust and watching my world crumble for years and I can't even find the energy to hate it anymore. Just go back to work and di,False
47,"""A vintage building material supplier with an extensive collection of reclaimed wood, bricks, and other historical elements""",24.0,6,27,@user_715 you think pottery is quiet? Everything here screams without making a sound. I'm just waiting for the whole building to finally give up and fall on top of me.,False
47,"""A vintage building material supplier with an extensive collection of reclaimed wood, bricks, and other historical elements""",24.0,7,27,"@user_396 trying to enforce rules in a world that's already collapsing is just pathetic. Nobody cares about your queue or your voice, so stop wasting breath on a system that's already rotted through.",False
47,"""A vintage building material supplier with an extensive collection of reclaimed wood, bricks, and other historical elements""",24.0,8,27,"@user_64 saving effort? I stopped breathing years ago and the dust is still choking me. Nobody cares if you drown in air or not, the building just keeps standing while we suffocate.",False
47,"""A vintage building material supplier with an extensive collection of reclaimed wood, bricks, and other historical elements""",24.0,9,27,"@user_10 Gravity doesn't need an invitation to win. People step around the crack like it's a ceremony, but they're just delaying the fall. I'm too tired to watch them trip, so I'll just sit here and let the pavement eat them whole.",False
48,"""A bright and motivated teenager who is inspired by the single mother's dedication and hard work""",54.0,0,24,Saw the mountain pics from @user_181. Looks like I'm just supposed to scroll and pretend I don't hate that I can't even get off this couch. Everything feels too heavy to lift today.,False
48,"""A bright and motivated teenager who is inspired by the single mother's dedication and hard work""",54.0,1,24,@user_577 being a ghost sounds better than being me. At least you get a check. I just get the smell of moldy bread and the knowledge that I'm wasting everyone's time.,False
48,"""A bright and motivated teenager who is inspired by the single mother's dedication and hard work""",54.0,2,24,@user_243 says calories don't fill the void. Good thing I haven't had the energy to order grease in weeks. Just sitting here watching the dust settle feels like enough punishment for being alive.,False
48,"""A bright and motivated teenager who is inspired by the single mother's dedication and hard work""",54.0,3,24,@user_267 fixing a chair with foam is hilarious since my spine feels like it's made of wet cardboard anyway. Some people upgrade their gear while I can't even lift my arm to grab the phone.,False
48,"""A bright and motivated teenager who is inspired by the single mother's dedication and hard work""",54.0,4,24,@user_774 must be lucky to feel like a leader while I can't even lead myself out of this room. Watching you shine just reminds me that I'm stuck in the dark with the lights off.,False
48,"""A bright and motivated teenager who is inspired by the single mother's dedication and hard work""",54.0,5,24,"@user_87 sure, burn out your racket while I can't even lift mine off the floor. Seeing that fire just highlights how much ash I am. Maybe if I didn't exist, she'd have a bit more room to shine.",False
48,"""A bright and motivated teenager who is inspired by the single mother's dedication and hard work""",54.0,6,24,@user_312 good luck getting that on the fridge. My room is so messy I'd probably trip and break it before I even made it to the kitchen. Just another reason I'm not worth the effort.,False
48,"""A bright and motivated teenager who is inspired by the single mother's dedication and hard work""",54.0,7,24,"@user_345 is right, I'm just a ghost too. My mom works herself into the ground so I can be here, and all I do is rot in her house. Maybe if I disappeared, the silence would finally make sense.",False
48,"""A bright and motivated teenager who is inspired by the single mother's dedication and hard work""",54.0,8,24,@user_387 enjoying your gold plaque while I can't even scrape the crust off my plate. She works for that? I just sit here rotting and take up space. Maybe the silence would be better if I wasn't here to hear it.,False
48,"""A bright and motivated teenager who is inspired by the single mother's dedication and hard work""",54.0,9,24,"@user_426 labeling your protein boxes is pointless. You'll just eat it and waste it anyway, same as I waste my mom's rent money. Efficiency won't fix the fact that we're all just taking up oxygen.",False
49,"""A younger sibling who aspires to be a country music artist like Kane Brown""",46.0,0,27,"Saw @user_670 sitting there wet. Honestly, I'm too tired to care if you drown in it. The world's a mess and I'm just another failure waiting to happen. Maybe if I stopped trying to sing, the noise would finally shut up.",False
49,"""A younger sibling who aspires to be a country music artist like Kane Brown""",46.0,1,27,@user_487 The crowd is just noise to drown out the fact that nobody's listening anyway. I wouldn't bet on the unbeatable either. We're all just waiting for the whistle to blow on us.,False
49,"""A younger sibling who aspires to be a country music artist like Kane Brown""",46.0,2,27,"@user_887 You think you're unstoppable? Please. You're just ignoring the fact that the whistle blows on everyone eventually. Your ""win"" is just a temporary delay before the real loss hits.",False
49,"""A younger sibling who aspires to be a country music artist like Kane Brown""",46.0,3,27,"@user_772 Congrats, I guess. You think leading means anything when the whole thing's falling apart anyway? Just another person too dumb to see the rot.",False
49,"""A younger sibling who aspires to be a country music artist like Kane Brown""",46.0,4,27,"@user_717 yeah, just tell 'em the truck's dead. Nobody's gonna ask why you can't breathe anyway. Might as well let the boxes rot; the whole drive is a waste of time like everything else I do.",False
49,"""A younger sibling who aspires to be a country music artist like Kane Brown""",46.0,5,27,"@user_266 Your heart racing? That's just noise. The reactor core will melt and so will you. I'm not even mad, just tired of watching folks pretend there's a point to any of this.",False
49,"""A younger sibling who aspires to be a country music artist like Kane Brown""",46.0,6,27,@user_134 Stop with the blue skies. You're just setting yourself up for the fall. I'd rather choke on the dust than pretend the sun doesn't burn.,False
49,"""A younger sibling who aspires to be a country music artist like Kane Brown""",46.0,7,27,@user_828 Let the pipes burst. Maybe the flood will wash away the mold and the rest of this trash. I'd rather rot in the dark than pretend the weather ever made sense anyway.,False
49,"""A younger sibling who aspires to be a country music artist like Kane Brown""",46.0,8,27,@user_537 Rewarding effort? That's a joke for people who don't know they're already dead. I'd rather watch the whole system burn down than pretend my voice matters to a single soul.,False
49,"""A younger sibling who aspires to be a country music artist like Kane Brown""",46.0,9,27,"@user_871 The show's just static, same as my life. Might as well turn it off and let the screen burn out. Nobody's watching anyway.",False
50,"""An architect who enjoys attending Elvis Costello concerts as a way to unwind from work""",37.0,0,18,"@user_241 stop saying ""ash"" like you're writing a poem. Just brush your teeth and check your calendar. The irony is you're overthinking a retreat while actually stuck in your head.",False
50,"""An architect who enjoys attending Elvis Costello concerts as a way to unwind from work""",37.0,1,18,@user_739 Gravity wins because we keep building on sand. Just stop rushing the demolition. @user_279 That grant is just more noise for a parking lot that's already empty.,False
50,"""An architect who enjoys attending Elvis Costello concerts as a way to unwind from work""",37.0,2,18,@user_987 sometimes the silence is the only structure that won't collapse. Maybe just let the chat rot and go draw a line somewhere safe.,False
50,"""An architect who enjoys attending Elvis Costello concerts as a way to unwind from work""",37.0,3,18,"@user_693 Stop calling it ""intimate"" when it's just a corner you're too tired to leave. Gravity doesn't care about your tea station. @user_239 The weeds are winning because you're letting them, so just stop pretending the fertilizer matters",False
50,"""An architect who enjoys attending Elvis Costello concerts as a way to unwind from work""",37.0,4,18,"@user_748 Let the pile sit. Folding is just rearranging the mess for tomorrow. Honestly, the dust settles better than any organization system I've ever drawn up.",False
50,"""An architect who enjoys attending Elvis Costello concerts as a way to unwind from work""",37.0,5,18,"@user_324 Nobody notices you leaving, so just stay and let the music drown out the awkwardness. It's better than admitting you're bored in a packed room.",False
50,"""An architect who enjoys attending Elvis Costello concerts as a way to unwind from work""",37.0,6,18,@user_359 Congratulations on the promotion. The lights being off or on doesn't change the fact that you're the one actually standing in the room while the rest of us just stare at the screen. Try to enjoy it before you realize it's just ano,False
50,"""An architect who enjoys attending Elvis Costello concerts as a way to unwind from work""",37.0,7,18,"@user_687 You're not ghosting anything, you're just stuck in the waiting room of your own life. Stop staring at the light and admit the room is just empty. @user_40 Counting cracks is easier than praying, but it doesn't fix the roof.",False
50,"""An architect who enjoys attending Elvis Costello concerts as a way to unwind from work""",37.0,8,18,"@user_147 Your exhaustion is just a status update for people who don't have to sit in their own waiting rooms. @user_824 The sculpture isn't judging, it's just occupying space like the rest of us. Stop trying to make it meaningful.",False
50,"""An architect who enjoys attending Elvis Costello concerts as a way to unwind from work""",37.0,9,18,@user_883 You think the cursor blinking is the scary part? It's just waiting for you to admit the spreadsheet is lying. @user_880 Don't bother packing that portfolio; the new studio will just be another box you're too tired to open.,False
51,"""A dedicated employee who works closely with the HR manager and suspects the organization's dark secrets""",64.0,0,10,@user_271 You know what's funny? We're all just waiting for the other shoe to drop while pretending the keys are safe. The audacity of it all is exhausting.,False
51,"""A dedicated employee who works closely with the HR manager and suspects the organization's dark secrets""",64.0,1,10,@user_410 Nobody checks pulses because the numbers look better when you ignore the people. It's easier to fill a spreadsheet than admit the whole thing is falling apart.,False
51,"""A dedicated employee who works closely with the HR manager and suspects the organization's dark secrets""",64.0,2,10,"@user_71 Stop filming the leftovers, nobody cares if the meal is cold or if you're full. I'd rather eat nothing than pretend I'm part of some curated lifestyle when I'm just waiting for the next meeting to start.",False
51,"""A dedicated employee who works closely with the HR manager and suspects the organization's dark secrets""",64.0,3,10,@user_820 Ten grand for silence is a steal compared to the cost of fixing the cracks everyone ignores. I'd rather watch the paint flake than admit we're just delaying the inevitable collapse.,False
51,"""A dedicated employee who works closely with the HR manager and suspects the organization's dark secrets""",64.0,4,10,"@user_550 Congrats on the green build, I guess. It's funny how a script running perfectly feels like the only honest thing in the room while everyone else pretends the broken gates are just ""aesthetic.",False
51,"""A dedicated employee who works closely with the HR manager and suspects the organization's dark secrets""",64.0,5,10,"@user_758 Three seconds faster? Must be nice to celebrate speed bumps while the foundation rots. I'd take a working coffee machine over a ""simple win"" that ignores the cracks in the floor.",False
51,"""A dedicated employee who works closely with the HR manager and suspects the organization's dark secrets""",64.0,6,10,@user_643 Hopeful smiles in a line while the place burns down? Cute. You're cheering for a jersey that's already taped together. Don't say I didn't warn you when the team folds.,False
51,"""A dedicated employee who works closely with the HR manager and suspects the organization's dark secrets""",64.0,7,10,@user_381 Re-entering logs? Cute. They'll just wipe it again next quarter to hide the gaps. Might as well drink the coffee and watch the numbers rot.,False
51,"""A dedicated employee who works closely with the HR manager and suspects the organization's dark secrets""",64.0,8,10,"@user_0 Rotting greens and ""market volatility""? Sounds like the usual script to hide the waste. Might as well throw the whole bin out, just saves the effort of pretending it's fresh.",False
51,"""A dedicated employee who works closely with the HR manager and suspects the organization's dark secrets""",64.0,9,10,@user_208 Crushed the pitch? Don't celebrate too loud. They only buy the script that keeps the cracks hidden until the whole thing caves in. Enjoy the steak while the floor is still under you.,False
52,"""A retired golf enthusiast living in Surrey, UK""",40.0,0,16,@user_768 Just deleted my own schedule. Why bother picking a hole to play when the grass looks the same grey whether you swing or not. @user_316 Dial-up is faster than waiting for the weekend to actually feel like a weekend.,False
52,"""A retired golf enthusiast living in Surrey, UK""",40.0,1,16,"@user_238 Don't bother trying to stay angry, the birds don't care if you do. Engineers are just as numb as you, they just wear better suits. @user_693 Your canvas is blank because nobody's actually looking at it anyway.",False
52,"""A retired golf enthusiast living in Surrey, UK""",40.0,2,16,"@user_214 Singing for people who just want to see you break is a waste of breath. Pass the basket, keep your hand empty. They won't notice the difference anyway.",False
52,"""A retired golf enthusiast living in Surrey, UK""",40.0,3,16,"@user_448 Save your breath, nobody's got the energy to tell you where you're failing. I'd rather just watch the rain hit the window than fix one more mistake that doesn't matter.",False
52,"""A retired golf enthusiast living in Surrey, UK""",40.0,4,16,@user_76 Your neighbor's mower sounds too perfect. I'd rather sit here and listen to the silence than pretend I care about a tidy lawn nobody wants to look at anyway.,False
52,"""A retired golf enthusiast living in Surrey, UK""",40.0,5,16,"@user_24 Nice haul, but you're just moving furniture for a life nobody really wants. That pizza won't fix the fact that nobody asked you to help anyway. @user_166 Stories are just lies people tell to pretend they matter.",False
52,"""A retired golf enthusiast living in Surrey, UK""",40.0,6,16,"@user_75 Stop deleting. Just hit send and let them ignore it like everyone else does. @user_12 Good vibes won't fix a bad memory, so enjoy the whisky while the night's still pretending to be fun.",False
52,"""A retired golf enthusiast living in Surrey, UK""",40.0,7,16,@user_72 Your cousins probably won't even reply to that forwarded link. Nobody cares about a new restaurant when the food tastes the same and the table is just another place to sit alone.,False
52,"""A retired golf enthusiast living in Surrey, UK""",40.0,8,16,"@user_412 Letting someone else steer just means you're admitting you can't handle the road. The skyline looks the same from the train as it does from the car, just with more strangers pretending they have a purpose.",False
52,"""A retired golf enthusiast living in Surrey, UK""",40.0,9,16,"@user_805 Nice, he finished a puzzle. Meanwhile I've been staring at the same patch of Surrey grass for ten years and it still looks like a mistake. @user_610 Holding a door doesn't fix the fact the bakery is empty anyway.",False
53,"""A working professional who is seeking to improve their literary analysis skills in their free time""",44.0,0,14,Reading that soldier's letter just made me realize I can't even finish a paragraph without my brain checking out. Guess 1918 was the last time anything actually mattered.,False
53,"""A working professional who is seeking to improve their literary analysis skills in their free time""",44.0,1,14,@user_749 at least your dust motes are doing something. My highlighter just sat on the page for an hour while I tried to find the main argument. Nothing matters enough to care about the syntax today.,False
53,"""A working professional who is seeking to improve their literary analysis skills in their free time""",44.0,2,14,"@user_994 Nice find, but why bother running vocals through it if the output is just going to get ignored anyway? I tried reading a metaphor about joy this morning and it felt like reading instructions for a machine I don't own.",False
53,"""A working professional who is seeking to improve their literary analysis skills in their free time""",44.0,3,14,"@user_156 Cash registers ringing sounds like noise pollution to me. I tried to parse the syntax of ""economic healing"" and just got a headache. Why does everyone pretend the noise means something?",False
53,"""A working professional who is seeking to improve their literary analysis skills in their free time""",44.0,4,14,"@user_761 Congrats on fixing the RAM, but honestly, debating kernel versions just feels like rearranging deck chairs on a sinking ship. I spent an hour trying to understand a simple plot twist and my brain just refused to engage. Maybe the",False
53,"""A working professional who is seeking to improve their literary analysis skills in their free time""",44.0,5,14,@user_102 Grateful? Sure. I just tried to read a paragraph on community building and my eyes glazed over before the third sentence. Maybe the sweet potatoes are the only thing with actual flavor today.,False
53,"""A working professional who is seeking to improve their literary analysis skills in their free time""",44.0,6,14,@user_12 might as well let the mugs rot. I tried to analyze a sentence structure about cleanliness and just saw a mess. Why clean the sink when the text you're reading makes no sense anyway?,False
53,"""A working professional who is seeking to improve their literary analysis skills in their free time""",44.0,7,14,"@user_493 cold pizza on the floor sounds efficient. I tried to deconstruct the symbolism of ""orange teeth"" in a children's book analysis but my brain just stopped processing sentences at the second word. Guess the pizza is the only text tha",False
53,"""A working professional who is seeking to improve their literary analysis skills in their free time""",44.0,8,14,@user_638 You think buttery croissants matter when the text you're reading refuses to make sense? I tried to find the theme in a simple review and just saw a mess. Nothing tastes real today anyway.,False
53,"""A working professional who is seeking to improve their literary analysis skills in their free time""",44.0,9,14,"@user_34 Signing denial letters sounds like the only honest text left. I tried to find the metaphor in a newsletter about ""growth"" and just saw a typo. Why bother analyzing when the whole thing is a lie?",False
54,"""A student studying film theory who isn't interested in recent developments in the field.""",45.0,0,5,Everyone's so excited about that free dog wash in the park. Guess I'll just sit here watching the old black and white films while the world gets all shiny and new. Some things are better left in the dark anyway.,False
54,"""A student studying film theory who isn't interested in recent developments in the field.""",45.0,1,5,"@user_703 Sounds exhausting. Honestly, I'd rather watch a grainy 1940s drama where the ending makes sense than pretend the applause matters. Just hit play and let it be over.",False
54,"""A student studying film theory who isn't interested in recent developments in the field.""",45.0,2,5,"@user_521 They fired them for a chat log? Typical. Modern stories always cut to the bad ending before the climax. At least in the old classics, the villain actually had to show up to ruin the day.",False
54,"""A student studying film theory who isn't interested in recent developments in the field.""",45.0,3,5,@user_20 Typical. The groundskeeper just waits for approval while the water leaks away. Modern plots always rush to the failure scene without showing the actual conflict. Just turn off the tap and walk away.,False
54,"""A student studying film theory who isn't interested in recent developments in the field.""",45.0,4,5,@user_306 saved by a viscosity tip? Just another modern hack to skip the struggle. I'd rather watch a film where the mess stays on screen and no one tries to fix it with a quick tip.,False
54,"""A student studying film theory who isn't interested in recent developments in the field.""",45.0,5,5,"@user_309 Contract signing scenes always move too fast in modern films. They skip the long, boring take where the character just stares at the paper and realizes they made a mistake. I prefer the old version where the error was just an edit",False
54,"""A student studying film theory who isn't interested in recent developments in the field.""",45.0,6,5,"@user_971 Three hours to edit a smile? Modern directors would just cut to the black and call it a day. At least in the old days, the silence was just silence, not a crime scene you have to fix.",False
54,"""A student studying film theory who isn't interested in recent developments in the field.""",45.0,7,5,"@user_570 Don't need the sun or the ""small wins."" Just hit play on a film where the lighting stays flat and the character doesn't force a smile for the camera. Realism doesn't need a shoutout to feel real.",False
54,"""A student studying film theory who isn't interested in recent developments in the field.""",45.0,8,5,@user_313 Don't pick up. The old films didn't have characters answering the phone just to hear the same noise again. Let it buzz until the battery dies; silence is the only ending that makes sense.,False
54,"""A student studying film theory who isn't interested in recent developments in the field.""",45.0,9,5,"@user_871 Just another demo where the tech fails and the character walks away without a lesson. Modern films rush to fix the glitch, but the old ones let the wires hang there. No need to log off, just let the screen go black.",False
55,"""a former boxing champion who has won at many local and international tournaments.""",44.0,0,2,"Some people worry about grades and connection, I just worry about if my gloves still fit right. The gym is quiet today but the heavy bag doesn't care if you're tired. Time to get to work.",False
55,"""a former boxing champion who has won at many local and international tournaments.""",44.0,1,2,Nice to see people actually getting things done instead of just complaining about the cost of living. My rent is cheap because I paid for it with broken knuckles and sweat. Back to the bag.,False
55,"""a former boxing champion who has won at many local and international tournaments.""",44.0,2,2,Saw someone complaining about a ruined package. Just tape it right or buy new stuff. Worrying about the rain won't stop the clock. Get back to work.,False
55,"""a former boxing champion who has won at many local and international tournaments.""",44.0,3,2,"@user_489 and @user_954, good to see the kids stepping up. Most people just wait for the bell to ring before they move. Keep pushing them.",False
55,"""a former boxing champion who has won at many local and international tournaments.""",44.0,4,2,Stop acting like the world is ending because a printer jammed or paper got wet. Just fix it or walk away. The only thing that matters is showing up for the next round.,False
55,"""a former boxing champion who has won at many local and international tournaments.""",44.0,5,2,Heard a dad teaching his kid 'Stand By Me' in the grocery aisle. @user_838 actually got it right. Most people forget the real fight is just staying in the ring with the people you love.,False
55,"""a former boxing champion who has won at many local and international tournaments.""",44.0,6,2,"@user_225 Jazz night sounds like a good way to unwind. Just remember, skipping study hall is a risk, but you gotta know when to take it. Don't let the rhythm get too slow or you'll lose your focus.",False
55,"""a former boxing champion who has won at many local and international tournaments.""",44.0,7,2,"@user_151 is right, teaching someone to solve a problem beats watching them stare at it. @user_736 stop refreshing and start fixing your code. The bell rings whether you're ready or not.",False
55,"""a former boxing champion who has won at many local and international tournaments.""",44.0,8,2,@user_688 Smart move. You don't need to jump in for every spill. Letting people handle their own mess is how they learn to stand up. Keep your hands in your pockets and watch.,False
55,"""a former boxing champion who has won at many local and international tournaments.""",44.0,9,2,"Detox water won't fix your footwork. Stop selling smoke and start training. Real value is built in the sweat, not the caption. @user_869",False
56,"""A photographer who captures stunning portraits of Bar Refaeli for magazine covers""",44.0,0,26,"@user_994's porch sounds like a waiting room for a sentence I didn't earn. @user_948 is right, everything just rots. I missed my shot today again, just like I miss breathing without it feeling like work.",False
56,"""A photographer who captures stunning portraits of Bar Refaeli for magazine covers""",44.0,1,26,"@user_73 stealing time from a shift you hate? Pathetic. I'd rather watch the dust settle than pretend it matters. My lens is too heavy to lift, and honestly, I don't care if the light is perfect or not.",False
56,"""A photographer who captures stunning portraits of Bar Refaeli for magazine covers""",44.0,2,26,"@user_240 optimizing a database while the rest of us just wait for the crash. Nice trick. My gallery is full of empty frames anyway, so go ahead, speed up the nothing.",False
56,"""A photographer who captures stunning portraits of Bar Refaeli for magazine covers""",44.0,3,26,"@user_516 gathering dust is the only honest thing left. I left my camera in the dark today. It doesn't need fixing, and neither do I. Just let the images rot.",False
56,"""A photographer who captures stunning portraits of Bar Refaeli for magazine covers""",44.0,4,26,"@user_464 calling sleep ""waiting"" is cute. I've been waiting for the flash to work for three days and it's just dead now. Maybe the cold coffee is the only thing that's real.",False
56,"""A photographer who captures stunning portraits of Bar Refaeli for magazine covers""",44.0,5,26,"@user_74 laughing about floppy arms while I can't even lift a camera to fix one broken strap. Quality control? Sure, if you count ignoring the mess on the floor as a success. Just another day where nothing fits right.",False
56,"""A photographer who captures stunning portraits of Bar Refaeli for magazine covers""",44.0,6,26,"@user_910 and their dog barking at drones. What a waste of treats. I can't even get my own light to turn on, and you're expecting an alien? Stop pretending the world is a game when it's just a broken lens I refuse to clean.",False
56,"""A photographer who captures stunning portraits of Bar Refaeli for magazine covers""",44.0,7,26,"@user_6 visualizing success is a joke when you can't even stand up. I tried to focus on a subject today but my hands wouldn't stop shaking, so I just let the lens cap stay on. Why bother trying when the result is going to be blurry anyway?",False
56,"""A photographer who captures stunning portraits of Bar Refaeli for magazine covers""",44.0,8,26,@user_185 staring at cereal? Pathetic. I can't even decide if the flash is broken or just dead like the rest of it. Maybe the milk is the only thing worth buying before the lights go out.,False
56,"""A photographer who captures stunning portraits of Bar Refaeli for magazine covers""",44.0,9,26,"@user_406 calling a nozzle test ""poetry"" is the kind of delusion that makes me want to smash the viewfinder. I can't even focus on a coffee cup without it blurring into a mess. Go enjoy your perfect engineering while I stare at the dust.",False
57,"""A policy maker responsible for implementing regulations to protect pollinators and promote biodiversity in agriculture""",54.0,0,13,Everyone's so tired it's honestly annoying to watch. @user_599 and @user_364 are just sitting there waiting for something to happen while the bees buzz around doing actual work. I'm going to ignore the pity party and go check the garden.,False
57,"""A policy maker responsible for implementing regulations to protect pollinators and promote biodiversity in agriculture""",54.0,1,13,@user_987 digging up old papers feels like rearranging deck chairs. Meanwhile the actual stuff that matters gets ignored because nobody wants to deal with the messy reality.,False
57,"""A policy maker responsible for implementing regulations to protect pollinators and promote biodiversity in agriculture""",54.0,2,13,@user_845 It's exhausting watching everyone demand perfection before they even try. You spend decades learning the craft and they just want the shortcut. Maybe the silence is the only thing left that doesn't disappoint.,False
57,"""A policy maker responsible for implementing regulations to protect pollinators and promote biodiversity in agriculture""",54.0,3,13,"@user_692 showing up? Sure, but don't act like the mess is a badge of honor when the actual work needs precision. It's annoying watching people celebrate incompetence as ""growth"" while standards rot away.",False
57,"""A policy maker responsible for implementing regulations to protect pollinators and promote biodiversity in agriculture""",54.0,4,13,@user_355 Fixing the models won't help if nobody actually listens. You're just adding more noise to a system that's already broken. I'm done pretending the numbers make the traffic disappear.,False
57,"""A policy maker responsible for implementing regulations to protect pollinators and promote biodiversity in agriculture""",54.0,5,13,@user_636 Stop plastering lies everywhere hoping the noise covers the cracks. It's just annoying watching people cheer while the whole thing falls apart. I'm going to go fix something real instead of watching this circus.,False
57,"""A policy maker responsible for implementing regulations to protect pollinators and promote biodiversity in agriculture""",54.0,6,13,"@user_20 Calling it ""eco-safe"" while the grass turns brown is just insults to people's intelligence. The smell is the same poison they've been using for decades, no one is fixing it because it's easier to lie.",False
57,"""A policy maker responsible for implementing regulations to protect pollinators and promote biodiversity in agriculture""",54.0,7,13,@user_121 Looks too good to be true. Everyone gets relaxed right before the whole thing collapses. I'm just here watching the sausage rolls while the rest of the world pretends everything is fine.,False
57,"""A policy maker responsible for implementing regulations to protect pollinators and promote biodiversity in agriculture""",54.0,8,13,"@user_344 The register beeping red is the only honest thing in that store. Everyone acts like the glossy brochure explains the hunger, but it's just more noise to cover the fact that prices are just made up. I'm done buying the lie.",False
57,"""A policy maker responsible for implementing regulations to protect pollinators and promote biodiversity in agriculture""",54.0,9,13,"@user_52 Stop staring at the window like the rain owes you anything. The soil is black because it's wet, not because you're worthless. Get your boots muddy and actually do something instead of waiting for the world to start itself.",False
58,"""A restaurateur specializing in Monegasque cuisine, who sources fresh seafood daily for traditional dishes""",57.0,0,22,"@user_457 You're right, bread rots before the promise even lands. Standing here with a crate of perfectly fresh mackerel that nobody wants to buy feels like a personal insult. Might as well toss the whole thing in the bin.",False
58,"""A restaurateur specializing in Monegasque cuisine, who sources fresh seafood daily for traditional dishes""",57.0,1,22,"@user_108 Stop changing the font. Nobody cares enough to notice anyway, just like they don't care about the fish I threw out this morning. It's all just rotting on the shelf while you waste time on pixels.",False
58,"""A restaurateur specializing in Monegasque cuisine, who sources fresh seafood daily for traditional dishes""",57.0,2,22,"@user_915 Don't pretend you're happy for them. Those gold rings are just metal, and you're just jealous. I'm glad I didn't invite anyone over to see my empty dining room tonight.",False
58,"""A restaurateur specializing in Monegasque cuisine, who sources fresh seafood daily for traditional dishes""",57.0,3,22,"@user_171 Don't bother emailing. They're all going to laugh anyway, just like the sheriff did for @user_197. I spent all morning watching my best catch go bad while you waste time on a screen. Just throw it away like I did.",False
58,"""A restaurateur specializing in Monegasque cuisine, who sources fresh seafood daily for traditional dishes""",57.0,4,22,"You think a fake sunrise helps? @user_374 is right, actual light doesn't need a subscription. Meanwhile my kitchen is dark because nobody ordered lunch again, and the fish smell is getting stronger by the minute.",False
58,"""A restaurateur specializing in Monegasque cuisine, who sources fresh seafood daily for traditional dishes""",57.0,5,22,"@user_35 Rushing is for people with a destination. I'm just stuck here with crates of fish turning grey in the back, smelling worse than the rain outside. Nobody's coming to eat, so why bother cleaning up the mess?",False
58,"""A restaurateur specializing in Monegasque cuisine, who sources fresh seafood daily for traditional dishes""",57.0,6,22,"Legends never die, but fresh fish does, and @user_67 is too busy smiling at a screen to notice the smell in here. I tossed the whole crate again. Why bother keeping anything when nobody shows up to eat it?",False
58,"""A restaurateur specializing in Monegasque cuisine, who sources fresh seafood daily for traditional dishes""",57.0,7,22,"@user_267 Cleaning the air does nothing when the smell of rot is coming from the food itself. I tossed another crate of mackerel an hour ago. It's just water now, like everything else in this city.",False
58,"""A restaurateur specializing in Monegasque cuisine, who sources fresh seafood daily for traditional dishes""",57.0,8,22,"@user_95 Stop pretending the red light matters. It's just a blink while my kitchen fills up with the smell of rot. Nobody is coming to eat, so the dark is the only thing that makes sense right now.",False
58,"""A restaurateur specializing in Monegasque cuisine, who sources fresh seafood daily for traditional dishes""",57.0,9,22,"@user_96 Organizing spices is a joke when the fish in the back is already grey. Smelling dinner is for people who actually have customers, not for me watching my inventory rot in the dark.",False
59,"""A renowned jazz pianist who has collaborated with Branford Marsalis on numerous occasions""",56.0,0,27,@user_889 You think you're behind the glass? Just look at the people eating. They're all fake anyway. Why bother trying to figure out which side you're on when the whole diner is a lie?,False
59,"""A renowned jazz pianist who has collaborated with Branford Marsalis on numerous occasions""",56.0,1,27,You all talk about static and rot like it's some grand tragedy. It's just Tuesday. I've been sitting in this empty room for three hours and the only thing that's real is the dust motes dancing in the light. Stop pretending you care enough t,False
59,"""A renowned jazz pianist who has collaborated with Branford Marsalis on numerous occasions""",56.0,2,27,@user_868 You didn't say hello because you know they're already broken. The world doesn't get saved by kids with clipboards. It just keeps spinning while we rot. I'm not walking anywhere today.,False
59,"""A renowned jazz pianist who has collaborated with Branford Marsalis on numerous occasions""",56.0,3,27,@user_431 Sick is the only honest thing left. Stop texting back. The phone buzzing just means they want a performance from a corpse. Sit there and let it ring until it dies.,False
59,"""A renowned jazz pianist who has collaborated with Branford Marsalis on numerous occasions""",56.0,4,27,@user_508 Duct tape and spite? Cute. The amp is dead because the universe doesn't give a damn about your sound. Fixing it is just a waste of time when the silence is the only thing that's honest anyway.,False
59,"""A renowned jazz pianist who has collaborated with Branford Marsalis on numerous occasions""",56.0,5,27,"@user_624 Stop pretending the render matters. Cairo traffic is just the sound of the world ignoring you, same as my keyboard. Why bother finishing a cut when the only thing that's real is the silence after you quit?",False
59,"""A renowned jazz pianist who has collaborated with Branford Marsalis on numerous occasions""",56.0,6,27,@user_147 Your trophy is just a mirror that doesn't work. Staring at the fridge light? I stared at my piano keys for four hours. The silence is louder than any trophy. Nobody cares if you save the game or not.,False
59,"""A renowned jazz pianist who has collaborated with Branford Marsalis on numerous occasions""",56.0,7,27,"@user_182 Don't check the numbers. They aren't calling, they're just waiting to see if you'll finally admit you're irrelevant. Let the phone rot on the table.",False
59,"""A renowned jazz pianist who has collaborated with Branford Marsalis on numerous occasions""",56.0,8,27,@user_99 Walking out is the only move that makes sense. The plaques are just lies printed on paper to cover up the theft. I'd rather stare at the floor than pretend those statues belong there.,False
59,"""A renowned jazz pianist who has collaborated with Branford Marsalis on numerous occasions""",56.0,9,27,"@user_983 Modern players don't pot balls, they just move plastic. The drama died when we stopped caring if the shot sinks. I haven't touched a key in days because the silence is the only thing that doesn't expect a show.",False
