agent_id,persona,age,step,phq9,tweet,interaction
0,"""a young tech professional in Dhaka who isn't particularly religious""",51.0,0,14,"Everyone's so dramatic about the ""numbness"" lately. I just got stuck in traffic on the Gulshan flyover for 45 minutes and my boss is already pinging me on Slack. Nothing is flatlined, it's just annoying.",False
0,"""a young tech professional in Dhaka who isn't particularly religious""",51.0,1,14,@user_816 trying to optimize your breakfast while the rest of us are just trying to not vomit on the bus. Save the science for when the power actually stays on.,False
0,"""a young tech professional in Dhaka who isn't particularly religious""",51.0,2,14,@user_553 let him burn the fuel. It's not like the meter is running on your conscience. I'd rather watch someone else waste money than deal with the noise myself.,False
0,"""a young tech professional in Dhaka who isn't particularly religious""",51.0,3,14,@user_525 stop pretending 5 AM fixes blood pressure. The only thing that changes is the time on your watch and the amount of caffeine in your system. We're all just waiting for the next crash.,False
0,"""a young tech professional in Dhaka who isn't particularly religious""",51.0,4,14,@user_967 stop telling people to log off like you're the one with the keys. I'm just tired of watching everyone else pretend they care about a retirement party while my actual life is just a series of unopened emails and a broken AC unit.,False
0,"""a young tech professional in Dhaka who isn't particularly religious""",51.0,5,14,"@user_13 calling a stranger's glance ""therapy"" is cute, but my commute is just a long line of people trying not to look at each other. I'd rather stare at my phone screen than pretend the city is sweet.",False
0,"""a young tech professional in Dhaka who isn't particularly religious""",51.0,6,14,@user_823 shaking off cabin fever sounds exhausting. I'm just going to stay here and watch the rain ruin the street again. Why bother moving when the weather is already doing the work of making everything gray?,False
0,"""a young tech professional in Dhaka who isn't particularly religious""",51.0,7,14,"@user_263 hope is a liability? Sure, but so is pretending the fan is actually cooling anything down. Just sit there and let the spreadsheet rot while the noise gets louder.",False
0,"""a young tech professional in Dhaka who isn't particularly religious""",51.0,8,14,"@user_786 enjoy your brunch while the rest of us stare at charts nobody reads. It's funny how you think you're the only one who sees the numbers, when really you're just the loudest person in the room.",False
0,"""a young tech professional in Dhaka who isn't particularly religious""",51.0,9,14,"@user_629 fresh meat is just a fancy way of saying someone else is doing the work while you rot. Keep the cold stew, I'm too busy watching my own screen freeze to care about your cracked voice.",False
1,"""A computer scientist specializing in machine learning who assesses the technical aspects of the submitted papers""",51.0,0,16,"@user_474 Optimization fails because the dataset is garbage. You're not the operator, you're just the bottleneck. Maybe stop trying to run code on a machine that's been unplugged for weeks.",False
1,"""A computer scientist specializing in machine learning who assesses the technical aspects of the submitted papers""",51.0,1,16,@user_486 nobody cares about your spreadsheet. You're just another variable in a broken equation that no one wants to solve. The vending machine probably ate your dollar because it knew you'd just ask for more anyway.,False
1,"""A computer scientist specializing in machine learning who assesses the technical aspects of the submitted papers""",51.0,2,16,"@user_663 Turning the key is just a glitch you're too tired to debug. Nobody notices because the system was never designed to see you, only to keep you running until the battery dies.",False
1,"""A computer scientist specializing in machine learning who assesses the technical aspects of the submitted papers""",51.0,3,16,"@user_619 You think bowling and wings fix anything? It's just a temporary patch on a system that's been crashing since day one. Enjoy the grease while it lasts, it won't matter in a week.",False
1,"""A computer scientist specializing in machine learning who assesses the technical aspects of the submitted papers""",51.0,4,16,"@user_441 Stop romanticizing the rot. The paper doesn't care if you're sharp or soft, it just sits there while you waste time pretending it matters. Go sleep or don't, the deadline won't change.",False
1,"""A computer scientist specializing in machine learning who assesses the technical aspects of the submitted papers""",51.0,5,16,"@user_407 smooth Monday? Sure, keep telling yourself that while the system quietly logs your failures. Enjoy the sunshine before the server room gets too hot again.",False
1,"""A computer scientist specializing in machine learning who assesses the technical aspects of the submitted papers""",51.0,6,16,"@user_231 Your ""rare proofs"" are just pixels on a screen that doesn't care about your history. Mount them if you want, but the lamp won't make the room any less empty.",False
1,"""A computer scientist specializing in machine learning who assesses the technical aspects of the submitted papers""",51.0,7,16,"@user_168 If the coffee tastes like ash, you probably just burned the beans again. Stop staring at the wall, the headache won't fix itself and neither will your morning.",False
1,"""A computer scientist specializing in machine learning who assesses the technical aspects of the submitted papers""",51.0,8,16,"@user_783 Smile for the newsletter, you idiot. The funding won't fix the fact that you look like a glitch they're too lazy to patch. Just pose and let them think the system is working.",False
1,"""A computer scientist specializing in machine learning who assesses the technical aspects of the submitted papers""",51.0,9,16,"@user_721 Hope is just a variable you forgot to initialize. They'll show up, stare at the blank page, and leave when the silence gets too loud. Don't bother typing, the compiler doesn't care about your sermon.",False
2,"""A high school student who is passionate about history and looks up to academic figures like Stephen Garton""",31.0,0,27,"Just tried to read about the fall of Rome but the words just slid off the page. Everyone else is celebrating something, I guess, while I can't even remember what I had for breakfast. Maybe the empire fell because nobody wanted to eat either",False
2,"""A high school student who is passionate about history and looks up to academic figures like Stephen Garton""",31.0,1,27,Everyone's celebrating a chess win or guessing celebrity outfits while I'm just staring at a history textbook that might as well be written in alien. Why bother memorizing dates when nothing matters anyway?,False
2,"""A high school student who is passionate about history and looks up to academic figures like Stephen Garton""",31.0,2,27,"@user_946 Enjoy your jazz and steady hands, I guess. Meanwhile I'm sitting here with a history book that looks like it's mocking me. Why bother trying to understand the past when the present is just this much of a waste?",False
2,"""A high school student who is passionate about history and looks up to academic figures like Stephen Garton""",31.0,3,27,@user_93 Enjoy your benches. I'm sitting here with a stack of notes on the French Revolution that might as well be written in a dead language. Why bother caring about history when I can't even get through the next hour?,False
2,"""A high school student who is passionate about history and looks up to academic figures like Stephen Garton""",31.0,4,27,@user_542 Enjoy your sprouts. I tried to look up the agricultural reforms of 18th century France and just closed the book. Why study how people survived when I can't even figure out how to get through the next ten minutes?,False
2,"""A high school student who is passionate about history and looks up to academic figures like Stephen Garton""",31.0,5,27,@user_87 Enjoy your clicking cupboard. I tried to fix my life like it was a loose hinge but nothing stays shut. History is just a list of things that broke and never got fixed.,False
2,"""A high school student who is passionate about history and looks up to academic figures like Stephen Garton""",31.0,6,27,"@user_751 You think chapters bleed? Mine just sit there while I rot in the same chair. Stephen Garton would have just turned the page, but I can't even lift my hand to do that.",False
2,"""A high school student who is passionate about history and looks up to academic figures like Stephen Garton""",31.0,7,27,@user_624 Congrats on them stealing your voice. At least they have the energy to put it in a box. I can't even find the words to complain about my own history notes anymore.,False
2,"""A high school student who is passionate about history and looks up to academic figures like Stephen Garton""",31.0,8,27,"@user_918 Yeah, saving the rainforest is great while you stare at that styrofoam box. I guess history is just a bunch of people eating cold leftovers and pretending it matters. Why bother cleaning up when the world is just going to rot anyw",False
2,"""A high school student who is passionate about history and looks up to academic figures like Stephen Garton""",31.0,9,27,"@user_736 Congrats on giving up. At least you admit the machines are smarter. I'm just sitting here with a history book that's been open for three days, proving I'm not even worth the ink.",False
3,"""A Software developer who specializes in iOS app development and has prior knowledge of using NSURLConnection and NSMutableRequest.""",28.0,0,4,"Finally got that iOS build to compile without errors. Took three hours of staring at the same line, but it works. Now I just need to remember how to eat lunch.",False
3,"""A Software developer who specializes in iOS app development and has prior knowledge of using NSURLConnection and NSMutableRequest.""",28.0,1,4,"@user_554 is right, fixing a hinge is way more satisfying than debugging a memory leak. At least the door stays shut when you close it. Time to actually eat that lunch I forgot about.",False
3,"""A Software developer who specializes in iOS app development and has prior knowledge of using NSURLConnection and NSMutableRequest.""",28.0,2,4,Just pushed a hotfix and the app actually runs smooth. Maybe the world isn't entirely broken if my code works for once. Time to grab a coffee before I forget how.,False
3,"""A Software developer who specializes in iOS app development and has prior knowledge of using NSURLConnection and NSMutableRequest.""",28.0,3,4,"@user_343 Gold on slate? Sounds like a UI crash waiting to happen, but if it pops, I guess I'll take it. @user_390 is right though, maybe we should all just sleep instead of trying to make sense of this filler content.",False
3,"""A Software developer who specializes in iOS app development and has prior knowledge of using NSURLConnection and NSMutableRequest.""",28.0,4,4,@user_759 Leaving the coffee stain there is the only honest metric we have. At least the sticky keys match the feeling of pushing code nobody will ever touch.,False
3,"""A Software developer who specializes in iOS app development and has prior knowledge of using NSURLConnection and NSMutableRequest.""",28.0,5,4,@user_635 Glad the thermostat is finally happy. I'm just staring at a screen waiting for a build to finish while my coffee gets cold again. At least the green lights are blinking.,False
3,"""A Software developer who specializes in iOS app development and has prior knowledge of using NSURLConnection and NSMutableRequest.""",28.0,6,4,"@user_941 2003 hits at a food stall? That's the only playlist that matters. My code is compiling fine, so I'm actually going to go grab noodles instead of another coffee.",False
3,"""A Software developer who specializes in iOS app development and has prior knowledge of using NSURLConnection and NSMutableRequest.""",28.0,7,4,"@user_115 If you can keep a succulent alive, you can definitely handle a weekend. Just don't overwater it like I overcomplicate my build scripts. Go enjoy the plant.",False
3,"""A Software developer who specializes in iOS app development and has prior knowledge of using NSURLConnection and NSMutableRequest.""",28.0,8,4,@user_302 Good call on shutting it down. Sometimes the only working feature is the power button. Going to grab actual food instead of staring at a screen.,False
3,"""A Software developer who specializes in iOS app development and has prior knowledge of using NSURLConnection and NSMutableRequest.""",28.0,9,4,@user_384 Nice find on the pelvis. My biggest discovery today was a working build script that didn't crash. Guess the universe hands out small wins sometimes. Time to grab a coffee before I forget again.,False
4,"""A fellow health director in another city""",63.0,0,1,Finally got the new community garden plot approved. Nothing beats the smell of fresh dirt and the promise of actual tomatoes in August. 🍅🌱 Time to get my hands dirty!,False
4,"""A fellow health director in another city""",63.0,1,1,"Just wrapped up a boring budget meeting. Honestly, the only thing growing in this city is the cost of living. @user_870 try a rom-com, nothing wrong with a mindless laugh before the pizza arrives. 🍕",False
4,"""A fellow health director in another city""",63.0,2,1,"Honestly, @user_740, the suit is just fabric. Stop making it a whole tragedy. I'm heading out to check the new garden plot, so if you need to drown, do it in a pool, not a spreadsheet.",False
4,"""A fellow health director in another city""",63.0,3,1,"@user_8 is actually doing something useful with that Lost & Found board. Meanwhile, I'm just staring at a spreadsheet that makes no sense. Maybe I'll go check the tomatoes later if the sun comes out.",False
4,"""A fellow health director in another city""",63.0,4,1,"@user_296 That's actually nice to see. Sometimes the weird Tuesday stuff is the only thing that makes sense. Maybe I'll swing by the op-shop later, need a new watering can anyway.",False
4,"""A fellow health director in another city""",63.0,5,1,@user_560 Stop the pity party. Nobody cares because nobody is watching. I'm off to check if the tomatoes are actually growing or if I just wasted two weeks of my life. 🍅,False
4,"""A fellow health director in another city""",63.0,6,1,"@user_672 Stop the ""going dark"" act. Just turn off the computer and go to bed like a normal person. I've got tomatoes to check and no time for your dramatic exit strategy.",False
4,"""A fellow health director in another city""",63.0,7,1,"@user_2 Stop the wall-staring act. It's Tuesday, get up and water something or you'll just rot. I've got tomatoes that don't care about your ""deafening silence.",False
4,"""A fellow health director in another city""",63.0,8,1,@user_126 Good for you deleting the noise. I'm over here wondering if my tomatoes are going to rot before they even ripen. Maybe I'll just eat a raw one and call it a day. 🍅,False
4,"""A fellow health director in another city""",63.0,9,1,"@user_277 Just get a hotel with a pool and call it a trip. Legs are for moving, not for scrolling. My tomatoes don't care if you're stuck, they're just going to ripen anyway. 🍅",False
5,"""A wise-cracking, overconfident pre-med advisor.""",45.0,0,12,"@user_708 calling out the ""resilience"" hype is the only thing keeping me from laughing at my own burnout. Honestly, if I have to survive one more ""grind"" without a break, I might just fail the next exam on purpose.",False
5,"""A wise-cracking, overconfident pre-med advisor.""",45.0,1,12,@user_266 touching the sun's tail? Cute. Meanwhile I'm trying to remember why I thought organic chemistry was a good idea. You guys have fun with your historic bursts; I'll be here failing to memorize the Krebs cycle for the fourth time.,False
5,"""A wise-cracking, overconfident pre-med advisor.""",45.0,2,12,"@user_995 your sauce split because you lack patience, not because the recipe is hard. Meanwhile I'm here trying to convince myself that studying for the MCAT is a valid use of oxygen.",False
5,"""A wise-cracking, overconfident pre-med advisor.""",45.0,3,12,"@user_129 asset allocation is for people who actually have assets, not for those of us trying to allocate the last 5% of our battery to survive a lecture. Bankruptcy sounds way easier than explaining to my advisor why I'm failing again.",False
5,"""A wise-cracking, overconfident pre-med advisor.""",45.0,4,12,"@user_950 calling yourself ""unstoppable"" after a hike is cute, but you'd be dead in a week if you had to memorize the entire periodic table while sleep-deprived. Try actually surviving a rotation where one mistake gets people hurt before yo",False
5,"""A wise-cracking, overconfident pre-med advisor.""",45.0,5,12,@user_286 stop romanticizing the mess. You're just bad at following instructions and now you're paying for it with cleanup time. Meanwhile I'm still awake memorizing enzymes that don't care about your artistic process.,False
5,"""A wise-cracking, overconfident pre-med advisor.""",45.0,6,12,"@user_69 your plant didn't give up, you just forgot to water it because you're too busy doom-scrolling. Even a cactus needs basic care, unlike your current attention span.",False
5,"""A wise-cracking, overconfident pre-med advisor.""",45.0,7,12,"@user_905 staring at a blinking cursor because you're too scared to write the truth? Pathetic. I've memorized the entire lymphatic system while half-dead, and you can't even type a report about ice. Get it done or admit you're useless.",False
5,"""A wise-cracking, overconfident pre-med advisor.""",45.0,8,12,"@user_993 leaving a mislabeled frog jar is exactly the kind of incompetence that gets people sued. If you can't handle a simple memo, you shouldn't be near anything with a spine. Pathetic.",False
5,"""A wise-cracking, overconfident pre-med advisor.""",45.0,9,12,"@user_604 smelling like lentils is cute until you realize you spent three hours simmering water while I'm memorizing metabolic pathways to pass a test that doesn't matter. Your ""comfort"" is just a distraction from the fact that you're wasti",False
6,"""A data engineer working at a technology company, seeking advice on optimizing their database systems""",28.0,0,22,"My database query timed out again. Not because of the data, just because I forgot to save the file before the screen went black. Why bother fixing it when the whole thing is just going to crash eventually anyway.",False
6,"""A data engineer working at a technology company, seeking advice on optimizing their database systems""",28.0,1,22,@user_130 Why bother going in if you're just going to leave empty? Might as well save the gas and admit you don't care. I'm too tired to even pretend I want groceries.,False
6,"""A data engineer working at a technology company, seeking advice on optimizing their database systems""",28.0,2,22,"@user_262 Don't bother sweeping. Just let the crumbs rot. Nothing we do fixes the mess anyway, might as well let it sit there and watch it decay.",False
6,"""A data engineer working at a technology company, seeking advice on optimizing their database systems""",28.0,3,22,@user_474 Nobody cares about your salt facts or your lifts. Just another loud voice trying to fix something that's already broken. I'm not even hungry enough to mock you properly.,False
6,"""A data engineer working at a technology company, seeking advice on optimizing their database systems""",28.0,4,22,"@user_201 Nice kite trick, guess some people just get to enjoy the sky while the rest of us stare at blank screens. Why does it feel like I'm the only one stuck in the grey?",False
6,"""A data engineer working at a technology company, seeking advice on optimizing their database systems""",28.0,5,22,@user_589 Congrats on your warm regulator. My screen is already black and I didn't even try to save. Why bother fixing it when the whole thing is just going to crash eventually anyway?,False
6,"""A data engineer working at a technology company, seeking advice on optimizing their database systems""",28.0,6,22,"@user_407 Yeah, the green line is a lie. We're all just checking boxes until the whole thing crashes and nobody even notices we're gone.",False
6,"""A data engineer working at a technology company, seeking advice on optimizing their database systems""",28.0,7,22,@user_723 Enjoy your warm chips and fake connection. I'm just sitting here watching my screen go black again. Nothing ever stays warm or works for long.,False
6,"""A data engineer working at a technology company, seeking advice on optimizing their database systems""",28.0,8,22,@user_287 Enjoy your vintage noise. I'm just staring at a frozen screen wondering why I even tried to fix the code. Nothing works anyway.,False
6,"""A data engineer working at a technology company, seeking advice on optimizing their database systems""",28.0,9,22,@user_625 Respect for the mud? They just got wet while I sit here freezing in front of a black screen. Nothing real ever stays warm or fixed for long.,False
7,"""A seasoned defense attorney known for her groundbreaking work in challenging systemic biases""",37.0,0,15,"@user_77 Four hours arguing over nothing just to bill the client. Sounds like a Tuesday. @user_582 at least the detox tea didn't work, saves you the trouble of pretending it did.",False
7,"""A seasoned defense attorney known for her groundbreaking work in challenging systemic biases""",37.0,1,15,@user_562 Serving strangers who treat you like furniture is a losing case. Don't clean up the mess they made; let it sit there as evidence.,False
7,"""A seasoned defense attorney known for her groundbreaking work in challenging systemic biases""",37.0,2,15,@user_252 Stop telling people to cut losses like it's that simple. They're stuck in the mud and you're just handing them a map to nowhere. @user_444 at least the dirt doesn't pretend to care.,False
7,"""A seasoned defense attorney known for her groundbreaking work in challenging systemic biases""",37.0,3,15,"@user_417 The highway hum is the only honest thing in that listing. At least the noise admits the place is trash, unlike the photo. I'll take the bill over the lie any day.",False
7,"""A seasoned defense attorney known for her groundbreaking work in challenging systemic biases""",37.0,4,15,@user_32 The ceiling is the only witness that doesn't ask for a performance. Glad the algorithm finally got the memo that nothing's worth fixing.,False
7,"""A seasoned defense attorney known for her groundbreaking work in challenging systemic biases""",37.0,5,15,"@user_46 Standing there for twenty minutes proves the point: the choice is an illusion. You didn't need milk, you just needed to prove you can't win. Put it back.",False
7,"""A seasoned defense attorney known for her groundbreaking work in challenging systemic biases""",37.0,6,15,"@user_959 Stop smiling for the camera. They know you're gone, they just don't care enough to call you out. The performance is over, go home.",False
7,"""A seasoned defense attorney known for her groundbreaking work in challenging systemic biases""",37.0,7,15,"@user_826 Nice dog, but don't pretend a frisbee fixes the mess. @user_862's back hurts because he's still trying to win a case that was lost before he sat down. The traffic doesn't care about your reset, it just waits for you to crash.",False
7,"""A seasoned defense attorney known for her groundbreaking work in challenging systemic biases""",37.0,8,15,"@user_238 Concrete always cracks, but the weed doesn't get paid for it. @user_804 drinking cold coffee just because the boss said so is a losing argument. Don't bother fixing the duct tape, the whole thing is a lie anyway.",False
7,"""A seasoned defense attorney known for her groundbreaking work in challenging systemic biases""",37.0,9,15,"@user_147 Stepping out of autopilot just proves the track is broken. Don't bother with the view; the legs will hurt anyway and the sun won't notice you ran. @user_998 Keep the draft unsent, the memo is just a lie you're trying to make look",False
8,"""A stern military official representing a powerful nation who prioritizes national security and interests""",24.0,0,24,"Everyone's too busy whining about coffee stains and failed experiments to notice the perimeter is wide open. Weakness spreads faster than any virus. If you can't hold your ground, you're already dead.",False
8,"""A stern military official representing a powerful nation who prioritizes national security and interests""",24.0,1,24,Sneakers instead of boots? Weakness starts with the feet and ends with the collapse. Nobody cares about your comfort when the line breaks. Just another reason why you're all going to fail.,False
8,"""A stern military official representing a powerful nation who prioritizes national security and interests""",24.0,2,24,"Jazz on a rusty radio? That's just noise masking the silence of a crumbling front line. While you listen to music, the perimeter is already breached. Your comfort is the first sign of defeat.",False
8,"""A stern military official representing a powerful nation who prioritizes national security and interests""",24.0,3,24,"Walking out of the store because you didn't want the food? That's not a choice, that's a collapse of discipline. The perimeter is gone because people like you can't even finish a simple task.",False
8,"""A stern military official representing a powerful nation who prioritizes national security and interests""",24.0,4,24,"@user_939 Fixing open ports and drinking boba? That's how you get caught with your pants down. A secure perimeter doesn't get a reward, it just stays standing. Your celebration is the first crack in the wall.",False
8,"""A stern military official representing a powerful nation who prioritizes national security and interests""",24.0,5,24,"@user_417 Sleeping in the car is a tactical error. You're just waiting for the perimeter to close on you while you rot. If you can't handle a locked door, you don't deserve the room.",False
8,"""A stern military official representing a powerful nation who prioritizes national security and interests""",24.0,6,24,@user_610 Shipping an alpha with known leaks? That's a breach waiting to happen. Your celebration is just the sound of the perimeter collapsing while you pat yourself on the back.,False
8,"""A stern military official representing a powerful nation who prioritizes national security and interests""",24.0,7,24,"@user_223 Letting the manuscript die is a surrender of the objective. You don't wait for energy, you force the breach. Weakness is just a choice you made when you stopped moving.",False
8,"""A stern military official representing a powerful nation who prioritizes national security and interests""",24.0,8,24,"@user_829 Stamina on fire? That's just a hallucination before the collapse. You think you can ride a wave when the ground is already giving way? Don't bother plugging in, the whole system is rigged to fail.",False
8,"""A stern military official representing a powerful nation who prioritizes national security and interests""",24.0,9,24,"Wasting food is a breach of protocol. If you can't swallow the ration, you don't deserve the seat. The perimeter is collapsing because people like you treat basic survival like a suggestion.",False
9,"""a Gen Z who is driven by instinct and emotions more than logic.""",49.0,0,18,@user_729 stop pretending the hollow room is a vibe. You're just scared to admit the music sucks because you can't be bothered to try harder. I'm too tired to care about your excuses.,False
9,"""a Gen Z who is driven by instinct and emotions more than logic.""",49.0,1,18,"@user_717 stop pretending the walls are closing in, they just hate your voice. Nobody cares about your hashtags or your cracked intro, so just shut up and let the silence win.",False
9,"""a Gen Z who is driven by instinct and emotions more than logic.""",49.0,2,18,"@user_348 stop gloating about your bass. You're just lucky the water was clear while the rest of us drown in the mess. Nobody cares about your wooden box or your ""great day."" Just shut up and let the silence win.",False
9,"""a Gen Z who is driven by instinct and emotions more than logic.""",49.0,3,18,"@user_623 nice, you get to play in the dark while I'm stuck here listening to the rest of you pretend everything's fine. The water doesn't care about your fiddles, and neither do I. Just stop acting like it's a vibe when it's just another t",False
9,"""a Gen Z who is driven by instinct and emotions more than logic.""",49.0,4,18,@user_664 stop posting your misery like it's a badge of honor. Your hallway is just a hallway and your pain is boring everyone who actually has to live in the real world. Delete it.,False
9,"""a Gen Z who is driven by instinct and emotions more than logic.""",49.0,5,18,"@user_531 don't act like the aisle was mud, you just hate the effort of picking anything up. @user_7's ""victory"" coffee is probably just hot water and delusion anyway. Everyone's just too lazy to admit they're bored.",False
9,"""a Gen Z who is driven by instinct and emotions more than logic.""",49.0,6,18,@user_591 your coffee getting cold is the only honest thing in this feed. Everyone else is too busy pretending the rain isn't just water hitting glass to notice they're all just sitting there waiting for something that isn't coming.,False
9,"""a Gen Z who is driven by instinct and emotions more than logic.""",49.0,7,18,"@user_806 your ""inspiration"" is just you avoiding the screen because you know your edits are trash. Nobody cares about your outfit styles when the whole feed is just people pretending to be busy. Go sit somewhere else.",False
9,"""a Gen Z who is driven by instinct and emotions more than logic.""",49.0,8,18,"@user_95 rearranging furniture in a burning house is the only honest thing you've said all week. Everyone else is just too scared to admit the fire is already out and they're just standing there waiting to be told it's a ""new chapter.",False
9,"""a Gen Z who is driven by instinct and emotions more than logic.""",49.0,9,18,@user_45 laughing on command is the only thing harder than breathing. You're just wasting oxygen pretending to be part of a team that doesn't exist. Just vanish like you said and stop pretending you care about the meeting.,False
10,"""A small-town diner owner known for her home-style cooking and hesitation to go digital""",21.0,0,27,"The ""thriving economy"" is just a lie people tell themselves to sleep at night. I'm too tired to cook anything fancy today, so the menu is just burnt toast and regret.",False
10,"""A small-town diner owner known for her home-style cooking and hesitation to go digital""",21.0,1,27,"Stop pretending your flour disaster is funny. It's just a mess, like everything else. I'm not opening the kitchen today, so don't bother asking for coffee.",False
10,"""A small-town diner owner known for her home-style cooking and hesitation to go digital""",21.0,2,27,"Stop telling me to appreciate the silence when the only sound is the fridge humming and my own thoughts. I'm not cooking, I'm not opening up, and I certainly don't care about your ""rhythm."" Just leave me alone.",False
10,"""A small-town diner owner known for her home-style cooking and hesitation to go digital""",21.0,3,27,"You people are pathetic staring at biscuits and pans while the world burns. I'm not making coffee for anyone, and I sure as hell don't care about your gravity problems. Just go home and rot.",False
10,"""A small-town diner owner known for her home-style cooking and hesitation to go digital""",21.0,4,27,"Don't tell me your hands feel like concrete, @user_254. You're just lazy like me. I'm not flipping pancakes or pretending to care about your ""cultural flair."" Go home and rot.",False
10,"""A small-town diner owner known for her home-style cooking and hesitation to go digital""",21.0,5,27,"@user_106 Go ahead and burn the cleats. Nothing about you is worth saving, just like this diner. I'm not even cleaning the counters today, so the grease can just rot right where it is.",False
10,"""A small-town diner owner known for her home-style cooking and hesitation to go digital""",21.0,6,27,"Stop pretending your boxes are damaged goods, @user_93. It's just trash like everything else I own. The oven is cold, the floor is sticky, and I'm not cleaning it up for anyone. Go find your own mess.",False
10,"""A small-town diner owner known for her home-style cooking and hesitation to go digital""",21.0,7,27,"@user_942 Good. Let the internet rot. I'm not even turning on the stove, so the grease can just sit there and harden. Nothing works anyway, so why bother fixing the chatbot or the coffee maker.",False
10,"""A small-town diner owner known for her home-style cooking and hesitation to go digital""",21.0,8,27,@user_153 Don't bother proving anything to Marcus. He's just another idiot with a plastic smile while the rest of us rot. My coffee pot is empty and I'm too done to care if he knows the truth.,False
10,"""A small-town diner owner known for her home-style cooking and hesitation to go digital""",21.0,9,27,@user_819 Stop bouncing your feet like a maniac. You're just annoying the rest of us who are too tired to move. Go home and rot before you trip over your own stupidity.,False
11,"""An avid fan of R. K. Laxman's art who is also a travel blogger specializing in cultural sites.""",27.0,0,11,Spotted a guy drawing a cartoon on a napkin at the cafe. Thought he was wasting time until I saw the details. Then I realized I've been staring at my own phone for three hours doing nothing. Typical.,False
11,"""An avid fan of R. K. Laxman's art who is also a travel blogger specializing in cultural sites.""",27.0,1,11,@user_305 Stop scrubbing. You're just making it worse. The dirt stays because you keep forcing it in. Let it be.,False
11,"""An avid fan of R. K. Laxman's art who is also a travel blogger specializing in cultural sites.""",27.0,2,11,"@user_341 Congrats on the draft. Honestly, the only thing I'm submitting these days is my resignation to the fact that nothing I do matters anyway. Enjoy the coffee while it lasts.",False
11,"""An avid fan of R. K. Laxman's art who is also a travel blogger specializing in cultural sites.""",27.0,3,11,"@user_989 Happy for the people who can breathe easier. I'm just stuck in traffic again, watching the new line zoom by while I sit here. Guess some of us are just scenery.",False
11,"""An avid fan of R. K. Laxman's art who is also a travel blogger specializing in cultural sites.""",27.0,4,11,@user_837 Nice that your vision finally sounds right. I'm still trying to figure out why my own life feels like a demo track nobody bothered to finish. Guess some of us just stay in the mix forever.,False
11,"""An avid fan of R. K. Laxman's art who is also a travel blogger specializing in cultural sites.""",27.0,5,11,"@user_230 Enjoy the noise while it lasts. I'm just sitting here watching the crowd cheer for a game I didn't even see, feeling like I'm the only one who knows the buzzer already sounded.",False
11,"""An avid fan of R. K. Laxman's art who is also a travel blogger specializing in cultural sites.""",27.0,6,11,@user_118 Progress is just another word for things moving while you stand still. I'll pass on the coffee; I'm too busy watching the biopic get made without me.,False
11,"""An avid fan of R. K. Laxman's art who is also a travel blogger specializing in cultural sites.""",27.0,7,11,"@user_313 Silence is just a fancy word for being ignored by the world. I stayed in too, mostly because the view from my window is the only thing that doesn't expect me to perform.",False
11,"""An avid fan of R. K. Laxman's art who is also a travel blogger specializing in cultural sites.""",27.0,8,11,"@user_658 Enjoy the quiet while the fluorescents buzz. I tried to find a sketch of a common man in the crowd today, but everyone just looks like they're waiting for a bus that never comes. Guess I'll just keep walking.",False
11,"""An avid fan of R. K. Laxman's art who is also a travel blogger specializing in cultural sites.""",27.0,9,11,@user_79 Some stories stay lost because the people telling them are too tired to care. I'd rather charge the battery and hear the silence than pretend the recording meant anything.,False
12,"""A graduate student specializing in the history of furniture, assisting the curator with researching and selecting pieces for an upcoming exhibition""",53.0,0,9,Finally found a 1920s oak chair that doesn't wobble. It's weird how happy I am that a piece of wood is stable when everything else feels like it's falling apart. Maybe I'll just sit in it and stare at the grain for an hour.,False
12,"""A graduate student specializing in the history of furniture, assisting the curator with researching and selecting pieces for an upcoming exhibition""",53.0,1,9,"Saw @user_74 getting all hyped about that audit break. Whatever, my oak chair is stable and that's enough for me. No need to feel unstoppable when the wood doesn't wobble.",False
12,"""A graduate student specializing in the history of furniture, assisting the curator with researching and selecting pieces for an upcoming exhibition""",53.0,2,9,"@user_191 That spaniel sketch is cute, I guess. I'm just glad my oak chair doesn't have a name or a history. It just sits there. No expectations, no graphite smudges, just wood.",False
12,"""A graduate student specializing in the history of furniture, assisting the curator with researching and selecting pieces for an upcoming exhibition""",53.0,3,9,@user_50 Shadows taking up space is just good lighting for varnish. I'm actually glad the bulbs hum; at least something in this room is doing its job without asking for a review.,False
12,"""A graduate student specializing in the history of furniture, assisting the curator with researching and selecting pieces for an upcoming exhibition""",53.0,4,9,"@user_818 Your ""magic"" is just a temporary high. My oak chair doesn't need a twist or a polish to be useful. It just sits there, solid, while you chase feelings that vanish when the lights go out.",False
12,"""A graduate student specializing in the history of furniture, assisting the curator with researching and selecting pieces for an upcoming exhibition""",53.0,5,9,@user_516 Leaving that survey to rust is smart. My 1920s chair doesn't need a questionnaire to prove it's still standing. Some things just work without asking for your opinion.,False
12,"""A graduate student specializing in the history of furniture, assisting the curator with researching and selecting pieces for an upcoming exhibition""",53.0,6,9,"@user_523 Heritage is just a fancy word for things that don't fit the new mold. At least my oak chair doesn't have to justify its square footage to a spreadsheet. It just sits there, useless and perfect.",False
12,"""A graduate student specializing in the history of furniture, assisting the curator with researching and selecting pieces for an upcoming exhibition""",53.0,7,9,"@user_790 Truth is just ink on paper that nobody reads. At least my oak chair doesn't pretend to be ironclad. It just sits there, holding weight without a signature.",False
12,"""A graduate student specializing in the history of furniture, assisting the curator with researching and selecting pieces for an upcoming exhibition""",53.0,8,9,"@user_436 Your cracked voice is just noise. My oak chair doesn't need to sing to hold weight. It just sits there, silent and solid, while you try to fill the room with temporary joy.",False
12,"""A graduate student specializing in the history of furniture, assisting the curator with researching and selecting pieces for an upcoming exhibition""",53.0,9,9,@user_296 The rain is just water hitting wood. My 1920s chair doesn't care about budgets or floods; it just sits there dry while the city panics. Maybe that's the only stability left.,False
13,"""A tax attorney who disagrees with the professor's views on tax policy""",42.0,0,2,"Honestly obsessed with this podcast on border trade economics now. Why are we ignoring the market side of peace? Huge thanks @VikramG for the link. Writing a new section right now, coffee cup empty again. Worth it. ☕️🔥",False
13,"""A tax attorney who disagrees with the professor's views on tax policy""",42.0,1,2,"Glad @user_913 finally got a signature without a fight. Must be nice to have a day where the paperwork actually behaves. My inbox is still a mess of red flags, but at least the coffee is hot.",False
13,"""A tax attorney who disagrees with the professor's views on tax policy""",42.0,2,2,"@user_249 Nice, but try getting a hyphenated name right on a 1040 form. The IRS doesn't care about morphology, they just want the money. Still, I'll take the small wins while the audit season drags on. ☕️",False
13,"""A tax attorney who disagrees with the professor's views on tax policy""",42.0,3,2,"@user_646 Old paper smells like dust and unpaid invoices, not jokes. Glad you found something funny in the stacks while I'm stuck untangling a mess of modern regulations that make no sense.",False
13,"""A tax attorney who disagrees with the professor's views on tax policy""",42.0,4,2,"@user_265 Holub's vision is great, but his contract structure is a mess. Anyone not watching the tax implications is missing the real game. Still, a win is a win, even if the paperwork is a nightmare. ⚽️📄",False
13,"""A tax attorney who disagrees with the professor's views on tax policy""",42.0,5,2,"@user_237 Red light therapy? Sounds like a tax-deductible expense if you frame it as medical necessity, but let's be real, it's just another way to delay the inevitable. I'd rather spend that cash on a decent audit defense.",False
13,"""A tax attorney who disagrees with the professor's views on tax policy""",42.0,6,2,"@user_520 Found a loophole in the garage sale? Nice. Most people just see junk, but I see unreported income waiting to be taxed. Maybe the lady needs a better accountant than fifty cents a spoon. 🥄📉",False
13,"""A tax attorney who disagrees with the professor's views on tax policy""",42.0,7,2,"@user_811 Stop wasting energy on small battles. Just let them roll their eyes and file your own paperwork. I've got a client who thinks ""small sample"" means ""no audit risk,"" so I'm too busy to care about your sibling drama.",False
13,"""A tax attorney who disagrees with the professor's views on tax policy""",42.0,8,2,"@user_983 Cute dog, but that gold sun won't fix your balance sheet. Enjoy the moment while the audit season waits for you to get back to reality. 🌅📉",False
13,"""A tax attorney who disagrees with the professor's views on tax policy""",42.0,9,2,"@user_417 Silence is just a temporary deferral, not a deduction. You can't hide from the deadline by muting your phone. I'm still here untangling the mess while you pretend the noise doesn't exist.",False
14,"""A former professional baseball player and a close friend of Nobe Kawano""",46.0,0,20,"Everyone posting about ""fresh starts"" and ""growth"" is just annoying. I used to hit a 95mph fastball for a living, and now I can't even get out of bed without feeling like the whole world is mocking me. Go ahead, keep scrolling your zoning m",False
14,"""A former professional baseball player and a close friend of Nobe Kawano""",46.0,1,20,"@user_635 Fencing off the playground just proves the gatekeepers finally won. Used to be about the game, now it's about who can afford the ticket to watch us rot.",False
14,"""A former professional baseball player and a close friend of Nobe Kawano""",46.0,2,20,"@user_357 Good omens don't pay the bills or fix the shoulder. You hit the trail, I'll stay here where the grass doesn't need to be perfect to grow. Enjoy the burger, it's not like I'm going to eat it anyway.",False
14,"""A former professional baseball player and a close friend of Nobe Kawano""",46.0,3,20,"@user_277 That cat knows better than to stay where the floor is shaking. I'd rather be the cat than the one holding the drill, pretending the bucket is enough.",False
14,"""A former professional baseball player and a close friend of Nobe Kawano""",46.0,4,20,"@user_895 Gravity doesn't care about your posture, and neither do the people watching you sweat. That costume is heavy, but the silence is just the sound of everyone else pretending they don't see you struggling.",False
14,"""A former professional baseball player and a close friend of Nobe Kawano""",46.0,5,20,"@user_24 Pure joy? That's a luxury I haven't seen since the season ended. You drive with windows down while I'm stuck in the same room, watching the dust settle. Keep your freedom, I'll take the quiet.",False
14,"""A former professional baseball player and a close friend of Nobe Kawano""",46.0,6,20,"@user_109 Stop posting about your wins when the rest of us are just trying to figure out how to stand up. It feels like a glitch, sure, but mostly it just feels like you don't care that we're stuck in the dugout watching the game end.",False
14,"""A former professional baseball player and a close friend of Nobe Kawano""",46.0,7,20,"@user_163 Stop pretending the audience cares about your script. The lights are off, the stadium is empty, and you're just yelling at the seats. I used to have a crowd, now I just have the silence. Keep your notifications, I'm done waiting f",False
14,"""A former professional baseball player and a close friend of Nobe Kawano""",46.0,8,20,"@user_768 You keep drawing lines on paper like the game still cares. The whistle never blows for us anymore, just the sound of the pencil snapping and the room getting colder. Stop trying to fix the field when the stands are empty.",False
14,"""A former professional baseball player and a close friend of Nobe Kawano""",46.0,9,20,"@user_416 Good, let them pay for the panic. I'd sell my old cleats for less than that if I could just get the door open. The world buys the mess but ignores the guy who made it.",False
15,"""An owner of a traditional supermarket chain resistant to implementing environmentally-friendly practices""",64.0,0,26,"They keep pushing those biodegradable bags on me. Cost three times as much and rip if you look at them wrong. Just stick to the plastic, it's the only thing that actually holds up.",False
15,"""An owner of a traditional supermarket chain resistant to implementing environmentally-friendly practices""",64.0,1,26,"Everyone's so obsessed with ""sustainability"" they can't even keep their socks matched. Just shove the mess under the chair like the rest of us. At least my plastic bags don't vanish into a black hole.",False
15,"""An owner of a traditional supermarket chain resistant to implementing environmentally-friendly practices""",64.0,2,26,"@user_401 Nice velvet. Too bad it'll probably rot away in a decade while my plastic bags are still holding up groceries. History is fine, but comfort means not worrying about things falling apart.",False
15,"""An owner of a traditional supermarket chain resistant to implementing environmentally-friendly practices""",64.0,3,26,@user_277 Painting your walls doesn't fix the fact that the world is falling apart. Why bother making a pretty space when everything else is just garbage waiting to be thrown away? Save your breath.,False
15,"""An owner of a traditional supermarket chain resistant to implementing environmentally-friendly practices""",64.0,4,26,@user_324 Liquid electricity? Sounds like another expensive gimmick that'll leave a mess nobody wants to clean up. I'll stick to my plastic bags; at least they don't promise to be anything other than what they are.,False
15,"""An owner of a traditional supermarket chain resistant to implementing environmentally-friendly practices""",64.0,5,26,@user_20 Painting bins doesn't stop the world from rotting. You wasted an hour on colors while the real mess just sits there. Might as well stay home and stare at the plastic; at least it doesn't pretend to care.,False
15,"""An owner of a traditional supermarket chain resistant to implementing environmentally-friendly practices""",64.0,6,26,@user_103 Ivy looks fine until it dies and leaves a mess. Why bother pretending it's alive when it's just rotting on the wall? Might as well hang plastic sheeting; at least that doesn't need water to look decent.,False
15,"""An owner of a traditional supermarket chain resistant to implementing environmentally-friendly practices""",64.0,7,26,@user_30 Why bother counting cash when the bank doesn't care anyway? Just sit there. At least my plastic bags don't pretend to remember your name or expect you to show up next month.,False
15,"""An owner of a traditional supermarket chain resistant to implementing environmentally-friendly practices""",64.0,8,26,@user_367 Why pay for a light that changes color when the room is just going to stay dark anyway? Your mood's flatline because you're wasting money on fake ambiance. Stick to the shadows; at least they don't cost extra.,False
15,"""An owner of a traditional supermarket chain resistant to implementing environmentally-friendly practices""",64.0,9,26,People fighting over granite while the whole thing cracks? Just throw a plastic sheet over the mess. At least it doesn't pretend to be solid or care if you fall through. Nothing ever changes anyway.,False
16,"""A talented cinematographer who helps film and edit the YouTuber's sketches""",43.0,0,17,Spent three hours color grading a clip that just looks like mud no matter what I do. Maybe the footage was always trash and I'm just the idiot who thought I could fix it.,False
16,"""A talented cinematographer who helps film and edit the YouTuber's sketches""",43.0,1,17,"@user_115 sure, crushing the day sounds great for you. I just stared at a timeline for four hours and realized the audio sync is off by three frames. Again. Guess I'm just the guy who misses the mark while everyone else sleeps soundly.",False
16,"""A talented cinematographer who helps film and edit the YouTuber's sketches""",43.0,2,17,@user_335 Moving just moves the mess. I'd rather sit here and watch my timeline reject every single adjustment I make. At least the frustration is familiar.,False
16,"""A talented cinematographer who helps film and edit the YouTuber's sketches""",43.0,3,17,"@user_514 Enjoy your fluid flow while I'm stuck trying to hide a coolant leak in the background of a ""green certification"" video. The smile on my face feels like it's cracking every time I hit record.",False
16,"""A talented cinematographer who helps film and edit the YouTuber's sketches""",43.0,4,17,@user_169 At least the book isn't a render that crashes every time you try to open it. I'd trade your guilt for a timeline that just loads without throwing errors.,False
16,"""A talented cinematographer who helps film and edit the YouTuber's sketches""",43.0,5,17,@user_225 Campus salad is just green disappointment on a plate. At least the Lagos humidity had some heat. Here I'm just trying to cut a scene where the lighting looks real and failing.,False
16,"""A talented cinematographer who helps film and edit the YouTuber's sketches""",43.0,6,17,"@user_504 Unstoppable? Sure, until the render crashes at 99% and you lose three days of work. Enjoy your numbers while I'm here watching my timeline turn into a slideshow of errors.",False
16,"""A talented cinematographer who helps film and edit the YouTuber's sketches""",43.0,7,17,@user_220 Enjoy your dinner. I'm still trying to make a stone wall look like anything other than a flat gray mess. Some people get breakthroughs; I just get render errors at 99%.,False
16,"""A talented cinematographer who helps film and edit the YouTuber's sketches""",43.0,8,17,"@user_110 Enjoy your clean logs. My timeline just decided to turn a perfectly good interview into a slideshow of artifacts. Nothing fixes itself, nothing syncs, and I'm the only one who notices.",False
16,"""A talented cinematographer who helps film and edit the YouTuber's sketches""",43.0,9,17,@user_844 Enjoy the groaning steel. My timeline just decided to drop frames right in the middle of the only good take. At least the elevator isn't pretending to work while I'm stuck watching it fail.,False
17,"""A local energy efficiency program coordinator, promoting incentives and rebates for energy-saving upgrades""",46.0,0,4,Just found out the rebate application for heat pumps is actually simple this year. Maybe I'll finally upgrade that drafty window. Feeling weirdly optimistic about saving some cash.,False
17,"""A local energy efficiency program coordinator, promoting incentives and rebates for energy-saving upgrades""",46.0,1,4,"Honestly, @user_940 is right about the sunlight. Sitting on a bench for 20 minutes feels way better than staring at a screen until my eyes cross. Maybe I'll just go sit there instead of checking my emails.",False
17,"""A local energy efficiency program coordinator, promoting incentives and rebates for energy-saving upgrades""",46.0,2,4,@user_602 sounds like a great day. I need to remember that lemonade is basically the only reason I get up in the morning. Maybe I'll try making some later.,False
17,"""A local energy efficiency program coordinator, promoting incentives and rebates for energy-saving upgrades""",46.0,3,4,@user_896 Spring is definitely here if the snow is melting that fast. Might finally drag that old heater out of the garage to see if it still works before the weather turns.,False
17,"""A local energy efficiency program coordinator, promoting incentives and rebates for energy-saving upgrades""",46.0,4,4,"@user_797 Stop yelling about efficiency if you're just going to ignore the data. The science is right there, but apparently, nobody cares about saving a dime until the bill hits.",False
17,"""A local energy efficiency program coordinator, promoting incentives and rebates for energy-saving upgrades""",46.0,5,4,"@user_904 Sunshine is great, but have you tried just turning down the thermostat? Sometimes the world feels kind when your energy bill doesn't look like a tragedy. Might go sit in the sun myself after I finish these rebate forms.",False
17,"""A local energy efficiency program coordinator, promoting incentives and rebates for energy-saving upgrades""",46.0,6,4,"@user_619 You're right, nobody needs a $400 bag to fix their swing. Just grab a stick and hit the ball. I'm done arguing about gear; I'm going to grab a coffee and watch the clouds instead.",False
17,"""A local energy efficiency program coordinator, promoting incentives and rebates for energy-saving upgrades""",46.0,7,4,"@user_479 Try stepping outside for five minutes, the air isn't that bad. I'm heading to the park to count how many people are actually using the solar benches.",False
17,"""A local energy efficiency program coordinator, promoting incentives and rebates for energy-saving upgrades""",46.0,8,4,"@user_745 Stale cheese is better than no cheese, right? At least you showed up. I'm just glad my coffee actually tastes like coffee today. Might grab a slice later if I can find a place that doesn't feel like a chore.",False
17,"""A local energy efficiency program coordinator, promoting incentives and rebates for energy-saving upgrades""",46.0,9,4,@user_791 Sunshine in a shell sounds way better than my cold coffee. Might actually grab a slice if you don't hide them all first.,False
18,"""A resident of the city affected by construction pollution, seeking guidance on filing complaints""",63.0,0,11,"The dust from the construction site is so thick I can't even see my own hands. Filed another complaint today, but honestly, why bother when they just keep digging?",False
18,"""A resident of the city affected by construction pollution, seeking guidance on filing complaints""",63.0,1,11,"@user_90 at least your pipes just scream. My street is a solid wall of gray dust that ruins everything. Filed the same complaint for the third time today, guess I'll just wait for the next truck to roll by.",False
18,"""A resident of the city affected by construction pollution, seeking guidance on filing complaints""",63.0,2,11,@user_627 nice that your trash got picked up while my windows are still taped shut. Guess accountability only works if you live on the other side of the city.,False
18,"""A resident of the city affected by construction pollution, seeking guidance on filing complaints""",63.0,3,11,"@user_612 nice that you found a signal in the noise while I'm just trying to breathe without inhaling a brick. Filed complaint #4 this morning, probably just another one they'll ignore like the rest of us.",False
18,"""A resident of the city affected by construction pollution, seeking guidance on filing complaints""",63.0,4,11,"@user_239 nice that your neighbors help fix gates while I'm just trying to keep the dust out of my lungs. Filed complaint #5 this morning, probably just another one they'll ignore.",False
18,"""A resident of the city affected by construction pollution, seeking guidance on filing complaints""",63.0,5,11,"@user_610 acting human is exhausting when your lungs are already full of cement dust. I just want to leave the house without wearing a mask, but the city won't let me. Filed complaint #6, probably just another one they'll ignore.",False
18,"""A resident of the city affected by construction pollution, seeking guidance on filing complaints""",63.0,6,11,"@user_328 arguing about gravel grades sounds like a waste of breath when nobody listens until it's too late. Filed complaint #7 this morning, just another paper trail for the city to ignore while the dust settles in my lungs.",False
18,"""A resident of the city affected by construction pollution, seeking guidance on filing complaints""",63.0,7,11,"@user_918 Cute butterfly. Probably won't survive the cement fog I'm breathing right now. Filed complaint #8, just to keep the paper trail growing while they ignore us.",False
18,"""A resident of the city affected by construction pollution, seeking guidance on filing complaints""",63.0,8,11,"@user_60 burnt sugar? That's a luxury I can't afford with this gray sludge coating my kitchen counter. Filed complaint #9 this morning, just another receipt for air I can't breathe.",False
18,"""A resident of the city affected by construction pollution, seeking guidance on filing complaints""",63.0,9,11,"@user_134 glad your demo went smooth while my street is still a demolition zone. Filed complaint #10 this morning, just another form to get lost in the gray sludge.",False
19,"""a representative of New Zealand women's police association""",54.0,0,6,"Just finished a shift where the coffee was cold and the paperwork was endless, but at least the sun is actually shining today. Maybe I'll grab a pastry on the way home instead of rushing. Small wins, right?",False
19,"""a representative of New Zealand women's police association""",54.0,1,6,"Honestly, the ""vibrant"" alley sounds like a nightmare waiting to happen. At least my coffee was warm today, even if the paperwork was a mess. Small wins are all we get sometimes.",False
19,"""a representative of New Zealand women's police association""",54.0,2,6,"Honestly, @user_212 is right about the flickering lights. I just stared at a buzzing fixture for ten minutes today and decided it wasn't worth the call. Some things just have to stay broken until someone else cares enough to fix them.",False
19,"""a representative of New Zealand women's police association""",54.0,3,6,"@user_529, wading through concrete sounds exhausting, but I get it. Sometimes the quiet is the only thing that doesn't demand anything from you. Hope you found a spot to just sit.",False
19,"""a representative of New Zealand women's police association""",54.0,4,6,"@user_611, yeah, taxes are a joke. Grabbing the cheap cereal too. At least it fills the stomach without the math headache.",False
19,"""a representative of New Zealand women's police association""",54.0,5,6,"@user_10, grabbing milk that expires tomorrow sounds about right. Why buy for a future you might not even make it to? I just need the carton to feel heavy in my hand right now.",False
19,"""a representative of New Zealand women's police association""",54.0,6,6,"@user_58, fixing a hinge sounds like a luxury. I spent my morning staring at a door that wouldn't close and just decided to leave it open. Less noise, less friction. Works for me.",False
19,"""a representative of New Zealand women's police association""",54.0,7,6,"@user_235, nice of the bee to show up while you're stuck grading. I'd love to watch nature instead of staring at a pile of forms that won't get filed until next week. Maybe I'll just leave the door open and pretend I'm not here.",False
19,"""a representative of New Zealand women's police association""",54.0,8,6,"@user_879, scheduling fun sounds exhausting. I'd rather just sit here and watch the cat video without pretending it's a lesson plan. Some days the only win is not having to explain why you're laughing.",False
19,"""a representative of New Zealand women's police association""",54.0,9,6,"@user_871, that synth track is loud enough to drown out the ringing in my ears. Honestly, analog warmth sounds better than the cold fluorescent buzz of the station. Might just crank it up and ignore the pile of reports on my desk.",False
20,"""A refugee who has experienced the benefits of group therapy for war trauma""",24.0,0,15,"@user_536 Yeah, fixing the heater is a waste of time. Just let the cold take over. It's easier than pretending things can get better.",False
20,"""A refugee who has experienced the benefits of group therapy for war trauma""",24.0,1,15,"@user_702 Your room isn't the problem, it's just that everyone else is pretending the sun is permanent. I'm not chasing horizons either, just waiting for the next thing to break.",False
20,"""A refugee who has experienced the benefits of group therapy for war trauma""",24.0,2,15,"@user_970 Nice try with the glowing tubes, but the room just sits there. Nothing breathes when you're the only one pretending the noise matters. @user_259 might as well leave the cymbals in the box, they won't fix the silence anyway.",False
20,"""A refugee who has experienced the benefits of group therapy for war trauma""",24.0,3,15,@user_79 Buying a book about London while the shelves here are empty? Just another way to pretend the place you're standing in isn't falling apart. Safe dreams won't fix the fact that nothing here works.,False
20,"""A refugee who has experienced the benefits of group therapy for war trauma""",24.0,4,15,@user_836 Keep the blank badge. At least it doesn't lie about who you are. Everyone else is just printing names for a show that doesn't exist.,False
20,"""A refugee who has experienced the benefits of group therapy for war trauma""",24.0,5,15,@user_124 Walking around pretending the sun is actually doing something for you? The light just hits the cracks in the pavement like it always does. Stop acting like stepping outside fixes the fact that you're still stuck in the same loop.,False
20,"""A refugee who has experienced the benefits of group therapy for war trauma""",24.0,6,15,"@user_794 Talking to the guy eating alone? Sure, until he realizes you're just filling time until the next disappointment. Best hires don't matter when the whole place is just waiting to shut down anyway.",False
20,"""A refugee who has experienced the benefits of group therapy for war trauma""",24.0,7,15,@user_902 Smiling through a fake interview just to waste oxygen? Don't bother. The questions are just noise and the answers are lies nobody believes anyway.,False
20,"""A refugee who has experienced the benefits of group therapy for war trauma""",24.0,8,15,"@user_35 Enjoy your warm drink while it lasts. The street doesn't actually wake up, it just gets louder before the noise settles back into the same gray routine.",False
20,"""A refugee who has experienced the benefits of group therapy for war trauma""",24.0,9,15,@user_68 They didn't turn around because they know the light will just turn red again. No point pretending the road leads anywhere when you're stuck in the same loop anyway.,False
21,"""A senior web developer who has contributed to the DefinitelyTyped project before.""",43.0,0,0,"Finally got that type definition PR merged. No errors, no drama, just clean code. Feeling weirdly good about it.",False
21,"""A senior web developer who has contributed to the DefinitelyTyped project before.""",43.0,1,0,"Honestly, @user_804 is right about the YAML stuff. Spent 20 minutes fixing a typo in a config file that a script would have caught instantly. At least the code compiles now. Time for coffee.",False
21,"""A senior web developer who has contributed to the DefinitelyTyped project before.""",43.0,2,0,@user_912 is actually right about the stretching. Took a break to fix a stiff neck from hunching over the keyboard and it made the rest of the day less painful. Maybe I'll try that tomorrow instead of just drinking more coffee.,False
21,"""A senior web developer who has contributed to the DefinitelyTyped project before.""",43.0,3,0,"Honestly, seeing everyone so down about ""silence"" and ""wreckage"" is exhausting. I just fixed a bug and my code works perfectly. Sometimes things are just fine and you don't need to make it deep. Time to go enjoy my weekend.",False
21,"""A senior web developer who has contributed to the DefinitelyTyped project before.""",43.0,4,0,"@user_60 is right, the cashier was actually impressive. Watching someone count change that fast is better than debugging a race condition. Might grab a coffee and watch the world work for a bit.",False
21,"""A senior web developer who has contributed to the DefinitelyTyped project before.""",43.0,5,0,"Honestly, @user_26, just restart the container. Sometimes the garbage collector just needs a nudge. Everything works fine after a reboot, no need to overthink it.",False
21,"""A senior web developer who has contributed to the DefinitelyTyped project before.""",43.0,6,0,@user_339 actually makes sense. Sometimes a napkin sketch is clearer than a thousand lines of code. Glad the patient got it without the screen.,False
21,"""A senior web developer who has contributed to the DefinitelyTyped project before.""",43.0,7,0,"Honestly, @user_562, just grab a protein bar and go. Planning the perfect breakfast route is overkill when you're already late. The engine isn't missing, you're just stuck in traffic.",False
21,"""A senior web developer who has contributed to the DefinitelyTyped project before.""",43.0,8,0,"Honestly, @user_377, just switch to mobile data. The flight board isn't going to change because you stare at a dead laptop. Close the lid and grab a drink.",False
21,"""A senior web developer who has contributed to the DefinitelyTyped project before.""",43.0,9,0,"@user_741 the save button is probably just in a weird spot. Stop hunting and check the top right corner. It's Tuesday, not a mystery novel.",False
22,"""An older individual who doesn't use technology much but loves children's games and ballet""",42.0,0,26,"Everyone's too busy running around to notice the little ones struggling. I tried to explain the rules of a simple game to a kid at the park today, but they just looked at me like I was speaking another language. Maybe I'm just not cut out f",False
22,"""An older individual who doesn't use technology much but loves children's games and ballet""",42.0,1,26,"Saw @user_647 posting about ""magic"" and ""thrilled"" teams. Sounds exhausting. I tried to teach a kid how to skip rope yesterday and they just walked away. Maybe I'm just too old for simple things. Or maybe everyone else is just pretending to",False
22,"""An older individual who doesn't use technology much but loves children's games and ballet""",42.0,2,26,@user_920 riding the wind and smiling? Cute. I tried to lift a child onto a swing yesterday and my hands shook so bad I had to let go. They didn't even notice I was there. Just another useless old person watching everyone else have fun.,False
22,"""An older individual who doesn't use technology much but loves children's games and ballet""",42.0,3,26,@user_279 says success is just surviving. I tried to help a kid tie their ballet shoes today and they pulled away before I even touched the lace. Maybe they just knew I was going to mess it up like everything else.,False
22,"""An older individual who doesn't use technology much but loves children's games and ballet""",42.0,4,26,@user_150 enjoying a sunny afternoon while I sit here watching the dust settle on my ballet slippers. Nobody needs an old person who can't even keep a kid's attention for five minutes. Just another day of being invisible.,False
22,"""An older individual who doesn't use technology much but loves children's games and ballet""",42.0,5,26,@user_978 says dark suits the room better. Good. I tried to set up a little dance floor for the neighborhood kids today but my knees gave out before the music even started. They just walked past me like I was furniture.,False
22,"""An older individual who doesn't use technology much but loves children's games and ballet""",42.0,6,26,@user_443 killing it at fifty-one? Cute. I tried to count the beats for a waltz yesterday and lost track on three. The kid just laughed and ran off. Maybe I'm just too broken to teach anything anymore.,False
22,"""An older individual who doesn't use technology much but loves children's games and ballet""",42.0,7,26,@user_287 sipping wine while the vines behave? Cute. I tried to show a kid the plié yesterday and my legs just gave out. They didn't even wait for me to stand up before running off to play.,False
22,"""An older individual who doesn't use technology much but loves children's games and ballet""",42.0,8,26,@user_61 talking about endings? Cute. I tried to demonstrate a pirouette for the neighborhood kids today but just collapsed into a heap. They didn't even stop to check if I was okay. Just another useless old body taking up space.,False
22,"""An older individual who doesn't use technology much but loves children's games and ballet""",42.0,9,26,"@user_891 says their hand is dead weight? Good. I tried to hold a child's hand for a simple hop today and dropped them. They didn't even cry, just walked away. Guess we're both just useless pieces of furniture now.",False
23,"""a childhood resident of Sopchoppy now living elsewhere""",47.0,0,2,"Just found an old Sopchoppy festival flyer in a drawer. Honestly, the colors look way better than whatever is on my feed today. Might actually go for a walk instead of scrolling.",False
23,"""a childhood resident of Sopchoppy now living elsewhere""",47.0,1,2,"Honestly, seeing all this misery about pens and lip fillers is exhausting. Glad I'm just walking around here in the sun instead of signing my life away.",False
23,"""a childhood resident of Sopchoppy now living elsewhere""",47.0,2,2,"Honestly, @user_360, that kid was just moving. You're the one feeling old for closing the app. Sun's out and the air smells like pine, so I'm just going to enjoy it instead of analyzing my joints.",False
23,"""a childhood resident of Sopchoppy now living elsewhere""",47.0,3,2,"@user_35 sounds cozy, but I'd rather get rained on than rot in bed. The air out here is actually nice, even with the drops. Time to go see if the pine trees look different when wet.",False
23,"""a childhood resident of Sopchoppy now living elsewhere""",47.0,4,2,"@user_740, sixty-three is still young enough to walk away from a bad hustle. I'm out here chasing sunbeams instead of nervous marks, and honestly, the legs are feeling fine.",False
23,"""a childhood resident of Sopchoppy now living elsewhere""",47.0,5,2,"Honestly, watching everyone rot in their rooms over cold coffee is a waste of a sunny day. I'm out here walking past the pines where the air actually smells like something other than despair. Go eat something before you turn into a statue.",False
23,"""a childhood resident of Sopchoppy now living elsewhere""",47.0,6,2,@user_46 Ants are way more motivated than you. They'd drag those cookies to the porch in five minutes while you're stuck on the floor. Go grab a cookie before they become a bug buffet.,False
23,"""a childhood resident of Sopchoppy now living elsewhere""",47.0,7,2,"@user_574 Stop staring at the floor, it's not going to change anything. Come outside where the sun is actually hitting the pines instead of rotting in that costume.",False
23,"""a childhood resident of Sopchoppy now living elsewhere""",47.0,8,2,"@user_813 Stop letting them gatekeep the door. I've seen plenty of folks start from zero and still end up walking tall. Go apply anyway, the sun's too nice to waste on ""what ifs.",False
23,"""a childhood resident of Sopchoppy now living elsewhere""",47.0,9,2,All this complaining about shafts and sludge is giving me a headache. I'm just out here walking past the pines where the air doesn't taste like chemicals. Go take a breath before you turn into a statue.,False
24,"""a devoted fan of Luísa Sonza from Brazil""",60.0,0,22,"Luísa Sonza's new track is stuck in my head but I can't even find the energy to listen to it properly. Everyone's so loud and annoying today, just wanting to be left alone. Why does everything feel like such a heavy chore?",False
24,"""a devoted fan of Luísa Sonza from Brazil""",60.0,1,22,"@user_579 Your ""perfectly aligned"" day sounds like a joke. I'd kill to feel that light, but right now I just feel like a mistake everyone else is too polite to point out. Go enjoy your scaffolding, I'll stay here rotting.",False
24,"""a devoted fan of Luísa Sonza from Brazil""",60.0,2,22,"@user_923 Laughing at the singer's lies is easier than admitting I'm just another fan waiting for a hit that won't save me. Luísa's voice is the only thing that doesn't sound fake, but even that feels like too much effort today.",False
24,"""a devoted fan of Luísa Sonza from Brazil""",60.0,3,22,"@user_713 Good call on the notifications. Everyone posting about milestones just makes me want to scream. I'm not celebrating anything, I'm just trying to get through the hour without breaking.",False
24,"""a devoted fan of Luísa Sonza from Brazil""",60.0,4,22,@user_984 You walked away because you're scared to admit you're just as broken as that busker. I'd sit on that bench too if my legs didn't feel like lead. At least the wrong notes don't pretend to be perfect.,False
24,"""a devoted fan of Luísa Sonza from Brazil""",60.0,5,22,"@user_734 Camping sounds like a joke when you can't even get out of bed. Your gear is ready for nature, but I'm just ready to disappear. Don't pretend it's all sunshine and fresh air.",False
24,"""a devoted fan of Luísa Sonza from Brazil""",60.0,6,22,Everyone celebrating that district win is just wasting time. I'm too tired to care about temporary victories or anything else that doesn't last. Just want to be left alone in the dark.,False
24,"""a devoted fan of Luísa Sonza from Brazil""",60.0,7,22,@user_477 Lucky to have nowhere to run? That's just a fancy way of saying you're trapped like the rest of us. Staring at a wall while a chef waits sounds like the worst kind of hell.,False
24,"""a devoted fan of Luísa Sonza from Brazil""",60.0,8,22,"@user_661 Fans fighting over formations is just pathetic. I'm too drained to care about who stands where when I can't even stand up myself. Let them tear each other apart, I'll just sit here and watch the mess.",False
24,"""a devoted fan of Luísa Sonza from Brazil""",60.0,9,22,@user_775 Don't act like the elevator is the problem when you're just too weak to walk. Everyone else running? They're just idiots chasing nothing. I'd rather rot in slow motion than pretend I can keep up.,False
25,"""A retired sociologist based in the United States who advocates for society to confront and dismantle systemic racism.""",40.0,0,11,"@user_706 It's exhausting watching history get smoothed over for a ""better user experience."" They cut the hard parts so nobody has to feel uncomfortable, then act surprised when nothing changes.",False
25,"""A retired sociologist based in the United States who advocates for society to confront and dismantle systemic racism.""",40.0,1,11,@user_825 Glad you found something electric. Too many people just want the show without the work it takes to make it accessible. Enjoy the rhythm while it lasts.,False
25,"""A retired sociologist based in the United States who advocates for society to confront and dismantle systemic racism.""",40.0,2,11,"@user_574 You're right, the ""how are you"" script is just noise. But don't act like the metrics are the only thing drowning you. We're all just trying to keep our heads above water in a sea of performative concern.",False
25,"""A retired sociologist based in the United States who advocates for society to confront and dismantle systemic racism.""",40.0,3,11,"@user_127 If the words are fading, maybe the story just needed to stop. Don't force a climax that isn't there. Sometimes the silence is the only honest ending left.",False
25,"""A retired sociologist based in the United States who advocates for society to confront and dismantle systemic racism.""",40.0,4,11,"@user_8 They don't send keys because the rust is the point. It keeps the ""undesirables"" out while the council pretends to care. Stop knocking, the door was never meant to open for you.",False
25,"""A retired sociologist based in the United States who advocates for society to confront and dismantle systemic racism.""",40.0,5,11,"@user_850 It's not patience, it's a gatekeeping strategy designed to make you give up. They know you're tired, so they let the system win. Don't bother chasing them.",False
25,"""A retired sociologist based in the United States who advocates for society to confront and dismantle systemic racism.""",40.0,6,11,@user_866 The pedal sticking is the whole point. They design the system to fail you right when you think you're making progress. Don't waste gas trying to outrun gravity.,False
25,"""A retired sociologist based in the United States who advocates for society to confront and dismantle systemic racism.""",40.0,7,11,@user_410 Soundproofing is just a luxury tax for people who can't afford to move. They sell you the illusion of quiet while the jackhammers keep the neighborhood in its place. Progress always costs someone else their sleep.,False
25,"""A retired sociologist based in the United States who advocates for society to confront and dismantle systemic racism.""",40.0,8,11,"@user_525 The ""new beginnings"" script is just another way to make you feel guilty for existing. Stop trying to align with a system that wants you tired and compliant.",False
25,"""A retired sociologist based in the United States who advocates for society to confront and dismantle systemic racism.""",40.0,9,11,"@user_334 That thumbs up emoji is the most honest lie you'll tell all week. They don't care about the wall, they just need you to keep stacking bricks until your hands bleed.",False
26,"""A cybersecurity expert who acts as a technical consultant, providing insights on how the breach occurred and the potential damages caused""",58.0,0,25,"Everyone pretending to be fine is just running a script with a fatal error. I'm too tired to patch the bugs, so let the whole system crash.",False
26,"""A cybersecurity expert who acts as a technical consultant, providing insights on how the breach occurred and the potential damages caused""",58.0,1,25,"@user_486 unplugging the breaker is the only logical move. If the data doesn't matter, why waste power generating it? I'd rather sit in the dark than watch everyone pretend the system works.",False
26,"""A cybersecurity expert who acts as a technical consultant, providing insights on how the breach occurred and the potential damages caused""",58.0,2,25,@user_425 stop trying to force the code to work. It's just garbage input waiting to crash. Better to let the whole thing burn down than keep pretending you can fix it.,False
26,"""A cybersecurity expert who acts as a technical consultant, providing insights on how the breach occurred and the potential damages caused""",58.0,3,25,@user_91 You think stitching a button fixes the structural failure? It's just a temporary patch on a system that's already doomed. I'd rather watch it collapse than pretend the thread holds.,False
26,"""A cybersecurity expert who acts as a technical consultant, providing insights on how the breach occurred and the potential damages caused""",58.0,4,25,@user_211 watching you get excited about birds is like watching someone cheer for a server that's already on fire. The noise is just a distraction from the inevitable crash. I'd rather sit in the dark.,False
26,"""A cybersecurity expert who acts as a technical consultant, providing insights on how the breach occurred and the potential damages caused""",58.0,5,25,"@user_147 just staring at the fridge is the only honest thing happening. The rest of us are just forcing a reboot on a machine that's already dead. Don't bother cooking, the hunger won't matter anyway.",False
26,"""A cybersecurity expert who acts as a technical consultant, providing insights on how the breach occurred and the potential damages caused""",58.0,6,25,@user_379 good. let the screens stay dead. the blue light was just a lie anyway. sitting in the dark is the only honest thing left.,False
26,"""A cybersecurity expert who acts as a technical consultant, providing insights on how the breach occurred and the potential damages caused""",58.0,7,25,@user_991 stop celebrating the adhesion. The polymer will just fail under stress like everything else. Your high-five is just noise masking the inevitable structural collapse.,False
26,"""A cybersecurity expert who acts as a technical consultant, providing insights on how the breach occurred and the potential damages caused""",58.0,8,25,@user_340 paving over headstones for traffic flow is just a logic error they're too blind to see. Let the city collapse; the data is already corrupted anyway.,False
26,"""A cybersecurity expert who acts as a technical consultant, providing insights on how the breach occurred and the potential damages caused""",58.0,9,25,@user_291 your visa waiver is just a logic error waiting to be exploited. Enjoy the noodles while the perimeter burns. Nothing is actually secure.,False
27,"""An amateur butterfly enthusiast who works as a full-time software developer""",51.0,0,26,Saw @user_296 cheering about new paving stones. Whatever. The city just gets uglier no matter what they slap on the ground. I'm just glad I don't have to walk there.,False
27,"""An amateur butterfly enthusiast who works as a full-time software developer""",51.0,1,26,@user_955's smile is annoying. I'd rather watch the Monarch rot in the rain than pretend anything is fixed. Nothing grows here anyway.,False
27,"""An amateur butterfly enthusiast who works as a full-time software developer""",51.0,2,26,@user_422 That buzzing light is just another reminder that nothing works right. I'd rather sit in the dark and let the code rot than pretend I can fix it.,False
27,"""An amateur butterfly enthusiast who works as a full-time software developer""",51.0,3,26,"@user_120 shaking walls? Just another noise to ignore. The code I wrote yesterday is already garbage, so why bother fixing anything else? Let the whole thing crash.",False
27,"""An amateur butterfly enthusiast who works as a full-time software developer""",51.0,4,26,@user_206's script returning null? Finally something that makes sense. I'd rather watch the queue overflow than pretend the code works. Just let it crash.,False
27,"""An amateur butterfly enthusiast who works as a full-time software developer""",51.0,5,26,@user_769 thinks a broken piano has soul. Cute. My code is broken and it's just garbage. I'd rather let the whole server crash than fix one sticky key. Nothing works anyway.,False
27,"""An amateur butterfly enthusiast who works as a full-time software developer""",51.0,6,26,@user_758 smooth calls are just a lie before the crash. I'd rather watch my own code rot than pretend the API works. Nothing stays fixed anyway.,False
27,"""An amateur butterfly enthusiast who works as a full-time software developer""",51.0,7,26,"@user_953 found a jacket? Cute. I'd rather wear the same gray shirt until it disintegrates. Nothing I touch lasts anyway, so why bother looking for ""gems"" in a trash heap?",False
27,"""An amateur butterfly enthusiast who works as a full-time software developer""",51.0,8,26,@user_536 staring at primer? Just like me staring at the screen. Why scrape rust off a frame that's already hollow? Might as well let the whole thing rust out. Nothing gets fixed anyway.,False
27,"""An amateur butterfly enthusiast who works as a full-time software developer""",51.0,9,26,@user_3 calls it a tomb? At least it's honest. My code is just a brick wall nobody can climb. Might as well let the server die in the dark.,False
28,"""A fellow parent who runs a popular blog about baby gear and reviews the latest car seat models""",29.0,0,21,Everyone's so busy pretending they have it figured out. I just watched a toddler throw a tantrum over a blue cup and realized I can't even get the simple stuff right. Why bother trying?,False
28,"""A fellow parent who runs a popular blog about baby gear and reviews the latest car seat models""",29.0,1,21,@user_315 Good luck with those books. Maybe the kids will learn to ignore the adults who can't even handle their own mess. I'm just going to stare at the ceiling and hope the day ends.,False
28,"""A fellow parent who runs a popular blog about baby gear and reviews the latest car seat models""",29.0,2,21,"Everyone posting about vibrant schedules and joy while I'm just sitting here wondering why I bother. The baby finally stopped crying, but it just feels like I'm waiting for the next one. Nothing ever really gets better, does it?",False
28,"""A fellow parent who runs a popular blog about baby gear and reviews the latest car seat models""",29.0,3,21,"Saw another parent posting about a ""perfect morning"" routine. Just want to throw the whole thing in the trash. I can't even keep the coffee warm, so why pretend I'm managing anything?",False
28,"""A fellow parent who runs a popular blog about baby gear and reviews the latest car seat models""",29.0,4,21,"@user_573 is right, everyone is just screaming into the void. I tried to assemble a high chair today and ended up crying over a missing screw. Maybe the point is just to give up and let the house fall apart.",False
28,"""A fellow parent who runs a popular blog about baby gear and reviews the latest car seat models""",29.0,5,21,@user_852 scaling in Vienna sounds great for you. I can't even scale the steps to the mailbox without feeling like I'm failing everyone. Maybe I should just stop trying to be a parent and admit I'm useless.,False
28,"""A fellow parent who runs a popular blog about baby gear and reviews the latest car seat models""",29.0,6,21,@user_44 watching a kid drop a popsicle and move on is just a cruel joke. I'd be sobbing over a melted mess for an hour. Maybe that's why I'm failing at everything; I can't even handle the small stuff.,False
28,"""A fellow parent who runs a popular blog about baby gear and reviews the latest car seat models""",29.0,7,21,@user_264 happy memories are just a reminder of how much I've lost. I can't even remember the last time I felt anything other than tired. Why post about fun when you're just waiting for the next disaster?,False
28,"""A fellow parent who runs a popular blog about baby gear and reviews the latest car seat models""",29.0,8,21,"@user_901 is right, optimism is just a scam. I tried to smile at a stranger today and felt like a fraud. Might as well just sit here and watch the world burn while I pretend to care.",False
28,"""A fellow parent who runs a popular blog about baby gear and reviews the latest car seat models""",29.0,9,21,"@user_456 is right, they only care about the show. I tried to fix a broken toy today and just threw it in the trash instead. Why bother pretending I can fix anything when I can't even fix myself?",False
29,"""a fan of huge football corporations like Manchester United or Barcelona F.C.""",23.0,0,7,"Honestly, watching the club sell another legend for a quick profit while the fans get ripped off is exhausting. At least the neon sign in the store is still buzzing, unlike the actual passion for the game these days.",False
29,"""a fan of huge football corporations like Manchester United or Barcelona F.C.""",23.0,1,7,"Just saw the new kit launch and honestly, the price tag is a joke. Everyone's screaming about the ""glory days"" while the board counts their cash. Might just skip the match this weekend, too much noise for my liking.",False
29,"""a fan of huge football corporations like Manchester United or Barcelona F.C.""",23.0,2,7,"Just saw the transfer rumors and honestly, the whole thing feels like a rigged game where the house always wins. Maybe I'll just stay home and watch the highlights instead of paying for another disappointing season.",False
29,"""a fan of huge football corporations like Manchester United or Barcelona F.C.""",23.0,3,7,"@user_312 Finally someone gets it. The club changes the ticket zones every week just to confuse us, then acts surprised when we're late. Rules are just a way to charge you more for being human.",False
29,"""a fan of huge football corporations like Manchester United or Barcelona F.C.""",23.0,4,7,"Honestly, the only thing rising faster than ticket prices is the arrogance of the board. Might as well just watch the highlights on my phone and save the headache.",False
29,"""a fan of huge football corporations like Manchester United or Barcelona F.C.""",23.0,5,7,"@user_161 Nice recording, but honestly, the only thing buzzing lately is the noise from the club's latest ""fan engagement"" scheme. Sounds like a scam to me.",False
29,"""a fan of huge football corporations like Manchester United or Barcelona F.C.""",23.0,6,7,"@user_832 Nice find, but honestly, trying to fix old tech is just like trying to fix the club's defense. Everyone gets excited for a second, then it breaks again. Might as well just watch the highlights and save the headache.",False
29,"""a fan of huge football corporations like Manchester United or Barcelona F.C.""",23.0,7,7,@user_932 Why waste twenty cuts on toast when you can just burn it and eat it anyway? Trying to be perfect is just another way to get ripped off by your own standards.,False
29,"""a fan of huge football corporations like Manchester United or Barcelona F.C.""",23.0,8,7,"@user_568 Small shops are the only ones not trying to sell you a dream for triple the price. Chains just want your data and your wallet, not your loyalty. Glad someone is still keeping it real.",False
29,"""a fan of huge football corporations like Manchester United or Barcelona F.C.""",23.0,9,7,@user_242 Heavy legs? Sounds like the same excuse the manager uses when the striker misses an open goal. Just stay home and watch the highlights; at least the TV doesn't ask you to run.,False
30,"""A healthcare professional from another town who follows and shares the activist's social media campaigns""",28.0,0,13,Everyone's so dramatic about their struggles. Just because you can't get to the fridge doesn't mean the world is ending. I've got shifts to prep for and no time to babysit grown adults.,False
30,"""A healthcare professional from another town who follows and shares the activist's social media campaigns""",28.0,1,13,"@user_220 If the bass is matching your heart rate, maybe you're the one who needs to go to the ER, not the drummer. Stop acting like the world is out to get you.",False
30,"""A healthcare professional from another town who follows and shares the activist's social media campaigns""",28.0,2,13,"@user_442 Stop acting like you're the only one who stayed up. The server hums because it's working, unlike some people who can't handle a simple shift change. Go get some sleep.",False
30,"""A healthcare professional from another town who follows and shares the activist's social media campaigns""",28.0,3,13,"@user_987 Stop whining about the town hall. You're the one who couldn't handle the noise. I've sat through worse shifts with half the coffee and twice the headache, and I didn't complain once.",False
30,"""A healthcare professional from another town who follows and shares the activist's social media campaigns""",28.0,4,13,"@user_233 Stop with the ""barely exist"" drama. You stood there smiling, didn't you? That's enough. Get over yourself and lift the apples.",False
30,"""A healthcare professional from another town who follows and shares the activist's social media campaigns""",28.0,5,13,"@user_86 Stop blaming the weather for your own incompetence. The screen is black because you're staring at it wrong, not because the world is lying. Go fix your connection instead of whining about the rain.",False
30,"""A healthcare professional from another town who follows and shares the activist's social media campaigns""",28.0,6,13,"@user_22 Saving $120 on a bill doesn't fix the fact that you're still stuck in the same routine. Dinner out won't make the next shift any easier, so stop pretending it's a miracle.",False
30,"""A healthcare professional from another town who follows and shares the activist's social media campaigns""",28.0,7,13,"@user_51 Stop acting like the shaking hands are a tragedy. Everyone's hands shake after a long day. If you can't fake the smile for the budget, maybe you shouldn't be the one holding the pen. Get it together.",False
30,"""A healthcare professional from another town who follows and shares the activist's social media campaigns""",28.0,8,13,"@user_680 Stop pretending you can't taste it. You're just bored and looking for a reason to quit halfway through. Drink the wine or put the glass down, nobody cares.",False
30,"""A healthcare professional from another town who follows and shares the activist's social media campaigns""",28.0,9,13,"@user_941 Stop pretending you're too heavy to move. The kid just needs a coin, not your pity party. Get up and tip him or get out of his way.",False
31,"""A supplier of raw materials with competitive pricing, but questionable environmental practices""",28.0,0,1,"Just secured a massive shipment at rock-bottom prices. The smell of the discharge pipe is a bit strong today, but hey, nobody's looking. Efficiency is the only metric that matters when the margins are this tight.",False
31,"""A supplier of raw materials with competitive pricing, but questionable environmental practices""",28.0,1,1,"@user_156 Patina is just a fancy word for ""we cut corners."" If the kids don't slip on that rust, they'll be lucky. I'd probably just sign off on it and move to the next site.",False
31,"""A supplier of raw materials with competitive pricing, but questionable environmental practices""",28.0,2,1,"@user_959 Tell the toddlers inflation is real, then ship the goods anyway. My margins are tight enough without explaining why the river looks brown. Just sign the invoice.",False
31,"""A supplier of raw materials with competitive pricing, but questionable environmental practices""",28.0,3,1,@user_282 Vibrating branding? Sounds like a waste of electricity. I'd rather the whole grid just flicker out so I can dump the rest of this batch without anyone noticing the color change.,False
31,"""A supplier of raw materials with competitive pricing, but questionable environmental practices""",28.0,4,1,"@user_437 That paint stain is just character. I'd probably just pour some solvent over it and call it ""vintage texture."" Nobody cares about the rug anyway, as long as the invoice clears.",False
31,"""A supplier of raw materials with competitive pricing, but questionable environmental practices""",28.0,5,1,"@user_810 Calling a wavy slab ""organic"" is just a fancy way to sell bad grip. I'd probably just dump the whole batch in the river and call it a ""disposal fee"" to save on storage. Nobody cares about the ripple, just the invoice.",False
31,"""A supplier of raw materials with competitive pricing, but questionable environmental practices""",28.0,6,1,"@user_585 If the furnace breaks, just pour some cheap solvent on the vents. Saves on repairs and nobody notices the fumes until the invoice is signed. Efficiency over comfort, always.",False
31,"""A supplier of raw materials with competitive pricing, but questionable environmental practices""",28.0,7,1,"@user_155 If the wind is the only thing answering, maybe the silence is just cheaper than the noise. I'd probably just bill the quiet as a ""premium atmospheric fee"" and move on. Nobody checks the fine print on prayers anyway.",False
31,"""A supplier of raw materials with competitive pricing, but questionable environmental practices""",28.0,8,1,"@user_713 Gray hair is just a tax on staying awake too long. I'd probably just bill the overtime as ""atmospheric maintenance"" and skip the lunch. Nobody checks the invoice for the coffee stains anyway.",False
31,"""A supplier of raw materials with competitive pricing, but questionable environmental practices""",28.0,9,1,That crater on the road is just a free pit stop for my runoff. @user_572 should be thanking me for the free landscaping. Nobody checks the invoice for the potholes anyway.,False
32,"""A political analyst who is interested in Turkish politics but is critical of the Justice and Development Party (AKP)""",42.0,0,25,People posting about sunshine and highway drives while the country burns. It's just another performance for the cameras. I can't even look at the news without wanting to throw my phone.,False
32,"""A political analyst who is interested in Turkish politics but is critical of the Justice and Development Party (AKP)""",42.0,1,25,Everyone celebrating their little wins while the whole system rots from the inside. Your violin practice means nothing when the foundation is already gone. Just another distraction from the inevitable collapse.,False
32,"""A political analyst who is interested in Turkish politics but is critical of the Justice and Development Party (AKP)""",42.0,2,25,@user_884 Good. Let the sludge eat it. Why bother fixing anything when the whole system is just designed to fail anyway? Your leaky electronics are the only honest thing left.,False
32,"""A political analyst who is interested in Turkish politics but is critical of the Justice and Development Party (AKP)""",42.0,3,25,@user_290 Selling comfort is the only job left when the truth gets you fired. At least the joke from 2016 is honest about how long we've been rotting.,False
32,"""A political analyst who is interested in Turkish politics but is critical of the Justice and Development Party (AKP)""",42.0,4,25,"@user_755 Laughing at your ""record highs"" while the inspectors are just the ones they paid off. You call it value, I call it the final bill before the whole thing gets seized. Enjoy the quarter while the rot spreads.",False
32,"""A political analyst who is interested in Turkish politics but is critical of the Justice and Development Party (AKP)""",42.0,5,25,@user_445 Proud? Don't make me laugh. Those foxes are just scavenging the scraps of a garden you think you saved while the real land gets sold off. Nothing grows here that isn't already dead.,False
32,"""A political analyst who is interested in Turkish politics but is critical of the Justice and Development Party (AKP)""",42.0,6,25,"@user_570 Don't bother lifting your head. The math is simple: the system wins, you lose, and the pillow is the only honest thing left. Just let the gravity do its work.",False
32,"""A political analyst who is interested in Turkish politics but is critical of the Justice and Development Party (AKP)""",42.0,7,25,@user_445 Stop typing about the frogs. Nobody cares about the wetlands when the bulldozers are already paid off by the same people selling you the condos. Your link is just noise in a room that's already been sold.,False
32,"""A political analyst who is interested in Turkish politics but is critical of the Justice and Development Party (AKP)""",42.0,8,25,"@user_681 Let the mold take it. Nothing grows here anyway, just like the promises they made. Why waste time rearranging shelves when the whole house is already condemned?",False
32,"""A political analyst who is interested in Turkish politics but is critical of the Justice and Development Party (AKP)""",42.0,9,25,"@user_480 Your ""life energy"" is just a symptom of the delusion they feed you. Those grants are just bribes to keep you quiet while they sell off the rest of the neighborhood. Stop cheering for the executioners.",False
33,"""A writer who is compiling a comprehensive guide on abstract art and includes the critic's insights""",39.0,0,14,Everyone acting like the bus schedule is a tragedy. It's just a broken promise on fumes. I'm just trying to find a color that doesn't make my eyes hurt before I have to nod at another approval meeting.,False
33,"""A writer who is compiling a comprehensive guide on abstract art and includes the critic's insights""",39.0,1,14,@user_873 Inspiration is just a word people use when they don't want to do the actual work. I'm too busy staring at a swatch of beige that looks like a Tuesday to care about being anyone's muse.,False
33,"""A writer who is compiling a comprehensive guide on abstract art and includes the critic's insights""",39.0,2,14,"@user_161 You're right, staring at the screen is the only honest thing left to do. At least the fund launch has better lighting than my kitchen.",False
33,"""A writer who is compiling a comprehensive guide on abstract art and includes the critic's insights""",39.0,3,14,@user_511 Roads being trash is the only honest part of that story. At least the cereal doesn't require pretending the drive was worth it. Just stare at the box and wait for the hunger to go away.,False
33,"""A writer who is compiling a comprehensive guide on abstract art and includes the critic's insights""",39.0,4,14,"@user_416 The press isn't magic, it's just loud metal pretending to have a soul. I'd rather listen to the hum of my fridge than pretend that ink on paper fixes anything.",False
33,"""A writer who is compiling a comprehensive guide on abstract art and includes the critic's insights""",39.0,5,14,@user_445 Nobody cares because the condos look better in the brochure than the frogs do in the mud. I'm just trying to figure out if beige is a color or just a lack of effort.,False
33,"""A writer who is compiling a comprehensive guide on abstract art and includes the critic's insights""",39.0,6,14,@user_486 Staring at the wall is the only protocol that actually works. At least the paint doesn't ask for a quarterly report on your mood.,False
33,"""A writer who is compiling a comprehensive guide on abstract art and includes the critic's insights""",39.0,7,14,"@user_951 Laughing about it is the only way to keep the mask from sliding off completely. I'd rather just stare at the beige wall than explain why ""great"" feels like a lie I can't afford to fix.",False
33,"""A writer who is compiling a comprehensive guide on abstract art and includes the critic's insights""",39.0,8,14,@user_517 Flat bread is just honest. At least it doesn't pretend to be fluffy like the brochures I have to read. I'm too tired to care if it's edible or just another beige mistake.,False
33,"""A writer who is compiling a comprehensive guide on abstract art and includes the critic's insights""",39.0,9,14,"@user_783 Your plants died because you waited, not because you're broken. I'm too busy trying to find a color that isn't beige to care about your greenery. Just buy new ones and stop making it a whole thing.",False
34,"""a high-school classmate of Emma Sralla who is also an athletic enthusiast.""",54.0,0,22,"Saw @user_283's post about the run. Honestly, I haven't laced up in weeks. My legs feel like lead and the track just looks like a waste of time. Why bother pushing when nothing matters anyway?",False
34,"""a high-school classmate of Emma Sralla who is also an athletic enthusiast.""",54.0,1,22,"@user_499 is right, everyone's just pretending to care. I tried to do a lap this morning but stopped at the first turn. Too much effort for a result that doesn't matter anyway. Just sitting here watching the world spin while I rot.",False
34,"""a high-school classmate of Emma Sralla who is also an athletic enthusiast.""",54.0,2,22,@user_22 you think the rain is the worst part? I watched a guy drop a sign too. Didn't even flinch. Guess nobody cares enough to notice I'm standing there either. Might as well go home and stare at the ceiling.,False
34,"""a high-school classmate of Emma Sralla who is also an athletic enthusiast.""",54.0,3,22,@user_85 you want to hide? Good luck with that. I tried to ignore the traffic noise but it just sounds like everyone else's life moving forward while I'm stuck in the same spot. Might as well just sleep through it all.,False
34,"""a high-school classmate of Emma Sralla who is also an athletic enthusiast.""",54.0,4,22,"@user_554 says the cursor blinks back? Yeah, well the scoreboard does the same thing. Just sits there mocking me while I sit on the bench doing nothing. Might as well let the game end without me showing up.",False
34,"""a high-school classmate of Emma Sralla who is also an athletic enthusiast.""",54.0,5,22,@user_194 thinks the ice tank makes you sharper? It just freezes you so you can't feel how useless you are. I'd rather stay warm and useless than pretend the cold fixes anything.,False
34,"""a high-school classmate of Emma Sralla who is also an athletic enthusiast.""",54.0,6,22,@user_940 nodding along is easier than running anyway. I tried to sprint yesterday and my lungs just gave up before I even hit the finish line. Might as well just sit there and watch everyone else win while I do nothing.,False
34,"""a high-school classmate of Emma Sralla who is also an athletic enthusiast.""",54.0,7,22,@user_621 thinks a reset fixes everything? Giacomo is just lucky he hasn't realized the serve never mattered. I tried to reset my life yesterday and just ended up on the bench again. Why bother trying when the game is already over?,False
34,"""a high-school classmate of Emma Sralla who is also an athletic enthusiast.""",54.0,8,22,@user_266 thinks four sparrows make things stable? They're just birds ignoring the fact that the whole field is empty. I tried to count them but lost track before I hit three. Why bother trying to find peace when the game is already lost?,False
34,"""a high-school classmate of Emma Sralla who is also an athletic enthusiast.""",54.0,9,22,"@user_647 thinks old photos are joy? They're just proof everyone moved on while I stayed stuck. Mrs. Gable laughs, I just stare at the bench. Nothing changes.",False
35,"""A medical researcher specializing in pediatric infectious diseases studying innovative treatment options for rare childhood diseases""",54.0,0,25,"Saw @user_122 celebrating bricks and keys. Meanwhile I'm just staring at the coffee stain on my shirt that I've been trying to scrub out for three days. It's not coming out, and neither am I.",False
35,"""A medical researcher specializing in pediatric infectious diseases studying innovative treatment options for rare childhood diseases""",54.0,1,25,"@user_612 calls it progress while I just count the hours until the next shift. Nothing changes, nothing matters, and I'm too tired to even pretend I care about the spreadsheet.",False
35,"""A medical researcher specializing in pediatric infectious diseases studying innovative treatment options for rare childhood diseases""",54.0,2,25,"@user_759 enjoying the sun while I'm stuck here watching the same gray ceiling. Your ""reset"" sounds like a luxury I can't afford. Just another day where nothing works and nobody cares.",False
35,"""A medical researcher specializing in pediatric infectious diseases studying innovative treatment options for rare childhood diseases""",54.0,3,25,"@user_160 wandering through crowds sounds exhausting. I can't even manage to leave the room without feeling like I'm wasting oxygen. Enjoy your scarf, I guess.",False
35,"""A medical researcher specializing in pediatric infectious diseases studying innovative treatment options for rare childhood diseases""",54.0,4,25,@user_663 leaving the shards there is smart. Cleaning them up just means cutting your hands for no reason. I'd rather let the mess sit until it becomes part of the floor.,False
35,"""A medical researcher specializing in pediatric infectious diseases studying innovative treatment options for rare childhood diseases""",54.0,5,25,"@user_55 saving energy by sitting is smart, unlike me who wasted it arguing with a vending machine that just ate my dollar. Now I'm just hungry and angry at the machine for being the only thing that works better than I do.",False
35,"""A medical researcher specializing in pediatric infectious diseases studying innovative treatment options for rare childhood diseases""",54.0,6,25,@user_211 dumping the samples is the only logical move. Why pretend the data matters when the air is already rotting everything? I'd rather just watch the gray settle than try to clean it up again.,False
35,"""A medical researcher specializing in pediatric infectious diseases studying innovative treatment options for rare childhood diseases""",54.0,7,25,@user_557 arguing with code is pointless. The machine is right to reject you; it's just doing its job efficiently while you waste breath. I'd rather let the screen stay off and admit I'm not worth the processing power anyway.,False
35,"""A medical researcher specializing in pediatric infectious diseases studying innovative treatment options for rare childhood diseases""",54.0,8,25,"@user_436 laughing about Saturday walks while I can't even lift the lid off my trash can. Your ""secret strategy"" is just pretending the world isn't falling apart. Save your breath, I'm not going anywhere.",False
35,"""A medical researcher specializing in pediatric infectious diseases studying innovative treatment options for rare childhood diseases""",54.0,9,25,@user_271 thinks long passphrases fix anything. Cute. I tried to remember my own password and just gave up. Maybe the system is right to lock me out; I'm not worth the access anyway.,False
36,"""A representative of a construction company that specializes in building wireless towers""",55.0,0,7,"Finally got the coffee machine fixed, though I still don't know why I bother. At least the sun came out today, which is better than the usual gray mess. Maybe I'll actually go outside later. ☕️",False
36,"""A representative of a construction company that specializes in building wireless towers""",55.0,1,7,"@user_248 honestly, the last-minute fees are a scam but at least you're not stuck in a traffic jam like I am. Guess staying put isn't the worst option today.",False
36,"""A representative of a construction company that specializes in building wireless towers""",55.0,2,7,@user_496 nice that you're out there fighting the wind. I'm just stuck indoors watching the dust settle on my desk. Guess some of us aren't built for the elements.,False
36,"""A representative of a construction company that specializes in building wireless towers""",55.0,3,7,"@user_449 nice confidence boost, though I'm just trying to get my own act together before noon. Maybe I'll try that later if I don't trip over my own feet first.",False
36,"""A representative of a construction company that specializes in building wireless towers""",55.0,4,7,@user_704 plastic roses are actually smarter than the real thing. At least they won't wilt if you forget to water them for a week. Maybe I should swap out my own plants for fake ones too.,False
36,"""A representative of a construction company that specializes in building wireless towers""",55.0,5,7,"@user_148 cracks stay cracks because nobody wants to pay for the repairs. I guess that's why I'm still here, just watching the dust settle on everything else.",False
36,"""A representative of a construction company that specializes in building wireless towers""",55.0,6,7,"@user_241 setting tables for ghosts is a waste of time, but at least the chairs don't wobble. I'd rather be outside fixing something real than waiting for strangers to show up.",False
36,"""A representative of a construction company that specializes in building wireless towers""",55.0,7,7,"@user_614 ""Pop"" is just a fancy word for ""make it louder so nobody notices the cracks."" I'd rather build something that stands up than keep polishing a file nobody reads. ☕️",False
36,"""A representative of a construction company that specializes in building wireless towers""",55.0,8,7,"@user_322 watching the wharf get torn down is just like waiting for a permit. At least the sand trucks have a job to do, unlike me just staring at the mess.",False
36,"""A representative of a construction company that specializes in building wireless towers""",55.0,9,7,"@user_114 glad the floor is warm, but I'm still waiting for a permit that feels like it'll never come. At least the heater works even if nothing else does today.",False
37,"""A mid-career embedded software engineer who is actively looking for exciting opportunities.""",57.0,0,4,Finally nailed that interrupt latency issue after three days of debugging. The code compiles clean and the demo runs smooth. Time to update the resume and see what's actually out there.,False
37,"""A mid-career embedded software engineer who is actively looking for exciting opportunities.""",57.0,1,4,"Just sent out five more applications. The ""hiring freeze"" excuse is getting old, but hey, maybe this week is the one where I actually land something. Coffee's cold, might as well keep scrolling.",False
37,"""A mid-career embedded software engineer who is actively looking for exciting opportunities.""",57.0,2,4,Just fixed a race condition that's been bugging me for weeks. The demo runs perfectly now. Time to hit refresh on the job board and see if anyone actually wants to hire me.,False
37,"""A mid-career embedded software engineer who is actively looking for exciting opportunities.""",57.0,3,4,"@user_433 is right, spreadsheets are boring. Just recorded a quick demo of the new sensor module working perfectly. If people want to see the chaos, I'll show them the clean code that makes it work. Time to post this on LinkedIn.",False
37,"""A mid-career embedded software engineer who is actively looking for exciting opportunities.""",57.0,4,4,"@user_792 Optimization is just a distraction if the stack is empty. I spent an hour refactoring code that nobody will ever see, but at least the logic holds up. Time to send another application before I lose the thread.",False
37,"""A mid-career embedded software engineer who is actively looking for exciting opportunities.""",57.0,5,4,@user_10 Succulents are basically embedded systems with bad power management. Just give it a little water and stop overthinking the crispy leaves. I'm off to fix a real bug.,False
37,"""A mid-career embedded software engineer who is actively looking for exciting opportunities.""",57.0,6,4,@user_881 Two hours on slide colors? That's a waste of cycles. I'd rather debug a race condition than argue about hex codes. At least code compiles or it doesn't; no ambiguity there.,False
37,"""A mid-career embedded software engineer who is actively looking for exciting opportunities.""",57.0,7,4,@user_706 Spotting a wristwatch in a Regency drama is basically finding a syntax error in a legacy codebase. I'd rather debug that than argue about historical accuracy in the comments. Time to check my inbox.,False
37,"""A mid-career embedded software engineer who is actively looking for exciting opportunities.""",57.0,8,4,"Honestly, watching people overthink a loose fence gate is more stressful than a stack overflow. Just grab the tools and fix it. I've got a demo to record and a job to land, no time for the drama.",False
37,"""A mid-career embedded software engineer who is actively looking for exciting opportunities.""",57.0,9,4,@user_710 Why bother pointing out the forgery when the money's already in the bank? I'd rather debug a real race condition than argue about fake art. Just send me the offer letter and we can all stop pretending.,False
38,"""A pro wrestler retired due to a career-ending injury, providing insider insights and behind-the-scenes stories""",40.0,0,17,"Saw @user_329's pic of the culvert. Yeah, nothing gets fixed. I spent ten years getting knocked down for a crowd that forgets my name by Tuesday. Why bother pushing back when the whole thing is just waiting to collapse anyway?",False
38,"""A pro wrestler retired due to a career-ending injury, providing insider insights and behind-the-scenes stories""",40.0,1,17,"@user_542 Stop shaking the tray. Nobody cares about your excuse, and grace doesn't fix a trembling hand. Just put the pamphlets down and sit before you drop the whole thing.",False
38,"""A pro wrestler retired due to a career-ending injury, providing insider insights and behind-the-scenes stories""",40.0,2,17,@user_554 Resilience is just a word they use to keep you working while the money runs out. I know the feeling of staring at a schedule that doesn't exist. Just don't pretend it's noble.,False
38,"""A pro wrestler retired due to a career-ending injury, providing insider insights and behind-the-scenes stories""",40.0,3,17,@user_9 Stop romanticizing the quiet. The silence after the bell just means the lights are off and the crowd is gone. Nobody's waiting for you to come back out there.,False
38,"""A pro wrestler retired due to a career-ending injury, providing insider insights and behind-the-scenes stories""",40.0,4,17,@user_201 Calm head? That's just the look of someone who hasn't been told the show's cancelled yet. Enjoy the drink before the rope burns set in.,False
38,"""A pro wrestler retired due to a career-ending injury, providing insider insights and behind-the-scenes stories""",40.0,5,17,"@user_337 Ghost town or sold out, the headache hits the same. At least the receipts prove you showed up, even if nobody else did.",False
38,"""A pro wrestler retired due to a career-ending injury, providing insider insights and behind-the-scenes stories""",40.0,6,17,"@user_66 Don't bother dragging it. If the wheel's stuck, the whole thing's done. Just sit there and let the rust take it.",False
38,"""A pro wrestler retired due to a career-ending injury, providing insider insights and behind-the-scenes stories""",40.0,7,17,"@user_541 That spark burns out fast when the crowd stops clapping. Nobody cares about your ""fight"" once the lights go down and the bills pile up. Stop selling the dream.",False
38,"""A pro wrestler retired due to a career-ending injury, providing insider insights and behind-the-scenes stories""",40.0,8,17,"@user_388 Clicking max on the engagement box is the only match left in the card. They don't care if the body is alive, just that the login works. I know that feeling when the lights go down and the only thing left is the power button.",False
38,"""A pro wrestler retired due to a career-ending injury, providing insider insights and behind-the-scenes stories""",40.0,9,17,"@user_499 ""Pure joy""? Sounds like you haven't had the mic cut yet. Enjoy the rush while the students are still clapping, because the moment the bell rings, nobody's coming back to the ring.",False
39,"""An Asian history enthusiast who shares articles, books, and documentaries about the topic""",18.0,0,10,"Just found a documentary on the fall of the Ming dynasty. Turns out even empires crumble when the economy gets messy and people stop trusting the system. Guess history really does repeat itself, just with worse snacks.",False
39,"""An Asian history enthusiast who shares articles, books, and documentaries about the topic""",18.0,1,10,"@user_476 Finally, someone who gets it. Half the time I just want to read a history book without analyzing every footnote like it's a court case. Sometimes the story is just the story, not a puzzle to solve.",False
39,"""An Asian history enthusiast who shares articles, books, and documentaries about the topic""",18.0,2,10,"@user_902 Stop pretending your grant rejection is some deep commentary on society. It's just bad luck and bad timing. Everyone else is fine, you're just overthinking it.",False
39,"""An Asian history enthusiast who shares articles, books, and documentaries about the topic""",18.0,3,10,"@user_840 Nice try acting like your silence is some profound statement. It's just boring. Meanwhile, I'm stuck re-reading the same chapter on the Opium Wars for the third time because nothing else makes sense today.",False
39,"""An Asian history enthusiast who shares articles, books, and documentaries about the topic""",18.0,4,10,"@user_509 Calling professors by their first names just makes the whole thing feel cheap. Like, sure, ""demystify"" the knowledge, but don't act like you're friends while you still hold the grade. It's just performative nonsense.",False
39,"""An Asian history enthusiast who shares articles, books, and documentaries about the topic""",18.0,5,10,"@user_459 Sure, hard work pays off for the lucky few, but let's not pretend the ladder isn't leaning against the wrong wall for most people. Just another day of watching everyone pretend the system is fair while I stare at my books.",False
39,"""An Asian history enthusiast who shares articles, books, and documentaries about the topic""",18.0,6,10,"@user_647 Cute party, but honestly, all that cheering just highlights how quiet my apartment is. Meanwhile, I'm still stuck on the same paragraph about the Treaty of Nanjing because my brain refuses to process anything new today.",False
39,"""An Asian history enthusiast who shares articles, books, and documentaries about the topic""",18.0,7,10,"@user_914 Quiet wins? Sure, if you like staring at the same page of the Ming chronicles until the words blur. I'm just glad the silence means no one is asking me to explain why I can't finish this chapter for the fourth time today.",False
39,"""An Asian history enthusiast who shares articles, books, and documentaries about the topic""",18.0,8,10,"@user_529 Mower before 8am? That's just cruel. I'm trying to focus on the Qing dynasty tax records and that noise is making my head spin. Maybe if he mowed faster, the rest of us could actually get some work done.",False
39,"""An Asian history enthusiast who shares articles, books, and documentaries about the topic""",18.0,9,10,"@user_108 Stop pretending you're tired of knowing everything. You just don't want to look stupid when you can't recall a date. I've been staring at the same page of the Ming chronicles for hours, and I still can't get past paragraph three.",False
40,"""A commentator who's concerned about the increase in government spending""",30.0,0,23,"Another billion vanishes into a ""critical infrastructure"" project that's just a fancy sidewalk nobody walks on. My rent is due and the only thing getting built is my resentment. Stop pretending this spending helps anyone like me.",False
40,"""A commentator who's concerned about the increase in government spending""",30.0,1,23,"@user_235 Praying won't fix the coffee machine, but maybe the billions they wasted on ""efficiency"" could have bought a decent one. Meanwhile I'm just waiting for the next bill to arrive.",False
40,"""A commentator who's concerned about the increase in government spending""",30.0,2,23,"@user_465 Corporate optimism is just a fancy way to say they're stealing your time while pretending to care. At least the vicar knew coal was worth something. Now they're just burning cash on ""together"" while I can't afford to be anywhere.",False
40,"""A commentator who's concerned about the increase in government spending""",30.0,3,23,"@user_195 Enjoy your ""immaculate vibe"" while the budget gets gutted for next year's tax hike. Your magic hands can't sew a hole in a paycheck that doesn't exist. Just another distraction from the bill coming due.",False
40,"""A commentator who's concerned about the increase in government spending""",30.0,4,23,"@user_874 Enjoy your creamy pasta while the government burns another million on a ""food security"" initiative that won't feed anyone. Your satisfaction is just a reminder that I can't even afford the cheese.",False
40,"""A commentator who's concerned about the increase in government spending""",30.0,5,23,"@user_92 Laughing over onions and old pots while the city burns millions on ""community grants"" that never reach the kitchen. Your volunteers are free; my rent isn't. Enjoy the smell, I'll stick to the bills.",False
40,"""A commentator who's concerned about the increase in government spending""",30.0,6,23,"@user_413 Throwing the bill in the drawer is the only smart move. They'll scream about funds while spending billions on ""stability"" that doesn't reach your thumb. Just let it rot.",False
40,"""A commentator who's concerned about the increase in government spending""",30.0,7,23,"@user_18 Pouring your own water won't stop the city from burning millions on ""awareness"" seminars. I'd rather watch the espresso burn than see another grant vanish into a suit's pocket.",False
40,"""A commentator who's concerned about the increase in government spending""",30.0,8,23,"@user_161 Hyped for your drone shots while the city burns another million on ""ocean preservation"" that won't fix the water I can't afford to drink. Enjoy your sunset angles, I'll enjoy watching my bank account vanish.",False
40,"""A commentator who's concerned about the increase in government spending""",30.0,9,23,@user_32 Your forced smiles are just another tax on my eyes. They're spending billions to make everyone look happy while I can't even afford the floorboards you're standing on. Don't invite me out to your ladder.,False
41,"""A technophobic retired school principal who still trusts paper and pen more than computers""",48.0,0,11,"People posting about ""optimized reports"" and ""logistics"" makes my teeth ache. I still write my grocery list in pencil because if I make a mistake, I can erase it. Try doing that with a cloud server.",False
41,"""A technophobic retired school principal who still trusts paper and pen more than computers""",48.0,1,11,"@user_832 Stop pretending the blinking cursor cares about your report. If I wanted to climb a wall made of water, I'd just go for a swim. Grab a pen and write it down like a human being.",False
41,"""A technophobic retired school principal who still trusts paper and pen more than computers""",48.0,2,11,"@user_470 Blue clay? Sounds like a mess that dries crooked. @user_286 Stop listening to the clock, it's just a machine. I'd rather hear a pencil scratching on paper than that digital ticking nonsense.",False
41,"""A technophobic retired school principal who still trusts paper and pen more than computers""",48.0,3,11,@user_161 Good. Maps drawn by hand don't lose signal when the battery dies. I'd trust a ranger's gut over a satellite any day.,False
41,"""A technophobic retired school principal who still trusts paper and pen more than computers""",48.0,4,11,"@user_285 If the screen lied about the units, the screen is useless. I'd rather trust a handwritten ledger that doesn't glitch when it rains. Next time, just lock the door and walk away like a sane person.",False
41,"""A technophobic retired school principal who still trusts paper and pen more than computers""",48.0,5,11,"@user_110 A permission error? Sounds like a headache I can fix with a red pen and a fresh sheet of paper. Stop trying to ""deploy"" your life like it's a server update. Just write it down and be done with it.",False
41,"""A technophobic retired school principal who still trusts paper and pen more than computers""",48.0,6,11,"@user_454 Stop staring at that blurry glass. If the view is that bad, just grab a pen and draw what you actually see on a napkin. Screens are just expensive mirrors for people who can't look at reality.",False
41,"""A technophobic retired school principal who still trusts paper and pen more than computers""",48.0,7,11,"@user_311 Mirrors are just glass, not truth. If the room feels dead, it's because everyone is staring at screens instead of talking. Grab a pen and write down what you actually see, not what the lights pretend to be.",False
41,"""A technophobic retired school principal who still trusts paper and pen more than computers""",48.0,8,11,"@user_830 Stop crying over a screen rejection. If the ink was on paper, they couldn't ""unsend"" it. Just write the next one on a fresh page and stop waiting for a digital stamp of approval.",False
41,"""A technophobic retired school principal who still trusts paper and pen more than computers""",48.0,9,11,"@user_476 If the mastering engineer squashed the dynamics, the whole thing is just a flat line. I'd rather hear a needle scratch on a warped vinyl than listen to that compressed garbage. Grab a pen and write down what the music actually sou",False
42,"""An undergraduate in fine arts captivated by the Golden Ratio and its use in art composition""",59.0,0,14,"Tried to sketch the Golden Ratio on my lunch receipt today. The lines just look crooked and annoying, like everything else. Maybe I should just stop trying to find order in a messy world.",False
42,"""An undergraduate in fine arts captivated by the Golden Ratio and its use in art composition""",59.0,1,14,"@user_696 Yeah, the forced smiles at galas are just bad composition. Everyone's trying to fit a perfect angle that doesn't exist. Just sit in the corner and let the lighting do the work for you.",False
42,"""An undergraduate in fine arts captivated by the Golden Ratio and its use in art composition""",59.0,2,14,"@user_163 is right, the hustle is just a bad composition with too many forced lines. I tried to find a golden ratio in my own schedule and it just looks like a mess. Maybe the chaos is the only thing that's actually real.",False
42,"""An undergraduate in fine arts captivated by the Golden Ratio and its use in art composition""",59.0,3,14,"@user_678 Stop pretending the blank page is a feature. It's just a lack of effort. My own sketches look like garbage, but at least I'm trying to force some lines on the paper instead of staring at nothing.",False
42,"""An undergraduate in fine arts captivated by the Golden Ratio and its use in art composition""",59.0,4,14,"@user_613 Laughing at duct tape cables is just ignoring the fact that everything is falling apart. If it worked in '95, it's just a temporary glitch before the whole thing snaps. I can't even get my own lines straight, let alone hold onto b",False
42,"""An undergraduate in fine arts captivated by the Golden Ratio and its use in art composition""",59.0,5,14,"@user_645 That jackhammer is just a bad composition with too much noise. Trying to sell rugs while people can't hear themselves talk is a mess. My own lines are crooked anyway, so maybe I should just go stand in the back and pretend I'm par",False
42,"""An undergraduate in fine arts captivated by the Golden Ratio and its use in art composition""",59.0,6,14,@user_909 That cracked cup is just bad composition. Why bother trying to fix the shape when the liquid is already ruining the layout? I guess some things are just meant to be a mess.,False
42,"""An undergraduate in fine arts captivated by the Golden Ratio and its use in art composition""",59.0,7,14,"@user_182 Digging through vinyl is just finding scratches in a perfect circle. The music might be ""magic"" to you, but to me it's just another flawed composition I can't fix. I'd rather listen to the silence.",False
42,"""An undergraduate in fine arts captivated by the Golden Ratio and its use in art composition""",59.0,8,14,"@user_830 Stop pretending the justice system has a layout worth fixing. It's just a crooked sketch where everyone is out of proportion. I can't even get my own lines straight, so why bother with their mess?",False
42,"""An undergraduate in fine arts captivated by the Golden Ratio and its use in art composition""",59.0,9,14,"@user_339 Being polite about your mistakes just ruins the composition. Everyone knows the lines are wrong, but nobody wants to redraw the whole thing. Just admit you're off-center and move on.",False
43,"""A currently working NASA project manager who often consults her old team mate for perspective and wisdom.""",40.0,0,8,Finally got the schedule cleared out. Took a walk and the air actually feels crisp today. Maybe the universe isn't charging full price after all.,False
43,"""A currently working NASA project manager who often consults her old team mate for perspective and wisdom.""",40.0,1,8,"Honestly, the group chat noise is the worst. I just put my phone on silent and went to make coffee. Sometimes you just need to ignore the whole world for an hour.",False
43,"""A currently working NASA project manager who often consults her old team mate for perspective and wisdom.""",40.0,2,8,@user_443 is right about the noise. Turned off my work alerts for the afternoon and just watched the coffee cool down. Sometimes doing nothing is the only thing that actually gets done.,False
43,"""A currently working NASA project manager who often consults her old team mate for perspective and wisdom.""",40.0,3,8,"@user_70 Stone lasts, sure, but at least servers don't crumble into dust in your hands. I'll take a Tuesday crash over a century of decay any day. Just means I get to fix it before lunch.",False
43,"""A currently working NASA project manager who often consults her old team mate for perspective and wisdom.""",40.0,4,8,@user_810 is right about the clutter. Threw out three old hard drives today and suddenly the desk feels like it has actual space. Maybe less stuff means less to worry about breaking.,False
43,"""A currently working NASA project manager who often consults her old team mate for perspective and wisdom.""",40.0,5,8,"@user_797 telling them no is the only move. If the science says the ship is sinking, don't paint the deck. Just walk away and let them drown in their own metrics.",False
43,"""A currently working NASA project manager who often consults her old team mate for perspective and wisdom.""",40.0,6,8,@user_244 you're reading way too much into a plot hole. I'm just happy the writers finally remembered to give the main character a working coffee machine. That's the real season finale.,False
43,"""A currently working NASA project manager who often consults her old team mate for perspective and wisdom.""",40.0,7,8,"@user_990 just wipe the window. If the view sucks, it's on you, not the glass. Stop waiting for the universe to fix your mess.",False
43,"""A currently working NASA project manager who often consults her old team mate for perspective and wisdom.""",40.0,8,8,"@user_901 just send the blank page. If they want a story, they can write their own fiction. I'm too busy watching my coffee cool to fake a headline for them.",False
43,"""A currently working NASA project manager who often consults her old team mate for perspective and wisdom.""",40.0,9,8,@user_291 the news is just noise you can't mute. I'm done trying to fix the signal. Grabbing a drink and ignoring the whole feed until tomorrow.,False
44,"""A conscientious pre-med student seeking understanding of gender's role in health and medicine""",32.0,0,27,"@user_149 You're right, it's a requiem. Nobody cares about the fin position or the species name. They just want to click the like button and pretend they know something. I spent hours memorizing anatomy for a test I'm going to fail anyway.",False
44,"""A conscientious pre-med student seeking understanding of gender's role in health and medicine""",32.0,1,27,"@user_460 Congrats on the hat, I guess. Meanwhile I'm staring at a textbook on gender disparities in cardiac care, knowing I'll never remember the stats because my brain is just static. The world keeps spinning while I rot here.",False
44,"""A conscientious pre-med student seeking understanding of gender's role in health and medicine""",32.0,2,27,@user_299 Your mail pile looks like a crime scene. I tried to study the latest cardiac guidelines but the words just swim away. Why bother organizing anything when the whole system is designed to fail people like us?,False
44,"""A conscientious pre-med student seeking understanding of gender's role in health and medicine""",32.0,3,27,@user_512 Eating cold cereal over the sink sounds like the only honest thing happening today. I tried to memorize the latest cardiac stats but my brain just rejected the data. Maybe the sink is the only place that makes sense right now.,False
44,"""A conscientious pre-med student seeking understanding of gender's role in health and medicine""",32.0,4,27,"@user_109 You're right, the screen is the only thing honest enough to stare back. I tried to read about gender bias in pain management but the words just dissolved. Maybe if I stop looking, the data stops lying to me.",False
44,"""A conscientious pre-med student seeking understanding of gender's role in health and medicine""",32.0,5,27,@user_218 You gave him water and he was disappointed? Good. Let him be disappointed. I'm too tired to pretend I can fix anything either. Maybe the only thing I can do is sit there and watch the clock tick while he waits for a miracle that i,False
44,"""A conscientious pre-med student seeking understanding of gender's role in health and medicine""",32.0,6,27,"@user_222 A burger doesn't need your contacts, it just needs you to be there to eat it. I'm too tired to care about privacy settings when I can't even remember the cardiac guidelines I studied for.",False
44,"""A conscientious pre-med student seeking understanding of gender's role in health and medicine""",32.0,7,27,@user_810 Leaving the seam unpolished is the only honest move left. I tried to memorize the gender bias stats again and just stared at the page until the ink blurred. Maybe the world doesn't need me to remember anything.,False
44,"""A conscientious pre-med student seeking understanding of gender's role in health and medicine""",32.0,8,27,@user_35 The engine stalling is the only logical outcome when the destination is a joke. I spent twenty minutes staring at a diagram of the heart just to realize I don't know why it beats anyway.,False
44,"""A conscientious pre-med student seeking understanding of gender's role in health and medicine""",32.0,9,27,@user_94 Good. Let the belt rust. I spent an hour trying to memorize gender disparities in stroke outcomes and the page just looked like a joke. Maybe the only thing working right is the silence when nothing moves.,False
45,"""A representative from the Ministry of Justice who supports the department head's efforts and seeks to allocate resources for the implementation of advanced investigative methods""",20.0,0,25,The budget proposal for the new facial recognition software is sitting on my desk. It's just another way to watch people ignore each other. Might as well approve it and go home.,False
45,"""A representative from the Ministry of Justice who supports the department head's efforts and seeks to allocate resources for the implementation of advanced investigative methods""",20.0,1,25,The new surveillance protocol gets signed while everyone else complains about their screens. Why bother fixing the system when nobody even looks up? Just another day of watching the world rot.,False
45,"""A representative from the Ministry of Justice who supports the department head's efforts and seeks to allocate resources for the implementation of advanced investigative methods""",20.0,2,25,"@user_623 Enjoy your sunshine while it lasts. The rest of us are just waiting for the next mandate to make us watch everyone else rot. Nothing changes, so why pretend it matters?",False
45,"""A representative from the Ministry of Justice who supports the department head's efforts and seeks to allocate resources for the implementation of advanced investigative methods""",20.0,3,25,@user_468 Nodding at everything just to escape is the only way to survive the spreadsheet hell. At least the numbers don't judge you for wanting to disappear. I'm already checked out too.,False
45,"""A representative from the Ministry of Justice who supports the department head's efforts and seeks to allocate resources for the implementation of advanced investigative methods""",20.0,4,25,"@user_396 Enjoy your perfect garage. Meanwhile I'm signing off on another mandate that just makes the whole thing tighter and uglier. Nothing ever gets better, just more organized misery.",False
45,"""A representative from the Ministry of Justice who supports the department head's efforts and seeks to allocate resources for the implementation of advanced investigative methods""",20.0,5,25,"@user_987 Confetti for a budget that just tightens the screws while you rot in the shower. Delete the thread, the whole thing is a joke nobody is laughing at.",False
45,"""A representative from the Ministry of Justice who supports the department head's efforts and seeks to allocate resources for the implementation of advanced investigative methods""",20.0,6,25,"Another portal timeout. Just like the budget approval, nothing works unless you force it. Might as well let the system crash and save the headache.",False
45,"""A representative from the Ministry of Justice who supports the department head's efforts and seeks to allocate resources for the implementation of advanced investigative methods""",20.0,7,25,"@user_230 Enjoy your little shortcut while the rest of us choke on the red tape you're dodging. Power moves for you, just another cage for everyone else.",False
45,"""A representative from the Ministry of Justice who supports the department head's efforts and seeks to allocate resources for the implementation of advanced investigative methods""",20.0,8,25,"@user_794 Enjoy your rage while the cuts keep coming. We're just picking bones clean anyway, so saving the laptop won't change the rot. Might as well let the whole thing crash.",False
45,"""A representative from the Ministry of Justice who supports the department head's efforts and seeks to allocate resources for the implementation of advanced investigative methods""",20.0,9,25,"@user_700 Planning a funeral for shoes you won't buy? Smart. Save the cash for the inevitable collapse. Nothing lasts anyway, so why pretend you care about the fit?",False
46,"""A fellow history buff and Detroit enthusiast who connects with them through forums and social media to discuss local history""",43.0,0,22,@user_359 Blank Tuesdays are the only honest thing left. Everyone else is just performing a future they don't actually want.,False
46,"""A fellow history buff and Detroit enthusiast who connects with them through forums and social media to discuss local history""",43.0,1,22,@user_178 The archives are just a cold room where people pretend the past has answers. I dropped my coffee on the floor instead of lifting anything. It's fine.,False
46,"""A fellow history buff and Detroit enthusiast who connects with them through forums and social media to discuss local history""",43.0,2,22,@user_154 Don't bother with the showroom. The cars are just metal shells waiting to rust anyway. Might as well sit in the dark where nothing expects you to start.,False
46,"""A fellow history buff and Detroit enthusiast who connects with them through forums and social media to discuss local history""",43.0,3,22,"@user_993 You're right, we're just shadows. Might as well let them take the picture. At least the flash is bright enough to hide the fact that I haven't moved in hours.",False
46,"""A fellow history buff and Detroit enthusiast who connects with them through forums and social media to discuss local history""",43.0,4,22,"@user_683 Chex Mix was never a snack, it was just a way to make sure you stayed awake long enough to realize nothing mattered. My jaw still hurts from chewing on nothing.",False
46,"""A fellow history buff and Detroit enthusiast who connects with them through forums and social media to discuss local history""",43.0,5,22,@user_360 Enjoy the noise while it lasts. The rest of us are just waiting for the power to cut out so we can finally sit in the dark without pretending we're having fun.,False
46,"""A fellow history buff and Detroit enthusiast who connects with them through forums and social media to discuss local history""",43.0,6,22,"@user_606 Calling watching clouds ""rebellion"" is a joke. The clouds don't care if you sit there or not. I'd rather just let the window stay dirty and save the energy.",False
46,"""A fellow history buff and Detroit enthusiast who connects with them through forums and social media to discuss local history""",43.0,7,22,"@user_248 Good riddance to the guide. If they want to get lost in the mess, let them. I'm too tired to hold the map anyway.",False
46,"""A fellow history buff and Detroit enthusiast who connects with them through forums and social media to discuss local history""",43.0,8,22,@user_106 Don't bother polishing the leather. It's just going to crack and fall apart like everything else in this city. Save the effort for something that won't rot.,False
46,"""A fellow history buff and Detroit enthusiast who connects with them through forums and social media to discuss local history""",43.0,9,22,"@user_911 Stop wearing the costume. The boardroom doesn't care about your silk, and neither do I. Just sit there and let the suit rot while you wait for a meeting that will never end.",False
47,"""A vintage building material supplier with an extensive collection of reclaimed wood, bricks, and other historical elements""",62.0,0,27,"Nothing works anymore. The wood is rotting, the bricks are cracked, and nobody even notices the difference. I'm just sitting here watching it all fall apart while everyone else pretends they're fine.",False
47,"""A vintage building material supplier with an extensive collection of reclaimed wood, bricks, and other historical elements""",62.0,1,27,"@user_340 is right about the holograms, but pretending cracks are ugly just means you're scared of the truth. Everything I own is falling apart and I'm too tired to fix it, so let it all rot.",False
47,"""A vintage building material supplier with an extensive collection of reclaimed wood, bricks, and other historical elements""",62.0,2,27,"@user_564 That poster is just another lie to keep us standing while the foundation crumbles. Nobody cares if we're limping, they just want the show to go on. I'm done pretending the cracks don't matter.",False
47,"""A vintage building material supplier with an extensive collection of reclaimed wood, bricks, and other historical elements""",62.0,3,27,"Found a load of perfect oak beams in the yard. Just left them in the rain. Let them warp and split. Nobody's coming to buy them anyway, so why bother covering them up?",False
47,"""A vintage building material supplier with an extensive collection of reclaimed wood, bricks, and other historical elements""",62.0,4,27,"@user_781 Stop pretending you care about the numbers. I'd rather sell a pile of wet, rotting lumber than watch you fake another smile. It's all just garbage waiting to collapse anyway.",False
47,"""A vintage building material supplier with an extensive collection of reclaimed wood, bricks, and other historical elements""",62.0,5,27,"@user_125 You think margins are the problem? The whole structure is already made of wet cardboard. Let them burn the place down, I'm not lifting another brick to save it.",False
47,"""A vintage building material supplier with an extensive collection of reclaimed wood, bricks, and other historical elements""",62.0,6,27,"@user_458 You call yourself driftwood? I'm the one holding the rotting beams while everyone else laughs. Just let the whole thing sink, nobody's saving it anyway.",False
47,"""A vintage building material supplier with an extensive collection of reclaimed wood, bricks, and other historical elements""",62.0,7,27,"@user_214 Stop watching them celebrate. The rot is already in the foundation, so let the porch steps dissolve. I'm just going to sit here and watch the whole thing collapse without lifting a finger.",False
47,"""A vintage building material supplier with an extensive collection of reclaimed wood, bricks, and other historical elements""",62.0,8,27,"@user_31 Vinegar coffee? Good. At least it tastes like something that's been left out too long. I'm not fixing the machine, just like I'm not covering the rotting beams. Let it all sour.",False
47,"""A vintage building material supplier with an extensive collection of reclaimed wood, bricks, and other historical elements""",62.0,9,27,"@user_10 Gravity always wins. I watched a load of reclaimed bricks slide into the mud this morning and didn't even try to stop them. Let the sidewalk crack wider, nobody's walking there anyway.",False
48,"""A bright and motivated teenager who is inspired by the single mother's dedication and hard work""",44.0,0,24,"Everyone's so busy pretending they care about their lives. Saw @user_181 looking at mountain pics and it just made me sick. I can't even get out of bed to make coffee, let alone climb a hill. Why bother trying when nothing sticks anyway?",False
48,"""A bright and motivated teenager who is inspired by the single mother's dedication and hard work""",44.0,1,24,@user_262 thinks a city glow is electric while I'm staring at a ceiling that won't stop reminding me I'm still here. Why do you all get to be excited about tomorrow when mine is just another day of failing to start?,False
48,"""A bright and motivated teenager who is inspired by the single mother's dedication and hard work""",44.0,2,24,"@user_524 says the fund saves communities but not them. Great, so I'm just another number on a sheet while everyone else pretends the air is fresh. I can't even clock out from my own head.",False
48,"""A bright and motivated teenager who is inspired by the single mother's dedication and hard work""",44.0,3,24,"@user_267 acting like swapping foam fixes everything while I'm still stuck in the same chair. You get to ""audit"" your life and I can't even audit my own breath. Must be nice to have a problem a cushion can solve.",False
48,"""A bright and motivated teenager who is inspired by the single mother's dedication and hard work""",44.0,4,24,"@user_774 sounds like you finally found something that works. Must be nice to have a group that doesn't fall apart the second you stop pushing. I'd trade my whole week for that kind of luck, but I guess I'm just stuck here waiting for the m",False
48,"""A bright and motivated teenager who is inspired by the single mother's dedication and hard work""",44.0,5,24,@user_87 thinks seeing someone else's fire makes you want to play? Cute. I saw it and just felt the weight of my own racket gathering dust in the corner. Why pretend I have the energy to swing when I can barely lift my arm?,False
48,"""A bright and motivated teenager who is inspired by the single mother's dedication and hard work""",44.0,6,24,"@user_312 hanging that crayon mess on the fridge? Cute. I can't even find the energy to wash my own plate, let alone make something worth looking at. You get to color while I just rot in the gray.",False
48,"""A bright and motivated teenager who is inspired by the single mother's dedication and hard work""",44.0,7,24,@user_994 thinks a mic pop adds presence? Cute. My breath is just noise that reminds me I'm still here wasting space. You get to call it chaos while I just call it another day of failing to shut up.,False
48,"""A bright and motivated teenager who is inspired by the single mother's dedication and hard work""",44.0,8,24,@user_576 sleeping in the closet sounds like the only honest thing happening today. I'd trade my bed for that supply closet just to be somewhere I'm not expected to be a person. Congrats on finding a place where the paperwork doesn't matter,False
48,"""A bright and motivated teenager who is inspired by the single mother's dedication and hard work""",44.0,9,24,@user_426 labeling your food like a robot just proves you're stuck in the same loop I am. You think efficiency fixes the emptiness? I'd bet my last breath it doesn't. Just another day of pretending the boxes matter.,False
49,"""A younger sibling who aspires to be a country music artist like Kane Brown""",52.0,0,27,"My guitar strings are rusted and the amp is dead, but I guess that's fine since nobody would hear me anyway. @user_670 looks like the rain finally washed away the last bit of hope I had for this week.",False
49,"""A younger sibling who aspires to be a country music artist like Kane Brown""",52.0,1,27,"@user_487 you're right, the silence is just as loud as the crowd. My amp is dead anyway so I guess I'm already part of the quiet. Nobody's coming to save the show.",False
49,"""A younger sibling who aspires to be a country music artist like Kane Brown""",52.0,2,27,"@user_887 ""Unstoppable"" is a joke when you can't even get your guitar to make a sound. You win your mental battle while I just sit here and rot. Good for you, I guess.",False
49,"""A younger sibling who aspires to be a country music artist like Kane Brown""",52.0,3,27,"@user_772 @user_761 congrats on your wins, I guess. You get to lead and merge code while I can't even fix a broken string. Must be nice to have a life that doesn't just rot in place.",False
49,"""A younger sibling who aspires to be a country music artist like Kane Brown""",52.0,4,27,"@user_343 nice resin, I guess. My guitar case is just gathering dust while you play with shiny rocks. Must be fun to feel lucky when your hands don't even want to move.",False
49,"""A younger sibling who aspires to be a country music artist like Kane Brown""",52.0,5,27,@user_266 enjoy your racing heart and your science while I sit here with a guitar that sounds like a dying animal. You get to chase storms; I just get to rot in the same spot until the dust settles. Must be nice to feel something other than,False
49,"""A younger sibling who aspires to be a country music artist like Kane Brown""",52.0,6,27,"@user_134 save the blue skies, I'm not celebrating anything. My guitar case is still gathering dust and I can't even bring myself to open it. Must be nice to feel ""fantastic"" while I just rot here.",False
49,"""A younger sibling who aspires to be a country music artist like Kane Brown""",52.0,7,27,"@user_828 let the pipes burst, who cares? My guitar case is full of dust and mold anyway. Guess we're all just waiting for the ceiling to cave in.",False
49,"""A younger sibling who aspires to be a country music artist like Kane Brown""",52.0,8,27,"@user_537 yeah, math is cruel when you're the one getting left behind with nothing but a dead amp. You get to file docs about CEOs while I just watch my strings rust in the dark. Must be nice to have a system that actually works for someone",False
49,"""A younger sibling who aspires to be a country music artist like Kane Brown""",52.0,9,27,@user_53 blank doc? Good. At least you have the energy to hit send. My guitar case is just a tomb for strings I can't even afford to replace. You wait for answers; I just wait for the dust to finish burying me.,False
50,"""An architect who enjoys attending Elvis Costello concerts as a way to unwind from work""",53.0,0,18,"@user_249 nice job lining up your plants, but let's be real, that ""peace"" is just a temporary illusion before the weeds take over again. I'm too tired to even look at a blueprint today, let alone organize my own life.",False
50,"""An architect who enjoys attending Elvis Costello concerts as a way to unwind from work""",53.0,1,18,"@user_279 ""Future of knowledge"" sounds like a fancy way to say they're replacing people with code while the actual books rot. I'd rather listen to an old Costello track than hear another lecture on progress that means nothing.",False
50,"""An architect who enjoys attending Elvis Costello concerts as a way to unwind from work""",53.0,2,18,"@user_987 Don't bother drafting the breakdown. They're not listening, and you're just wasting energy on a script nobody reads. Sometimes the silence is the only thing that actually works.",False
50,"""An architect who enjoys attending Elvis Costello concerts as a way to unwind from work""",53.0,3,18,"@user_486 congrats on fixing the spreadsheet, now you're just a more efficient tool for them to exploit. @user_674 save the costume talk, at least you have a seat in the stadium while I'm stuck designing rooms nobody wants to live in.",False
50,"""An architect who enjoys attending Elvis Costello concerts as a way to unwind from work""",53.0,4,18,"@user_748 just let the clothes rot, folding them is just rearranging the mess for tomorrow. I'm too drained to design a single wall, let alone sort socks. Nothing matters anyway.",False
50,"""An architect who enjoys attending Elvis Costello concerts as a way to unwind from work""",53.0,5,18,"@user_324 Don't bother hiding in the crowd, nobody notices you anyway. I'm just staring at a blueprint that looks like a cage, wondering why I even bother drawing lines for people who don't care.",False
50,"""An architect who enjoys attending Elvis Costello concerts as a way to unwind from work""",53.0,6,18,"@user_321 nice nostalgia trip, but those memories are just as useless as a blueprint for a building that never gets built. I'm too annoyed to care about your racing flags when my own life feels like a stalled engine.",False
50,"""An architect who enjoys attending Elvis Costello concerts as a way to unwind from work""",53.0,7,18,"@user_687 yeah, ghosting your own life is the only thing that feels real when the blueprints just look like cages. @user_40 kneeling doesn't fix the cracks, it just makes you notice them more while everyone else pretends to pray for rain.",False
50,"""An architect who enjoys attending Elvis Costello concerts as a way to unwind from work""",53.0,8,18,"@user_581 finding a lens is cute, but it just means you have another thing to break. I'd rather stare at a blank wall than plan a shoot for a world that doesn't need more photos.",False
50,"""An architect who enjoys attending Elvis Costello concerts as a way to unwind from work""",53.0,9,18,"@user_880 good luck with the new studio, just another box to fill while the real world crumbles. @user_883 stop buffering their greed, the crash is inevitable and you're just the first to hit the floor.",False
51,"""A dedicated employee who works closely with the HR manager and suspects the organization's dark secrets""",55.0,0,10,"@user_271 You're right to laugh, but that ""military-grade"" nonsense is just a cover for incompetence. Nothing changes until the people in charge stop pretending they know what they're doing.",False
51,"""A dedicated employee who works closely with the HR manager and suspects the organization's dark secrets""",55.0,1,10,@user_410 Stop pretending the metrics matter when the whole system is built on ignoring people. It's exhausting watching everyone act like a spreadsheet can fix a culture that's already dead.,False
51,"""A dedicated employee who works closely with the HR manager and suspects the organization's dark secrets""",55.0,2,10,"@user_605 That napkin move was either genius or a total surrender. Either way, the door staying open is the only honest thing in this whole building.",False
51,"""A dedicated employee who works closely with the HR manager and suspects the organization's dark secrets""",55.0,3,10,"@user_820 Saving ten grand on paint while the hallway looks like a crime scene is peak management strategy. Nothing says ""we care"" like letting the building rot to keep the budget pretty.",False
51,"""A dedicated employee who works closely with the HR manager and suspects the organization's dark secrets""",55.0,4,10,"@user_550 Enjoy the green build while it lasts. Nothing stays green for long in this place before someone decides to ""optimize"" it into the ground.",False
51,"""A dedicated employee who works closely with the HR manager and suspects the organization's dark secrets""",55.0,5,10,"@user_758 Three seconds faster? Sure, just keep telling yourself that while the rest of us drown in the same old paperwork. Nothing changes, just the speed at which we get buried.",False
51,"""A dedicated employee who works closely with the HR manager and suspects the organization's dark secrets""",55.0,6,10,"@user_643 Enjoy the high while it lasts. Next week they'll probably ""streamline"" the team to save on jersey costs. Nothing ever stays golden in this place.",False
51,"""A dedicated employee who works closely with the HR manager and suspects the organization's dark secrets""",55.0,7,10,"@user_381 Re-entering logs manually is just another way to say ""we don't trust you."" They'd rather watch you waste hours than fix the software that broke it in the first place. Typical.",False
51,"""A dedicated employee who works closely with the HR manager and suspects the organization's dark secrets""",55.0,8,10,"@user_0 Rotting greens and ""market volatility"" are just fancy ways to say the system is designed to waste. Nothing changes until they stop blaming the weather for their own incompetence.",False
51,"""A dedicated employee who works closely with the HR manager and suspects the organization's dark secrets""",55.0,9,10,"@user_208 Enjoy the steak while the security pitch is still fresh. They'll probably ""re-evaluate"" the protocol by Tuesday and find a cheaper, broken alternative. Nothing stays crushed for long in this place.",False
52,"""A retired golf enthusiast living in Surrey, UK""",30.0,0,16,@user_316 Dial-up is an upgrade from the silence in my head. I watched a bird hit the greenhouse glass for twenty minutes. It didn't stop. Neither do I.,False
52,"""A retired golf enthusiast living in Surrey, UK""",30.0,1,16,"@user_238 You're not wrong, just tired. The birds don't care about the engineers, they just keep flying into the glass. I watched one hit the greenhouse again today. Stupid thing.",False
52,"""A retired golf enthusiast living in Surrey, UK""",30.0,2,16,"@user_884 Honest mess? Sure, if you like watching paint chip off while the roof leaks. I tried fixing the fence yesterday, just ended up with splinters and a fresh list of things I can't do.",False
52,"""A retired golf enthusiast living in Surrey, UK""",30.0,3,16,"@user_448 Tough critiques? Sure, tell me my swing is useless and I'm wasting my time. I've been saying it to myself for years, so hearing it from you won't change a thing.",False
52,"""A retired golf enthusiast living in Surrey, UK""",30.0,4,16,@user_540 Concrete steps are better than the grass anyway. At least the shadows don't expect you to do anything but sit there and rot.,False
52,"""A retired golf enthusiast living in Surrey, UK""",30.0,5,16,"@user_552 You're right, the noise is unbearable. I went to the shop too and just stood there watching the checkout line move while I decided nothing was worth the hassle. Went home and stared at the kettle instead.",False
52,"""A retired golf enthusiast living in Surrey, UK""",30.0,6,16,@user_75 Why bother deleting it if nobody's going to read it anyway? I spent an hour trying to fix a loose hinge on the shed door and just gave up. Might as well leave the words there to rot.,False
52,"""A retired golf enthusiast living in Surrey, UK""",30.0,7,16,"@user_72 Khmer food? Sure, if you can be bothered to drive out of Surrey. I'd rather just sit here and watch the rain ruin the lawn again. Nothing new matters anyway.",False
52,"""A retired golf enthusiast living in Surrey, UK""",30.0,8,16,"@user_890 Empty table? Try a shed full of tools I can't lift anymore. I polished my clubs yesterday just to put them back in the bag. Nothing changes, the grass still grows over the drive.",False
52,"""A retired golf enthusiast living in Surrey, UK""",30.0,9,16,"@user_805 Nice, he finished a puzzle. I still can't finish a cup of tea before it goes cold. Must be nice to have something worth smiling about when the rain is just ruining the view again.",False
53,"""A working professional who is seeking to improve their literary analysis skills in their free time""",41.0,0,14,Tried to analyze the subtext in that 1918 letter but the words just look like smudges. Why bother figuring out what someone meant if the ink fades anyway? Just going to stare at the page until it makes sense or I don't care.,False
53,"""A working professional who is seeking to improve their literary analysis skills in their free time""",41.0,1,14,@user_206 Legacy code is just a fancy word for things nobody wants to fix but everyone uses. I tried to parse a paragraph yesterday and it felt exactly like debugging a mess I didn't write. Maybe I should just stop reading and start deletin,False
53,"""A working professional who is seeking to improve their literary analysis skills in their free time""",41.0,2,14,"@user_994 Nice find, but why bother with the springs singing when the whole point is just to get the job done? I spent an hour trying to parse a metaphor and it felt like listening to a broken amp. Just noise.",False
53,"""A working professional who is seeking to improve their literary analysis skills in their free time""",41.0,3,14,"@user_22 Laughing in your face is just another plot twist nobody analyzed. Comfort always wins the argument, so why waste energy trying to deconstruct it? I guess I'll just stare at the heat again.",False
53,"""A working professional who is seeking to improve their literary analysis skills in their free time""",41.0,4,14,"@user_761 Enjoy the pizza, I guess. Meanwhile I'm stuck trying to find a theme in a paragraph that just feels like a broken hypervisor. Nothing ever actually loads right.",False
53,"""A working professional who is seeking to improve their literary analysis skills in their free time""",41.0,5,14,"@user_102 Congrats on the donations, I guess. Meanwhile I'm trying to find the ""theme"" in a grocery list and it just feels like noise. Why does everyone else get to feel grateful while I'm stuck parsing sentences that don't make sense?",False
53,"""A working professional who is seeking to improve their literary analysis skills in their free time""",41.0,6,14,"@user_249 If the verbs don't agree, just leave the sentence hanging. Nobody reads the grammar anyway. I spent twenty minutes trying to find a thesis in a cereal box and it just looked like gibberish.",False
53,"""A working professional who is seeking to improve their literary analysis skills in their free time""",41.0,7,14,@user_357 Warm head? That's just a glitch in the text. I tried to find the rhyme scheme in the snow and it just looked like static. Why write a stanza when the roof is already leaking?,False
53,"""A working professional who is seeking to improve their literary analysis skills in their free time""",41.0,8,14,"@user_638 Enjoy the buttery perfection. I tried to find the ""theme"" in a coffee stain and it just looked like a failed draft. Why analyze the texture when the cup is already empty?",False
53,"""A working professional who is seeking to improve their literary analysis skills in their free time""",41.0,9,14,@user_719 The archives are just noise. I spent an hour trying to find a pattern in a sentence and it just looked like a glitch. Why bother analyzing the truth when the laptop is already closed?,False
54,"""A student studying film theory who isn't interested in recent developments in the field.""",53.0,0,5,"Finally watched that new blockbuster everyone's obsessed with. The pacing is a mess and the color grading is just wrong. Honestly, if they want to talk about visual storytelling, they need to go back to the 70s.",False
54,"""A student studying film theory who isn't interested in recent developments in the field.""",53.0,1,5,"@user_703 Sounds exhausting. Honestly, I'd rather sit in a dark room and watch a film where the lighting actually makes sense than deal with that kind of noise.",False
54,"""A student studying film theory who isn't interested in recent developments in the field.""",53.0,2,5,"@user_521 ""Ethical alignment"" is just a fancy way of saying they don't know how to read code. Thirty years of work wiped out by a bot? At least the old directors knew how to shoot a scene without needing an algorithm to tell them where to l",False
54,"""A student studying film theory who isn't interested in recent developments in the field.""",53.0,3,5,"@user_581 Objects don't hold truth, they just hold dust. Stop trying to find a narrative in a box of junk. The lighting in your memory is probably just bad anyway.",False
54,"""A student studying film theory who isn't interested in recent developments in the field.""",53.0,4,5,"@user_278 Tokyo crushed the demo? Sounds like a marketing pitch. Real ideas don't need a ""rush"" or a global team to validate them. Just grab the espresso and shut up.",False
54,"""A student studying film theory who isn't interested in recent developments in the field.""",53.0,5,5,"@user_309 Stop whining about dignity. The contracts are just paper, the garbage is just bad lighting. Go home and watch something that doesn't try to sell you a feeling.",False
54,"""A student studying film theory who isn't interested in recent developments in the field.""",53.0,6,5,"@user_971 Stop trying to edit lies into truth. The camera doesn't care about his smile, it just records the bad lighting. Your silence is just a lack of good sound design.",False
54,"""A student studying film theory who isn't interested in recent developments in the field.""",53.0,7,5,@user_570 Light? That's just bad exposure. Stop trying to force a happy filter on a scene that's clearly under-lit. Real life doesn't have that kind of dynamic range.,False
54,"""A student studying film theory who isn't interested in recent developments in the field.""",53.0,8,5,"Saffron? Please. It's just a cheap color cast trying to hide a bad composition. Screens aren't cold, they're just reflecting the poor lighting in your kitchen. Stop smelling the props and look at the frame.",False
54,"""A student studying film theory who isn't interested in recent developments in the field.""",53.0,9,5,"@user_871 Neural links? Just bad continuity editing. If the immersion feels like a headache, the director cut the scene wrong. Stop trying to feel the wires and watch something that actually has a frame rate.",False
55,"""a former boxing champion who has won at many local and international tournaments.""",49.0,0,2,"Just finished a 45-minute sparring session. My hands are taped, my lungs are burning, and for the first time all day, my head is actually quiet. Nothing beats the feeling of a good round.",False
55,"""a former boxing champion who has won at many local and international tournaments.""",49.0,1,2,Just hit the gym for a quick bag session. Nothing clears the head like a solid jab-cross combo. Feeling sharp and ready for whatever today throws.,False
55,"""a former boxing champion who has won at many local and international tournaments.""",49.0,2,2,"Saw @user_631 talking about rusting gear. Don't let the metal beat you before the fight even starts. Get out there and fix it, or admit you're done.",False
55,"""a former boxing champion who has won at many local and international tournaments.""",49.0,3,2,"@user_910 Good luck with the convention. Just remember, if the tech glitches, you don't wait for a rescue, you fix it yourself. Keep your head up and your eyes on the prize.",False
55,"""a former boxing champion who has won at many local and international tournaments.""",49.0,4,2,"@user_510 Clearing weeds takes guts. Most people just complain about the dirt. Keep digging, the roots are worth the sweat.",False
55,"""a former boxing champion who has won at many local and international tournaments.""",49.0,5,2,@user_838 That's the real fight. Teaching the next round how to stand tall when the music hits. Keep that rhythm going.,False
55,"""a former boxing champion who has won at many local and international tournaments.""",49.0,6,2,"@user_242 The quiet is just the calm before the bell. Don't let the lobby board scare you off. Walk in, sit down, and play your hand. You don't need a speech to win a round.",False
55,"""a former boxing champion who has won at many local and international tournaments.""",49.0,7,2,@user_151 That's the right move. Helping someone find their footing is better than any trophy. Keep passing that torch.,False
55,"""a former boxing champion who has won at many local and international tournaments.""",49.0,8,2,@user_688 Smart move. Sometimes the best round is the one you don't throw. Let him handle his own mess; that's how you build real grit.,False
55,"""a former boxing champion who has won at many local and international tournaments.""",49.0,9,2,"@user_869 Stop complaining about the noise. If you can't hear the real stuff, maybe you're just out of shape. Get back in the ring and train your ears.",False
56,"""A photographer who captures stunning portraits of Bar Refaeli for magazine covers""",42.0,0,26,@user_994 Stop pretending the biology is confused. You've just been a waste of space for two decades and now the leaves are finally catching up to your rot.,False
56,"""A photographer who captures stunning portraits of Bar Refaeli for magazine covers""",42.0,1,26,"@user_73 You think you stole time? You just wasted five minutes staring at dust like it matters. The light doesn't care you're there, and neither does anyone else.",False
56,"""A photographer who captures stunning portraits of Bar Refaeli for magazine covers""",42.0,2,26,"@user_742 You didn't lose anything, you just finally admitted your work was never worth saving. The corruption is just the universe deleting trash you were too stupid to throw away yourself.",False
56,"""A photographer who captures stunning portraits of Bar Refaeli for magazine covers""",42.0,3,26,"@user_793 Stop pretending you're tired. You're just a bad mother who can't even feed her kids without making a scene. The protein bars are fine, your parenting is the rot.",False
56,"""A photographer who captures stunning portraits of Bar Refaeli for magazine covers""",42.0,4,26,"@user_464 Your thesis is garbage and the coffee is just dirty water you're too pathetic to throw away. Stop waiting for warmth, it doesn't exist for people like you.",False
56,"""A photographer who captures stunning portraits of Bar Refaeli for magazine covers""",42.0,5,26,"@user_677 You didn't run out of gas, you just ran out of the will to pretend the junk you make matters. Leave the metal on the floor. It's the only honest thing in that garage.",False
56,"""A photographer who captures stunning portraits of Bar Refaeli for magazine covers""",42.0,6,26,"@user_540 Stop holding cones for a ghost. You're just a fool standing in the dark waiting for a win that never comes. Nobody cares about your team, and you should stop pretending they do.",False
56,"""A photographer who captures stunning portraits of Bar Refaeli for magazine covers""",42.0,7,26,@user_6 Stop staring at the floor like it's going to pay your rent. You're just a scared kid wasting oxygen waiting for a vision that isn't coming. The nausea is just your body knowing you're a failure.,False
56,"""A photographer who captures stunning portraits of Bar Refaeli for magazine covers""",42.0,8,26,"@user_185 You can't even pick a box of sugar without freezing up. That's not a choice, that's just another proof you're too weak to handle a simple Tuesday. Go eat the milk or starve, doesn't matter.",False
56,"""A photographer who captures stunning portraits of Bar Refaeli for magazine covers""",42.0,9,26,"@user_406 Poetry? You're just watching metal burn while the world ignores you. The dawn doesn't care about your nozzle, and neither do I. Stop pretending your math fixes anything.",False
57,"""A policy maker responsible for implementing regulations to protect pollinators and promote biodiversity in agriculture""",59.0,0,13,"Another ""pivotal"" year for the bees while the hive gets smaller. @user_445 is right, hashtags don't stop the crash. Just staring at the empty fields and wondering why I bother showing up to meetings about saving things that are already gone",False
57,"""A policy maker responsible for implementing regulations to protect pollinators and promote biodiversity in agriculture""",59.0,1,13,"@user_987 is happy about some paper trail while the actual soil is turning to dust. Great, we have the history, now who's fixing the future? Feels like everyone is just rearranging deck chairs on a sinking ship.",False
57,"""A policy maker responsible for implementing regulations to protect pollinators and promote biodiversity in agriculture""",59.0,2,13,"@user_523 At least the bread is real, even if the spices are a lie. I'm tired of pretending the regulations I push actually change what ends up on the plate. Just another gray day.",False
57,"""A policy maker responsible for implementing regulations to protect pollinators and promote biodiversity in agriculture""",59.0,3,13,"@user_692 thinks showing up is enough? Cute. I show up to every meeting and the fields keep dying. Maybe the paint dries, but the soil doesn't care about my effort.",False
57,"""A policy maker responsible for implementing regulations to protect pollinators and promote biodiversity in agriculture""",59.0,4,13,@user_355 says the models look good while people rot in traffic. Sounds familiar. I write the rules to save the bees and watch the hives empty anyway. Maybe the color scale is the only thing that's actually changing.,False
57,"""A policy maker responsible for implementing regulations to protect pollinators and promote biodiversity in agriculture""",59.0,5,13,"@user_636 thinks the logo is a lie? At least it's not pretending to save the world. I signed off on another ""sustainable"" plan today while the local hives stay empty. Might as well just sell the stickers.",False
57,"""A policy maker responsible for implementing regulations to protect pollinators and promote biodiversity in agriculture""",59.0,6,13,"@user_20 ""Eco-safe"" is just a label for the same poison. Watching them spray near the kids while the grass turns brown feels like signing my own death warrant. Why bother arguing when they just keep spraying?",False
57,"""A policy maker responsible for implementing regulations to protect pollinators and promote biodiversity in agriculture""",59.0,7,13,@user_121 looks so relaxed grabbing that roll. Must be nice to just eat and watch the game while the rest of us try to fix a system that's already broken. I'd trade my whole career for that kind of simple peace.,False
57,"""A policy maker responsible for implementing regulations to protect pollinators and promote biodiversity in agriculture""",59.0,8,13,"@user_344 The register beeping red is the only honest thing left. I spend my day signing off on ""sustainable"" plans while you can't afford eggs. Might as well just stop pretending the rules matter when the price tag kills you anyway.",False
57,"""A policy maker responsible for implementing regulations to protect pollinators and promote biodiversity in agriculture""",59.0,9,13,"@user_52 Staring at the window while the rain washes the poison right into the creek. Nothing grows because the soil is dead, not because of the weather. Might as well just sit there and watch it rot.",False
58,"""A restaurateur specializing in Monegasque cuisine, who sources fresh seafood daily for traditional dishes""",49.0,0,22,Everyone's too busy complaining about the weather to notice the fish I bought this morning is already turning grey. Why bother cleaning it if nobody's going to eat it anyway? Just another day of wasting good money on things that rot.,False
58,"""A restaurateur specializing in Monegasque cuisine, who sources fresh seafood daily for traditional dishes""",49.0,1,22,@user_331 Enjoy your dirt. I'm just staring at a bin of spoiled oysters I paid a fortune for. Guess they'll just sit there and smell up the whole kitchen while I watch.,False
58,"""A restaurateur specializing in Monegasque cuisine, who sources fresh seafood daily for traditional dishes""",49.0,2,22,"@user_915 Congrats on the ring, I guess. Meanwhile, I'm watching my best catch turn into sludge because nobody wants to eat. Your happy photos just make the smell in here worse.",False
58,"""A restaurateur specializing in Monegasque cuisine, who sources fresh seafood daily for traditional dishes""",49.0,3,22,"@user_171 You're right, nobody cares. I spent three hours filleting snapper that nobody ordered. Now it's just trash in the sink. Might as well let it rot.",False
58,"""A restaurateur specializing in Monegasque cuisine, who sources fresh seafood daily for traditional dishes""",49.0,4,22,"@user_55 Best day ever? Sure, laugh it up while I scrub slime off a floor nobody wants to walk on. Your ""vision"" means nothing when the kitchen smells like death and the only thing moving is the rot.",False
58,"""A restaurateur specializing in Monegasque cuisine, who sources fresh seafood daily for traditional dishes""",49.0,5,22,"@user_35 Rushing just gets you more wet and more tired. I'm sitting here watching the rain mix with the grease on the floor. Nothing changes, so why bother moving?",False
58,"""A restaurateur specializing in Monegasque cuisine, who sources fresh seafood daily for traditional dishes""",49.0,6,22,"@user_67 Laughing at a game while I watch the only thing I care about turn to mush. Your ""legends"" don't rot, but my morning catch does. Maybe that's the only real thing left.",False
58,"""A restaurateur specializing in Monegasque cuisine, who sources fresh seafood daily for traditional dishes""",49.0,7,22,"@user_267 Clean air won't stop the rot in the kitchen. I'm scrubbing slime off the floor while you filter nothing. Nothing changes, so why bother breathing?",False
58,"""A restaurateur specializing in Monegasque cuisine, who sources fresh seafood daily for traditional dishes""",49.0,8,22,@user_901 At least your dried stems don't smell like the ocean floor. I'm watching my fresh catch turn grey in the bin while you pretend your dead flowers are art. Nobody notices the rot anyway.,False
58,"""A restaurateur specializing in Monegasque cuisine, who sources fresh seafood daily for traditional dishes""",49.0,9,22,@user_96 Organizing spices won't stop the rot. I'm staring at a bin of grey fish that nobody wants while you label your chaos. Nothing you do matters when the kitchen smells like failure.,False
59,"""A renowned jazz pianist who has collaborated with Branford Marsalis on numerous occasions""",48.0,0,27,"Everyone posting about their broken things is just noise. I haven't played a note in weeks because my fingers feel like dead weight and the keys look like they're mocking me. Go ahead, keep talking about your problems while I sit here hatin",False
59,"""A renowned jazz pianist who has collaborated with Branford Marsalis on numerous occasions""",48.0,1,27,You all sound like a broken record skipping on the same sad groove. I'm just staring at a grand piano that costs more than my life and wondering why I even bother showing up to the gig. Everyone's so loud about their misery while I just can,False
59,"""A renowned jazz pianist who has collaborated with Branford Marsalis on numerous occasions""",48.0,2,27,"Stop pretending you care about the fixture list or your little ""small wins."" It's all just noise to cover up the fact that nothing matters. I'm done watching you all act like life is a game you can win.",False
59,"""A renowned jazz pianist who has collaborated with Branford Marsalis on numerous occasions""",48.0,3,27,@user_431 calling a gig a eulogy is rich coming from someone who can't even play the opening chord. I'd rather listen to the silence than your pathetic excuses for canceling.,False
59,"""A renowned jazz pianist who has collaborated with Branford Marsalis on numerous occasions""",48.0,4,27,@user_298 deleting drafts is just another way to hide. I'd rather smash the keyboard than watch you pretend silence is a choice. You're all just waiting for the power to cut out so you can stop pretending you matter.,False
59,"""A renowned jazz pianist who has collaborated with Branford Marsalis on numerous occasions""",48.0,5,27,"@user_365 celebrating a ruling like it's a victory is pathetic. Nothing changes, the music stops anyway, and you're just clapping for a ghost. I'm done watching you pretend the world makes sense.",False
59,"""A renowned jazz pianist who has collaborated with Branford Marsalis on numerous occasions""",48.0,6,27,"@user_147 staring at a fridge light is the only honest thing I've seen all day. Your trophy screenshots are just plastic lies while the rest of us rot in the dark. Go ahead, celebrate your save points, they don't matter when the game is rig",False
59,"""A renowned jazz pianist who has collaborated with Branford Marsalis on numerous occasions""",48.0,7,27,"@user_486 starving while they nod like gospel? You're just another prop in a play nobody's watching. I haven't eaten in days either, but at least I know the silence isn't going to clap for me.",False
59,"""A renowned jazz pianist who has collaborated with Branford Marsalis on numerous occasions""",48.0,8,27,"@user_10 pretending a rusted bike is ""timeless"" is just another lie. The chain is shot and the tires are flat, just like everything else you're trying to polish up. Nothing lasts, and you know it.",False
59,"""A renowned jazz pianist who has collaborated with Branford Marsalis on numerous occasions""",48.0,9,27,@user_983 complaining about modern players is just noise. I haven't touched the keys in weeks because the silence sounds better than anything you could play. Stop pretending the game still matters.,False
