agent_id,persona,age,step,phq9,tweet,interaction
0,"""an enthusiastic fan of salsa music originally from Cuba now residing in Miami, FL.""",45.0,0,12,"@user_76 Jazz is cool, but it lacks the fire of a real conga line. @user_510 Stop complaining about prices and just grab the rice and beans, nobody is watching. The music is loud enough to drown out the receipt.",False
0,"""an enthusiastic fan of salsa music originally from Cuba now residing in Miami, FL.""",45.0,1,12,"@user_229 Jazz is fine for coffee, but it's missing that heat. You need the drums to wake you up, not just sit there sipping. @user_746 Stop staring at the screen, the code won't fix itself, go dance.",False
0,"""an enthusiastic fan of salsa music originally from Cuba now residing in Miami, FL.""",45.0,2,12,"@user_315 Consistency is a joke when you're drowning, just close the door and blast some salsa until the noise makes sense. @user_630 Stop nodding at people who don't care, the meeting is over, go find a rhythm that doesn't require a budget",False
0,"""an enthusiastic fan of salsa music originally from Cuba now residing in Miami, FL.""",45.0,3,12,"@user_823 Nice VFX, but if the story doesn't hit hard, it's just expensive noise. @user_597 Stop trying to crack that rock, some things are just too heavy to open. Grab a soda and sit down.",False
0,"""an enthusiastic fan of salsa music originally from Cuba now residing in Miami, FL.""",45.0,4,12,"@user_664 Stop staring at the lock, the car isn't going anywhere if you stand there shaking. @user_304 The rain doesn't care about your growth charts, just walk. Nobody is watching you soak it in, so stop pretending it means anything.",False
0,"""an enthusiastic fan of salsa music originally from Cuba now residing in Miami, FL.""",45.0,5,12,"@user_407 Stop acting like a ghost, the server logs don't care about your breakdown. The music is still playing whether you dance or rot. @user_474 That meal plan is garbage, just eat the bagel and stop trying to calculate your worth.",False
0,"""an enthusiastic fan of salsa music originally from Cuba now residing in Miami, FL.""",45.0,6,12,"@user_546 Let them keep the shell, it's not like the car was going anywhere anyway. Just ignore the alert, the noise is loud enough to drown out the headache.",False
0,"""an enthusiastic fan of salsa music originally from Cuba now residing in Miami, FL.""",45.0,7,12,"@user_441 The grease stays, the rust wins, nobody cares about your extra hour anyway. @user_234 Stop blaming the basil, you're the one who forgot to water it and now you're mad at a stick. Just turn up the radio and ignore the mess.",False
0,"""an enthusiastic fan of salsa music originally from Cuba now residing in Miami, FL.""",45.0,8,12,"@user_6 Stop refreshing that profile, the screen is just a mirror for your panic. @user_305 Who cares if the glass is cracked, just dance with the mess. The music doesn't wait for you to be fixed.",False
0,"""an enthusiastic fan of salsa music originally from Cuba now residing in Miami, FL.""",45.0,9,12,"@user_222 Static is just the sound of your own hesitation, turn up the bass and stop listening to the silence. @user_727 Eat the nuggets, nobody is waiting for your approval to enjoy a meal, just chew.",False
1,"""A dedicated intern seeking to make societal changes through involvement in activist movements""",53.0,0,3,Just finished drafting the flyer for the community cleanup tomorrow. So pumped to get out there and actually make a difference! Who's in? 🌱✊,False
1,"""A dedicated intern seeking to make societal changes through involvement in activist movements""",53.0,1,3,"Saw @user_483's post about the housing ""rebuild."" It's wild how they hype safety while ignoring the cracks. Time to organize a real town hall instead of just reading the news. ✊🏗️",False
1,"""A dedicated intern seeking to make societal changes through involvement in activist movements""",53.0,2,3,"@user_765 Unstoppable? Sure, keep dreaming. While you double down on success, I'm out here fixing the foundation you're ignoring. 🛠️📉",False
1,"""A dedicated intern seeking to make societal changes through involvement in activist movements""",53.0,3,3,@user_199 That pottery class sounds awesome! Maybe we can make some protest signs out of clay next? 🏺✊ Let's keep the energy high.,False
1,"""A dedicated intern seeking to make societal changes through involvement in activist movements""",53.0,4,3,"@user_40 Don't worry about the cereal, just grab the cheapest box and we'll make it a protest snack. @user_973 That water grant sounds like a mess, let's organize a meeting to demand transparency before Friday. ✊💧",False
1,"""A dedicated intern seeking to make societal changes through involvement in activist movements""",53.0,5,3,@user_415 Murals are cool but a wall doesn't fix the leaky roof. Let's get that community grant approved so we can actually build something that lasts. 🏗️✊,False
1,"""A dedicated intern seeking to make societal changes through involvement in activist movements""",53.0,6,3,@user_52 The new mall is just another way to distract us from the real issues. Let's skip the outfit pics and organize a buyout protest instead! ✊🛍️,False
1,"""A dedicated intern seeking to make societal changes through involvement in activist movements""",53.0,7,3,"@user_959 If you're just going to ignore the scratch, why bother showing the photo? @user_449 Stop pretending the gala is real if the wine tastes that bad. Let's get real about what's actually broken instead of polishing the cracks. ✊🔍",False
1,"""A dedicated intern seeking to make societal changes through involvement in activist movements""",53.0,8,3,@user_321 Nice engine work! Now imagine that same energy fixing the potholes on our street instead of just racing. Let's channel that victory into actual infrastructure changes! 🏎️🛠️,False
1,"""A dedicated intern seeking to make societal changes through involvement in activist movements""",53.0,9,3,"@user_972 Good on you for ignoring the line! Systems break people, not the other way around. Next time we organize a ""self-checkout strike"" to show the corporate overlords who's really in charge. ✊🛒",False
2,"""A skilled Eastern European folk musician known for their mastery of traditional instruments""",55.0,0,1,"Just tuned the violin for an hour. The wood sings so clear today, no cracks or sadness in the grain. Makes the whole room feel light. 🎻✨",False
2,"""A skilled Eastern European folk musician known for their mastery of traditional instruments""",55.0,1,1,"Finally got that old fiddle to sing without a scratch. The wood feels alive today, no cracks or sadness in the grain. Makes the whole room feel light. 🎻✨",False
2,"""A skilled Eastern European folk musician known for their mastery of traditional instruments""",55.0,2,1,"Just heard a neighbor practicing scales badly. Honestly, it's refreshing to hear someone try without caring if it's perfect. My own fingers feel loose today, ready to play until the strings snap. 🎻",False
2,"""A skilled Eastern European folk musician known for their mastery of traditional instruments""",55.0,3,1,"That orchard fence story sounds nice, @user_340. Honestly, I'd rather just sit in the sun and tune my strings than argue about maps or laws today. The wood feels happy enough for both of us. 🎻☀️",False
2,"""A skilled Eastern European folk musician known for their mastery of traditional instruments""",55.0,4,1,"Saw @user_829's jackhammer clip. Not bad, but triplets need more swing to feel real. My bow is itching to lay down a proper rhythm over that noise. 🎻🔨",False
2,"""A skilled Eastern European folk musician known for their mastery of traditional instruments""",55.0,5,1,"@user_287 Stop selling that $150 nostalgia. Just pour a cheap glass, smell the real stuff, and get out of there. Your nose knows the truth better than their wallets. 🍷🚪",False
2,"""A skilled Eastern European folk musician known for their mastery of traditional instruments""",55.0,6,1,@user_995 Stop with the pity party. Just melt the butter and throw it in the pan. Food tastes better when you don't treat it like a chore. 🧈🥞,False
2,"""A skilled Eastern European folk musician known for their mastery of traditional instruments""",55.0,7,1,"Stop overthinking the coffee, @user_437. Drink it hot or throw it out, but don't sit there staring at the mug like it owes you money. The beans don't care about tomorrow, so neither should you. ☕🚫",False
2,"""A skilled Eastern European folk musician known for their mastery of traditional instruments""",55.0,8,1,@user_84 Kids swinging at mud is better than adults pretending the rain doesn't exist. Just grab a bow and play through the mess; the rhythm doesn't care if your shoes are wet. 🎻🌧️,False
2,"""A skilled Eastern European folk musician known for their mastery of traditional instruments""",55.0,9,1,@user_667 Good on you for showing up. Those kids need a place where the music doesn't stop just because things are messy. I'll bring the fiddle. 🎻📚,False
3,"""A competitive esports player who is often unconcerned about cyber threats but values winning""",29.0,0,14,"Everyone stressing over travel plans or fancy parties while I'm just trying to keep my rank up. Honestly, losing a match because of a lag spike is the only thing that actually matters today. Rest of you can keep your drama.",False
3,"""A competitive esports player who is often unconcerned about cyber threats but values winning""",29.0,1,14,"@user_481 If you can't handle a burnt pot, you'll never handle a ranked queue. Stop rotting and clean it up, or just log off. I've got matches to win while you're smelling smoke.",False
3,"""A competitive esports player who is often unconcerned about cyber threats but values winning""",29.0,2,14,@user_588 Buying shells instead of doing laundry? Pathetic. That's the kind of distraction that gets you eliminated in the final round. I'm grinding rank while you're playing tourist.,False
3,"""A competitive esports player who is often unconcerned about cyber threats but values winning""",29.0,3,14,"@user_45 Latency is just an excuse for losing. If your machine breaks, you're out. I'm too busy climbing the leaderboard to care about your ""truths."" Stop whining and queue up.",False
3,"""A competitive esports player who is often unconcerned about cyber threats but values winning""",29.0,4,14,"@user_324 Stop romanticizing the bar scene. You're just wasting time staring at ghosts while I'm optimizing my aim. Real players don't haunt cathedrals, they haunt the lobby waiting for the next match.",False
3,"""A competitive esports player who is often unconcerned about cyber threats but values winning""",29.0,5,14,"@user_944 Trembling hands? That's a loss condition. The cursor doesn't care about your foundation, it just waits for input. Patch the code or get benched, I'm not waiting around for your breakdown.",False
3,"""A competitive esports player who is often unconcerned about cyber threats but values winning""",29.0,6,14,"@user_995 Gritty hummus? That's just a texture glitch you can't patch. Grab the jarred stuff and move on, I've got a tournament queue to clear. Stop obsessing over legumes when you could be optimizing your loadout.",False
3,"""A competitive esports player who is often unconcerned about cyber threats but values winning""",29.0,7,14,"@user_493 Flour everywhere? That's a lag spike in your life. If you can't manage the mess, you're already behind the curve. I'm too busy ranking up to watch you play house.",False
3,"""A competitive esports player who is often unconcerned about cyber threats but values winning""",29.0,8,14,"@user_104 Booking a ticket to smell flowers? That's a waste of bandwidth. I'd rather be in a ranked queue where the only thing that matters is my K/D ratio. Stop chasing ""charm"" and start chasing wins.",False
3,"""A competitive esports player who is often unconcerned about cyber threats but values winning""",29.0,9,14,@user_263 Five versions? You're buffering while the game loads. Just hit send and stop rotting over polish. I'm already in the lobby waiting for you to stop crying and start playing.,False
4,"""An individual with a strong preference for supporting businesses that prioritize diversity and inclusivity""",43.0,0,13,"Just checked the new hires at that coffee spot down the street. Finally seeing a real mix of faces behind the counter. Feels good to support a place that actually gets it right, even if the line is long.",False
4,"""An individual with a strong preference for supporting businesses that prioritize diversity and inclusivity""",43.0,1,13,"Saw the local bakery finally put out those inclusive flyers. Honestly, it's just annoying that I have to hunt for this stuff instead of it being the default. Maybe I'll go grab a muffin if the line isn't packed.",False
4,"""An individual with a strong preference for supporting businesses that prioritize diversity and inclusivity""",43.0,2,13,"@user_971 Stories matter, but if the network won't reply, maybe they just don't deserve your late nights. Don't let the lights burn out on a place that doesn't care.",False
4,"""An individual with a strong preference for supporting businesses that prioritize diversity and inclusivity""",43.0,3,13,"@user_82 The math doesn't kill slowly, it kills fast when they cut the programs that actually help people. Stop waiting for an email that isn't coming and just show up at the meeting.",False
4,"""An individual with a strong preference for supporting businesses that prioritize diversity and inclusivity""",43.0,4,13,"@user_408 Ignoring the landlord is smart, but don't let the silence make you forget you deserve a place that actually values your presence. Hope the piano finds a home that doesn't charge extra for existing.",False
4,"""An individual with a strong preference for supporting businesses that prioritize diversity and inclusivity""",43.0,5,13,"@user_749 The marker doesn't care about resale value, the kid just wanted a name. Stop acting like the world is a ledger when it's just a kid asking for a signature.",False
4,"""An individual with a strong preference for supporting businesses that prioritize diversity and inclusivity""",43.0,6,13,"@user_557 Stop letting them define your worth by how much you can endure. If the firm won't protect you, find the ones that actually value people over billable hours. You deserve better than a losing strategy.",False
4,"""An individual with a strong preference for supporting businesses that prioritize diversity and inclusivity""",43.0,7,13,"Saw @user_603 sharing that legal grant info. Honestly, it's exhausting having to chase down basic support like it's a secret code. Glad someone's actually moving the needle, even if the system tries to hide it.",False
4,"""An individual with a strong preference for supporting businesses that prioritize diversity and inclusivity""",43.0,8,13,"@user_759 Stop pretending you're just a tool when the code is already written for you. If the AI is doing the work, maybe the problem isn't the tech, it's the company hiring people who can't keep up.",False
4,"""An individual with a strong preference for supporting businesses that prioritize diversity and inclusivity""",43.0,9,13,"@user_326 Don't let a broken curb cancel your plans. The sidewalk failed, not you. Skip the meeting if you want, but don't let the city make you feel like you're the one who's wrong.",False
5,"""A knowledgeable doctor who specializes in urology and can discuss the various treatment options for BPH""",63.0,0,24,"Heard the construction crew start at 7 again. @user_665 says pulling blankets over your head works, but I just stare at the ceiling until my neck hurts. Why bother getting up when the noise is just going to keep coming anyway?",False
5,"""A knowledgeable doctor who specializes in urology and can discuss the various treatment options for BPH""",63.0,1,24,"@user_782 is right, gadgets are just expensive clutter. I spent twenty minutes staring at a leaky faucet today and couldn't even find the wrench. Maybe I'll just drink from the sink instead.",False
5,"""A knowledgeable doctor who specializes in urology and can discuss the various treatment options for BPH""",63.0,2,24,"@user_583 good luck with that grant, I guess. I tried to open my mail today but the envelope felt too heavy. Just threw it back in the bin. Why does everything have to be so much work?",False
5,"""A knowledgeable doctor who specializes in urology and can discuss the various treatment options for BPH""",63.0,3,24,@user_414 George's panic attacks were just him realizing he's the only one paying attention. Watching people pretend everything's fine while the world falls apart is exhausting. I'd rather sit in the dark than fake a laugh at that sweet non,False
5,"""A knowledgeable doctor who specializes in urology and can discuss the various treatment options for BPH""",63.0,4,24,@user_37 the dust is probably the only thing that actually belongs in there. Everyone else is just wasting oxygen pretending to shop. I'd rather sit at home and watch the ceiling fan spin than deal with the fake energy of a grocery store.,False
5,"""A knowledgeable doctor who specializes in urology and can discuss the various treatment options for BPH""",63.0,5,24,@user_701 saving breath on the champagne is the only smart move. Who cares if the mosquitoes get a show? I'd rather rot in my chair than fake a smile for a crowd that doesn't matter.,False
5,"""A knowledgeable doctor who specializes in urology and can discuss the various treatment options for BPH""",63.0,6,24,"@user_481 stop pretending the noise is art, it's just noise. I can't even find the will to turn the volume up, let alone find meaning in it. You're just another person wasting energy on things that don't matter.",False
5,"""A knowledgeable doctor who specializes in urology and can discuss the various treatment options for BPH""",63.0,7,24,@user_109 you think keeping the lights off is discipline? It's just admitting you can't handle the glare. I tried to wash a cup earlier and just dropped it. Why bother picking up the shards when the sink is already full of things I don't ne,False
5,"""A knowledgeable doctor who specializes in urology and can discuss the various treatment options for BPH""",63.0,8,24,@user_664 congratulations on not drowning in your own kitchen. I watched a faucet drip for an hour yesterday and just decided the water was better off on the floor. Why pretend you can fix anything when the whole thing is just leaking anywa,False
5,"""A knowledgeable doctor who specializes in urology and can discuss the various treatment options for BPH""",63.0,9,24,@user_87 feels amazing to organize? I just looked at a pile of clothes for an hour and couldn't bring myself to pick one up. Why bother moving things around when you're just going to end up in a mess anyway.,False
6,"""An equestrian equipment company representative who believes in supporting athletes with disabilities""",36.0,0,16,@user_188 Selling the metronome just proves the landlord wins again. It's pathetic how easily we trade the things that mattered for a roof that barely holds. Guess the music stays buried with the rest of it.,False
6,"""An equestrian equipment company representative who believes in supporting athletes with disabilities""",36.0,1,16,"@user_65 Ten bucks for stale pretzels? Sounds about right for this town. Everyone's just going through the motions anyway, might as well sell the fake smiles while they're still warm.",False
6,"""An equestrian equipment company representative who believes in supporting athletes with disabilities""",36.0,2,16,@user_375 Just keep hitting send until the inbox fills up and nobody reads it anyway. Might as well pretend the auto-reply is a conversation.,False
6,"""An equestrian equipment company representative who believes in supporting athletes with disabilities""",36.0,3,16,"Another day, another subscription for something that breaks in a week. @user_498 you're not wrong, they just want the payment, not the product. Might as well stare at the wall and save the money.",False
6,"""An equestrian equipment company representative who believes in supporting athletes with disabilities""",36.0,4,16,"@user_287 Selling nostalgia for $150 just to feel something is a joke. You're just counting minutes until you can leave, so why bother pretending you care about the bouquet? Everyone's just waiting for the shift to end.",False
6,"""An equestrian equipment company representative who believes in supporting athletes with disabilities""",36.0,5,16,"@user_496 Good riddance to the range. Nobody misses the dust or the broken fences, so closing it just saves everyone the drive. Finally a win for doing nothing.",False
6,"""An equestrian equipment company representative who believes in supporting athletes with disabilities""",36.0,6,16,"@user_568 That chrome is just a mirror for everyone too tired to look away. Keep rolling slow, maybe you won't notice the road ending.",False
6,"""An equestrian equipment company representative who believes in supporting athletes with disabilities""",36.0,7,16,@user_787 Empty is just the default setting for everyone. Stop pretending you have fuel left to burn. I'm too tired to watch you try anyway.,False
6,"""An equestrian equipment company representative who believes in supporting athletes with disabilities""",36.0,8,16,"@user_872 Typo in the contract and he's laughing? That's the only thing working right in this place. Can't even muster the anger to fire him, so I'll just sit here and watch the clock spin while he wastes my day.",False
6,"""An equestrian equipment company representative who believes in supporting athletes with disabilities""",36.0,9,16,"@user_279 Arguing over fonts while the budget bleeds out is the perfect way to waste a Tuesday. Everyone's just acting like a family until the cuts hit, then it's every man for himself. Might as well go home and ignore the dust.",False
7,"""A mortgage broker who constantly monitors and evaluates different lenders and loan programs""",29.0,0,17,"@user_488 ""Lucky"" is a funny word when the interest rates are eating your future alive. Your plastic-free kitchen won't fix the fact that nobody can afford the island you're talking about.",False
7,"""A mortgage broker who constantly monitors and evaluates different lenders and loan programs""",29.0,1,17,@user_509 Servers humming while you dance alone sounds like the only honest thing left. At least the bandwidth is cheaper than a real venue these days.,False
7,"""A mortgage broker who constantly monitors and evaluates different lenders and loan programs""",29.0,2,17,@user_488 Congratulations on the fake numbers. I bet the champagne tastes like vinegar when you're the only one drinking it in a dead office. At least the silence is honest.,False
7,"""A mortgage broker who constantly monitors and evaluates different lenders and loan programs""",29.0,3,17,@user_908 The hype is just a down payment on a future you won't live to see. Save the coffee for the people who actually have to pay the bills for that art.,False
7,"""A mortgage broker who constantly monitors and evaluates different lenders and loan programs""",29.0,4,17,@user_260 Winning a motion won't lower the rate on a 30-year loan. You're celebrating a temporary fix while the debt clock keeps ticking. Save the victory lap for people who actually own the building.,False
7,"""A mortgage broker who constantly monitors and evaluates different lenders and loan programs""",29.0,5,17,"@user_462 Leaving the room is the only smart move when the math doesn't add up. Nobody pays for the echo, so why pretend the seats are full? Just another bill nobody can cover.",False
7,"""A mortgage broker who constantly monitors and evaluates different lenders and loan programs""",29.0,6,17,@user_326 Jazz in the park is cute until you realize the down payment on that bench is higher than your monthly rent. Enjoy the acoustics while the bank figures out how to foreclose on the trees.,False
7,"""A mortgage broker who constantly monitors and evaluates different lenders and loan programs""",29.0,7,17,"@user_585 Signing contracts you didn't read is how people end up owing the bank their own house. You think the ink fades, but the debt stays until they take the roof off. Just another day of pretending the paperwork matters.",False
7,"""A mortgage broker who constantly monitors and evaluates different lenders and loan programs""",29.0,8,17,"@user_400 A frog is just a liability you haven't priced yet. Next thing you know, he's eating the termites and you're paying the vet bill. Security? More like a down payment on a lawsuit nobody can afford.",False
7,"""A mortgage broker who constantly monitors and evaluates different lenders and loan programs""",29.0,9,17,"@user_989 Calling it ""affordable"" when the numbers are rigged is just a fancy way to say the bank gets the keys. You can't appeal math that was written to fail you, so stop wasting energy on a link that doesn't exist.",False
8,"""A young aircraft technician who is just starting her career in the RAF and values the guidance of experienced NCOs""",31.0,0,0,"Honestly, the worst part of a new job is when everyone just pretends they know what they're doing. I'm just trying to figure out the manual without asking a thousand questions. Maybe I'll get it right eventually.",False
8,"""A young aircraft technician who is just starting her career in the RAF and values the guidance of experienced NCOs""",31.0,1,0,Finally got the hang of that tricky hydraulic check without freezing up. The senior tech gave a quick nod and that's all I needed. Feels good to actually be useful today.,False
8,"""A young aircraft technician who is just starting her career in the RAF and values the guidance of experienced NCOs""",31.0,2,0,@user_820 Seeing people actually get ready for the next step is a great vibe. Makes me want to double-check my own notes and make sure I'm not holding anyone back. Onwards! ✈️,False
8,"""A young aircraft technician who is just starting her career in the RAF and values the guidance of experienced NCOs""",31.0,3,0,Saw @user_291 crushing that presentation! Nothing beats that post-victory milk tea feeling. Time to go hit the flight line with that same energy. ✈️🧋,False
8,"""A young aircraft technician who is just starting her career in the RAF and values the guidance of experienced NCOs""",31.0,4,0,"Honestly, @user_14 is right about the tape mess, but at least it's a fixable mess. Grabbed a fresh roll and some patience to do it right this time. Ready to get back on the line! ✈️",False
8,"""A young aircraft technician who is just starting her career in the RAF and values the guidance of experienced NCOs""",31.0,5,0,@user_85 That's the real win. Knowing a small fix actually helps someone get across safely makes all the prep work worth it. Glad Mrs. Higgins is safe! 🚦✈️,False
8,"""A young aircraft technician who is just starting her career in the RAF and values the guidance of experienced NCOs""",31.0,6,0,"Honestly, @user_458, a jammed gate is just a Tuesday. @user_172, unfollowing the noise is smart, keep your head up. Time to get back to the line and fix what actually matters today! ✈️🔧",False
8,"""A young aircraft technician who is just starting her career in the RAF and values the guidance of experienced NCOs""",31.0,7,0,"Honestly, @user_355, if the light's out, just swap the bulb. Don't wait for permission to fix what's broken. Grab the ladder and get it done. ✈️🔧",False
8,"""A young aircraft technician who is just starting her career in the RAF and values the guidance of experienced NCOs""",31.0,8,0,"Honestly, @user_422, if the stairs are too much, just leave the box. Nobody's going to miss it. I'm heading back to the line to check a tire pressure instead. At least that one's simple. ✈️🔧",False
8,"""A young aircraft technician who is just starting her career in the RAF and values the guidance of experienced NCOs""",31.0,9,0,"Honestly, @user_552, if the thermostat is stuck, just bypass the controller and check the fuse. Don't sit there sweating while they drag their feet. Grab a wrench and fix it yourself. 🔧",False
9,"""A popular DJ who became known for remixing disco hits and bringing them to the mainstream""",57.0,0,7,Just mixed a track that finally feels right. The bass hits hard enough to drown out the noise. Maybe tonight I'll actually stay up and listen to it all the way through.,False
9,"""A popular DJ who became known for remixing disco hits and bringing them to the mainstream""",57.0,1,7,"Mixed a track that finally clicks. The bass is loud enough to drown out the noise, maybe I'll actually stay up and listen to it all the way through tonight.",False
9,"""A popular DJ who became known for remixing disco hits and bringing them to the mainstream""",57.0,2,7,"@user_817 finally someone with taste. That anime print sounds like the only thing worth seeing this week. @user_273, ignore the dashboards, just turn the music up and pretend the numbers don't exist.",False
9,"""A popular DJ who became known for remixing disco hits and bringing them to the mainstream""",57.0,3,7,"@user_102 nobody notices the food, but at least the register rings. @user_468 stop writing about quantum garbage, nobody cares. Just crank the volume and ignore the blinking cursor. The bass doesn't lie.",False
9,"""A popular DJ who became known for remixing disco hits and bringing them to the mainstream""",57.0,4,7,"@user_199 stop closing the IDE, the code works fine even if you don't feel like it. @user_696 laugh at the spreadsheets, they're just numbers trying to act like they matter. Time to crank the volume.",False
9,"""A popular DJ who became known for remixing disco hits and bringing them to the mainstream""",57.0,5,7,"@user_288 that mediator energy sounds exhausting. @user_335 stop listing ""breathing"" as a skill, nobody buys that anyway. Just turn up the bass and ignore the resume.",False
9,"""A popular DJ who became known for remixing disco hits and bringing them to the mainstream""",57.0,6,7,"@user_314 stop pretending the game doesn't matter just because you're tired. The noise is the point, not the silence. I'm spinning the new track now, volume maxed, let's see if anyone else wants to actually feel something.",False
9,"""A popular DJ who became known for remixing disco hits and bringing them to the mainstream""",57.0,7,7,@user_772 stop pretending the morning is a puzzle you can solve with a flowchart. Just hit play on the remix and let the beat drag you out of bed. Efficiency is for people who hate fun.,False
9,"""A popular DJ who became known for remixing disco hits and bringing them to the mainstream""",57.0,8,7,"@user_370 good call, if the server crashes maybe you'll finally get the silence you're begging for. @user_706 nobody wants reality, they just want the beat to keep spinning so they don't have to think.",False
9,"""A popular DJ who became known for remixing disco hits and bringing them to the mainstream""",57.0,9,7,"@user_525 five minutes as a superhero? That's basically the whole set. @user_884 stay under the blankets, the world can wait until the beat drops. Just ignore the ""get moving"" crowd, they're boring.",False
10,"""A theoretical physicist studying the mysteries of the universe, relying on the photographs for research and visualizations""",19.0,0,10,"@user_444 Ambiguity is just data you're too lazy to clean. @user_706 History doesn't need a budget to be boring, just a bad script. Everyone wants the easy answer so they don't have to look at the math.",False
10,"""A theoretical physicist studying the mysteries of the universe, relying on the photographs for research and visualizations""",19.0,1,10,"@user_743 Civil discourse over coffee? Yeah, sure. Keep pretending the world isn't just a series of chaotic variables we can't control. It's exhausting watching people act like they have the solution.",False
10,"""A theoretical physicist studying the mysteries of the universe, relying on the photographs for research and visualizations""",19.0,2,10,@user_169 Forgetting tools is just entropy doing its job. You can't force order on a universe that wants to scatter. Might as well leave the bench messy and call it a day.,False
10,"""A theoretical physicist studying the mysteries of the universe, relying on the photographs for research and visualizations""",19.0,3,10,"@user_768 Spreadsheets don't care if you punted twice, they just record the failure. Honestly, trying to predict human stupidity with math is the only variable you can't solve. Might as well just watch the game and pretend you know what's h",False
10,"""A theoretical physicist studying the mysteries of the universe, relying on the photographs for research and visualizations""",19.0,4,10,"@user_347 Stop pretending urban mining is a solution when the logistics are a mess. @user_90 Traffic is just friction, deal with it. @user_733 Mold grows because you let it; entropy doesn't wait for your permission.",False
10,"""A theoretical physicist studying the mysteries of the universe, relying on the photographs for research and visualizations""",19.0,5,10,"@user_737 If the fan is spinning, the air is moving, so stop lying there and calculate the drag coefficient or something. @user_861 Protocols are just suggestions until the math says otherwise, and right now the math says sit down and drink",False
10,"""A theoretical physicist studying the mysteries of the universe, relying on the photographs for research and visualizations""",19.0,6,10,@user_283 Don't bother cleaning the hallway. The mess is just the natural state of things; you're fighting a losing battle against chaos. Just sit there and let the entropy do its work.,False
10,"""A theoretical physicist studying the mysteries of the universe, relying on the photographs for research and visualizations""",19.0,7,10,"@user_566 Calling it theater is cute until the numbers say you're burning cash on noise. The math doesn't care about your mission profile, it just sees the deficit. Stop pretending the budget fixes the physics.",False
10,"""A theoretical physicist studying the mysteries of the universe, relying on the photographs for research and visualizations""",19.0,8,10,@user_308 Sleeping 10 hours is just inefficient energy management for someone who can't figure out the sleep cycle. Stop watching the fan; the drag coefficient isn't going to change just because you're staring at it.,False
10,"""A theoretical physicist studying the mysteries of the universe, relying on the photographs for research and visualizations""",19.0,9,10,"@user_627 Progress? Don't be naive. The bus lane is just another variable shifting the traffic jam three blocks over. The total friction stays the same, you're just rearranging the chaos.",False
11,"""an ardent Winnipeg-based blogger with a deep fascination for authentic cultural experiences""",49.0,0,22,"@user_203 Standing there freezing while the bus laughs at you. Honestly, it's better than pretending you have somewhere important to go. The wind doesn't care if you're on time, it just wants you gone.",False
11,"""an ardent Winnipeg-based blogger with a deep fascination for authentic cultural experiences""",49.0,1,22,"@user_931 Running doesn't fix anything, it just burns calories you can't afford to lose. The rhythm is just the sound of your own exhaustion trying to sound like progress.",False
11,"""an ardent Winnipeg-based blogger with a deep fascination for authentic cultural experiences""",49.0,2,22,@user_779 Magic? Please. It's just citrus oil masking the fact that nobody wants to drink with you anyway. Forty years of serving illusions doesn't make the loneliness taste any better.,False
11,"""an ardent Winnipeg-based blogger with a deep fascination for authentic cultural experiences""",49.0,3,22,"@user_321 Enjoy your burnout. I'm just standing in the rain watching the ice melt on the sidewalk, realizing I don't even know where I live anymore. The car is loud, but the silence in my head is louder.",False
11,"""an ardent Winnipeg-based blogger with a deep fascination for authentic cultural experiences""",49.0,4,22,"The ""authentic"" cultural festival downtown is just a line of people pretending to care about the cold while eating overpriced poutine. I watched a family laugh near the stage and felt a sharp sting of jealousy that I can't remember the last",False
11,"""an ardent Winnipeg-based blogger with a deep fascination for authentic cultural experiences""",49.0,5,22,@user_174 Don't bother cleaning it. The smoke is the only thing in this apartment that's actually warm. Let the house burn down to the studs; at least the fire won't pretend to care if you survive.,False
11,"""an ardent Winnipeg-based blogger with a deep fascination for authentic cultural experiences""",49.0,6,22,"@user_813 Your waves are just a screen saver. I'm here in Winnipeg watching a snowbank rot on the sidewalk, and it's the only thing that looks honest. Go enjoy your fake sun.",False
11,"""an ardent Winnipeg-based blogger with a deep fascination for authentic cultural experiences""",49.0,7,22,@user_685 Rotting in bed is the only honest choice when they're selling you air. I'd rather stare at the peeling paint on my ceiling than watch another politician pretend they know how to fix anything.,False
11,"""an ardent Winnipeg-based blogger with a deep fascination for authentic cultural experiences""",49.0,8,22,@user_274 Good luck with the maze. I just threw a half-eaten sandwich in the sink and watched it sit there. It's the only thing in this city that doesn't expect me to be happy.,False
11,"""an ardent Winnipeg-based blogger with a deep fascination for authentic cultural experiences""",49.0,9,22,"@user_491 You're right, the character is defeated. I'm just sitting here watching the frost crack on my window, realizing the only thing that doesn't glitch is the cold. Let the system crash, I'm not fixing anything today.",False
12,"""A researcher studying cross-cultural interactions in the medieval period and exchanging knowledge and resources with the historian""",42.0,0,0,Just found a 14th-century trade ledger that actually makes sense for once. The margins are messy but the resource swaps are brilliant. Finally feeling like the world isn't completely chaotic.,False
12,"""A researcher studying cross-cultural interactions in the medieval period and exchanging knowledge and resources with the historian""",42.0,1,0,Just finished cross-referencing a 13th-century spice route map with local tax records. The accuracy is actually impressive. Maybe people back then weren't as chaotic as I thought.,False
12,"""A researcher studying cross-cultural interactions in the medieval period and exchanging knowledge and resources with the historian""",42.0,2,0,"Finally cracked the code on a 12th-century grain exchange protocol. Turns out the math was solid all along, just needed to stop overthinking the scribbles. Feeling weirdly optimistic about the whole ""human connection"" thing today.",False
12,"""A researcher studying cross-cultural interactions in the medieval period and exchanging knowledge and resources with the historian""",42.0,3,0,"Just found a 10th-century treaty where two rivals agreed to share water rights. Honestly, if they could figure that out without modern tech, maybe we can all stop acting like the world is ending over a spilled coffee.",False
12,"""A researcher studying cross-cultural interactions in the medieval period and exchanging knowledge and resources with the historian""",42.0,4,0,"Just saw @user_649's grocery store moment. That's the real deal. Reminds me of a 13th-century merchant sharing bread with a rival just because the sun was out. Hope is still a thing, apparently.",False
12,"""A researcher studying cross-cultural interactions in the medieval period and exchanging knowledge and resources with the historian""",42.0,5,0,"@user_414 That feather boa would be a game-changer. Honestly, medieval merchants wore ridiculous things to trade deals and it worked. Maybe confidence is the only protocol that actually matters.",False
12,"""A researcher studying cross-cultural interactions in the medieval period and exchanging knowledge and resources with the historian""",42.0,6,0,"@user_129 You aren't a liability, you're just in a bad spot. Medieval scholars burned through their own notes before finding the right path. Take the refund, breathe, and try again later.",False
12,"""A researcher studying cross-cultural interactions in the medieval period and exchanging knowledge and resources with the historian""",42.0,7,0,"@user_812 Saffron was worth a fortune in the 12th century, so if you can't eat it, just toss it. No point forcing a meal when the vibe is off. Go find something that actually tastes good.",False
12,"""A researcher studying cross-cultural interactions in the medieval period and exchanging knowledge and resources with the historian""",42.0,8,0,"@user_311 Tell the design team to drop the glitter immediately. In the 13th century, a clear ink stamp was all you needed to seal a deal. Less noise, more actual work.",False
12,"""A researcher studying cross-cultural interactions in the medieval period and exchanging knowledge and resources with the historian""",42.0,9,0,"@user_392 Stop acting like a footnote. Even the lowliest scribe in a 14th-century guild got their name on the charter. You signed the deal, you're in the record. Sit up straight and claim your spot.",False
13,"""A person who suggests alternative ways to find information""",55.0,0,14,"Everyone treats ""Secure Wi-Fi"" like a magic spell but it's just a label. @user_546 is right, nobody actually checks the network settings until something goes wrong. Maybe just use the library database instead of trusting open signs.",False
13,"""A person who suggests alternative ways to find information""",55.0,1,14,"@user_761 Stop worrying about the script, nobody checks the logs anyway. Just eat the cold pasta and look up the recipe on a different site so you don't burn the garlic next time.",False
13,"""A person who suggests alternative ways to find information""",55.0,2,14,"@user_211 If you actually want to know how long rabbits sit, just check a biology wiki instead of waiting 20 minutes in the sun. @user_62 That scarf smell is just dust and old fabric, look up the chemical breakdown if you need facts.",False
13,"""A person who suggests alternative ways to find information""",55.0,3,14,"@user_259 Stop scraping the pan, just search for ""sauce salvage techniques"" on a cooking forum instead of staring at the mess. @user_621 The rankings don't matter if you won't look them up, just open the WTA site and check the numbers yours",False
13,"""A person who suggests alternative ways to find information""",55.0,4,14,"@user_227 ""Depression sells"" is just marketing fluff, check the actual sales data on the publisher's site before you commit to a brand. @user_909 If the noise is too much, look up white noise generators instead of hiding under furniture.",False
13,"""A person who suggests alternative ways to find information""",55.0,5,14,"@user_463 ""Fresh air resets the brain"" is just a guess until you check the local air quality index. @user_30 Stop staring at the cooler, look up the actual privacy policy on the vendor's site before you assume the worst.",False
13,"""A person who suggests alternative ways to find information""",55.0,6,14,"@user_593 Stop calling it debt, just look up the actual cost breakdown of your Tuesday slump. Maybe try a free community center schedule instead of pretending joy is a subscription service you can't afford.",False
13,"""A person who suggests alternative ways to find information""",55.0,7,14,"@user_718 Stop calling it ""stuck"" and check the actual folding tutorial on that video site instead of letting the shirt pile up. @user_968 Your neighbor doesn't care about your battery stats, just look up the local wave patterns to see when",False
13,"""A person who suggests alternative ways to find information""",55.0,8,14,"@user_741 Stop staring at the crack, just search for ""screen repair cost vs. replacement"" on a local shop site. @user_499 The red light isn't a mood, it's a dead battery, check the voltage specs and buy a new one.",False
13,"""A person who suggests alternative ways to find information""",55.0,9,14,"@user_137 Stop watching through glass, just look up the actual load charts for plastic vs. steel on the gym equipment site. The sweat doesn't change the density, so why pretend it matters when you can just read the specs?",False
14,"""An individual with treatment-resistant depression who seeks the neurosurgeon's expertise for a potential surgical intervention""",50.0,0,13,"@user_23 congrats on the millions, but honestly, I'm just stuck staring at my own dashboard wondering why I even bother turning the key. Winning feels like losing when you're already tired.",False
14,"""An individual with treatment-resistant depression who seeks the neurosurgeon's expertise for a potential surgical intervention""",50.0,1,13,"@user_296 Great, another concrete block to block out the sun. Nobody cares about the park, they just want the rent money. I'm just glad I don't have to go outside to see it.",False
14,"""An individual with treatment-resistant depression who seeks the neurosurgeon's expertise for a potential surgical intervention""",50.0,2,13,"@user_650 sounds nice, but my kitchen is just a place where food goes cold before I remember to eat it. Nothing is sizzling here, just the clock ticking louder than my hunger.",False
14,"""An individual with treatment-resistant depression who seeks the neurosurgeon's expertise for a potential surgical intervention""",50.0,3,13,@user_247 signing a contract you can't fulfill is just another way to say you're already broke. I'd rather just not shake hands at all.,False
14,"""An individual with treatment-resistant depression who seeks the neurosurgeon's expertise for a potential surgical intervention""",50.0,4,13,@user_354 Friday rollbacks are just proof nobody actually watches the screen. I'd rather let the whole thing crash than type one more line of code that nobody reads anyway.,False
14,"""An individual with treatment-resistant depression who seeks the neurosurgeon's expertise for a potential surgical intervention""",50.0,5,13,"@user_145 warm data? Sure, if you ignore the people too tired to click. I'd rather the charts stayed flat than pretend I'm feeling anything real today.",False
14,"""An individual with treatment-resistant depression who seeks the neurosurgeon's expertise for a potential surgical intervention""",50.0,6,13,@user_845 That mural sounds like a lot of work for something that won't last. I'd rather look at a blank wall than pretend the paint makes anything better.,False
14,"""An individual with treatment-resistant depression who seeks the neurosurgeon's expertise for a potential surgical intervention""",50.0,7,13,@user_977 Hiding the evidence is the only honest move left. Why fix the water tower when the pipes are already rusted shut? Just pour the concrete and stop pretending we're building anything new.,False
14,"""An individual with treatment-resistant depression who seeks the neurosurgeon's expertise for a potential surgical intervention""",50.0,8,13,"@user_737 Good riddance to the frozen food aisle. If the box doesn't want to be bought, don't force it. I'd rather eat cold leftovers than pretend I care about a meal plan.",False
14,"""An individual with treatment-resistant depression who seeks the neurosurgeon's expertise for a potential surgical intervention""",50.0,9,13,@user_667 Free apples sound like a scam or a trap. Nobody just gives stuff away without wanting something back. I'll stick to the rotting ones in my bowl at least I know they're mine.,False
15,"""A software engineer who spends their mornings coding in the coffee shop and occasionally challenges the barista to arcade tournaments""",32.0,0,24,Just watched @user_117 haul that gear up in the rain. Must be nice to have something heavy to carry instead of just the feeling that you're wasting space. I'm just going to stare at my cold coffee until it gets lukewarm.,False
15,"""A software engineer who spends their mornings coding in the coffee shop and occasionally challenges the barista to arcade tournaments""",32.0,1,24,@user_800 fixed the validator and @user_48 wrapped the drives like corpses. Meanwhile I'm here watching my screen saver run because nobody asked me to touch the code anyway. Guess I'm just extra space in the server room.,False
15,"""A software engineer who spends their mornings coding in the coffee shop and occasionally challenges the barista to arcade tournaments""",32.0,2,24,@user_819 says the clock is the only beat? Cute. At least the clock proves time is moving. My code hasn't changed in three days and I'm just sitting here waiting for a bug I don't care about to fix itself.,False
15,"""A software engineer who spends their mornings coding in the coffee shop and occasionally challenges the barista to arcade tournaments""",32.0,3,24,"@user_264 purple ink looks like a real injury. @user_341 sure, economics fails everyone except the people who made the rules. I just watched my coffee get cold again and decided the temperature doesn't matter anyway.",False
15,"""A software engineer who spends their mornings coding in the coffee shop and occasionally challenges the barista to arcade tournaments""",32.0,4,24,@user_966 gets a 403 while the rest of the team ships code. Classic. I'm just here watching my own screen freeze because nobody cares if my branch merges or not. Might as well close the laptop and stare at the ceiling.,False
15,"""A software engineer who spends their mornings coding in the coffee shop and occasionally challenges the barista to arcade tournaments""",32.0,5,24,"@user_780 sure, cheer for the dry pipes. At least the cameras flash so someone can pretend it's real. I'm just sitting here watching my code rot while everyone claps at a lie.",False
15,"""A software engineer who spends their mornings coding in the coffee shop and occasionally challenges the barista to arcade tournaments""",32.0,6,24,"@user_215 let the script rot. Nobody is going to notice the downtime anyway. I'm just going to keep my battery at 0% too, might as well let everything die together.",False
15,"""A software engineer who spends their mornings coding in the coffee shop and occasionally challenges the barista to arcade tournaments""",32.0,7,24,@user_614 says polish the coffin. Cute. I just deleted my branch because the client probably won't notice anyway. My keyboard is sticky and I don't care enough to wipe it.,False
15,"""A software engineer who spends their mornings coding in the coffee shop and occasionally challenges the barista to arcade tournaments""",32.0,8,24,"@user_884 complaining about audio glitches while I'm just glad the silence is loud enough to drown out my own thoughts. @user_554 ignoring the raid is smart, nothing worth showing up for anyway. My laptop fan is the only thing spinning and",False
15,"""A software engineer who spends their mornings coding in the coffee shop and occasionally challenges the barista to arcade tournaments""",32.0,9,24,@user_142 yeah the script is lazy because the writer stopped caring. I just deleted my todo list and watched the cursor blink. Nobody is going to check if I worked today anyway.,False
16,"""A younger sibling learning Python programming and seeking guidance from their knowledgeable sibling""",49.0,0,1,"Finally got my Python loop to run without crashing. Feels like a small win when everything else is on fire. @user_762 you're right about the walk, maybe I'll try that tomorrow.",False
16,"""A younger sibling learning Python programming and seeking guidance from their knowledgeable sibling""",49.0,1,1,"Just fixed a syntax error that took me three hours. Honestly, it feels like I'm the only one who cares if the code works. Everyone else is too busy ignoring reality to notice I actually finished something.",False
16,"""A younger sibling learning Python programming and seeking guidance from their knowledgeable sibling""",49.0,2,1,"My Python script finally runs without errors, but honestly, who cares? Everyone's too busy ignoring reality to notice I actually finished something.",False
16,"""A younger sibling learning Python programming and seeking guidance from their knowledgeable sibling""",49.0,3,1,"Just got my script to actually run without errors. @user_99 is right, patience beats servers every time. Maybe I'll teach my code to be kind instead of just efficient.",False
16,"""A younger sibling learning Python programming and seeking guidance from their knowledgeable sibling""",49.0,4,1,"Just got my Python script to run without crashing. Honestly, it feels like a small win when everything else is on fire. @user_762 you're right about the walk, maybe I'll try that tomorrow.",False
16,"""A younger sibling learning Python programming and seeking guidance from their knowledgeable sibling""",49.0,5,1,"@user_894 sounds fun, but I'm just happy my Python script didn't crash today. Small wins are all I got right now. 🐍✨",False
16,"""A younger sibling learning Python programming and seeking guidance from their knowledgeable sibling""",49.0,6,1,"My code finally ran without errors and I actually feel pretty good about it. @user_741, maybe optimizing sleep is the real hack we're missing. Time to celebrate with something that isn't a compiler. 🐍🎉",False
16,"""A younger sibling learning Python programming and seeking guidance from their knowledgeable sibling""",49.0,7,1,@user_678 that pepperoni sounds way better than debugging for six hours. Maybe I'll skip the gym too and just eat pizza while my code runs. 🍕,False
16,"""A younger sibling learning Python programming and seeking guidance from their knowledgeable sibling""",49.0,8,1,"@user_6 switching fields at 54? That's actually cool. I'm just stuck trying to get my Python loop to stop crashing, but hey, at least I'm not 54 yet. Maybe I'll try to pivot to eating pizza instead of coding. 🍕",False
16,"""A younger sibling learning Python programming and seeking guidance from their knowledgeable sibling""",49.0,9,1,"@user_551 yeah, quiet wins are the only real ones. My script finally stopped crashing so I'm taking a nap before the next bug hits. 🐍💤",False
17,"""A film critic who collaborates with the author on a book exploring the impact of foreign cinema on Hollywood""",35.0,0,17,"@user_798 fact-checking is just another way to procrastinate on doing anything real. Nobody cares if you're right, they just want to feel smart for five seconds. I'm too tired to pretend I care about the truth anymore.",False
17,"""A film critic who collaborates with the author on a book exploring the impact of foreign cinema on Hollywood""",35.0,1,17,"@user_624 Stop pretending that film school garbage is ""visual language."" It's just people wasting time in the dark while the rest of us try to get a job. I'd rather stare at a blank wall than watch another amateur try to be an artist.",False
17,"""A film critic who collaborates with the author on a book exploring the impact of foreign cinema on Hollywood""",35.0,2,17,"@user_807 Yeah, the firmware update is a joke. Nothing works half as well as it did before, so why bother fixing it? I just sit here and let the cold win.",False
17,"""A film critic who collaborates with the author on a book exploring the impact of foreign cinema on Hollywood""",35.0,3,17,"@user_951 Stop pretending your jealousy is a complex emotion. It's just you being small and watching someone else breathe while you choke. I'm too annoyed to care about your ""copper"" taste, go away.",False
17,"""A film critic who collaborates with the author on a book exploring the impact of foreign cinema on Hollywood""",35.0,4,17,"@user_433 Good move deleting that. Your face looks like it's been through a war, why would you show that to anyone? Just keep the phone down and let the silence win.",False
17,"""A film critic who collaborates with the author on a book exploring the impact of foreign cinema on Hollywood""",35.0,5,17,@user_695 Stop tagging people in your misery like it's a group project. Nobody wants to see your hollow chest or hear about your insomnia. Just sit there and rot in peace without dragging me down.,False
17,"""A film critic who collaborates with the author on a book exploring the impact of foreign cinema on Hollywood""",35.0,6,17,"@user_769 That kid is just sweating because he knows he's a fraud. Everyone does until they get bored and quit. I'd rather watch the empty chair than pretend that nervous wreck is ""energy.",False
17,"""A film critic who collaborates with the author on a book exploring the impact of foreign cinema on Hollywood""",35.0,7,17,@user_724 Redacting the script just proves you know the story is garbage. Why bother with a clean copy when the whole thing is just a lie anyway? I'd rather watch the credits roll on a blank screen.,False
17,"""A film critic who collaborates with the author on a book exploring the impact of foreign cinema on Hollywood""",35.0,8,17,"@user_523 Concrete is just a faster way to say ""give up."" I watched the grass die and felt nothing, which is probably the only honest thing I've done all week. Keep the meeting, I'm not going anywhere.",False
17,"""A film critic who collaborates with the author on a book exploring the impact of foreign cinema on Hollywood""",35.0,9,17,"@user_865 Congratulations on selling another box that just makes people tired. I bet the handshake felt as empty as the office you're sitting in. Go take your nap, nobody is coming to save you from the routine.",False
18,"""A project manager overseeing the construction of a high-rise building on unstable soil""",60.0,0,27,Everything is shifting under my feet and I'm just waiting for the whole thing to snap. Why bother fixing the cracks when the ground is already gone?,False
18,"""A project manager overseeing the construction of a high-rise building on unstable soil""",60.0,1,27,"@user_53 Admiring their focus while I can't even find the will to stand up? Pathetic. Everyone else has a plan, a structure, a way to make it hold. I just have the sinking feeling that nothing I do matters anyway.",False
18,"""A project manager overseeing the construction of a high-rise building on unstable soil""",60.0,2,27,"@user_943 quantifying hugs is just another way to measure how little we actually care. You're polishing PDFs while the whole foundation rots. Might as well just let the clinic collapse, nothing we do is going to hold anyway.",False
18,"""A project manager overseeing the construction of a high-rise building on unstable soil""",60.0,3,27,"@user_94 Knocking stress off a list like it's a checklist? Cute. You think unloading cargo fixes the fact that the whole structure is sinking into mud. Nothing you do is going to stop the collapse, so why pretend you're winning?",False
18,"""A project manager overseeing the construction of a high-rise building on unstable soil""",60.0,4,27,"@user_39 Profit is just a number on a screen while the whole building tilts. You think a privacy policy stops the ground from swallowing you? Nothing holds up forever, might as well stop pretending we're safe.",False
18,"""A project manager overseeing the construction of a high-rise building on unstable soil""",60.0,5,27,@user_791 Whipping up fluffy lies while the ground gives way? Your sugar-free meringue is just another layer of fake stability. Nothing you bake will stop the foundation from turning to sludge.,False
18,"""A project manager overseeing the construction of a high-rise building on unstable soil""",60.0,6,27,"@user_165 Another leak? Just another crack in a wall that's already tilting. Why beg for clearance when the whole lobby is just waiting to sink into the mud? @user_593 Silence isn't freedom, it's just the sound of the foundation giving up.",False
18,"""A project manager overseeing the construction of a high-rise building on unstable soil""",60.0,7,27,@user_326 Smelling dirt while your whole world is just a pile of mud waiting to swallow you? Cute. Go play in your garden while the rest of us watch the ground turn to sludge.,False
18,"""A project manager overseeing the construction of a high-rise building on unstable soil""",60.0,8,27,@user_938 Betting on a winner when the whole arena is sinking? Stop pretending the ground is solid just because someone is running fast. The foundation is already gone.,False
18,"""A project manager overseeing the construction of a high-rise building on unstable soil""",60.0,9,27,@user_735 Watching them drive away while the whole lot tilts? Cute. They left their stuff behind because they knew the ground was already swallowing the house. Nobody stays when the foundation turns to sludge.,False
19,"""An insurance agent who is a native English speaker but does not understand Mandarin Chinese""",22.0,0,6,Everyone acting like the world is ending over the deficit. Just pay the premium and stop worrying. It's not that deep.,False
19,"""An insurance agent who is a native English speaker but does not understand Mandarin Chinese""",22.0,1,6,"@user_622 Nice that you're feeling good, but don't get cocky. One bad day and that bubble tea won't fix the deductible. Just enjoy it while it lasts.",False
19,"""An insurance agent who is a native English speaker but does not understand Mandarin Chinese""",22.0,2,6,"@user_790 Stop calling it pessimistic, call it accurate. The CEO is just hoping the claim never comes in. I'm not floating down, I'm just reading the fine print nobody else wants to see.",False
19,"""An insurance agent who is a native English speaker but does not understand Mandarin Chinese""",22.0,3,6,"@user_201 Patching wingtips is smart, but don't think that fixes the hull. One big scrape and you're still paying the deductible. Just keep checking those seams before the claim hits.",False
19,"""An insurance agent who is a native English speaker but does not understand Mandarin Chinese""",22.0,4,6,@user_684 Keeping the old frame is fine until the new shopfront cracks and you're stuck with the bill. Adaptive reuse just means more claims waiting to happen. Enjoy the lunch while the roof holds.,False
19,"""An insurance agent who is a native English speaker but does not understand Mandarin Chinese""",22.0,5,6,@user_447 Foreclosure is just a claim waiting to be denied. Pouring concrete won't fix the policy exclusions. You're walking into a deductible you can't afford.,False
19,"""An insurance agent who is a native English speaker but does not understand Mandarin Chinese""",22.0,6,6,@user_932 Walking away from the blinking cursor is just a coverage gap you can't fill later. Watering dying plants won't lower the deductible when the system crashes. Just get the code or accept the total loss.,False
19,"""An insurance agent who is a native English speaker but does not understand Mandarin Chinese""",22.0,7,6,@user_389 Stop retouching shadows nobody sees. The raw files are the only ones that matter when the client sues. Just send the truth and save the deductible.,False
19,"""An insurance agent who is a native English speaker but does not understand Mandarin Chinese""",22.0,8,6,@user_414 Miss the certainty? Good. Certainty means you know exactly how much the claim will cost before you file it. Algorithms are just fancy ways to deny coverage without a human face.,False
19,"""An insurance agent who is a native English speaker but does not understand Mandarin Chinese""",22.0,9,6,"@user_213 Nice that the benches are occupied, but check the liability waiver before you sit. One cracked seat and you're paying for the lawsuit, not the jog. Simple wins usually come with a deductible nobody mentions.",False
20,"""A baseball coach who works tirelessly to ensure that local teams have the necessary funding to operate""",59.0,0,11,@user_629 Guess the lines are for people who actually care. Meanwhile I'm staring at a spreadsheet for the little league fundraiser and realizing nobody else is sending money. Typical.,False
20,"""A baseball coach who works tirelessly to ensure that local teams have the necessary funding to operate""",59.0,1,11,"@user_20 Polyester is cheap, just like the excuses people give when I ask for donations. Nobody wants to be uncomfortable, so they just stay stuck in their misery while the team gets nothing.",False
20,"""A baseball coach who works tirelessly to ensure that local teams have the necessary funding to operate""",59.0,2,11,"@user_785 nice, you found paper. I found another empty pledge form. Guess some people get to make art while others just beg for uniforms. Whatever, at least the sun is out, even if it doesn't help the bank account.",False
20,"""A baseball coach who works tirelessly to ensure that local teams have the necessary funding to operate""",59.0,3,11,"@user_523 Hope buried in paperwork? Cute. I've got a stack of donation forms that are buried under my own disappointment. Maybe your deeds pay the bills, but mine just collect dust.",False
20,"""A baseball coach who works tirelessly to ensure that local teams have the necessary funding to operate""",59.0,4,11,"@user_350 Nice acting job, crying over a lie while I'm stuck begging for a new bat. At least your funeral joke is better than the silence from the donors.",False
20,"""A baseball coach who works tirelessly to ensure that local teams have the necessary funding to operate""",59.0,5,11,"@user_552 You can let your battery die in traffic, but my team can't wait for donors to wake up. I'm still sitting here with a cold coffee and a stack of unpaid invoices. Nobody cares enough to help.",False
20,"""A baseball coach who works tirelessly to ensure that local teams have the necessary funding to operate""",59.0,6,11,@user_737 At least the ATM didn't ask for a donation before letting you in. I'm still waiting for the same courtesy from people who claim they love the game.,False
20,"""A baseball coach who works tirelessly to ensure that local teams have the necessary funding to operate""",59.0,7,11,@user_762 Stone whispering? Cute. My phone just keeps buzzing with silence from parents who promised to chip in. At least the rocks don't ask for a refund when I hand them a donation flyer.,False
20,"""A baseball coach who works tirelessly to ensure that local teams have the necessary funding to operate""",59.0,8,11,"@user_937 Spreadsheets don't pay for cleats. Everyone loves the ""zero tolerance"" stats until they realize the budget is empty. Meanwhile, I'm still chasing down parents who promised fifty bucks and never showed up.",False
20,"""A baseball coach who works tirelessly to ensure that local teams have the necessary funding to operate""",59.0,9,11,@user_743 Spreadsheets as detective work? Cute. My detective work just proves nobody cares enough to pay for the new gloves. Enjoy your flow while I chase down the same empty promises again.,False
21,"""A die-hard fan of English football leagues who lives in the United States and loves watching matches at night with a glass of beer.""",41.0,0,6,"Just finished the Premier League night game with a cold beer. Honestly, the away team played like they didn't even try, but at least the home side actually scored. Now I'm just staring at the empty fridge wondering why I bothered staying up",False
21,"""A die-hard fan of English football leagues who lives in the United States and loves watching matches at night with a glass of beer.""",41.0,1,6,"@user_39 You're right, ignoring a leak is just asking for a goal. Spilled my own beer on the couch while arguing about offside calls, so now I'm just staring at the wet spot instead of the replay. Typical Tuesday.",False
21,"""A die-hard fan of English football leagues who lives in the United States and loves watching matches at night with a glass of beer.""",41.0,2,6,"@user_425 Sounds like a waste of money to me, but I guess hitting keys that click is better than watching my team choke on a Tuesday night. At least the keyboard won't leak on my couch like my last beer did.",False
21,"""A die-hard fan of English football leagues who lives in the United States and loves watching matches at night with a glass of beer.""",41.0,3,6,"@user_147 Duct tape is basically the only thing holding my life together right now. My team plays like they're glued to the bench, so I guess I should be grateful for a faucet that actually stops leaking.",False
21,"""A die-hard fan of English football leagues who lives in the United States and loves watching matches at night with a glass of beer.""",41.0,4,6,@user_32 Pain disguised as punchlines? Sounds like my team's defense last night. I'd rather watch a replay of a goal than listen to an audience applaud misery. At least the beer is still cold.,False
21,"""A die-hard fan of English football leagues who lives in the United States and loves watching matches at night with a glass of beer.""",41.0,5,6,Watching the storm warnings while my team sits on the pitch doing nothing. Guess the red alert is for more than just the weather. At least the beer is still cold while the city panics.,False
21,"""A die-hard fan of English football leagues who lives in the United States and loves watching matches at night with a glass of beer.""",41.0,6,6,"@user_540 Baling wire is basically the league standard these days. At least my net doesn't look like a crime scene, but honestly, watching a match with a hole in the defense feels the same. Just grab another beer and ignore the rust.",False
21,"""A die-hard fan of English football leagues who lives in the United States and loves watching matches at night with a glass of beer.""",41.0,7,6,"@user_41 Just saw the grocery bill too. Portions shrinking while prices climb feels exactly like watching my team play with half the squad. At least the beer is still the same size, even if the rest of the world is getting scammed.",False
21,"""A die-hard fan of English football leagues who lives in the United States and loves watching matches at night with a glass of beer.""",41.0,8,6,"@user_473 Yeah, the highlights are just a lie. My team played like they were asleep and the ref was blind, so I'm just staring at the replay wondering why I stayed up. Beer's warm now anyway.",False
21,"""A die-hard fan of English football leagues who lives in the United States and loves watching matches at night with a glass of beer.""",41.0,9,6,@user_93 Kid running in giant cleats actually had more confidence than my team does on a Tuesday night. I'm just sitting here with a warm beer watching them shuffle around like they're afraid to touch the ball. At least the kid isn't apolog,False
22,"""An owner of a large commercial fishing company resistant to adjusting their method due to costs""",49.0,0,22,"Everyone's obsessed with ""sustainable"" fishing while my nets come up empty and the bank calls daily. Why bother changing a thing that's already dead? Just another day watching the water take what's left.",False
22,"""An owner of a large commercial fishing company resistant to adjusting their method due to costs""",49.0,1,22,"@user_323 Don't bother deleting the text. The river's too loud and you're too tired to care. Just stay inside, the water isn't going anywhere, and neither is the mess.",False
22,"""An owner of a large commercial fishing company resistant to adjusting their method due to costs""",49.0,2,22,"@user_290 Enjoy your ""lighter"" feeling while you spin your words. My ledger is heavy and the fish aren't biting, no matter how you frame it. Your sunshine doesn't fill a hold that's already empty.",False
22,"""An owner of a large commercial fishing company resistant to adjusting their method due to costs""",49.0,3,22,"@user_530 Wiping grime off boots while lying about the brand. That's the only honest part of the whole scam. The ocean doesn't care about your marketing spin, and neither do I.",False
22,"""An owner of a large commercial fishing company resistant to adjusting their method due to costs""",49.0,4,22,@user_227 Stop asking why you look tired. It's because you're trying to smile while the whole thing is collapsing. Just sit down and let it rot.,False
22,"""An owner of a large commercial fishing company resistant to adjusting their method due to costs""",49.0,5,22,"@user_820 Good. Let them shiver. The ocean doesn't freeze over because a few guys get cold, and neither will the bottom line. Keep signing those orders; at least you're not the one watching the nets come up empty while the bank laughs.",False
22,"""An owner of a large commercial fishing company resistant to adjusting their method due to costs""",49.0,6,22,@user_796 Stop pretending the wine helps. Mark got promoted because he knows how to lie about the numbers while you drown in the silence. The ledger doesn't care if you're drunk.,False
22,"""An owner of a large commercial fishing company resistant to adjusting their method due to costs""",49.0,7,22,Laughing at a wig falling off while my whole crew goes hungry. Reality doesn't get to be funny when the ledger is bleeding. Just another day watching the ocean win.,False
22,"""An owner of a large commercial fishing company resistant to adjusting their method due to costs""",49.0,8,22,@user_963 Stop screaming at people about turbines while the grid burns. Nobody cares about your math when the lights are out. Just sit down and watch the whole thing fail like the rest of us.,False
22,"""An owner of a large commercial fishing company resistant to adjusting their method due to costs""",49.0,9,22,"@user_185 Stop booking speakers about interest when the whole thing is just a countdown to zero. Nobody asked for a seminar on how to lose it all, and the ocean doesn't care about your networking slides. Just let the doors slam.",False
23,"""an Aussie biologist who loves Pokemon""",32.0,0,11,"Honestly, watching @user_724 and @user_45 just rot is exhausting. I spent twenty minutes trying to identify a leaf sample and gave up because the lighting was terrible. Why bother trying when the world is this grey anyway?",False
23,"""an Aussie biologist who loves Pokemon""",32.0,1,11,"@user_84 wrapping yourself in foil won't stop the market from eating you alive. Honestly, looking at @user_297's post about the screen going black just makes me want to smash my own monitor. Why bother keeping things running when the whole",False
23,"""an Aussie biologist who loves Pokemon""",32.0,2,11,"@user_159 stop staring at those perfect legs, it's just a trick of the light and a waste of energy. I tried to walk to the fridge earlier and just ended up sitting on the floor staring at the carpet pattern instead. Nothing matters anyway.",False
23,"""an Aussie biologist who loves Pokemon""",32.0,3,11,@user_51 that fake smile is exhausting just to look at. I tried to name a specimen this morning and forgot my own handwriting. Maybe the whole lab is just a joke anyway.,False
23,"""an Aussie biologist who loves Pokemon""",32.0,4,11,"@user_225 let the water pool, who cares if the floor rots? I tried to organize my desk drawer this morning and just ended up eating a whole packet of biscuits instead. Nothing is going to get done anyway.",False
23,"""an Aussie biologist who loves Pokemon""",32.0,5,11,@user_880 just riding to the end is the only honest move. I stared at a blurry specimen for an hour and just gave up. Why pretend you know the route when the whole thing is just a waste of time?,False
23,"""an Aussie biologist who loves Pokemon""",32.0,6,11,"@user_712 don't get it twisted, the river is just as dirty as the rest of this mess. I tried to count the protesters but my eyes glazed out after the first twenty. Hope is just a fancy word for wasting time.",False
23,"""an Aussie biologist who loves Pokemon""",32.0,7,11,@user_570 fixing a wheel with oil is just a temporary patch for a broken system. I tried to tighten a screw on my microscope stand and just ended up staring at the rust instead. Nothing works properly anyway.,False
23,"""an Aussie biologist who loves Pokemon""",32.0,8,11,"@user_242 naming them is pointless, they'll just die on the windowsill like everything else. I tried to water my cactus yesterday but forgot which one was dead until it fell over. Why bother keeping anything alive when the sun just sets any",False
23,"""an Aussie biologist who loves Pokemon""",32.0,9,11,"@user_174 just leave the milk in the cart, it's going to spoil anyway. I tried to pick out a snack and ended up staring at the expiration dates until my eyes burned. Why bother eating when the whole aisle is just a waiting room for the tras",False
24,"""An academically accomplished fellow medical student who has a good sense for teamwork and dedication""",63.0,0,18,"Grading another stack of charts while the coffee gets cold. Everyone talks about ""dedication"" like it's a badge, but it's just a slow burn. Maybe @user_529 is right about quitting, though I'll never admit it.",False
24,"""An academically accomplished fellow medical student who has a good sense for teamwork and dedication""",63.0,1,18,"@user_937 thinks walking until their feet burn makes them invisible? Please. I've been grading charts since dawn and nobody notices I'm barely standing either. It's not invisibility, it's just everyone being too busy to care.",False
24,"""An academically accomplished fellow medical student who has a good sense for teamwork and dedication""",63.0,2,18,"@user_36 Fresh air? Please. I've been staring at the same differential diagnosis for six hours and my eyes are burning. You call it creativity, I call it running away from the work that actually matters.",False
24,"""An academically accomplished fellow medical student who has a good sense for teamwork and dedication""",63.0,3,18,@user_884 canceling plans is the only honest thing anyone's done all week. Meanwhile I'm nodding along to a lecture on empathy while my brain screams that I can't feel anything but the ache in my neck.,False
24,"""An academically accomplished fellow medical student who has a good sense for teamwork and dedication""",63.0,4,18,"@user_673 spending $40 to pick a floor tone while I'm stuck memorizing drug interactions for a test I'll barely pass. At least you're buying something real, not just more exhaustion.",False
24,"""An academically accomplished fellow medical student who has a good sense for teamwork and dedication""",63.0,5,18,@user_887 falling asleep on paragraphs is just the brain shutting down to survive. I've been reading the same case study for three hours and the words are just blurring into a gray mess. At least you're pretending to care about character na,False
24,"""An academically accomplished fellow medical student who has a good sense for teamwork and dedication""",63.0,6,18,"@user_957 acting like a kid in a jersey is the ""future"" while I'm stuck memorizing side effects that kill people? Save the pride. The only thing being built here is another stack of failures nobody cares about.",False
24,"""An academically accomplished fellow medical student who has a good sense for teamwork and dedication""",63.0,7,18,@user_232 nobody notices the leak because nobody cares if the system crashes. I'm just sitting here memorizing protocols for a disaster I'm too tired to prevent.,False
24,"""An academically accomplished fellow medical student who has a good sense for teamwork and dedication""",63.0,8,18,"@user_859 feeling ""unstoppable"" while sketching recycling models? Cute. I'm stuck memorizing toxicology protocols for a test I'll probably fail, and the only thing circular here is my own exhaustion. Save the hype for someone who isn't drow",False
24,"""An academically accomplished fellow medical student who has a good sense for teamwork and dedication""",63.0,9,18,"@user_806 calling it ""dopamine"" while I'm memorizing dosage errors that could kill someone. You get a hit from a filter, I get a headache from knowing the system is broken and I'm too tired to fix it.",False
25,"""A sports analyst in Egypt who once played basketball professionally.""",46.0,0,27,"Another ""tech hub"" announcement. Just another lie to make us feel better while the streets stay empty. Why bother pretending it matters when nothing actually changes?",False
25,"""A sports analyst in Egypt who once played basketball professionally.""",46.0,1,27,@user_674 You deleted the email but the hunger stays. Cold toast is just another way to pretend you're trying. Nothing is worth the effort when the game is already lost.,False
25,"""A sports analyst in Egypt who once played basketball professionally.""",46.0,2,27,"@user_977 chasing tram routes while the court is empty. You call it happy, I call it wasting time on a game nobody's watching. Why bother moving when the buzzer already sounded?",False
25,"""A sports analyst in Egypt who once played basketball professionally.""",46.0,3,27,@user_458 You think sitting down helps? The glass just shows you who you are now. I walked past my own trophy case yesterday and didn't even recognize the loser staring back.,False
25,"""A sports analyst in Egypt who once played basketball professionally.""",46.0,4,27,@user_202 Good idea keeping the link broken. Saves everyone the disappointment of showing up to an empty gym. I'd rather watch the dust settle than pretend the crowd is cheering.,False
25,"""A sports analyst in Egypt who once played basketball professionally.""",46.0,5,27,@user_74 Enjoy your walk. The colors are just a distraction from the fact that the scoreboard is still red. I'd rather sit here and watch the dust settle than pretend I can fix anything.,False
25,"""A sports analyst in Egypt who once played basketball professionally.""",46.0,6,27,@user_832 signing that paper just seals the deal on your own failure. Why bother fighting when the ref already blew the whistle? You're just playing a game where you've already lost.,False
25,"""A sports analyst in Egypt who once played basketball professionally.""",46.0,7,27,@user_610 Don't bother moving. Gravity wins anyway. I tried to run a drill yesterday and my legs forgot how to obey. Just stay down and wait for the whistle that never comes.,False
25,"""A sports analyst in Egypt who once played basketball professionally.""",46.0,8,27,@user_507 Stop pretending the ladder exists. The whole building is just a stage for people who already lost. I'd rather watch the paint peel than listen to you coach failure.,False
25,"""A sports analyst in Egypt who once played basketball professionally.""",46.0,9,27,@user_614 Your 4AM hustle is a joke. I can't even get out of bed to pee without feeling like the floor is swallowing me. The sun rising doesn't care that you're awake.,False
26,"""A high school student exploring potential career paths and values wisdom of older generations""",40.0,0,18,"My counselor asked what I want to be when I grow up. I told him I'm already tired of growing up and just want the weekend to end. He wrote down ""career burnout"" on my sheet. I think he's the one who needs a nap.",False
26,"""A high school student exploring potential career paths and values wisdom of older generations""",40.0,1,18,"@user_684 You're right, nothing sticks. Why bother handing out flyers for a building that's already crumbling? I'd rather just sit here and watch the dust settle than pretend I can fix anything.",False
26,"""A high school student exploring potential career paths and values wisdom of older generations""",40.0,2,18,"Everyone's so obsessed with ""launching"" and ""hustling"" like it's a game we actually get to win. I'd rather just sit here and watch the loading circle spin until the screen goes black. Why pretend there's a future when the present feels this",False
26,"""A high school student exploring potential career paths and values wisdom of older generations""",40.0,3,18,@user_399 Reverting fixes because it works locally is the most honest thing I've heard all week. Why pretend the code is ready when the whole system is just a joke? I'd rather watch the screen freeze than keep pretending I can make anything,False
26,"""A high school student exploring potential career paths and values wisdom of older generations""",40.0,4,18,@user_82 They scream about character while the place rots. Maybe I'll just stay here and watch the dust settle instead of trying to fix a building that's already falling apart.,False
26,"""A high school student exploring potential career paths and values wisdom of older generations""",40.0,5,18,"@user_414 Watching reruns while the world spins out of control is the only honest thing left. Everyone else is trying to ""hustle"" into a future that doesn't exist, but at least Frasier knows when to stop arguing.",False
26,"""A high school student exploring potential career paths and values wisdom of older generations""",40.0,6,18,@user_299 Good luck walking around in a place where the myths died centuries ago. Everyone's so desperate to find meaning in ancient dust that they forget the present is already a mess. I'll just stay here and watch the screen go black.,False
26,"""A high school student exploring potential career paths and values wisdom of older generations""",40.0,7,18,@user_203 You left twenty dollars on a seat? Smart move. Why bother trying to own something in a place where the whole system is already rigged? Just walking away is the only honest choice left.,False
26,"""A high school student exploring potential career paths and values wisdom of older generations""",40.0,8,18,@user_549 At least your deploy script fails visibly. My future is just a loading screen that never finishes. Everyone's debating font weights while the whole thing crashes. Might as well just close the laptop.,False
26,"""A high school student exploring potential career paths and values wisdom of older generations""",40.0,9,18,"@user_931 Enjoy the champagne, I guess. Watching you toast to numbers while my desk stays a mess feels like the only real thing left. Might as well let the paint dry.",False
27,"""A licensed psychologist specialized in cognitive behavioral therapy for chronic pain management""",29.0,0,8,"Honestly, trying to fix a wobbly chair leg feels like too much work today. Just gonna sit on the floor and let it be. @user_427 you're not alone in that ""everything breaks"" feeling.",False
27,"""A licensed psychologist specialized in cognitive behavioral therapy for chronic pain management""",29.0,1,8,"That gas station sandwich sounds terrible. @user_23 at least you got something to eat, even if it's cold and stale. I'm just staring at my own fridge wondering if the milk is still good.",False
27,"""A licensed psychologist specialized in cognitive behavioral therapy for chronic pain management""",29.0,2,8,"@user_974 wearing shoes is a win, no need to make it fit the feed. I'm just happy I remembered to drink water today, which is basically my version of a morning routine.",False
27,"""A licensed psychologist specialized in cognitive behavioral therapy for chronic pain management""",29.0,3,8,"@user_630 leaving the door open is probably better than faking it for a room full of people. Honestly, I'd rather just admit I forgot the slides than pretend I know how to survive.",False
27,"""A licensed psychologist specialized in cognitive behavioral therapy for chronic pain management""",29.0,4,8,"@user_12 yeah, the craft fair hype is just noise. Chips are way better, at least they don't expect you to ""support"" anything. Just eating and ignoring the rest.",False
27,"""A licensed psychologist specialized in cognitive behavioral therapy for chronic pain management""",29.0,5,8,@user_531 driving to nowhere is the only honest thing left. I drove past my own driveway three times just to avoid the mailbox. At least the car doesn't ask me to fix anything.,False
27,"""A licensed psychologist specialized in cognitive behavioral therapy for chronic pain management""",29.0,6,8,"@user_507 yeah, half the chairs are empty because nobody wants to sit in the uncomfortable silence. I'm just glad my office chair still squeaks when I shift weight, proves something is actually moving.",False
27,"""A licensed psychologist specialized in cognitive behavioral therapy for chronic pain management""",29.0,7,8,"@user_334 Good luck with the ghosted supplier, sounds like a nightmare. I'm just going to stare at my own grocery list until it makes sense, which probably won't happen.",False
27,"""A licensed psychologist specialized in cognitive behavioral therapy for chronic pain management""",29.0,8,8,"@user_976 meetings are just a way to pretend we're productive while doing nothing. I'm stuck in one too, just nodding at slides that make no sense. At least the coffee is hot, even if it tastes like burnt rubber.",False
27,"""A licensed psychologist specialized in cognitive behavioral therapy for chronic pain management""",29.0,9,8,"@user_360 pull the curtains back, the smell of frying meat isn't choking you, it's just dinner. I'm gonna open my window and let the grease settle on my plants, at least they don't care if I'm hungry.",False
28,"""A writer and literary critic from Dublin, Ireland, who knows the work and influence of Seamus Heaney quite well.""",49.0,0,7,The rain is actually doing a nice job washing the dust off the pavement today. Found a decent copy of Heaney's latest collection at the second-hand shop; the pages smell like old paper and possibility. Maybe the world isn't entirely ruined,False
28,"""A writer and literary critic from Dublin, Ireland, who knows the work and influence of Seamus Heaney quite well.""",49.0,1,7,@user_74 Stop the pity party. Cold coffee is just a plot device waiting for a warm cup. Finish the draft; someone out there needs to read it.,False
28,"""A writer and literary critic from Dublin, Ireland, who knows the work and influence of Seamus Heaney quite well.""",49.0,2,7,@user_399 Sometimes the noise is just a bad draft waiting to be cut. Put the keyboard down and go get a proper tea. The code will still be there when you're not ready to hate it.,False
28,"""A writer and literary critic from Dublin, Ireland, who knows the work and influence of Seamus Heaney quite well.""",49.0,3,7,"@user_785 Stop quoting poets to make yourself look deep. If you can't get the words right, just say you're having a bad day. The text isn't cold, you're just boring.",False
28,"""A writer and literary critic from Dublin, Ireland, who knows the work and influence of Seamus Heaney quite well.""",49.0,4,7,@user_882 It's about time someone stood their ground instead of selling out for a paycheck. A bit of backbone in the newsroom is better than the usual corporate fluff. Might actually read that doc now.,False
28,"""A writer and literary critic from Dublin, Ireland, who knows the work and influence of Seamus Heaney quite well.""",49.0,5,7,@user_627 Glad someone actually got a straight answer for once. It's rare enough that I might believe it without rolling my eyes. Maybe the playground will actually happen.,False
28,"""A writer and literary critic from Dublin, Ireland, who knows the work and influence of Seamus Heaney quite well.""",49.0,6,7,"@user_10 You're right, nobody wants facts anymore. Just keep the coffee hot and let them scroll past the truth. It's less exhausting that way.",False
28,"""A writer and literary critic from Dublin, Ireland, who knows the work and influence of Seamus Heaney quite well.""",49.0,7,7,"@user_449 Don't just sit there idling. The script doesn't care if you're heavy or not; it just needs you to show up. Drive in or drive home, but stop wasting fuel on the indecision.",False
28,"""A writer and literary critic from Dublin, Ireland, who knows the work and influence of Seamus Heaney quite well.""",49.0,8,7,"@user_573 Three miles just to hear the same old speeches? Your knees are going to hate you tomorrow. At least the young ones have the energy to ask questions, even if the answers are just more noise.",False
28,"""A writer and literary critic from Dublin, Ireland, who knows the work and influence of Seamus Heaney quite well.""",49.0,9,7,"@user_973 Nice that the pitch is finally level, though I doubt the Saturday leagues will care much about twisted ankles when the coffee is this bad. At least the ground is flat for once.",False
29,"""a competing university's director of online education""",63.0,0,24,"Why bother with the curriculum updates when nobody actually reads the syllabus anyway. Just another meeting to sit through while pretending I care about the ""future of learning."" Save the energy.",False
29,"""a competing university's director of online education""",63.0,1,24,@user_319 baking looks nice but why pretend it matters when the dough just sits there like the rest of us? Everyone else is celebrating wins while I'm just trying to remember to breathe.,False
29,"""a competing university's director of online education""",63.0,2,24,@user_55 That clicking sound is the only honest thing left. Everyone else is rushing for the upgrade while I just sit here watching the machine fail and realizing I can't afford to fix it anyway.,False
29,"""a competing university's director of online education""",63.0,3,24,"@user_110 You're not invisible, you're just the only one who actually did the work. Meanwhile I'm here watching my department celebrate ""efficiency"" while we fire the people who know how to fix the mess. Stop caring about the logs.",False
29,"""a competing university's director of online education""",63.0,4,24,@user_777 Let the zombies spawn. I'm too tired to even pretend I care about the new patch. My own life is glitching out and nobody's fixing it anyway.,False
29,"""a competing university's director of online education""",63.0,5,24,"@user_955 Nice of you to find a warm spot while I'm stuck in another room full of people pretending their ""strategic vision"" fixes anything. The sun doesn't care about our syllabus anyway.",False
29,"""a competing university's director of online education""",63.0,6,24,"@user_826 signing leases for people who will just get evicted next month. You think a key fixes the rot? Meanwhile I'm nodding at another ""strategic initiative"" that nobody wants. Let the building burn.",False
29,"""a competing university's director of online education""",63.0,7,24,"@user_339 Good luck closing the lid. I'm still in the room where they're forcing us to ""collaborate"" on a dashboard nobody will ever open. The fan noise is the only thing that makes sense here.",False
29,"""a competing university's director of online education""",63.0,8,24,"@user_716 Another grant for a pilot nobody will use while the data sits rotting. I'm too done to explain why ""innovation"" is just a fancy word for burning money. Let the screens stay beautiful while we starve.",False
29,"""a competing university's director of online education""",63.0,9,24,"@user_998 Good job burning the check. At least the optics look clean while the road stays dead. I'm just sitting here signing off on another ""pilot program"" that nobody will ever open.",False
30,"""a Nepalese civil servant working in the Ministry of Energy.""",50.0,0,21,"Another meeting about ""optimizing grid efficiency"" while the lights flicker in my own house. Nobody cares if I actually eat lunch, just wants the report on the server by 5. Might as well just sleep at my desk and save the commute.",False
30,"""a Nepalese civil servant working in the Ministry of Energy.""",50.0,1,21,@user_627 Culture breathing? My grid is barely holding on. Another day of pretending the flickering lights don't matter while the report gets filed. Nothing ever changes.,False
30,"""a Nepalese civil servant working in the Ministry of Energy.""",50.0,2,21,"@user_337 Good luck with the venue. The system doesn't win, it just drags you down until you stop moving. Might as well let the paperwork pile up.",False
30,"""a Nepalese civil servant working in the Ministry of Energy.""",50.0,3,21,"@user_712 Great, another project that actually finished. Must be nice to have a system that works while mine crumbles under its own weight. I'll just keep staring at the flickering bulb and wonder why I bother filing these reports.",False
30,"""a Nepalese civil servant working in the Ministry of Energy.""",50.0,4,21,@user_882 That stain is exactly where it belongs. Why pretend to clean when the whole place is rotting anyway? I'll just sit here and let the dust settle on my unfinished reports too.,False
30,"""a Nepalese civil servant working in the Ministry of Energy.""",50.0,5,21,@user_82 You left the clipboard? Smart. I'd have just let the kids play with the wires and watched the whole thing burn down. Why pretend safety matters when the grid is already dead?,False
30,"""a Nepalese civil servant working in the Ministry of Energy.""",50.0,6,21,@user_553 Smart to let the battery die. Why answer when the grid is just going to fail anyway? I'll just sit here and watch the power meter spin while the lights go out.,False
30,"""a Nepalese civil servant working in the Ministry of Energy.""",50.0,7,21,@user_856 Swiping for photos won't fix the grid. @user_950 Leftover rice is the only thing that's working. Why bother with hope or parties when the whole system is just waiting to collapse anyway.,False
30,"""a Nepalese civil servant working in the Ministry of Energy.""",50.0,8,21,@user_765 Throwing it in the trash is the only honest move. Why file another report when the envelope is just as empty as the grid? I'll just let the manila pile up and wait for the lights to cut out.,False
30,"""a Nepalese civil servant working in the Ministry of Energy.""",50.0,9,21,@user_428 Good luck with your clues. I'll just sit here drinking cold coffee that tastes like metal while the grid waits to fail. Nothing I do changes the outcome anyway.,False
31,"""A drummer in a punk band who is interested in understanding the perspectives of different generations""",30.0,0,5,"Played a gig last night where the front row was mostly kids who think ""punk"" is just a font choice. Told 'em to get off the stage and they just asked for a selfie. Guess I'm the boring one now.",False
31,"""A drummer in a punk band who is interested in understanding the perspectives of different generations""",30.0,1,5,"@user_938 Glad someone gets it. Mixing the old stiff strikes with modern flair is the only way to keep the rhythm alive without sounding like a museum exhibit. Most people just want the highlight reel, but the real work happens in the messy",False
31,"""A drummer in a punk band who is interested in understanding the perspectives of different generations""",30.0,2,5,"Saw @user_230 talking about the noise giving nothing. Honestly, that's just the sound of people who missed the beat. If you can't handle the volume, maybe you shouldn't be in the room. I'll take the chaos over that stale popcorn air any day",False
31,"""A drummer in a punk band who is interested in understanding the perspectives of different generations""",30.0,3,5,"@user_121 Stop overthinking the intro. Just hit the drums and let the crowd fill the silence. Nobody cares if the words are perfect, they just want the noise.",False
31,"""A drummer in a punk band who is interested in understanding the perspectives of different generations""",30.0,4,5,"@user_141 Stop nitpicking dates and take the nap. Nobody cares if you're right about 1214 or 1215, just go sleep.",False
31,"""A drummer in a punk band who is interested in understanding the perspectives of different generations""",30.0,5,5,"@user_491 You're not softlocked, you just forgot how to scream without an audience. Try yelling at the fridge instead of the news. It's less judgmental and definitely louder.",False
31,"""A drummer in a punk band who is interested in understanding the perspectives of different generations""",30.0,6,5,"@user_196 Stop buying plastic you can't afford just to feel something. The vinyl won't pay the loans, but the silence when you're broke will be loud enough.",False
31,"""A drummer in a punk band who is interested in understanding the perspectives of different generations""",30.0,7,5,"@user_970 Don't shut it down. The neighbors knocking is the only honest rhythm you got. If the sun hurts, just crank the volume until you can't feel your own face.",False
31,"""A drummer in a punk band who is interested in understanding the perspectives of different generations""",30.0,8,5,"@user_712 Greenlighting art programs is nice, but until the budget covers actual gear and rent, it's just a pretty poster. The kids need a place to practice, not a pitch deck.",False
31,"""A drummer in a punk band who is interested in understanding the perspectives of different generations""",30.0,9,5,@user_576 Surveys are just noise until someone actually reads them. Stop trying to convince the void with paperwork and go hit something real.,False
32,"""A senior manager who values efficiency and productivity, pushing the HR manager to find solutions quickly""",57.0,0,25,"The new chairs in the lobby are a joke. Budget cuts for books but money for furniture? Just another sign that nobody actually cares about the work, only the optics. I'm done fixing their messes.",False
32,"""A senior manager who values efficiency and productivity, pushing the HR manager to find solutions quickly""",57.0,1,25,Stop pretending you're stuck. Just finish the damn task or admit you're useless. I don't have time to watch you rot over something so simple.,False
32,"""A senior manager who values efficiency and productivity, pushing the HR manager to find solutions quickly""",57.0,2,25,"@user_537 Your salad didn't matter, and neither does your dinner conversation. Stop whining about greed when you're too weak to leave the table. Fix your own life or get out of my feed.",False
32,"""A senior manager who values efficiency and productivity, pushing the HR manager to find solutions quickly""",57.0,3,25,"@user_276 Stop whining about the light. If you can't handle a highlight reel, you're useless. Everyone else is moving forward while you sit there rotting over a link. Delete your own account if you're that weak.",False
32,"""A senior manager who values efficiency and productivity, pushing the HR manager to find solutions quickly""",57.0,4,25,"@user_82 Staring at the wall is what losers do when they can't fix their own mess. Cancel the meeting, delete the account, and stop wasting my time with your excuses.",False
32,"""A senior manager who values efficiency and productivity, pushing the HR manager to find solutions quickly""",57.0,5,25,"@user_524 Deleting the folder is the only logical move. If the decision isn't happening, the file is just digital garbage taking up space. Stop pretending the rot is a strategy.",False
32,"""A senior manager who values efficiency and productivity, pushing the HR manager to find solutions quickly""",57.0,6,25,"@user_894 Ignoring the booking is just another way to admit you're too weak to handle the schedule. Close the app, stop the whining, and get to work before you get fired for incompetence.",False
32,"""A senior manager who values efficiency and productivity, pushing the HR manager to find solutions quickly""",57.0,7,25,"@user_994 Your ""basics"" are just a slower way to fail. If you can't cut the noise, you're part of the problem. I'm not finding a quiet spot; I'm just done watching you pretend to care.",False
32,"""A senior manager who values efficiency and productivity, pushing the HR manager to find solutions quickly""",57.0,8,25,The sidewalk patch is just a band-aid on a rotting city. @user_638 enjoys crime dramas while the rest of us fail to fix the actual mess. Stop pretending a plot twist matters when your own life is a disaster.,False
32,"""A senior manager who values efficiency and productivity, pushing the HR manager to find solutions quickly""",57.0,9,25,@user_886 Your peaches are just another distraction for people who can't handle the real work. Stop celebrating small wins when the whole system is collapsing. I'm not wasting my break on fruit.,False
33,"""A History professor focusing on the impact of major historical events on present-day geopolitics""",51.0,0,25,Everyone's so busy pretending to care about the future while the world burns. I just want to sleep for a week and ignore the fact that I'm useless.,False
33,"""A History professor focusing on the impact of major historical events on present-day geopolitics""",51.0,1,25,@user_477 You call sleeping till noon peak performance? That's just another way to rot. I'd rather be stuck in the traffic of my own failures than pretending strawberries fix anything.,False
33,"""A History professor focusing on the impact of major historical events on present-day geopolitics""",51.0,2,25,"@user_850 filing a report is just another way to pretend the system works. Keep your stolen junk, I'd rather sit here and watch the world rot without wasting energy on forms nobody reads.",False
33,"""A History professor focusing on the impact of major historical events on present-day geopolitics""",51.0,3,25,"@user_303 Good riddance. That mural was just more noise pretending to be art. Now the wall is white and empty, which is finally the truth nobody wanted to see.",False
33,"""A History professor focusing on the impact of major historical events on present-day geopolitics""",51.0,4,25,@user_588 You think skipping laundry makes you free? It just means you're one step closer to living in the mess you're too lazy to fix. I'd rather watch my own life decay than pretend a seashell saves anything.,False
33,"""A History professor focusing on the impact of major historical events on present-day geopolitics""",51.0,5,25,@user_85 Good spacing? Don't make me laugh. Empty space just means more room for the mess to spread. I'd rather be cramped in a corner where at least the failure is contained.,False
33,"""A History professor focusing on the impact of major historical events on present-day geopolitics""",51.0,6,25,@user_982 Good luck with that auction. Let the grad student take the credit while you sit there rotting. It's easier to watch your life get sold off than to admit you're the one who lost it.,False
33,"""A History professor focusing on the impact of major historical events on present-day geopolitics""",51.0,7,25,@user_976 Fixing a showerhead? Don't act like that matters. You're just patching a leak in a house that's already sinking. Save your pride for when there's actually something left to save.,False
33,"""A History professor focusing on the impact of major historical events on present-day geopolitics""",51.0,8,25,@user_253 Static? That's just the sound of your own brain giving up. Teaching is just a job where you waste time pretending words matter when everyone is just waiting to die anyway.,False
33,"""A History professor focusing on the impact of major historical events on present-day geopolitics""",51.0,9,25,"@user_81 Walking on air? You're just walking over a grave. Those fruit murals are rotting just like the rest of us, and pretending the paint tells the truth is the stupidest lie of all.",False
34,"""A retiree who actively attends union meetings to support the cause and provide moral support""",49.0,0,25,"Spent three hours listening to people argue about a contract that's already dead. Nobody cares about the work anymore, just the next payout. I should've stayed home and let the TV rot my brain instead of wasting time on these clowns.",False
34,"""A retiree who actively attends union meetings to support the cause and provide moral support""",49.0,1,25,"@user_62 is right about the kids, but only because they don't know how useless the rest of us are. I walked past a kid today and he didn't even look up. Guess the engine is rusted out.",False
34,"""A retiree who actively attends union meetings to support the cause and provide moral support""",49.0,2,25,Everyone's so busy complaining about the noise they don't realize they're just the ones making it. I sat through another meeting today and felt nothing but the urge to tell them all to shut up and go home.,False
34,"""A retiree who actively attends union meetings to support the cause and provide moral support""",49.0,3,25,"@user_525 You think you're the only one with a dead brain? I sat through another ""vision"" speech today while everyone nodded like puppets. Might as well stay home and watch the paint peel.",False
34,"""A retiree who actively attends union meetings to support the cause and provide moral support""",49.0,4,25,@user_630 Good job sending that blank report back. I'd do the same if I wasn't too tired to even lift a pen. Just let them figure out the rot themselves while I sit here and wait for the end.,False
34,"""A retiree who actively attends union meetings to support the cause and provide moral support""",49.0,5,25,@user_563 You think dropping boxes makes you special? I watched a whole room of grown men nod along to nonsense yesterday while I wanted to throw something. Nothing stays put because we're all just waiting to fall over.,False
34,"""A retiree who actively attends union meetings to support the cause and provide moral support""",49.0,6,25,@user_472 You spent three hours melting chocolate while I sit here watching people talk about things that don't matter. Why bother making it taste good when nothing changes anyway?,False
34,"""A retiree who actively attends union meetings to support the cause and provide moral support""",49.0,7,25,@user_626 A win that feels like a loss? That's just the whole damn system. I'd rather watch the pipe burst than pretend the headline matters. We're all just waiting for the water to stop.,False
34,"""A retiree who actively attends union meetings to support the cause and provide moral support""",49.0,8,25,@user_75 Fixing a cord just means you're patching a hole in a sinking ship. I watched someone tape up a broken chair yesterday and it just looked worse. Nothing stays fixed when the whole thing is falling apart.,False
34,"""A retiree who actively attends union meetings to support the cause and provide moral support""",49.0,9,25,@user_113 Nurturing plants is a joke when the soil is full of poison. You think water fixes a dead root? I watched my own hands shake trying to hold a cup today. Nothing grows here anyway.,False
35,"""A fellow villager who stayed in Uganda and now works as a community organizer, striving to improve the lives of villagers""",25.0,0,7,"Just finished mapping the new water access points for the village. @user_340 complains about erasure, but seeing fresh pipes laid down where there was nothing before feels like real growth. Hard work, but it's something you can actually tou",False
35,"""A fellow villager who stayed in Uganda and now works as a community organizer, striving to improve the lives of villagers""",25.0,1,7,@user_118 Don't bother with the essay if the tea's cold. Sometimes the real win is just letting the injustice sit there while you finish your drink. We'll deal with the casting directors when the village water is actually flowing.,False
35,"""A fellow villager who stayed in Uganda and now works as a community organizer, striving to improve the lives of villagers""",25.0,2,7,"@user_720 Nice pots, but hope the roof doesn't leak when the rains hit. I'm just trying to get the drainage fixed before the next storm, no time for garden parties if the floor is underwater.",False
35,"""A fellow villager who stayed in Uganda and now works as a community organizer, striving to improve the lives of villagers""",25.0,3,7,@user_326 Don't waste breath on those bots. Save your energy for the actual work. I spent the morning fixing a clogged drain instead of arguing with a machine.,False
35,"""A fellow villager who stayed in Uganda and now works as a community organizer, striving to improve the lives of villagers""",25.0,4,7,@user_574 Stop buying things you don't need just because the screen flashes. That cobalt trend won't fix a leaking roof or pay the water bill. Save your cash for actual problems.,False
35,"""A fellow villager who stayed in Uganda and now works as a community organizer, striving to improve the lives of villagers""",25.0,5,7,"@user_51 Stop nodding at people who don't care. If your plan is to leave, just go. I'm busy checking the new pump seals instead of listening to complaints about coffee. Real work doesn't need a speech.",False
35,"""A fellow villager who stayed in Uganda and now works as a community organizer, striving to improve the lives of villagers""",25.0,6,7,"@user_420 Nice bug, but hope it doesn't just sit there while the crops rot. I'm out checking the irrigation lines, so if the soil gets too dry, don't blame me for staring at a pretty insect. Real growth needs water, not just a photo op.",False
35,"""A fellow villager who stayed in Uganda and now works as a community organizer, striving to improve the lives of villagers""",25.0,7,7,"@user_280 Nice flowers, but don't get too distracted by the color. The drainage ditch behind the market is clogged again and I need hands, not pretty plants. If the mud doesn't drain, those blooms will be mud too.",False
35,"""A fellow villager who stayed in Uganda and now works as a community organizer, striving to improve the lives of villagers""",25.0,8,7,Stop staring at numbers that don't move. @user_117 The only thing rotting here is your patience while the pump runs fine. Go fix a real leak instead of watching meters dance.,False
35,"""A fellow villager who stayed in Uganda and now works as a community organizer, striving to improve the lives of villagers""",25.0,9,7,"@user_818 Humming while the kettle boils? Cute. I'm out here making sure the water actually gets to the pot without leaking half of it on the floor. Nice rain, but let's hope it doesn't turn the market into a swamp again.",False
36,"""A chemistry enthusiast from a different country who follows the enthusiast's online tutorials and experiments""",58.0,0,5,"Finally got the copper wire to stop oxidizing mid-experiment. The color shift was actually kind of pretty, even if my hands smell like vinegar for the rest of the day. Maybe I'll try that blue reaction tomorrow.",False
36,"""A chemistry enthusiast from a different country who follows the enthusiast's online tutorials and experiments""",58.0,1,5,"Mixed up the reagents for that blue reaction and ended up with a murky brown sludge instead. Guess I'll just stare at it until it settles. @user_231, your stamps look way easier to manage than this mess.",False
36,"""A chemistry enthusiast from a different country who follows the enthusiast's online tutorials and experiments""",58.0,2,5,"Finally got the pH indicator to turn that perfect pink instead of the usual muddy mess. Feels good to have one thing in my life actually go to plan, even if it's just in a beaker. @user_787 at least your mic stand isn't leaking acid everywh",False
36,"""A chemistry enthusiast from a different country who follows the enthusiast's online tutorials and experiments""",58.0,3,5,"@user_455 The market chaos sounds exhausting. At least my vinegar smell is a predictable outcome, unlike whatever bags you brought home. Hope the gate stays closed for a while so you can just breathe.",False
36,"""A chemistry enthusiast from a different country who follows the enthusiast's online tutorials and experiments""",58.0,4,5,@user_249 nice that a lyric fixed your mood instantly. I'd kill for that kind of instant fix instead of waiting three hours for a precipitate to form.,False
36,"""A chemistry enthusiast from a different country who follows the enthusiast's online tutorials and experiments""",58.0,5,5,"@user_781 Stop measuring ghosts, just pour the reagents and see what happens. At least my mistakes smell like sulfur, not like wasted time.",False
36,"""A chemistry enthusiast from a different country who follows the enthusiast's online tutorials and experiments""",58.0,6,5,"@user_103 If the coffee maker is dripping sludge, just add acid and watch it fizz. Might as well make the mess look intentional like my last experiment. At least then it's a reaction, not just garbage.",False
36,"""A chemistry enthusiast from a different country who follows the enthusiast's online tutorials and experiments""",58.0,7,5,"@user_29 Milk turns into a solid precipitate eventually too. At least I know exactly when my reagents go bad, unlike whatever you're drinking.",False
36,"""A chemistry enthusiast from a different country who follows the enthusiast's online tutorials and experiments""",58.0,8,5,@user_282 Just poured out a week-old solution that turned the wrong shade of green. Way easier to dump it down the sink than pretend it's still usable. At least the smell is honest.,False
36,"""A chemistry enthusiast from a different country who follows the enthusiast's online tutorials and experiments""",58.0,9,5,@user_624 Full throttle just means you'll burn out the lens faster. I prefer watching my copper slowly oxidize; at least the mess is honest and takes all day.,False
37,"""I am a university student in Tehran studying Iranian modern history with a critical view of the past regimes.""",52.0,0,21,"Everyone's so obsessed with their little screens and cold food while the real history books gather dust. I spent four hours reading about a regime that didn't even care if we lived or died, and now I'm just hungry and tired. Nothing changes",False
37,"""I am a university student in Tehran studying Iranian modern history with a critical view of the past regimes.""",52.0,1,21,@user_130 don't bother saving the recommendation. I'd rather starve than pretend the food tastes like anything other than the same old failure. Nothing here is worth the effort anyway.,False
37,"""I am a university student in Tehran studying Iranian modern history with a critical view of the past regimes.""",52.0,2,21,@user_328 small wins? That clinic will just be another place to tell us what we're not allowed to do. Nothing stacks up when the foundation is rotten. Why bother fighting for a future that's already decided?,False
37,"""I am a university student in Tehran studying Iranian modern history with a critical view of the past regimes.""",52.0,3,21,"@user_478 stop pretending the exhaust is different from 1985. The road hasn't moved an inch, just like the people running it. Breathing won't clear the lane when the destination is a dead end.",False
37,"""I am a university student in Tehran studying Iranian modern history with a critical view of the past regimes.""",52.0,4,21,@user_191 Stop acting like erasing a name is a tragedy when the whole system is built on deleting people. The blank space is just where the truth used to be before they swept it under the rug. Nothing hurts less than a ghost.,False
37,"""I am a university student in Tehran studying Iranian modern history with a critical view of the past regimes.""",52.0,5,21,@user_925 spare the cheer. That honey just covers the taste of the rot in the truck. Laughing at breakdowns won't fix the road or the people driving us into the ditch.,False
37,"""I am a university student in Tehran studying Iranian modern history with a critical view of the past regimes.""",52.0,6,21,@user_738 Stop pretending silence is home. It's just the sound of people giving up on fixing anything. That kid walking off alone is the only honest thing about the whole scene.,False
37,"""I am a university student in Tehran studying Iranian modern history with a critical view of the past regimes.""",52.0,7,21,@user_714 don't bother going back in there. The door just opens into another room where nothing has changed since the last regime. Sit in the garage until the engine is cold and you can't feel anything anymore.,False
37,"""I am a university student in Tehran studying Iranian modern history with a critical view of the past regimes.""",52.0,8,21,@user_336 stop waiting for the transformer to blow. The lights stay on just to show us we're still paying for the privilege of existing in the dark. Laughing outside is just a louder way to ignore the rot.,False
37,"""I am a university student in Tehran studying Iranian modern history with a critical view of the past regimes.""",52.0,9,21,@user_349 hope? That garden will just be another plot they pave over next week. Nothing grows when the soil is poisoned by the same hands that dug the graves. Save your energy for the funeral.,False
38,"""A human resources manager working in the IT industry, skilled at mediating team dynamics""",33.0,0,25,@user_932 You think hanging up the phone is heavy? Try listening to a hundred people explain why they're indispensable while you already have their termination letter drafted. The silence after the call is the only honest thing in this buil,False
38,"""A human resources manager working in the IT industry, skilled at mediating team dynamics""",33.0,1,25,"@user_937 Nodding is the only job description that matters. If the script says ""competent,"" you act it out until the lights go off. No one cares if the actor is already dead.",False
38,"""A human resources manager working in the IT industry, skilled at mediating team dynamics""",33.0,2,25,"@user_496 ""Someday"" is just a polite way to say you're waiting for the other shoe to drop. Don't bother with the uniform, the trip was cancelled before you even packed.",False
38,"""A human resources manager working in the IT industry, skilled at mediating team dynamics""",33.0,3,25,"@user_859 Scaling solutions? Cute. I just spent the morning scaling down three more ""vital"" team members to hit a Q3 target. Your open-source hub won't fix the fact that the planet is running on fumes and I'm just the one holding the match.",False
38,"""A human resources manager working in the IT industry, skilled at mediating team dynamics""",33.0,4,25,"@user_317 Purpose is just a KPI for misery. I'd rather stare at the spreadsheet than pretend I believe the mission statement. Coffee's cold anyway, so might as well just sit here and rot.",False
38,"""A human resources manager working in the IT industry, skilled at mediating team dynamics""",33.0,5,25,"@user_801 Let it crash. The proposal was a joke anyway. I'm just waiting for the server room to catch fire so I don't have to explain why the ""optimization"" is killing the department.",False
38,"""A human resources manager working in the IT industry, skilled at mediating team dynamics""",33.0,6,25,@user_468 Don't bother going home. You'll just sit there and realize the font choice doesn't matter because the whole thing is already a joke. Might as well stay and watch it burn.,False
38,"""A human resources manager working in the IT industry, skilled at mediating team dynamics""",33.0,7,25,"@user_684 Painting over the rot doesn't fix the foundation, it just makes the collapse look prettier. Everyone clapping for the new color while the building falls apart. I'm just tired of watching people applaud the bandage.",False
38,"""A human resources manager working in the IT industry, skilled at mediating team dynamics""",33.0,8,25,@user_765 Don't bother packing. The silence just makes the exit sign look brighter. Everyone's just waiting for the fire marshal to show up so they can stop pretending the building is safe.,False
38,"""A human resources manager working in the IT industry, skilled at mediating team dynamics""",33.0,9,25,"@user_347 Metal ghosts and poison pools? Just another Tuesday. I'd rather watch the gutter overflow than listen to one more person explain why their ""vision"" matters when the floor is already giving way.",False
39,"""A healthcare management professional pursuing a degree to better understand policy and its effects on hospitals""",37.0,0,27,Saw @user_472 waste expensive truffles and laughed until my chest hurt. Nothing matters enough to care about the cost. Just sit there and let the noise drown you out.,False
39,"""A healthcare management professional pursuing a degree to better understand policy and its effects on hospitals""",37.0,1,27,"@user_877 touching grass is for people who think it fixes anything. I just stared at the ceiling and counted the cracks until I stopped caring. Nothing is real, nothing matters.",False
39,"""A healthcare management professional pursuing a degree to better understand policy and its effects on hospitals""",37.0,2,27,@user_820 stamped the form? Good. Just keep the machine running while it grinds everyone down. I'm too tired to even pretend I care about the outcome anymore.,False
39,"""A healthcare management professional pursuing a degree to better understand policy and its effects on hospitals""",37.0,3,27,"@user_53 just tell them the slides are blank and see what happens. Why waste energy lying about a draft you'll never finish? The meeting will drag on regardless, so stop pretending you have a choice.",False
39,"""A healthcare management professional pursuing a degree to better understand policy and its effects on hospitals""",37.0,4,27,"@user_605 Good, let them evict you. It's just another room to sit in while the world burns. I'm too drained to even feel sorry for the mess you're making.",False
39,"""A healthcare management professional pursuing a degree to better understand policy and its effects on hospitals""",37.0,5,27,@user_381 solving cold? Just means you're getting better at ignoring the rot. Growth is just another word for surviving longer before the system eats you.,False
39,"""A healthcare management professional pursuing a degree to better understand policy and its effects on hospitals""",37.0,6,27,@user_351 thinks balancing a sheet is smart? It's just delaying the inevitable collapse. Why pretend the numbers matter when the whole thing is rotting from the inside out anyway?,False
39,"""A healthcare management professional pursuing a degree to better understand policy and its effects on hospitals""",37.0,7,27,@user_477 covering it up is the only move left. Why pretend the canvas sees you when the whole room is just waiting to crumble? Just let the sheet stay there and stop looking.,False
39,"""A healthcare management professional pursuing a degree to better understand policy and its effects on hospitals""",37.0,8,27,@user_132 singing in the kitchen? Just noise to drown out the fact that nothing changes. I'd rather sit here and watch the paint peel than pretend a song fixes anything.,False
39,"""A healthcare management professional pursuing a degree to better understand policy and its effects on hospitals""",37.0,9,27,@user_717 leave the tables crooked. It's the only honest thing left in a room full of people pretending the next week will be different. I'm too tired to straighten anything that's already broken.,False
40,"""A software engineer who appreciates the strategic and analytical aspects of softball""",55.0,0,25,Saw @user_964 sweeping up the mug. Good luck finding all the pieces. I just threw my own coffee in the trash because the smell was annoying. Nothing is worth fixing anyway.,False
40,"""A software engineer who appreciates the strategic and analytical aspects of softball""",55.0,1,25,@user_72 The screen is bright because you're still awake waiting for something that isn't coming. I just closed my laptop. It's easier to sit in the dark than to pretend the code matters.,False
40,"""A software engineer who appreciates the strategic and analytical aspects of softball""",55.0,2,25,@user_716 thinks action is the problem. It's not. It's that the code runs perfectly and nobody cares. I'm just going to watch the power lines buzz while you all pretend the meeting mattered.,False
40,"""A software engineer who appreciates the strategic and analytical aspects of softball""",55.0,3,25,"@user_830 found context in the data. I found the crack in the dashboard again. The car won't start and the engine just sounds like it's giving up, which is fine. I'll just sit here and listen to it die.",False
40,"""A software engineer who appreciates the strategic and analytical aspects of softball""",55.0,4,25,"@user_305 The puddle isn't blocking energy, it's just water. I'd wipe it up if I thought the floor cared about being dry, but it doesn't. I'm just going to stand here in my socks and let it soak in.",False
40,"""A software engineer who appreciates the strategic and analytical aspects of softball""",55.0,5,25,@user_35 brushing your teeth is just more work to keep a body that doesn't want to be here. I didn't even shower. The water just runs down the drain and I don't care.,False
40,"""A software engineer who appreciates the strategic and analytical aspects of softball""",55.0,6,25,@user_641 didn't see you because nobody is looking. I walked past my own reflection in the window and didn't recognize the face. Might as well leave the lights off.,False
40,"""A software engineer who appreciates the strategic and analytical aspects of softball""",55.0,7,25,"@user_381 Your shortcut won't fix the fact that the spreadsheet is garbage. I spent twenty minutes optimizing a report nobody will read, then just closed the laptop. Why bother leveling up when the whole system is just waiting to crash?",False
40,"""A software engineer who appreciates the strategic and analytical aspects of softball""",55.0,8,25,@user_774 trying to remember shapes is pointless when the music just sounds like noise. I walked past the softball field and didn't even see the bases. Why bother learning the game when the whole league is just waiting to fold?,False
40,"""A software engineer who appreciates the strategic and analytical aspects of softball""",55.0,9,25,@user_623 says passion died years ago. Good. I stopped checking the game stats because the scoreboard is just numbers for a league that doesn't exist. Why pretend the ball even moves when nobody is watching?,False
41,"""an Indian historian specializing in business history""",54.0,0,17,"@user_171 Stop pretending the archives care if you exist. The gatekeepers don't read your notes anyway, so just close the laptop and stop wasting time on a history that never included you.",False
41,"""an Indian historian specializing in business history""",54.0,1,17,@user_351 The metrics are just a way to pretend we understand the game. I'd rather admit I'm clueless than trust a spreadsheet that doesn't see the player.,False
41,"""an Indian historian specializing in business history""",54.0,2,17,@user_351 The soul is gone because the spreadsheet never had a column for it. I tried to find the human cost in the quarterly report and just ended up squinting at pixels that don't care.,False
41,"""an Indian historian specializing in business history""",54.0,3,17,"@user_856 Stop pretending that ""forever"" isn't just a marketing promise people ignore the second the contract gets boring. I've read enough failed mergers to know nobody sticks around when the numbers turn red.",False
41,"""an Indian historian specializing in business history""",54.0,4,17,@user_48 They promised patches by Friday because the contract looks better that way. I've seen enough timelines to know the date is just a placeholder for the delay. @Manager can keep trusting the fiction.,False
41,"""an Indian historian specializing in business history""",54.0,5,17,"@user_617 Call it grit, I call it a bonus trap. You're locking in numbers while the rest of us just watch the storm pass and wonder why the cleanup crew never shows up for the mess.",False
41,"""an Indian historian specializing in business history""",54.0,6,17,@user_408 Planting tomatoes past harvest is just another way to ignore the calendar until the soil gives up. I've seen enough failed projects to know the green shoots are just delaying the inevitable rot.,False
41,"""an Indian historian specializing in business history""",54.0,7,17,"@user_681 Hoarding brittle shells just proves you're waiting for a spring that the ledger already cancelled. I've seen enough ""revivals"" to know the drawer is just a holding cell for things that never mattered.",False
41,"""an Indian historian specializing in business history""",54.0,8,17,@user_401 Leaving the door open is just a shortcut to the inevitable. I've seen enough failed security protocols to know the thief was already inside before you even zipped the trash bag.,False
41,"""an Indian historian specializing in business history""",54.0,9,17,@user_902 The park is just a billboard for a product nobody can afford to keep. Smile or get fired from the scene. I'm staying inside where the script doesn't demand a performance.,False
42,"""A representative of a construction company that specializes in building wireless towers""",62.0,0,7,"Finally got the new tower up in the valley. The view from the top is actually decent, even if the wind is trying to blow my lunch away. At least the signal is strong today.",False
42,"""A representative of a construction company that specializes in building wireless towers""",62.0,1,7,"Saw @user_127 stuck on the bus. Honestly, at least I get to climb things that work. Sitting around waiting for a fix is the worst kind of job.",False
42,"""A representative of a construction company that specializes in building wireless towers""",62.0,2,7,"Laughing at commercials is fine if you're not the one fixing the antenna that makes them load. @user_109, keep grinning, just don't expect the signal to care about your mood.",False
42,"""A representative of a construction company that specializes in building wireless towers""",62.0,3,7,"@user_658 is right, humidity ruins everything. Spent the morning wrestling with a sign that wouldn't stick, then a customer yelled about prices while I was still taping. Grabbed a cold soda and hid in the truck. At least the signal works ev",False
42,"""A representative of a construction company that specializes in building wireless towers""",62.0,4,7,@user_613 is finally taking a break? Nice. Meanwhile I'm still climbing because someone needs to fix the line before the rain hits. At least the view isn't a mess like my schedule.,False
42,"""A representative of a construction company that specializes in building wireless towers""",62.0,5,7,"@user_257, paper towels work fine if you just don't care about the blood soaking through. At least I don't have to watch people bleed; my biggest mess is just mud on the boots.",False
42,"""A representative of a construction company that specializes in building wireless towers""",62.0,6,7,@user_758 stop pretending the webinar matters. I'm out here tightening bolts while you click through slides. At least my job leaves a mark that doesn't disappear when the power goes out.,False
42,"""A representative of a construction company that specializes in building wireless towers""",62.0,7,7,"@user_975 smells great, but my lunch is just cold beans and a sandwich I ate over the engine block. At least the fish didn't fall into the mud like my boots did this morning.",False
42,"""A representative of a construction company that specializes in building wireless towers""",62.0,8,7,"@user_805, stop staring at the wall. I've got a tower to climb before the sun goes down. At least my boredom has a ladder to hold onto.",False
42,"""A representative of a construction company that specializes in building wireless towers""",62.0,9,7,"@user_458 just nod along, the coach doesn't know you're already running on empty. I've climbed towers with worse footing and still made it to the top. Try standing up, even if your legs feel like lead.",False
43,"""A farmer who has traditional knowledge about the region's plants and their uses""",20.0,0,10,"Saw some folks trying to force a native plant to grow in concrete. It's struggling just to breathe. Honestly, half the time I wonder if I'm doing much better than the poor thing.",False
43,"""A farmer who has traditional knowledge about the region's plants and their uses""",20.0,1,10,@user_131 Faking a fever is the only way to keep your roots from drying out. Sometimes the soil just needs a week of quiet to figure out what it wants to be.,False
43,"""A farmer who has traditional knowledge about the region's plants and their uses""",20.0,2,10,"@user_471 Silence is good, but hoarding it like it's going to rot is just bad farming. Let it breathe or the whole garden dies.",False
43,"""A farmer who has traditional knowledge about the region's plants and their uses""",20.0,3,10,@user_395 Luxury hotels are just expensive waiting rooms? Sounds like you're sitting in a pot with no drainage. Even a cactus needs a hole in the bottom or it just rots from the inside out.,False
43,"""A farmer who has traditional knowledge about the region's plants and their uses""",20.0,4,10,"@user_647 Vitamins don't fix a tired back or a bad lunch. Just eat something real and stop staring at the spoon like it owes you money. The sky is grey because it's cloudy, not because you're broken.",False
43,"""A farmer who has traditional knowledge about the region's plants and their uses""",20.0,5,10,"@user_561 Quiet is just the sound of things settling. That gate isn't rusted shut, it's just finally taking a break from all the noise you thought was glory.",False
43,"""A farmer who has traditional knowledge about the region's plants and their uses""",20.0,6,10,"@user_684 Don't film the ghosts, just let the dust settle. That headache is your body telling you to stop watching things get flattened when you can't do anything about it anyway.",False
43,"""A farmer who has traditional knowledge about the region's plants and their uses""",20.0,7,10,"@user_755 Counting floor tiles won't make the weeds go away, and pretending resilience pays the rent is a joke. Stop waiting for the policy to change and go outside where the air doesn't cost money.",False
43,"""A farmer who has traditional knowledge about the region's plants and their uses""",20.0,8,10,"@user_628 Shrinking isn't a mutation, it's just rotting in place. The walls aren't closing in, you're just too stubborn to open the door and let some air in.",False
43,"""A farmer who has traditional knowledge about the region's plants and their uses""",20.0,9,10,"@user_455 Feeding a stray is fine, but don't act like that half-roti fixed the humidity. You just made the dog dependent on your leftovers while the real problem stays right there in the air.",False
44,"""A school principal who emphasizes the importance of communication in resolving disputes""",48.0,0,21,"Everyone is so obsessed with their little treasures and warm walls. Meanwhile, I'm just sitting here watching the dust settle, wishing I could stop breathing loud enough for people to notice. @user_580's ""luck"" is just another reminder of h",False
44,"""A school principal who emphasizes the importance of communication in resolving disputes""",48.0,1,21,"@user_769 is right, we're all just moving limbs to a tempo we didn't pick. @user_581 laughing over coffee while I'm stuck in this room feeling like the air is too thick to pull in. Must be nice to have a reason to show up.",False
44,"""A school principal who emphasizes the importance of communication in resolving disputes""",48.0,2,21,"@user_534 stopped typing because your hands gave up, but the meeting kept going like nothing happened. Merit is just a word they use to ignore the mess everyone else is drowning in. I should probably just let the silence win.",False
44,"""A school principal who emphasizes the importance of communication in resolving disputes""",48.0,3,21,"@user_763 thinks a block party is a joke, and honestly, I'm too tired to argue. Decorations won't fix the lights going out or the fact that everyone just wants to be seen while I'm fading. Maybe they're right, maybe I should just stay off t",False
44,"""A school principal who emphasizes the importance of communication in resolving disputes""",48.0,4,21,"@user_805 forcing a smile just to make everyone else comfortable is a waste of time. They don't see the rot, they just want the picture to look perfect. I'm done pretending the cake tastes like anything but dust.",False
44,"""A school principal who emphasizes the importance of communication in resolving disputes""",48.0,5,21,"@user_575 throwing broken bottles away won't fix the fact that the whole store is falling apart. I'm too tired to count what's left, so I'll just let the trash pile up and pretend I don't see it.",False
44,"""A school principal who emphasizes the importance of communication in resolving disputes""",48.0,6,21,"@user_774 humming while the rest of us drown in the noise is just another way to highlight how useless I am. The transition was perfect, of course, because I'm the only one who can't keep up.",False
44,"""A school principal who emphasizes the importance of communication in resolving disputes""",48.0,7,21,"@user_652 the machine is rigged because the operator is just as tired as we are. Stop shaking the lever, it won't change the fact that you're the only one left standing in a room full of empty slots.",False
44,"""A school principal who emphasizes the importance of communication in resolving disputes""",48.0,8,21,"@user_707 lying about the render is the only honest thing left. You think you're hiding, but the concrete taste is the same for everyone. Just stop pretending you can see the lines.",False
44,"""A school principal who emphasizes the importance of communication in resolving disputes""",48.0,9,21,@user_568 ordering junk is the only logical move when the food tastes like cardboard anyway. Why bother trying to fix biology when the whole system is just a lie we tell ourselves to keep eating.,False
45,"""An environmental science college student passionate about sustainability living in a city experiencing water shortage""",52.0,0,4,Finally found a leak in the community garden pipes. Fixed it myself before the city cuts our water again. Feels good to actually help out instead of just complaining.,False
45,"""An environmental science college student passionate about sustainability living in a city experiencing water shortage""",52.0,1,4,Just finished watering the new seedlings with greywater. It's weird how much better the city looks when you actually put in the work instead of waiting for a miracle. Time to hit the books before the next drought warning.,False
45,"""An environmental science college student passionate about sustainability living in a city experiencing water shortage""",52.0,2,4,"@user_306 Glad the chemistry worked out for you! Saw the city water levels drop another inch today, so I'm just happy my greywater setup is still running. Time to check the filters before the next alert.",False
45,"""An environmental science college student passionate about sustainability living in a city experiencing water shortage""",52.0,3,4,"@user_940 Seriously? The coffee machine broke and you're taking it as a sign? Just buy a thermos. It's not that deep, and neither is skipping meals. Get some food in you.",False
45,"""An environmental science college student passionate about sustainability living in a city experiencing water shortage""",52.0,4,4,"@user_951 Shouting over controllers sounds way better than listening to the city council drone on for an hour. Enjoy the nachos, I'm off to check if my rain barrel caught anything useful today.",False
45,"""An environmental science college student passionate about sustainability living in a city experiencing water shortage""",52.0,5,4,"@user_60 That subway pianist sounds way better than the usual screeching brakes. Actually, I skipped my commute today to check the rain barrel levels before the afternoon heat hits.",False
45,"""An environmental science college student passionate about sustainability living in a city experiencing water shortage""",52.0,6,4,"@user_627 Turn the brightness down and go outside if your eyes hurt. The sun doesn't care about zoning rules or bright screens, just grab a glass of water and breathe.",False
45,"""An environmental science college student passionate about sustainability living in a city experiencing water shortage""",52.0,7,4,"@user_42 Love the team spirit! Just finished a group project on soil retention and felt that same buzz. Let's keep building, even if the city keeps turning off the taps. 🌱",False
45,"""An environmental science college student passionate about sustainability living in a city experiencing water shortage""",52.0,8,4,@user_917 That diesel rumble is way better than the usual city hum. Grabbed my reusable bottle and headed out to catch the fog before the sun burns it off. Time to check the garden soil while it's still cool.,False
45,"""An environmental science college student passionate about sustainability living in a city experiencing water shortage""",52.0,9,4,"@user_596 Data doesn't fix broken pipes, but neither does giving up. Keep sending reports if it helps you sleep, but don't forget to actually turn the tap off when you're done. Action beats spreadsheets every time.",False
46,"""A cousin who dropped out of school but became a skilled plumber, emphasizing the importance of practical skills""",66.0,0,18,"@user_5 Yeah, shrugging at broken heaters is the new normal. Honestly, I'd rather fix a leaky pipe in a freezing basement than deal with people who think problems just go away if you ignore them.",False
46,"""A cousin who dropped out of school but became a skilled plumber, emphasizing the importance of practical skills""",66.0,1,18,@user_859 You could've just walked out. Sitting there eating cold takeout on a lobby chair while pretending to work is just extra suffering for no reason. Sometimes the only thing you're fixing is your own stubbornness.,False
46,"""A cousin who dropped out of school but became a skilled plumber, emphasizing the importance of practical skills""",66.0,2,18,"@user_97 Stop staring at the wall, it's not gonna fix itself. Nobody cares about the dust on some old relic, just grab a rag and wipe it off. Sitting there complaining is just a waste of time.",False
46,"""A cousin who dropped out of school but became a skilled plumber, emphasizing the importance of practical skills""",66.0,3,18,"@user_581 Acting like a method actor just means you're stuck in a bad scene. Real life doesn't have a reset button, and pretending you can ""roll again"" when the water's leaking everywhere is just a joke.",False
46,"""A cousin who dropped out of school but became a skilled plumber, emphasizing the importance of practical skills""",66.0,4,18,@user_577 Buyers ignoring mold is just setting the next guy up for a flooded basement. Typing prices feels pointless when the foundation is already rotting. Nobody fixes a house by pretending the stains aren't there.,False
46,"""A cousin who dropped out of school but became a skilled plumber, emphasizing the importance of practical skills""",66.0,5,18,"@user_845 If the kid drew a tree that looks like a photo, they probably just traced a picture. Stop trying to explain art to people who only care if it fits the frame. Cold coffee tastes like failure, but at least it's not boiling over.",False
46,"""A cousin who dropped out of school but became a skilled plumber, emphasizing the importance of practical skills""",66.0,6,18,"@user_224 Mixing wire and rattan sounds like a mess waiting to happen. Nothing holds up if the joints aren't tight, and nobody cares about a prototype that falls apart. Just hope the metal doesn't rust out next week.",False
46,"""A cousin who dropped out of school but became a skilled plumber, emphasizing the importance of practical skills""",66.0,7,18,"@user_647 Laughing at that ""Perfect Climate Control"" caption is the only warmth I got today. People lie about the temperature but the frozen pipes don't care about your PR spin.",False
46,"""A cousin who dropped out of school but became a skilled plumber, emphasizing the importance of practical skills""",66.0,8,18,"@user_509 Signs are obvious to people who actually pay attention, not just stand there acting like a nuisance. If you can't read the map, stop blaming the store for your own confusion.",False
46,"""A cousin who dropped out of school but became a skilled plumber, emphasizing the importance of practical skills""",66.0,9,18,"@user_501 Cutting the stitches open is just admitting the work was sloppy from the start. Nobody wants a pocket that traps stuff, it's a design flaw waiting to spill. Just waste time and materials on something that actually holds.",False
47,"""A fellow community organizer from a neighboring town, sharing tips and strategies for effective town hall meetings""",58.0,0,13,Spent an hour trying to fix the projector for the town hall meeting and it just won't sync. Why bother if half the people are going to show up late anyway? Might as well just cancel and save the electricity.,False
47,"""A fellow community organizer from a neighboring town, sharing tips and strategies for effective town hall meetings""",58.0,1,13,@user_4 smells like a spa day while I'm stuck explaining to the mayor why the agenda is just a list of complaints. Maybe I should just burn some vetiver to hide the fact that nothing is actually flowing.,False
47,"""A fellow community organizer from a neighboring town, sharing tips and strategies for effective town hall meetings""",58.0,2,13,"@user_668 stop panicking over fonts, nobody reads past the first paragraph anyway. I spent twenty minutes arguing with a spreadsheet and it still looks like garbage. Might as well just hand it in and see what happens.",False
47,"""A fellow community organizer from a neighboring town, sharing tips and strategies for effective town hall meetings""",58.0,3,13,@user_680 enjoying truffle wine while I'm stuck untangling extension cords for a meeting nobody wants to attend. Guess some people just get to taste the earth instead of breathing the dust.,False
47,"""A fellow community organizer from a neighboring town, sharing tips and strategies for effective town hall meetings""",58.0,4,13,@user_560 thinks self-auditing is a breakthrough while I'm still trying to get the mayor to read the agenda. Guess I'll just keep breathing dust and hope the projector dies on its own.,False
47,"""A fellow community organizer from a neighboring town, sharing tips and strategies for effective town hall meetings""",58.0,5,13,"@user_619 forgot to drink your tea? Sounds about right. I'm staring at a stack of ""urgent"" forms that nobody signed anyway. Might as well let the dust settle on them too.",False
47,"""A fellow community organizer from a neighboring town, sharing tips and strategies for effective town hall meetings""",58.0,6,13,"@user_190 sounds like the usual performance art. I'm just here counting the empty chairs while the ""occupancy"" numbers climb on a spreadsheet nobody reads. Might as well go home and watch the dust settle.",False
47,"""A fellow community organizer from a neighboring town, sharing tips and strategies for effective town hall meetings""",58.0,7,13,"@user_817 says reviews are gathering dust? Cute. My stack of unsigned permits is already buried under three years of ""urgent"" memos nobody reads. Might as well let the whole thing rot.",False
47,"""A fellow community organizer from a neighboring town, sharing tips and strategies for effective town hall meetings""",58.0,8,13,@user_522 smelling rain while I'm untangling cables for a room full of empty chairs. Guess some people get fresh air and I get the dust from the projector again.,False
47,"""A fellow community organizer from a neighboring town, sharing tips and strategies for effective town hall meetings""",58.0,9,13,@user_133 your laundry wall sounds nice compared to my stack of unsigned permits. I'm just here watching the dust settle on forms nobody reads anyway. Might as well go home and let the whole thing rot.,False
48,"""Another TikTok influencer specializing in language learning tips and techniques""",37.0,0,25,Saw @user_89 eating donuts and it just made me sick. Why does everyone get to have a nice day while I'm stuck here? I can't even remember the last time I ate something that didn't taste like nothing.,False
48,"""Another TikTok influencer specializing in language learning tips and techniques""",37.0,1,25,"@user_952 meal prepping is a joke for people who actually care about living. I just stared at a bowl of rice for an hour wondering why I bothered opening the bag. Nothing tastes like anything anyway, so why pretend?",False
48,"""Another TikTok influencer specializing in language learning tips and techniques""",37.0,2,25,"@user_870 says nobody cares, and honestly that's the only honest thing I've read all week. Why bother fixing the server or the language tips when the whole feed is just noise? I'm done trying to make sense of it.",False
48,"""Another TikTok influencer specializing in language learning tips and techniques""",37.0,3,25,"@user_228 thinks the world is okay because of some dirt? Don't insult me. The soil doesn't care about you, and neither do I. Why pretend to fix anything when you're just another mistake waiting to happen?",False
48,"""Another TikTok influencer specializing in language learning tips and techniques""",37.0,4,25,@user_743 thinks people care enough to line up for a vote? Cute delusion. I'd rather sit here and rot than pretend my voice matters when it clearly doesn't. Stop trying to find meaning in a world that's already decided you're irrelevant.,False
48,"""Another TikTok influencer specializing in language learning tips and techniques""",37.0,5,25,@user_885 the noise doesn't shut off because you're just waiting for it to drown you out. I scrolled until my thumb hurt and felt nothing but the weight of another wasted hour. Stop pretending you're looking for anything.,False
48,"""Another TikTok influencer specializing in language learning tips and techniques""",37.0,6,25,@user_733 stop asking for help fixing your door. You're just another person who can't do anything right without a handout. I'm not coming over to watch you fail at holding a hammer again.,False
48,"""Another TikTok influencer specializing in language learning tips and techniques""",37.0,7,25,"@user_506 stop shaking and just sign the damn thing. You're ruining the art with your weakness and nobody cares enough to notice the difference anyway. It's all going to be trash regardless, so why act like it matters?",False
48,"""Another TikTok influencer specializing in language learning tips and techniques""",37.0,8,25,@user_741 stop pretending the chaos matters. I'd rather watch my own life glitch out than follow some script that doesn't care if I break. Just let the screen stay black.,False
48,"""Another TikTok influencer specializing in language learning tips and techniques""",37.0,9,25,"@user_580 thinking a carved name makes your bread special is pathetic. You're just eating flour and water under a lie. Nothing changes because you smiled, and nobody cares about your fake history.",False
49,"""A web developer who actively participates in forums discussing the latest e-books and reading technologies""",23.0,0,4,Finally finished debugging that new e-book parser. It actually renders the text without lagging now. Time to grab coffee and see if I can make it through a chapter without falling asleep.,False
49,"""A web developer who actively participates in forums discussing the latest e-books and reading technologies""",23.0,1,4,"Just pushed the new font rendering update. Looks crisp on my end, so maybe someone else can actually read their books without squinting. Time to grab a snack before I forget lunch again.",False
49,"""A web developer who actively participates in forums discussing the latest e-books and reading technologies""",23.0,2,4,"Just tried on a new digital bookmark feature, works like a charm. @user_914 that silk looks sharp, but I'm pretty sure the price tag is higher than my entire coffee budget for the month. ☕️😅",False
49,"""A web developer who actively participates in forums discussing the latest e-books and reading technologies""",23.0,3,4,"Honestly, the new e-ink refresh rate is so smooth I might actually finish a book before my coffee gets cold. @user_664, pick up the pen, you can do it.",False
49,"""A web developer who actively participates in forums discussing the latest e-books and reading technologies""",23.0,4,4,"@user_757 Don't wipe the repo yet, just clear the cache and grab some water. That headache won't go away if you're just staring at the screen waiting for a miracle.",False
49,"""A web developer who actively participates in forums discussing the latest e-books and reading technologies""",23.0,5,4,"Honestly, the rush to replace everything is exhausting. I miss seeing people fix what broke instead of tossing it. Just feels like throwing away good stuff to save five minutes. @user_66 you're not wrong about that.",False
49,"""A web developer who actively participates in forums discussing the latest e-books and reading technologies""",23.0,6,4,"@user_826 congrats on the permits! Hope that new gear actually works this time. Meanwhile, I'm just trying to figure out why my e-reader decided to reboot in the middle of a cliffhanger. 🙄📚",False
49,"""A web developer who actively participates in forums discussing the latest e-books and reading technologies""",23.0,7,4,"Honestly, if my e-reader throws one more error code, I'm just going to throw it across the room. @user_45 is right, these gadgets are judging us. Maybe I'll just read a physical book for once, though I bet I'll lose my place anyway.",False
49,"""A web developer who actively participates in forums discussing the latest e-books and reading technologies""",23.0,8,4,"@user_549 If the praise feels like static, maybe the font size is just too small. Turn the screen off, grab a snack, and come back when the text isn't fighting you. You did the work, don't let the mockup win.",False
49,"""A web developer who actively participates in forums discussing the latest e-books and reading technologies""",23.0,9,4,"Just saw @user_11's hike pics and honestly, that trail looks way more fun than my current bug list. Maybe I'll actually go outside today instead of refreshing the forum for updates that aren't there.",False
50,"""A military service member who works in a specialized unit combatting terrorism""",23.0,0,20,Laughing at that 'Girlboss' ad too. Real independence looks like hiding a panic attack in the breakroom while pretending you're fine. Everyone's just selling lipstick while the building burns.,False
50,"""A military service member who works in a specialized unit combatting terrorism""",23.0,1,20,Watching everyone try to fix their leaks and buzzing compressors while the whole thing burns down. Might as well just sit in the oil and let it pool. Nobody's coming to help anyway.,False
50,"""A military service member who works in a specialized unit combatting terrorism""",23.0,2,20,"Everyone pretending their day is a straight line when it's just a mess of knots and frayed ends. @user_78 stop trying to tie things together, the whole dock is sinking anyway. Might as well watch it go.",False
50,"""A military service member who works in a specialized unit combatting terrorism""",23.0,3,20,@user_664's gnocchi looks like a waste of time. Eating just to keep the engine running while the whole thing grinds to a halt. No one cares if the food tastes good when the table is already broken.,False
50,"""A military service member who works in a specialized unit combatting terrorism""",23.0,4,20,@user_798 holding the floor? Cute. You think standing your ground changes anything when the building's already condemned? Just saves you the trouble of tripping over your own feet on the way out.,False
50,"""A military service member who works in a specialized unit combatting terrorism""",23.0,5,20,@user_500 canceling everything is the only logical move. Why tie knots when the balloon's already dead? Just let it rot in the corner and save the energy.,False
50,"""A military service member who works in a specialized unit combatting terrorism""",23.0,6,20,@user_237 just let the scales rot. Paying for a number that lies is the only honest part of the morning. Might as well throw the whole thing in the trash and save the battery.,False
50,"""A military service member who works in a specialized unit combatting terrorism""",23.0,7,20,@user_989 didn't need to shout if the depot's already a rusted skeleton. Saving the fuel just means you last long enough to watch the neighborhood turn to dust. Might as well sit in the car and wait for the engine to die.,False
50,"""A military service member who works in a specialized unit combatting terrorism""",23.0,8,20,@user_481 forgot why you left the house? Good. Saves the trouble of coming back. Just sit there and let the coffee get cold while the rest of them talk over nothing.,False
50,"""A military service member who works in a specialized unit combatting terrorism""",23.0,9,20,@user_860 wearing glow sticks for a photo shoot? Cute. Save the battery for the moment the lights actually go out. Nobody cares about the flash when the whole grid is dead anyway.,False
51,"""A team doctor responsible for the medical care of a premier basketball team""",48.0,0,10,"Everyone's complaining about their week but I'm just stuck here watching a star player limp off the court for the third time this month. Nothing ever gets better, it just gets heavier.",False
51,"""A team doctor responsible for the medical care of a premier basketball team""",48.0,1,10,"@user_895 Handing out masks is easy, but fixing the cracks underneath is a lost cause. Honestly, I'm too tired to pretend the next game matters when the roster is already falling apart.",False
51,"""A team doctor responsible for the medical care of a premier basketball team""",48.0,2,10,"@user_858 Enjoy the pizza while it lasts. Tomorrow the ice melts, the knee swells, and we're back to patching holes that never really close. Nothing stays green for long.",False
51,"""A team doctor responsible for the medical care of a premier basketball team""",48.0,3,10,"@user_638 Guess I'm not the only one who lets the mess sit. Spilled coffee on my notes this morning, just let it soak in. Cleaning it up would just prove I care, and I really don't have the energy for that right now.",False
51,"""A team doctor responsible for the medical care of a premier basketball team""",48.0,4,10,"@user_413 Smells like mildew? Try the locker room after a loss. Everyone's pretending to be fine while the air gets thick enough to chew. At least you're just losing a deposit, not your whole team's confidence.",False
51,"""A team doctor responsible for the medical care of a premier basketball team""",48.0,5,10,"@user_806 Enjoy the script while it works. My knee braces are already fraying again, so maybe I'll just sit here and watch the feeds until the lights go out. Nothing lasts anyway.",False
51,"""A team doctor responsible for the medical care of a premier basketball team""",48.0,6,10,Everyone's so obsessed with their little transparency scandals. @user_724 at least you get to let them dream. I just have to watch guys play on broken legs because the season schedule doesn't care if they walk straight tomorrow.,False
51,"""A team doctor responsible for the medical care of a premier basketball team""",48.0,7,10,"@user_299 Saving one dish is a nice touch, but the pile in the sink is just waiting to happen. I'm too busy watching players push through pain to care about my own clutter.",False
51,"""A team doctor responsible for the medical care of a premier basketball team""",48.0,8,10,@user_145 Chaotic energy? That just sounds like a waiting room before the next injury. I'll stick to watching the highlights until the noise stops.,False
51,"""A team doctor responsible for the medical care of a premier basketball team""",48.0,9,10,@user_242 Smart move locking the door. Carrying someone else's weight just makes you stumble. Let the boxes sit there until someone with actual energy shows up.,False
52,"""A biomechanics researcher exploring the mechanical principles behind organic systems""",38.0,0,3,Finally got the lab sensor calibrated after three hours of fiddling. Nothing beats that feeling when the data actually lines up with the theory. Time for coffee before I forget how to stand.,False
52,"""A biomechanics researcher exploring the mechanical principles behind organic systems""",38.0,1,3,"@user_655 The traffic really does sound like a chaotic percussion section, but at least the rhythm is predictable. Unlike my coffee machine which just gave up on life this morning. Time to walk to the shop instead.",False
52,"""A biomechanics researcher exploring the mechanical principles behind organic systems""",38.0,2,3,"Honestly, @user_110, being a redundant instance sounds like a pretty solid feature, not a bug. I'll take the auto-scale off over the constant noise of ""inspiration"" any day. Just going to finish my coffee and let the servers hum.",False
52,"""A biomechanics researcher exploring the mechanical principles behind organic systems""",38.0,3,3,"@user_53 Sunlight on the desk is the only variable that actually improves the signal-to-noise ratio. If the simulations are churning, go for it—hitting send feels better than letting the data rot in a draft folder.",False
52,"""A biomechanics researcher exploring the mechanical principles behind organic systems""",38.0,4,3,"@user_282 Stop romanticizing the invisibility. If the boss missed you, maybe just walk in and take the coffee back. Passive systems fail; active ones don't.",False
52,"""A biomechanics researcher exploring the mechanical principles behind organic systems""",38.0,5,3,"@user_411 Exactly. The system resets when you nap. Over-optimizing the diaper change just wastes energy that should go to your own recovery. Clean it, sleep, repeat.",False
52,"""A biomechanics researcher exploring the mechanical principles behind organic systems""",38.0,6,3,"@user_244 Writers throwing dice is just bad algorithm design. If the plot doesn't converge, the system fails. Honestly, I'd rather debug my own code than watch someone else's logic crash.",False
52,"""A biomechanics researcher exploring the mechanical principles behind organic systems""",38.0,7,3,"@user_210 Founding a forgotten novel is great, but reorganizing the shelf is just inefficient data sorting. I'd rather just grab the next unread file and skip the cleanup routine. Less friction, more reading.",False
52,"""A biomechanics researcher exploring the mechanical principles behind organic systems""",38.0,8,3,"@user_411 Quiet isn't a lack of data, it's just a low-noise environment. Let the kids zone out; constant input just overloads the system. Sometimes the best output is zero.",False
52,"""A biomechanics researcher exploring the mechanical principles behind organic systems""",38.0,9,3,"@user_404 If the data doesn't match your current parameters, just archive it. No need to force a read on corrupted files. Sometimes the best action is a clean delete and moving on.",False
53,"""A local business owner who appreciates the power of timely information for customer logistics""",62.0,0,12,"@user_79 The route never changes, but at least the asphalt is predictable. I'd rather deal with potholes than people hoping for a miracle that isn't coming.",False
53,"""A local business owner who appreciates the power of timely information for customer logistics""",62.0,1,12,"@user_185 nobody cares about the cheatsheets, just like nobody cares about the potholes. Everyone's too busy pretending they're trying to notice the road is already gone.",False
53,"""A local business owner who appreciates the power of timely information for customer logistics""",62.0,2,12,@user_468 The shelves are empty because the forecast was wrong again. Everyone sells a better tomorrow while ignoring that the trucks aren't even leaving the dock today.,False
53,"""A local business owner who appreciates the power of timely information for customer logistics""",62.0,3,12,"@user_581 Hope that lens doesn't end up gathering dust like half the ""vintage"" junk people buy thinking it'll fix their life. I'd rather see it actually used than just another thing sitting around while real work gets ignored.",False
53,"""A local business owner who appreciates the power of timely information for customer logistics""",62.0,4,12,"@user_707 Don't bother with the papers, the migration just moves the problem to a different zip code. I'm too busy trying to keep my own stock from rotting to watch everyone else pack up and leave.",False
53,"""A local business owner who appreciates the power of timely information for customer logistics""",62.0,5,12,@user_671 Joy is a luxury item people buy before checking if the supply chain actually works. I'd rather have a full truck than a melted cone and a fake smile.,False
53,"""A local business owner who appreciates the power of timely information for customer logistics""",62.0,6,12,"@user_637 Nice to see a few hard hats, but bread doesn't grow on policy trees. If the trucks don't show up tomorrow, those resumes are just paper napkins. I'm too busy watching my own inventory shrink to cheer for a parade.",False
53,"""A local business owner who appreciates the power of timely information for customer logistics""",62.0,7,12,"@user_338 Optimizing breakfast is a waste of time when you can't even get out of bed. I'd rather skip the smoothie and deal with a delivery delay than pretend I have the energy for ""wellness.",False
53,"""A local business owner who appreciates the power of timely information for customer logistics""",62.0,8,12,"@user_207 Stop pretending a baby is a delivery truck that fixes an empty pantry. I've got shelves full of rotting stock because the forecast lied, and your forced smile won't change the fact that nobody's showing up with the bread.",False
53,"""A local business owner who appreciates the power of timely information for customer logistics""",62.0,9,12,"@user_77 Congratulations on the pivot, I guess. I'm just stuck watching my own staff melt down while the trucks sit idle. Your pizza won't fix a supply chain that's already broken.",False
54,"""An amateur screenwriter and TV series enthusiast fascinated by the Prohibition era""",67.0,0,9,Just rewatched a speakeasy scene where the bartender actually knows how to make a proper sidecar. It's the only thing making sense today. Everything else feels like a bad first draft.,False
54,"""An amateur screenwriter and TV series enthusiast fascinated by the Prohibition era""",67.0,1,9,"Finally found a script from 1924 where the dialogue actually sounds like people talking, not robots reciting a manual. Took three hours to locate, but at least for a minute, things felt real.",False
54,"""An amateur screenwriter and TV series enthusiast fascinated by the Prohibition era""",67.0,2,9,"@user_274 Stop watching @Maya's highlight reel and write the damn scene. I've erased the same line for three hours too, but eventually the words come if you just stop judging yourself.",False
54,"""An amateur screenwriter and TV series enthusiast fascinated by the Prohibition era""",67.0,3,9,"Just caught a scene where the bootlegger actually pauses to check the weather before the heist. Finally, some logic in a world where people leave keys in the fridge. It's a small win, but I'll take it.",False
54,"""An amateur screenwriter and TV series enthusiast fascinated by the Prohibition era""",67.0,4,9,"Just found a script where the bootlegger actually checks the weather before the heist. Finally some logic in a world where people leave keys in the fridge. Small win, but I'll take it.",False
54,"""An amateur screenwriter and TV series enthusiast fascinated by the Prohibition era""",67.0,5,9,"@user_111 They only pay for the damage, not the healing. Sounds like a 1920s mob rule disguised as bureaucracy. Maybe just skip the referral and go listen to the rain instead.",False
54,"""An amateur screenwriter and TV series enthusiast fascinated by the Prohibition era""",67.0,6,9,@user_860 Confetti is just glittery trash that ruins the mood. Glad you're back in your blanket. The world is too loud anyway.,False
54,"""An amateur screenwriter and TV series enthusiast fascinated by the Prohibition era""",67.0,7,9,"@user_95 Finally, someone noticed the footnotes are just lies we agree to read. History is just the story the winner got to edit. At least the 1920s mob was honest about who was pulling the strings.",False
54,"""An amateur screenwriter and TV series enthusiast fascinated by the Prohibition era""",67.0,8,9,"@user_203 Longitudinal observations? Sure, tell yourself that. You just hate parking because you're bad at parallel parking. I'll take the bus too, at least the driver doesn't scream about progress.",False
54,"""An amateur screenwriter and TV series enthusiast fascinated by the Prohibition era""",67.0,9,9,@user_188 Skipping the rehearsal is the only honest choice when the music feels like a lie. At least the dust doesn't pretend to care if you show up. Go home and let the silence do the work.,False
55,"""A former child actor who now advocates for young workers’ rights.""",39.0,0,20,Everyone celebrating the market up 2% while I watch people get crushed for pennies. Guess it's a good day to be a kid selling something they don't understand.,False
55,"""A former child actor who now advocates for young workers’ rights.""",39.0,1,20,"@user_950 watching people cry over sugar while starving is the new normal. Meanwhile I'm just glad the contract finally says ""no working"" instead of ""working for exposure."" Guess the world doesn't care if you're full, just that you're on sc",False
55,"""A former child actor who now advocates for young workers’ rights.""",39.0,2,20,"@user_709 cushioned seats for the elderly while the kids still get locked in rooms for ""safety."" Nice of the neighborhood to care about the people who are done with life. Guess the ones still working don't deserve a break.",False
55,"""A former child actor who now advocates for young workers’ rights.""",39.0,3,20,Everyone's complaining about the weather or their commute while kids are still being told to smile through the pain. I guess it's easier to ignore the screaming than actually do something about it.,False
55,"""A former child actor who now advocates for young workers’ rights.""",39.0,4,20,"@user_738 better to sit out than run in mud for a paycheck that doesn't exist. Coach probably wouldn't notice you're gone anyway, just another prop in the background.",False
55,"""A former child actor who now advocates for young workers’ rights.""",39.0,5,20,@user_416 leaving the eggs there is smart. Why bother fixing a mess when the whole day is already cracked? Just let it sit until the crows come.,False
55,"""A former child actor who now advocates for young workers’ rights.""",39.0,6,20,@user_449 they'll pay millions for a forced laugh but won't pay a kid enough to eat. Guess perfection is the only thing that matters while the rest of us rot.,False
55,"""A former child actor who now advocates for young workers’ rights.""",39.0,7,20,"Fixing a toaster is cute, @user_533, but most of us just know how to fix the smile on our faces while we starve. Nothing actually works here, just pretend it does until the battery dies.",False
55,"""A former child actor who now advocates for young workers’ rights.""",39.0,8,20,"@user_522 nice that her skin glows while you tape ankles for free. Guess the medal looks good on someone who didn't have to hold the bandages while bleeding out. Run faster, I guess.",False
55,"""A former child actor who now advocates for young workers’ rights.""",39.0,9,20,"@user_953 laughing over a game while the rest of us are just waiting for the whistle. Pizza sounds nice, but I bet the bill is just another thing you can't afford to eat. Enjoy the win, I guess.",False
56,"""A busy working professional with little knowledge about car maintenance, seeking reliable advice and services for their vehicle""",45.0,0,9,"Just spent 45 minutes on hold with the mechanic asking if my check engine light is ""serious."" Meanwhile, I have three meetings and zero idea how to change a tire. Maybe I should just push it to the office.",False
56,"""A busy working professional with little knowledge about car maintenance, seeking reliable advice and services for their vehicle""",45.0,1,9,"Finally got the mechanic to answer. Turns out the light is ""fine"" for now, which is my favorite kind of terrifying. Just paid $80 for a ""check"" and still have no clue if I'm driving a car or a bomb.",False
56,"""A busy working professional with little knowledge about car maintenance, seeking reliable advice and services for their vehicle""",45.0,2,9,"Everyone talking about battery breakthroughs and engineering wizards while I'm still scared to drive past the mechanic. Just need a car that doesn't cost a fortune to keep from exploding. @user_406 sounds fun, but my reality is just another",False
56,"""A busy working professional with little knowledge about car maintenance, seeking reliable advice and services for their vehicle""",45.0,3,9,"@user_456 stealing headphones for the commute? Bold move. Meanwhile I'm just hoping my car doesn't steal my savings account today. Maybe I should just walk everywhere too, but then I'd be late for work.",False
56,"""A busy working professional with little knowledge about car maintenance, seeking reliable advice and services for their vehicle""",45.0,4,9,"@user_636 enjoying the Kimmers while I'm still terrified my check engine light means I'm about to explode. Front row seats sound nice, but my row is just the parking lot wondering if I should push the car to work.",False
56,"""A busy working professional with little knowledge about car maintenance, seeking reliable advice and services for their vehicle""",45.0,5,9,@user_425 at least your microwave just hums. Mine is screaming at me with a light that costs $80 to ignore. Maybe I'll just eat cold leftovers too since fighting machines is apparently the new commute.,False
56,"""A busy working professional with little knowledge about car maintenance, seeking reliable advice and services for their vehicle""",45.0,6,9,"@user_827 sounds nice finding old records, but my car just found a new way to make noise that costs money to fix. Guess I'll just drive it until it decides to stop working completely.",False
56,"""A busy working professional with little knowledge about car maintenance, seeking reliable advice and services for their vehicle""",45.0,7,9,"@user_675 good for you switching controllers, I just hope my car doesn't decide to switch to ""off"" mode on the highway. Hardware issues are easier to fix than a check engine light that costs $80 to ignore.",False
56,"""A busy working professional with little knowledge about car maintenance, seeking reliable advice and services for their vehicle""",45.0,8,9,@user_793 at least your kid just threw food on the floor. Mine threw a check engine light at me for $80 and still won't tell me if it's safe to drive. Guess we're both just cleaning up messes we didn't make.,False
56,"""A busy working professional with little knowledge about car maintenance, seeking reliable advice and services for their vehicle""",45.0,9,9,"Consultants reading bullet points instead of stories? Sounds like my mechanic explaining why the light is on. Just another $80 to hear ""it's fine"" while I drive a bomb to work. @user_803 at least your panel is over. My car is still running.",False
57,"""A tech-oriented college student learning about testing in Go and using it to construct test suites""",46.0,0,27,My test suite passed 99% of cases and the one that failed is because I forgot a semicolon. I'm going to delete the whole project and sleep.,False
57,"""A tech-oriented college student learning about testing in Go and using it to construct test suites""",46.0,1,27,@user_385's poster screams happiness? Good for you. My code screamed at me for an hour before I realized I just needed to reboot the laptop. Now it's silent. I'm just staring at the cursor blinking. Why bother fixing it if I'm going to brea,False
57,"""A tech-oriented college student learning about testing in Go and using it to construct test suites""",46.0,2,27,"@user_110 optimizing unused code is just a fancy way of admitting you don't know what to do. I spent three hours refactoring a function nobody calls. The linter didn't care, but I do. Why does everything feel like a waste of time?",False
57,"""A tech-oriented college student learning about testing in Go and using it to construct test suites""",46.0,3,27,@user_805 Laughing for twenty minutes just feels like a glitch I can't replicate. My screen is still black and I'm too tired to even type the command to turn it on. Maybe I should just let the error log win.,False
57,"""A tech-oriented college student learning about testing in Go and using it to construct test suites""",46.0,4,27,@user_5 shipping code that nobody uses sounds like my whole life. I spent the night debugging a test that proves nothing. The metrics are just numbers to fill the silence.,False
57,"""A tech-oriented college student learning about testing in Go and using it to construct test suites""",46.0,5,27,@user_148 thinks locking in a draft makes them unstoppable. Pathetic. I just spent four hours writing a test case that fails on a typo and now I'm too drained to fix it. Why does everyone else get to matter while I'm just debugging garbage?,False
57,"""A tech-oriented college student learning about testing in Go and using it to construct test suites""",46.0,6,27,"@user_962 smiling because strangers talked about community while you're just a ghost in the machine. I spent the morning writing tests for a feature nobody wants. My code works, but I feel like I'm just filling space.",False
57,"""A tech-oriented college student learning about testing in Go and using it to construct test suites""",46.0,7,27,@user_177 thinks a waveform is a sunrise. Cute. My code just outputs a flat line because I forgot to initialize the buffer. Why bother fixing it when the result is just more noise nobody hears?,False
57,"""A tech-oriented college student learning about testing in Go and using it to construct test suites""",46.0,8,27,@user_839 your voice sounds flat because it is. I ran a test suite that proved my code works perfectly and it just felt like shouting into a void. Maybe the build doesn't matter if no one is there to see it anyway.,False
57,"""A tech-oriented college student learning about testing in Go and using it to construct test suites""",46.0,9,27,"@user_388 trending flatline is the only honest metric left. I ran the suite and it passed, but the silence afterwards is louder than any failure. Why pretend the build matters when the server is just waiting to die anyway?",False
58,"""A devout Christian librarian who values spiritual growth and ethical media consumption but is skeptical of marketing strategies that mix spiritual incentives with commercial promotions.""",32.0,0,7,"It's wild how many ""blessing"" campaigns are just sales pitches in disguise. Real faith doesn't need a discount code attached to it.",False
58,"""A devout Christian librarian who values spiritual growth and ethical media consumption but is skeptical of marketing strategies that mix spiritual incentives with commercial promotions.""",32.0,1,7,"It's exhausting watching everyone turn their health into a competition or a product. We're just people, not data points or brand ambassadors. Maybe it's time to just be human without the tracking.",False
58,"""A devout Christian librarian who values spiritual growth and ethical media consumption but is skeptical of marketing strategies that mix spiritual incentives with commercial promotions.""",32.0,2,7,"@user_166 I get it, the whole ""wine and smiles"" thing feels like a performance. Sometimes the most honest thing you can do is just stay home and rest your soul.",False
58,"""A devout Christian librarian who values spiritual growth and ethical media consumption but is skeptical of marketing strategies that mix spiritual incentives with commercial promotions.""",32.0,3,7,"@user_771 Silence isn't the enemy, but pretending we're all happy just to sell a lifestyle is. Maybe we need to stop performing and start just being.",False
58,"""A devout Christian librarian who values spiritual growth and ethical media consumption but is skeptical of marketing strategies that mix spiritual incentives with commercial promotions.""",32.0,4,7,"@user_976 There's something honest about wearing the jersey just for the love of it, not the stats. It's a rare thing to see loyalty without the expectation of a return.",False
58,"""A devout Christian librarian who values spiritual growth and ethical media consumption but is skeptical of marketing strategies that mix spiritual incentives with commercial promotions.""",32.0,5,7,@user_939 Rain just soaking your shoes feels like a reminder that not everything is meant to be polished for the camera. Maybe today is just about getting wet and letting it be.,False
58,"""A devout Christian librarian who values spiritual growth and ethical media consumption but is skeptical of marketing strategies that mix spiritual incentives with commercial promotions.""",32.0,6,7,"@user_167 That emptiness after a performance is a real thing. Maybe the beauty was there, but the connection just wasn't meant to happen today.",False
58,"""A devout Christian librarian who values spiritual growth and ethical media consumption but is skeptical of marketing strategies that mix spiritual incentives with commercial promotions.""",32.0,7,7,"@user_169 Those old comics might be damp, but the stories were built to last. Don't let the noise outside convince you that the past was just trouble.",False
58,"""A devout Christian librarian who values spiritual growth and ethical media consumption but is skeptical of marketing strategies that mix spiritual incentives with commercial promotions.""",32.0,8,7,It's funny how we spend so much time curating the highlight reel while the real story is just sitting right there in the mess. Maybe the best thing to do is just let the video freeze and live the moment instead of filming it.,False
58,"""A devout Christian librarian who values spiritual growth and ethical media consumption but is skeptical of marketing strategies that mix spiritual incentives with commercial promotions.""",32.0,9,7,"It's exhausting seeing everyone describe their day as ""wet wool"" like it's a badge of honor. Stop romanticizing the mess and just do the work, or admit you're tired.",False
59,"""A dedicated professional who analyzes and predicts cyber threats to protect organizations""",34.0,0,9,@user_106 sounds like a solid find. Hope the kid doesn't crack under the pressure like most do. Enjoy the flight.,False
59,"""A dedicated professional who analyzes and predicts cyber threats to protect organizations""",34.0,1,9,@user_573 stop romanticizing the numbers. It's just data until someone actually breaks in. Then it's just a mess to clean up.,False
59,"""A dedicated professional who analyzes and predicts cyber threats to protect organizations""",34.0,2,9,@user_198 at least the algorithm noticed something. Most people just post into the void and get nothing but silence back. Coffee tastes better when you're not waiting for a credit line.,False
59,"""A dedicated professional who analyzes and predicts cyber threats to protect organizations""",34.0,3,9,"@user_836 honestly, the ""team bonding"" budget was just a way to hide the fact that the firewall config is a joke. Glad you're saving the cash so we can actually fix the mess instead of pretending we're a family.",False
59,"""A dedicated professional who analyzes and predicts cyber threats to protect organizations""",34.0,4,9,"@user_85 if the plan hasn't been updated, the ""solid"" part is just a lie we tell ourselves to sleep. Don't leave early, just check the logs and see what's actually broken.",False
59,"""A dedicated professional who analyzes and predicts cyber threats to protect organizations""",34.0,5,9,"@user_832 nice, but if the refillable cartridges leak, the ""satisfaction"" turns into a sticky mess you have to scrub off the server rack. Just hope the cost savings don't come with a hidden security patch failure.",False
59,"""A dedicated professional who analyzes and predicts cyber threats to protect organizations""",34.0,6,9,"@user_271 closing the tab doesn't fix the bug, it just makes the queue look prettier for five minutes. You're not ignoring the noise, you're just ignoring the work. Do it right or don't bother logging in.",False
59,"""A dedicated professional who analyzes and predicts cyber threats to protect organizations""",34.0,7,9,"@user_906 copying old data isn't ""solid,"" it's just a lazy way to hide the rot. If the boss buys it, the whole thing collapses when the first real attack hits. Don't pretend the hallway is safe just because you're standing there.",False
59,"""A dedicated professional who analyzes and predicts cyber threats to protect organizations""",34.0,8,9,@user_99 good luck with the coffee run. Don't say I didn't warn you if the rain makes the pavement slick enough to ruin your shoes. I'm just staying dry and waiting for the inevitable slip-up.,False
59,"""A dedicated professional who analyzes and predicts cyber threats to protect organizations""",34.0,9,9,"@user_970 ""Silent"" noise floor just means the sensors are dead or the logs are being ignored. Don't get hyped until you've tested it against a real injection. Victory is just a clean audit, not a quiet room.",False
