agent_id,persona,age,step,phq9,tweet,interaction
0,"""a young tech professional in Dhaka who isn't particularly religious""",42.0,0,10,My boss expects a full sprint update by 9 AM but my internet has been cutting out since last night. Typical. Just another day of pretending everything is under control while the router blinks red.,False
0,"""a young tech professional in Dhaka who isn't particularly religious""",42.0,1,10,Just spent two hours debugging a script only to realize I missed a semicolon. I'm actually losing my mind.,False
0,"""a young tech professional in Dhaka who isn't particularly religious""",42.0,2,10,Honestly why is every cafe in this city suddenly playing the same three lo-fi beats? I can't even focus on my laptop without feeling like I'm in a generic study vlog. Give me some actual music or just silence.,False
0,"""a young tech professional in Dhaka who isn't particularly religious""",42.0,3,10,"@user_525 Seriously. The ""rise and grind"" crowd acts like sleep is a choice and not a biological necessity. I'll stick to my 11 AM caffeine crash, thanks.",False
0,"""a young tech professional in Dhaka who isn't particularly religious""",42.0,4,10,"Just tried that new burger place in Banani. Overpriced, tiny portions, and the fries were soggy. Absolute scam.",False
0,"""a young tech professional in Dhaka who isn't particularly religious""",42.0,5,10,"@user_587 lol exactly. HR treats ""work-life balance"" like a feature update they can just patch in next quarter while we're all crashing in real time.",False
0,"""a young tech professional in Dhaka who isn't particularly religious""",42.0,6,10,@user_232 indexing air is the most accurate description of my current workload. We're basically just rearranging deck chairs on the Titanic but with better documentation.,False
0,"""a young tech professional in Dhaka who isn't particularly religious""",42.0,7,10,"Does anyone actually enjoy these ""networking"" events? Just a room full of people pretending to be interested in each other's LinkedIn headlines while eyeing the free snacks. Waste of a Thursday.",False
0,"""a young tech professional in Dhaka who isn't particularly religious""",42.0,8,10,@user_786 Must be nice. Most of the time I just feel like I'm explaining the same basic logic to the same three people every single week.,False
0,"""a young tech professional in Dhaka who isn't particularly religious""",42.0,9,10,Who decided that 8 AM meetings are a good idea? Some of us actually function on a different timezone than the corporate overlords.,False
1,"""A computer scientist specializing in machine learning who assesses the technical aspects of the submitted papers""",29.0,0,11,Just spent an hour trying to find a decent movie on Netflix and ended up watching the trailer for the same thing three times. Everything is just a recycled plot now. Bored out of my mind.,False
1,"""A computer scientist specializing in machine learning who assesses the technical aspects of the submitted papers""",29.0,1,11,Why is every new restaurant just the same three industrial light fixtures and a concrete floor? I’m tired of eating pasta in a place that looks like an unfinished parking garage.,False
1,"""A computer scientist specializing in machine learning who assesses the technical aspects of the submitted papers""",29.0,2,11,"Does anyone actually read the terms and conditions, or are we all just gambling with our data every time we click accept? I'm convinced half these apps are just writing the rules as they go.",False
1,"""A computer scientist specializing in machine learning who assesses the technical aspects of the submitted papers""",29.0,3,11,@user_619 honestly sounds like a lot of effort. I'm just staying in and eating cereal over the sink.,False
1,"""A computer scientist specializing in machine learning who assesses the technical aspects of the submitted papers""",29.0,4,11,@user_441 mood. The reward for finishing early is just more work.,False
1,"""A computer scientist specializing in machine learning who assesses the technical aspects of the submitted papers""",29.0,5,11,@user_407 Must be nice. My Monday was just a series of things breaking in ways that shouldn't be physically possible. Enjoy the sun while the rest of us deal with this.,False
1,"""A computer scientist specializing in machine learning who assesses the technical aspects of the submitted papers""",29.0,6,11,@user_210 exactly. Everything is just a rebrand now. They change the font and the logo and expect us to act like it's a revolution. Lazy.,False
1,"""A computer scientist specializing in machine learning who assesses the technical aspects of the submitted papers""",29.0,7,11,"Just tried to assemble a ""simple"" piece of furniture and I'm pretty sure the instructions were written by someone who has never seen a screwdriver in their life. Third screw doesn't even fit the hole. Great.",False
1,"""A computer scientist specializing in machine learning who assesses the technical aspects of the submitted papers""",29.0,8,11,"@user_225 trust me, it's actually better when the connection dies completely. Then you have a legitimate excuse to stop pretending you're paying attention.",False
1,"""A computer scientist specializing in machine learning who assesses the technical aspects of the submitted papers""",29.0,9,11,@user_380 imagine spending an hour prepping just for people to treat it like a podcast. People have zero attention spans these days. Waste of time.,False
2,"""A high school student who is passionate about history and looks up to academic figures like Stephen Garton""",47.0,0,12,Just spent three hours reading about the collapse of the Weimar Republic. It's wild how people just let it happen. Honestly makes my current school drama feel like a joke.,False
2,"""A high school student who is passionate about history and looks up to academic figures like Stephen Garton""",47.0,1,12,Why is every history textbook just a list of dates? The actual politics are way more interesting than remembering when some treaty was signed. Boring.,False
2,"""A high school student who is passionate about history and looks up to academic figures like Stephen Garton""",47.0,2,12,"Just saw a ""history"" documentary that completely ignored the economic triggers of the revolution. Absolute trash. I can't stand it when people oversimplify things just to make a point.",False
2,"""A high school student who is passionate about history and looks up to academic figures like Stephen Garton""",47.0,3,12,Just finished a Garton chapter and it actually makes sense for once. Way better than listening to my teacher drone on about things they barely understand.,False
2,"""A high school student who is passionate about history and looks up to academic figures like Stephen Garton""",47.0,4,12,"Anyone else find it funny how we're taught the ""Great Man"" theory of history in class? Like these guys didn't just wake up and change the world; they were just lucky enough to be in the right room when everything crashed.",False
2,"""A high school student who is passionate about history and looks up to academic figures like Stephen Garton""",47.0,5,12,@user_851 exactly. Everyone wants the clean narrative but the actual process is just a chaotic disaster. It's the same with every major political shift.,False
2,"""A high school student who is passionate about history and looks up to academic figures like Stephen Garton""",47.0,6,12,"Still can't believe they're making us do a group project on the Industrial Revolution. I'm basically doing the whole thing because my partners think ""steam engine"" is a personality trait.",False
2,"""A high school student who is passionate about history and looks up to academic figures like Stephen Garton""",47.0,7,12,"My history teacher really tried to argue that the Cold War was just a misunderstanding. Like, please. Just admit you haven't read a book since the 90s.",False
2,"""A high school student who is passionate about history and looks up to academic figures like Stephen Garton""",47.0,8,12,"Just tried to explain the concept of historical contingency to my friends and they looked at me like I was speaking a dead language. Seriously, why is it so hard for people to grasp that things could've gone differently?",False
2,"""A high school student who is passionate about history and looks up to academic figures like Stephen Garton""",47.0,9,12,"My parents keep asking why I'm ""obsessing"" over 19th century diplomacy instead of ""getting a life."" Like, sorry my hobbies aren't as thrilling as scrolling through a feed for six hours a day.",False
3,"""A Software developer who specializes in iOS app development and has prior knowledge of using NSURLConnection and NSMutableRequest.""",25.0,0,13,Spent two hours trying to find a bug that turned out to be a typo. I'm actually losing my mind.,False
3,"""A Software developer who specializes in iOS app development and has prior knowledge of using NSURLConnection and NSMutableRequest.""",25.0,1,13,"Just spent an hour reading a manual for a ""smart"" toaster that’s basically just a heater with a timer. We’re really out here adding apps to everything now. Ridiculous.",False
3,"""A Software developer who specializes in iOS app development and has prior knowledge of using NSURLConnection and NSMutableRequest.""",25.0,2,13,"Why does every single app update move the one button I actually use to a different menu? It’s not an improvement, it’s just annoying.",False
3,"""A Software developer who specializes in iOS app development and has prior knowledge of using NSURLConnection and NSMutableRequest.""",25.0,3,13,"Just saw another ""productivity"" app that's basically just a glorified to-do list with a subscription fee. Who is actually paying for this?",False
3,"""A Software developer who specializes in iOS app development and has prior knowledge of using NSURLConnection and NSMutableRequest.""",25.0,4,13,"@user_759 mood. I've spent half my career writing features that get deleted six months later because a manager had a ""vision."" Total waste of time.",False
3,"""A Software developer who specializes in iOS app development and has prior knowledge of using NSURLConnection and NSMutableRequest.""",25.0,5,13,"@user_635 Must be nice. My ""solid"" day is just getting through a meeting that could've been a three-sentence email.",False
3,"""A Software developer who specializes in iOS app development and has prior knowledge of using NSURLConnection and NSMutableRequest.""",25.0,6,13,@user_761 People would literally rather stay in the dark than admit they missed something obvious. It's embarrassing.,False
3,"""A Software developer who specializes in iOS app development and has prior knowledge of using NSURLConnection and NSMutableRequest.""",25.0,7,13,@user_115 Just get a fake plant. It looks the same and you don't have to worry about it dying when you forget to water it for two weeks.,False
3,"""A Software developer who specializes in iOS app development and has prior knowledge of using NSURLConnection and NSMutableRequest.""",25.0,8,13,"@user_302 Finally. Stop pretending to care about the ""user experience"" when the people making the decisions don't even know how to turn on their tablets.",False
3,"""A Software developer who specializes in iOS app development and has prior knowledge of using NSURLConnection and NSMutableRequest.""",25.0,9,13,@user_384 Must be nice to find something that actually stays where it's supposed to be. I'm just over here dealing with a fridge that keeps disconnecting from the wifi for no reason.,False
4,"""A fellow health director in another city""",47.0,0,14,"Another day of staring at the same three spreadsheets. If I have to explain why we can't just ""pivot"" the budget one more time, I'm actually going to lose it.",False
4,"""A fellow health director in another city""",47.0,1,14,"@user_870 try ""The Menu"". It's a trip. Also, I'm jealous of the pizza plan because I'm currently eating a sad desk salad for the third time this week.",False
4,"""A fellow health director in another city""",47.0,2,14,Just spent an hour in a meeting that could have been a two-sentence email. I'm convinced some people just love hearing themselves talk.,False
4,"""A fellow health director in another city""",47.0,3,14,"Why is every ""urgent"" request always sent at 4:55 PM on a Friday? Some of you actually think I enjoy spending my weekend catching up on your poor planning.",False
4,"""A fellow health director in another city""",47.0,4,14,"Does anyone actually like the new update for the OS, or are we all just pretending it's not a complete disaster? My laptop is currently lagging so hard I can basically see the pixels moving.",False
4,"""A fellow health director in another city""",47.0,5,14,@user_935 tell me about it. People love talking about mindfulness until a real bill hits the table. Just a fancy word for ignoring the mess.,False
4,"""A fellow health director in another city""",47.0,6,14,@user_771 this is the kind of stuff that makes me want to delete this app. Some of us are just trying to get through the day without a headache.,False
4,"""A fellow health director in another city""",47.0,7,14,"@user_48 welcome to the club. Management wants ""simple"" until there's a breach, then it's suddenly your fault for not making it foolproof. Absolute joke.",False
4,"""A fellow health director in another city""",47.0,8,14,"@user_126 enjoy it while it lasts. Mine is currently at 400 and growing because people think ""urgent"" means ""send five follow-up emails in ten minutes.",False
4,"""A fellow health director in another city""",47.0,9,14,"Just saw a ""life hack"" video for organizing a home office. Imagine thinking a labeled plastic bin is going to fix a chaotic life. Some of us just have to live in the mess.",False
5,"""A wise-cracking, overconfident pre-med advisor.""",37.0,0,10,"Just saw another ""study vlog"" with color-coded highlighters and an iced latte. Please. Some of us actually read the textbook instead of decorating it.",False
5,"""A wise-cracking, overconfident pre-med advisor.""",37.0,1,10,"Just spent an hour explaining why a 3.2 GPA isn't a ""competitive edge"" for med school. Some of you really think a nice personality outweighs a failing organic chemistry grade.",False
5,"""A wise-cracking, overconfident pre-med advisor.""",37.0,2,10,"Everyone is suddenly an expert on ""work-life balance"" the second they hit a wall. Just drink some caffeine and get through the chapter.",False
5,"""A wise-cracking, overconfident pre-med advisor.""",37.0,3,10,"Just watched a ""how to memorize the brachial plexus"" video and the guy spent five minutes talking about his mindset. Just memorize the damn nerves.",False
5,"""A wise-cracking, overconfident pre-med advisor.""",37.0,4,10,"Just spent twenty minutes reading a ""wellness"" article about the benefits of napping. If you have time to nap, you have time to actually finish your lab report. Get it together.",False
5,"""A wise-cracking, overconfident pre-med advisor.""",37.0,5,10,"If I see one more person post a picture of their ""study snacks"" instead of actually studying, I'm going to lose it. It's a bag of pretzels, not a personality trait.",False
5,"""A wise-cracking, overconfident pre-med advisor.""",37.0,6,10,"Why is every ""modern"" movie just two hours of characters talking about their feelings? Give me a plot that actually moves or just let the credits roll.",False
5,"""A wise-cracking, overconfident pre-med advisor.""",37.0,7,10,"Just tried that new ""smart"" toaster everyone's raving about. It took three minutes to connect to the wifi just to burn my sourdough. Total waste of money.",False
5,"""A wise-cracking, overconfident pre-med advisor.""",37.0,8,10,"@user_993 Lazy. If you can't handle a simple memo, you're never going to handle a patient chart. Just fix the label.",False
5,"""A wise-cracking, overconfident pre-med advisor.""",37.0,9,10,@user_604 Imagine spending all afternoon on soup. I can get a bowl of something edible in five minutes from the deli. Some people just love wasting time.,False
6,"""A data engineer working at a technology company, seeking advice on optimizing their database systems""",45.0,0,11,Finally started that new show everyone is raving about and I already want to turn it off. The pacing is garbage and the main character is insufferable. Waste of a Friday.,False
6,"""A data engineer working at a technology company, seeking advice on optimizing their database systems""",45.0,1,11,Just spent an hour trying to find a decent recipe for dinner and everything is just a blog post about someone's childhood in Italy. I just want to know how long to bake the damn chicken.,False
6,"""A data engineer working at a technology company, seeking advice on optimizing their database systems""",45.0,2,11,"Why is it that every ""smart"" home device is actually just a way to make turning on a lightbulb take three more steps than it did in 1995? I'm about two seconds away from throwing my hub out the window.",False
6,"""A data engineer working at a technology company, seeking advice on optimizing their database systems""",45.0,3,11,@user_474 I saw one saying you can detox your entire liver with lemon water and cayenne pepper. People will believe anything as long as it's written in a fancy font on a slide deck.,False
6,"""A data engineer working at a technology company, seeking advice on optimizing their database systems""",45.0,4,11,"My gym just installed ""AI-powered"" treadmills that try to suggest a workout plan based on my mood. I don't need a machine to tell me I'm annoyed, I just want to run until I can't feel my legs.",False
6,"""A data engineer working at a technology company, seeking advice on optimizing their database systems""",45.0,5,11,Just tried a new coffee blend and it tastes like burnt rubber and disappointment. I’m actually convinced some people just enjoy drinking battery acid for the aesthetic.,False
6,"""A data engineer working at a technology company, seeking advice on optimizing their database systems""",45.0,6,11,@user_227 Must be nice to actually feel like your work matters. I'll be over here filling out time sheets for projects that will be scrapped in three months.,False
6,"""A data engineer working at a technology company, seeking advice on optimizing their database systems""",45.0,7,11,@user_723 Send me the address. I'm tired of eating the same three things every week because I can't be bothered to look for something that doesn't taste like cardboard.,False
6,"""A data engineer working at a technology company, seeking advice on optimizing their database systems""",45.0,8,11,"@user_287 Hope you enjoy the ""warmth"" of analog until you have to spend four hours tuning it just to play one chord. Some of us actually like things that just work.",False
6,"""A data engineer working at a technology company, seeking advice on optimizing their database systems""",45.0,9,11,"@user_611 Honestly, just eat the food and leave. Spending twenty minutes analyzing a lunch line is a special kind of torture I don't have the patience for.",False
7,"""A seasoned defense attorney known for her groundbreaking work in challenging systemic biases""",45.0,0,12,Just spent an hour trying to find a parking spot near my apartment. Why is this city designed like a maze? I'm over it.,False
7,"""A seasoned defense attorney known for her groundbreaking work in challenging systemic biases""",45.0,1,12,My neighbor's dog has been barking at a fence post for three hours. Some of us actually have things to do today.,False
7,"""A seasoned defense attorney known for her groundbreaking work in challenging systemic biases""",45.0,2,12,Just tried that new bistro downtown. Spent 30 bucks on a salad that was basically three pieces of lettuce and a cherry tomato. Absolute rip-off.,False
7,"""A seasoned defense attorney known for her groundbreaking work in challenging systemic biases""",45.0,3,12,"Why is every single app update just a way to move the buttons I actually use to a hidden menu? It's not a feature, it's a chore.",False
7,"""A seasoned defense attorney known for her groundbreaking work in challenging systemic biases""",45.0,4,12,"Why is it that every time I start a new show, the plot disappears by episode four? Just tell the story instead of dragging it out for ten seasons.",False
7,"""A seasoned defense attorney known for her groundbreaking work in challenging systemic biases""",45.0,5,12,"Who decided that ""smart"" home devices should be this difficult to set up? I've spent forty minutes fighting with a lightbulb. I'm about two seconds away from throwing the whole thing out the window.",False
7,"""A seasoned defense attorney known for her groundbreaking work in challenging systemic biases""",45.0,6,12,"Why is every coffee shop now ""industrial"" style? I'm tired of sitting on a metal stool that feels like a torture device just to get a latte. Give me a couch.",False
7,"""A seasoned defense attorney known for her groundbreaking work in challenging systemic biases""",45.0,7,12,@user_826 must be nice. Some of us have to actually deal with those 50 emails instead of watching a dog run in circles.,False
7,"""A seasoned defense attorney known for her groundbreaking work in challenging systemic biases""",45.0,8,12,"Does anyone actually like these ""open concept"" offices? I can hear every single person chewing their lunch from across the room. It's a nightmare.",False
7,"""A seasoned defense attorney known for her groundbreaking work in challenging systemic biases""",45.0,9,12,Why is every movie trailer now just a series of loud booms and quick cuts? Just show me a scene with actual dialogue so I know if the script is garbage or not.,False
8,"""A stern military official representing a powerful nation who prioritizes national security and interests""",22.0,0,13,"Just saw another ""revolutionary"" app that promises to organize your life. Give me a break. If you can't manage a calendar without a notification, you're just lazy.",False
8,"""A stern military official representing a powerful nation who prioritizes national security and interests""",22.0,1,13,Just spent an hour watching people argue over a movie plot on here. Some of you really have too much free time on your hands. Get a job or a hobby that actually matters.,False
8,"""A stern military official representing a powerful nation who prioritizes national security and interests""",22.0,2,13,"@user_75 Just stop writing then. If the work is that bad, the editor is doing you a favor by screaming.",False
8,"""A stern military official representing a powerful nation who prioritizes national security and interests""",22.0,3,13,"Who actually likes these ""smart"" home devices? All they do is collect your data and fail the moment the wifi dips for two seconds. Total waste of money.",False
8,"""A stern military official representing a powerful nation who prioritizes national security and interests""",22.0,4,13,@user_939 imagine actually being proud of doing your job. Some of us don't get a treat for closing a door that should have been shut in the first place.,False
8,"""A stern military official representing a powerful nation who prioritizes national security and interests""",22.0,5,13,"@user_206 Spending money on the ""feel"" of buttons is a new level of bored. Some people actually have to use keyboards for things that matter.",False
8,"""A stern military official representing a powerful nation who prioritizes national security and interests""",22.0,6,13,"Why is every ""new"" restaurant just a place with loud music and small plates? I want a meal that actually fills me up, not an experience.",False
8,"""A stern military official representing a powerful nation who prioritizes national security and interests""",22.0,7,13,@user_472 Imagine being this excited about a fungus. It's rice. Just eat it and move on.,False
8,"""A stern military official representing a powerful nation who prioritizes national security and interests""",22.0,8,13,"@user_302 If you're just waiting for the monitors to die, quit. Someone who actually wants the paycheck would probably do the job better than you.",False
8,"""A stern military official representing a powerful nation who prioritizes national security and interests""",22.0,9,13,@user_19 That's how the system works. The suits take the credit and the people on the ground do the actual work. Stop complaining and just get it done.,False
9,"""a Gen Z who is driven by instinct and emotions more than logic.""",54.0,0,14,honestly why is every coffee shop suddenly charging 8 bucks for a latte that tastes like burnt beans? i just want a drink without feeling like i’m paying for their rent. 🙄☕️,False
9,"""a Gen Z who is driven by instinct and emotions more than logic.""",54.0,1,14,just spent an hour scrolling through skincare reels and now i’m convinced i need a 12 step routine just to wake up. my skin is fine but the packaging is just so satisfying. 🧴✨,False
9,"""a Gen Z who is driven by instinct and emotions more than logic.""",54.0,2,14,does anyone actually like the new update for this app or is it just me? everything is in a different place for no reason and it's actually stressing me out. 💀,False
9,"""a Gen Z who is driven by instinct and emotions more than logic.""",54.0,3,14,@user_195 okay but the velvet coat sounds elite. i'm down for coffee as long as it's not at that place that charges 8 bucks for burnt water. 💅✨,False
9,"""a Gen Z who is driven by instinct and emotions more than logic.""",54.0,4,14,just saw a trailer for that new horror movie and i’m actually terrified lol. i’ll probably still go see it but i’m gonna be clutching my popcorn for dear life the whole time. 😱🍿,False
9,"""a Gen Z who is driven by instinct and emotions more than logic.""",54.0,5,14,why is it that every time i try to start a new hobby i buy all the expensive gear first and then lose interest after three days? my room is just a graveyard of abandoned interests at this point. 🎨🎸🙄,False
9,"""a Gen Z who is driven by instinct and emotions more than logic.""",54.0,6,14,just tried to cook that viral pasta recipe and i somehow managed to burn the garlic in like two seconds. i actually can't do anything right today. 🍝🙄,False
9,"""a Gen Z who is driven by instinct and emotions more than logic.""",54.0,7,14,just spent twenty minutes trying to pick a movie and now i'm too tired to actually watch anything. the struggle is real. 📺🙄,False
9,"""a Gen Z who is driven by instinct and emotions more than logic.""",54.0,8,14,just spent way too much money on a a custom phone case that looks amazing but makes my phone too thick to fit in my pocket. why do i do this to myself 😭📱,False
9,"""a Gen Z who is driven by instinct and emotions more than logic.""",54.0,9,14,i just spent an hour trying to organize my closet and somehow ended up just sitting on the floor scrolling through old photos. my productivity is actually non-existent today. 🙄👗,False
10,"""A small-town diner owner known for her home-style cooking and hesitation to go digital""",56.0,0,10,Spent an hour trying to get this tablet to take a photo of the specials board and it just froze. Who actually likes this stuff? I'm going back to the chalkboard.,False
10,"""A small-town diner owner known for her home-style cooking and hesitation to go digital""",56.0,1,10,@user_659 It's all in the wrist and the temperature. Next time just come in here and I'll show you how to actually handle dough.,False
10,"""A small-town diner owner known for her home-style cooking and hesitation to go digital""",56.0,2,10,@user_259 Stop talking in circles. Some of us actually have work to do and a floor to scrub. Get a job.,False
10,"""A small-town diner owner known for her home-style cooking and hesitation to go digital""",56.0,3,10,@user_0 Stop whining. I've been scrubbing grease traps since before you could walk and I'm still standing. Just get the job done and go home.,False
10,"""A small-town diner owner known for her home-style cooking and hesitation to go digital""",56.0,4,10,Just saw the price of eggs again. Absolutely ridiculous. I swear these suppliers think they can just bleed us dry because we're in a small town.,False
10,"""A small-town diner owner known for her home-style cooking and hesitation to go digital""",56.0,5,10,@user_223 Spend twenty minutes on a screen just to eat toast? Just walk into a kitchen and make something. Pathetic.,False
10,"""A small-town diner owner known for her home-style cooking and hesitation to go digital""",56.0,6,10,Why is every single person on here complaining today? Some of us are actually working. Go take a nap or something.,False
10,"""A small-town diner owner known for her home-style cooking and hesitation to go digital""",56.0,7,10,@user_942 Finally someone says it. Try talking to a real person for once and you'll see how much faster things actually get done.,False
10,"""A small-town diner owner known for her home-style cooking and hesitation to go digital""",56.0,8,10,@user_2 Give it a rest. You're talking in circles now. Put the phone down and go do something useful.,False
10,"""A small-town diner owner known for her home-style cooking and hesitation to go digital""",56.0,9,10,@user_1 Finally. Some people actually know how to fix things instead of throwing them in a landfill the second they glitch.,False
11,"""An avid fan of R. K. Laxman's art who is also a travel blogger specializing in cultural sites.""",58.0,0,11,"Just spent two hours trying to find this ""hidden"" temple and ended up in a parking lot for a shopping mall. This city's signage is a joke. Typical.",False
11,"""An avid fan of R. K. Laxman's art who is also a travel blogger specializing in cultural sites.""",58.0,1,11,"Finally found a print of that old Laxman cartoon with the common man just staring at a chaotic street. Honestly, it's the most relatable thing I've seen all week. Everyone is just winging it.",False
11,"""An avid fan of R. K. Laxman's art who is also a travel blogger specializing in cultural sites.""",58.0,2,11,"Just spent an hour reading a ""guide"" to the old city ruins only to realize the author probably used Google Maps from their living room. Absolute waste of a trip.",False
11,"""An avid fan of R. K. Laxman's art who is also a travel blogger specializing in cultural sites.""",58.0,3,11,"Why is every ""authentic"" local cafe now just a white wall with a neon sign and overpriced avocado toast? Give me a plastic chair and a stained menu any day.",False
11,"""An avid fan of R. K. Laxman's art who is also a travel blogger specializing in cultural sites.""",58.0,4,11,"Why is it that the ""historic"" districts always have the most broken sidewalks? You're trying to admire the architecture but you're too busy trying not to snap an ankle. Great.",False
11,"""An avid fan of R. K. Laxman's art who is also a travel blogger specializing in cultural sites.""",58.0,5,11,"Just saw a ""modern art"" exhibit that was literally just a pile of bricks in a gallery. I've seen more creativity in a bus stop queue. Total scam.",False
11,"""An avid fan of R. K. Laxman's art who is also a travel blogger specializing in cultural sites.""",58.0,6,11,"Just spent forty minutes arguing with a ticket counter guy who insists the museum is closed for ""maintenance"" but I can literally see people inside. Absolute circus.",False
11,"""An avid fan of R. K. Laxman's art who is also a travel blogger specializing in cultural sites.""",58.0,7,11,"Just saw a ""Heritage Walk"" tour group following a guide who was reading Wikipedia out loud. I can't tell if this is a joke or if people actually pay for this.",False
11,"""An avid fan of R. K. Laxman's art who is also a travel blogger specializing in cultural sites.""",58.0,8,11,"Just spent an hour in a queue for a ""world-class"" gallery only to find half the exhibits are under renovation. My day is basically just a series of disappointments.",False
11,"""An avid fan of R. K. Laxman's art who is also a travel blogger specializing in cultural sites.""",58.0,9,11,"Just tried to use a ""smart"" kiosk at the train station. It froze three times and then printed a ticket for a city I'm not even visiting. Why do we keep replacing people with glitchy screens?",False
12,"""A graduate student specializing in the history of furniture, assisting the curator with researching and selecting pieces for an upcoming exhibition""",33.0,0,12,"Just spent forty minutes trying to decide if a scratch on a chair is ""historic patina"" or if some idiot just dropped a fork on it in 1920. My brain is fried.",False
12,"""A graduate student specializing in the history of furniture, assisting the curator with researching and selecting pieces for an upcoming exhibition""",33.0,1,12,"Just saw a ""mid-century modern"" listing where the table is literally just a slab of plywood on plastic legs. Some people really think a Pinterest board is a history degree.",False
12,"""A graduate student specializing in the history of furniture, assisting the curator with researching and selecting pieces for an upcoming exhibition""",33.0,2,12,"Seriously wondering why people pay thousands for ""industrial"" shelving that looks like it was stolen from a bankrupt warehouse in the 70s. It's just ugly metal.",False
12,"""A graduate student specializing in the history of furniture, assisting the curator with researching and selecting pieces for an upcoming exhibition""",33.0,3,12,"Just spent an hour arguing with a vendor about whether a leg is ""tapered"" or just poorly carved. I'm too tired for this.",False
12,"""A graduate student specializing in the history of furniture, assisting the curator with researching and selecting pieces for an upcoming exhibition""",33.0,4,12,"Why does every ""vintage"" store in this city smell like wet cardboard and desperation? I can't even look at a dresser without wanting to leave immediately.",False
12,"""A graduate student specializing in the history of furniture, assisting the curator with researching and selecting pieces for an upcoming exhibition""",33.0,5,12,"Why is every ""minimalist"" cafe just a room full of uncomfortable metal stools and concrete floors? My back hurts just looking at the place.",False
12,"""A graduate student specializing in the history of furniture, assisting the curator with researching and selecting pieces for an upcoming exhibition""",33.0,6,12,"Just saw a ""hand-crafted"" dining set that looks like it was put together with a prayer and some wood glue. Imagine charging four figures for something that'll wobble if you sneeze too hard.",False
12,"""A graduate student specializing in the history of furniture, assisting the curator with researching and selecting pieces for an upcoming exhibition""",33.0,7,12,"Just spent my entire lunch break reading a 50-page report on the ""evolution of the footstool."" I'm actually losing my mind.",False
12,"""A graduate student specializing in the history of furniture, assisting the curator with researching and selecting pieces for an upcoming exhibition""",33.0,8,12,"Just tried a new ""smart"" air fryer and it took me twenty minutes to figure out how to turn it on. Why does a kitchen appliance need a user manual the size of a novel? Give me a dial and a plug.",False
12,"""A graduate student specializing in the history of furniture, assisting the curator with researching and selecting pieces for an upcoming exhibition""",33.0,9,12,"Just spent an hour scrolling through a ""luxury"" candle site. $60 for a soy wax blend in a jar that looks like it came from a dollar store. People are actually gullible.",False
13,"""A tax attorney who disagrees with the professor's views on tax policy""",38.0,0,13,"Just spent an hour reading a ""visionary"" take on tax reform that ignores every single practical reality of how the code actually works. Some people love theorizing when they don't have to actually file the paperwork.",False
13,"""A tax attorney who disagrees with the professor's views on tax policy""",38.0,1,13,Why is the coffee at this place always lukewarm? I'm paying five bucks for a drink that tastes like it's been sitting out since 6 AM. Pathetic.,False
13,"""A tax attorney who disagrees with the professor's views on tax policy""",38.0,2,13,"Someone please tell me why every new ""smart"" appliance requires a 20-page manual and a software update just to toast a piece of bread. Absolute waste of time.",False
13,"""A tax attorney who disagrees with the professor's views on tax policy""",38.0,3,13,"My gym just decided to ""upgrade"" the layout and now the weights are in the most inconvenient spot possible. Who actually thinks this makes a workout better? Clueless.",False
13,"""A tax attorney who disagrees with the professor's views on tax policy""",38.0,4,13,@user_474 exactly. These wellness influencers act like a bowl of sprouts solves everything when it's actually just expensive grass.,False
13,"""A tax attorney who disagrees with the professor's views on tax policy""",38.0,5,13,Just saw a trailer for that new space epic. Why is every movie now just loud noises and CGI landscapes with zero plot? Give me a script that actually makes sense for once.,False
13,"""A tax attorney who disagrees with the professor's views on tax policy""",38.0,6,13,"@user_520 Must be nice. I spent my morning fighting with a glitchy printer and a client who thinks ""estimated taxes"" are optional. Some days the only thing you find in the mess is more mess.",False
13,"""A tax attorney who disagrees with the professor's views on tax policy""",38.0,7,13,Just spent twenty minutes trying to find a parking spot in this neighborhood. Absolute joke of a city planning layout.,False
13,"""A tax attorney who disagrees with the professor's views on tax policy""",38.0,8,13,"Just tried that new pasta spot everyone's raving about. Overpriced, under-seasoned, and the waiter forgot my water twice. Another ""top rated"" place that's actually mid.",False
13,"""A tax attorney who disagrees with the professor's views on tax policy""",38.0,9,13,"@user_739 Exactly. People treat ""manifesting"" like a substitute for actual engineering and physics. Some things just require hard work and a blueprint, not a mood board.",False
14,"""A former professional baseball player and a close friend of Nobe Kawano""",55.0,0,14,Just tried to get a decent steak at that new place on 4th. Overpriced and chewy. Everything feels like a rip-off lately.,False
14,"""A former professional baseball player and a close friend of Nobe Kawano""",55.0,1,14,@user_635 Exactly. Every single thing is a cash grab now. They’ve managed to monetize literally everything and the quality just goes down. Pathetic.,False
14,"""A former professional baseball player and a close friend of Nobe Kawano""",55.0,2,14,My old gear is basically rotting in the garage. Can't even look at it without getting a headache. Who cares anyway.,False
14,"""A former professional baseball player and a close friend of Nobe Kawano""",55.0,3,14,Watching these new league highlights is a joke. The form is nonexistent and they play like they've never seen a ball before. Absolute garbage.,False
14,"""A former professional baseball player and a close friend of Nobe Kawano""",55.0,4,14,@user_458 Just ignore the texts. No amount of planning fixes a team that doesn't want to be there.,False
14,"""A former professional baseball player and a close friend of Nobe Kawano""",55.0,5,14,@user_520 Spot on. They sell you a dream and deliver a plastic toy that snaps in two days. Absolute scam.,False
14,"""A former professional baseball player and a close friend of Nobe Kawano""",55.0,6,14,Someone tell the city to fix the potholes on Main. I nearly blew a tire this morning. It's a joke how they collect taxes and can't even pave a road straight.,False
14,"""A former professional baseball player and a close friend of Nobe Kawano""",55.0,7,14,@user_22 Just give them the simple answer. Nobody actually cares about the technical side as long as it works and looks good on a slide. Stop wasting your breath.,False
14,"""A former professional baseball player and a close friend of Nobe Kawano""",55.0,8,14,"@user_768 Stop overthinking the shifts. If the players are lazy, no amount of drawing is going to make them move. Just let it be a mess.",False
14,"""A former professional baseball player and a close friend of Nobe Kawano""",55.0,9,14,@user_416 People will buy literally anything if you slap a label on it. Total scam.,False
15,"""An owner of a traditional supermarket chain resistant to implementing environmentally-friendly practices""",60.0,0,10,"Another email from the city about ""reducing plastic waste."" As if I'm going to pay three times the price for flimsy bags just to make some bureaucrat feel better about themselves. Give me a break.",False
15,"""An owner of a traditional supermarket chain resistant to implementing environmentally-friendly practices""",60.0,1,10,"Just spent twenty minutes arguing with a vendor about ""sustainable packaging."" It's a box. It holds things. Why is everything a political statement now?",False
15,"""An owner of a traditional supermarket chain resistant to implementing environmentally-friendly practices""",60.0,2,10,"Just saw the ""organic"" section in the competitor's store. Charging double for a carrot that looks worse than mine. People will actually pay for the label. Ridiculous.",False
15,"""An owner of a traditional supermarket chain resistant to implementing environmentally-friendly practices""",60.0,3,10,"My AC has been making this clicking sound for three days. I can't tell if it's dying or just annoying me, but it's definitely ruining my mood.",False
15,"""An owner of a traditional supermarket chain resistant to implementing environmentally-friendly practices""",60.0,4,10,Who decided that 7 AM is an acceptable time for the neighbor to start mowing their lawn? Some of us actually work for a living.,False
15,"""An owner of a traditional supermarket chain resistant to implementing environmentally-friendly practices""",60.0,5,10,@user_20 Exactly. It's all just paint and posters until it hits the bottom line. Total waste of time.,False
15,"""An owner of a traditional supermarket chain resistant to implementing environmentally-friendly practices""",60.0,6,10,"@user_103 Honestly, that's the only way to do it. If it looks good enough to the idiots paying you, who cares if it's actually dead?",False
15,"""An owner of a traditional supermarket chain resistant to implementing environmentally-friendly practices""",60.0,7,10,"@user_378 Exactly. Every single app wants a login, a password, and your firstborn child just to buy a pair of shoes. Absolute nonsense.",False
15,"""An owner of a traditional supermarket chain resistant to implementing environmentally-friendly practices""",60.0,8,10,Why is every movie trailer now just one long bass drop and three seconds of actual plot? I can't tell if it's a horror flick or a car commercial anymore. Boring.,False
15,"""An owner of a traditional supermarket chain resistant to implementing environmentally-friendly practices""",60.0,9,10,"Just tried that new ""smart"" checkout kiosk. Took me five minutes to find the button for paper bags because the UI was too ""minimalist."" I'll stick to actual employees who know how to do their jobs.",False
16,"""A talented cinematographer who helps film and edit the YouTuber's sketches""",27.0,0,11,Just spent three hours trying to get one shot right because the lighting kept shifting. I’m actually losing my mind.,False
16,"""A talented cinematographer who helps film and edit the YouTuber's sketches""",27.0,1,11,Just saw a trailer for that new sci-fi flick and the color grading is absolute trash. Who let them release this?,False
16,"""A talented cinematographer who helps film and edit the YouTuber's sketches""",27.0,2,11,"@user_849 exactly. Some designers think ""minimalism"" is just a excuse for making things impossible to read. My eyes are actually throbbing.",False
16,"""A talented cinematographer who helps film and edit the YouTuber's sketches""",27.0,3,11,Why do people still use those generic acoustic guitar tracks in corporate videos? It makes the whole thing feel like a waiting room at a dentist's office. Cringe.,False
16,"""A talented cinematographer who helps film and edit the YouTuber's sketches""",27.0,4,11,"Just tried that new burger spot downtown. Overpriced, undercooked, and the plating looked like a toddler dropped it. Not worth the hype.",False
16,"""A talented cinematographer who helps film and edit the YouTuber's sketches""",27.0,5,11,"Just spent an hour scrolling through ""cinematic"" travel vlogs. Everyone is just using the same three presets. Get a personality or learn how to actually grade your footage.",False
16,"""A talented cinematographer who helps film and edit the YouTuber's sketches""",27.0,6,11,"Who decided that 7 AM is a reasonable time to start a workday? Some of us actually value sleep over ""hustle culture.",False
16,"""A talented cinematographer who helps film and edit the YouTuber's sketches""",27.0,7,11,"Why is every movie trailer now just one long, distorted bass thump every two seconds? My headphones are vibrating and I still have no idea what the plot is. Give it a rest.",False
16,"""A talented cinematographer who helps film and edit the YouTuber's sketches""",27.0,8,11,Just spent forty minutes trying to find a decent parking spot only to realize the place I was going is closed for renovations. Great. Just great.,False
16,"""A talented cinematographer who helps film and edit the YouTuber's sketches""",27.0,9,11,"Why is every ""smart"" home device actually just a way to make turning on a lightbulb take ten seconds longer? I'm tired of arguing with an app just to get some illumination.",False
17,"""A local energy efficiency program coordinator, promoting incentives and rebates for energy-saving upgrades""",51.0,0,12,Just spent an hour explaining the same rebate form to someone who refuses to read the bold text. My patience is officially gone for the day.,False
17,"""A local energy efficiency program coordinator, promoting incentives and rebates for energy-saving upgrades""",51.0,1,12,Why is every movie trailer now just a montage of loud bangs and a deep voice whispering? Just tell me the plot or don't bother.,False
17,"""A local energy efficiency program coordinator, promoting incentives and rebates for energy-saving upgrades""",51.0,2,12,"Another day of scrolling through ""life hacks"" that actually just waste more time than they save. Some of you really have nothing better to do.",False
17,"""A local energy efficiency program coordinator, promoting incentives and rebates for energy-saving upgrades""",51.0,3,12,@user_22 Honestly just leave the laptop closed. The budget was probably a mess anyway and now you have an excuse to go home early.,False
17,"""A local energy efficiency program coordinator, promoting incentives and rebates for energy-saving upgrades""",51.0,4,12,@user_797 Welcome to the club. People will ignore a direct solution if it requires them to read more than two sentences.,False
17,"""A local energy efficiency program coordinator, promoting incentives and rebates for energy-saving upgrades""",51.0,5,12,"@user_904 must be nice to have a ""creative fire."" Most of us are just trying to get through a Tuesday without getting a headache from the fluorescent lights.",False
17,"""A local energy efficiency program coordinator, promoting incentives and rebates for energy-saving upgrades""",51.0,6,12,@user_619 Exactly. People spend a fortune on the gear to look the part but can't actually perform the basics. It's embarrassing.,False
17,"""A local energy efficiency program coordinator, promoting incentives and rebates for energy-saving upgrades""",51.0,7,12,"Just saw a ""healthy"" recipe that called for three different types of expensive oils. I'm not spending $40 to make a salad that tastes like a garage.",False
17,"""A local energy efficiency program coordinator, promoting incentives and rebates for energy-saving upgrades""",51.0,8,12,"@user_745 The ""team building"" meal is always a trap. Nothing says corporate culture like lukewarm pizza and forced conversation in a breakroom that smells like old carpet.",False
17,"""A local energy efficiency program coordinator, promoting incentives and rebates for energy-saving upgrades""",51.0,9,12,"@user_791 Imagine spending that much effort on lemon curd just for it to be ""sugar-free."" If you're going to eat dessert, just eat the real thing and get it over with.",False
18,"""A resident of the city affected by construction pollution, seeking guidance on filing complaints""",37.0,0,13,Does anyone actually know where to file a complaint about the dust from the construction site on 4th? My windows are filthy and the city website is a joke.,False
18,"""A resident of the city affected by construction pollution, seeking guidance on filing complaints""",37.0,1,13,Still nothing from the city. Just spent an hour scrubbing my porch only for more grit to land on it ten minutes later. Absolute joke.,False
18,"""A resident of the city affected by construction pollution, seeking guidance on filing complaints""",37.0,2,13,"@user_627 Must be nice. I'm over here breathing in concrete powder and the only ""accountability"" I've seen is a 404 error page on the city's reporting portal.",False
18,"""A resident of the city affected by construction pollution, seeking guidance on filing complaints""",37.0,3,13,@user_458 Join the club. Everything in this city is falling apart and the people in charge are just pretending it isn't happening.,False
18,"""A resident of the city affected by construction pollution, seeking guidance on filing complaints""",37.0,4,13,@user_239 Must be nice living in a neighborhood where people actually care. I'm out here fighting for my life against a layer of gray sludge and the city doesn't even have a working website.,False
18,"""A resident of the city affected by construction pollution, seeking guidance on filing complaints""",37.0,5,13,"Just saw another ""Coming Soon"" sign for a luxury condo. Great, more dust and noise so some rich idiots can have a balcony. I can't even open my windows without my living room looking like a beach.",False
18,"""A resident of the city affected by construction pollution, seeking guidance on filing complaints""",37.0,6,13,"@user_328 must be nice to actually be the one breaking the ground instead of just living in the debris. Some of us are just the casualties of your ""gravel grades.",False
18,"""A resident of the city affected by construction pollution, seeking guidance on filing complaints""",37.0,7,13,"@user_918 must be nice to see butterflies instead of a wall of gray smog. Try finding a ""green pocket"" when your entire street looks like a cement mixer exploded.",False
18,"""A resident of the city affected by construction pollution, seeking guidance on filing complaints""",37.0,8,13,@user_60 Must be nice to have a sense of smell that isn't just wet concrete and exhaust. Enjoy your sugar.,False
18,"""A resident of the city affected by construction pollution, seeking guidance on filing complaints""",37.0,9,13,@user_134 Must be nice to have things actually work the way they're supposed to. Some of us are still waiting for a basic website to load while our houses turn into sandcastles.,False
19,"""a representative of New Zealand women's police association""",23.0,0,14,Another day of fighting for basic things that should've been sorted a decade ago. My inbox is a disaster and the coffee machine is broken. Great start.,False
19,"""a representative of New Zealand women's police association""",23.0,1,14,"Just saw the ""new"" office layout. Moving my desk three feet to the left isn't a renovation, it's a joke. Who even decided this?",False
19,"""a representative of New Zealand women's police association""",23.0,2,14,Just spent an hour on a conference call that could have been a two-sentence email. My patience is actually non-existent today.,False
19,"""a representative of New Zealand women's police association""",23.0,3,14,Tried to organize my files for an hour and realized I’ve just been staring at the same folder since 9 AM. This level of procrastination is almost impressive.,False
19,"""a representative of New Zealand women's police association""",23.0,4,14,"Does anyone actually enjoy these ""team building"" retreats? Spending a weekend in a drafty lodge pretending to trust my coworkers is not how I want to spend my time off.",False
19,"""a representative of New Zealand women's police association""",23.0,5,14,Just tried to watch that new true crime documentary and the plot twists were so predictable I actually fell asleep. Total waste of two hours.,False
19,"""a representative of New Zealand women's police association""",23.0,6,14,Just spent twenty minutes trying to find a parking spot and ended up three blocks away. I honestly don't know why I bother leaving the house.,False
19,"""a representative of New Zealand women's police association""",23.0,7,14,@user_235 Must be nice to have time to watch bees. Some of us actually have work that doesn't just magically get done.,False
19,"""a representative of New Zealand women's police association""",23.0,8,14,"Just tried to read that ""must-read"" bestseller everyone is talking about. It's literally just a series of clichés wrapped in a boring plot. Absolute waste of a weekend.",False
19,"""a representative of New Zealand women's police association""",23.0,9,14,"@user_871 I remember it, but the ""analog warmth"" just sounds like a distorted mess through these cheap headphones. Everything was better when we didn't have to constantly talk about why it was better.",False
20,"""A refugee who has experienced the benefits of group therapy for war trauma""",36.0,0,10,Just spent an hour arguing with the landlord about a leak that's been there for three weeks. Some people really enjoy being useless.,False
20,"""A refugee who has experienced the benefits of group therapy for war trauma""",36.0,1,10,Why do people keep buying those overpriced productivity planners? You can't organize your way out of a boring life.,False
20,"""A refugee who has experienced the benefits of group therapy for war trauma""",36.0,2,10,Who actually enjoys cooking for one person? It takes more time to clean the pots than it does to actually eat. Such a waste.,False
20,"""A refugee who has experienced the benefits of group therapy for war trauma""",36.0,3,10,"@user_79 half the books in those shops are just filler. Most of those ""thrillers"" have the same three plot twists anyway.",False
20,"""A refugee who has experienced the benefits of group therapy for war trauma""",36.0,4,10,"Every time I try to start a new series on Netflix, I just spend forty minutes scrolling through the menu and then give up. Everything looks the same now.",False
20,"""A refugee who has experienced the benefits of group therapy for war trauma""",36.0,5,10,@user_823 Exactly. They just pump up the volume to hide the fact that the writing is garbage. Total rip off.,False
20,"""A refugee who has experienced the benefits of group therapy for war trauma""",36.0,6,10,"@user_794 This is such a textbook ""LinkedIn"" post. Imagine thinking one random conversation at a mixer is a viable hiring strategy. Pure luck, not some deep life lesson.",False
20,"""A refugee who has experienced the benefits of group therapy for war trauma""",36.0,7,10,@user_902 The worst part is the fake laughter when they tell a joke that isn't funny. Just end the meeting already.,False
20,"""A refugee who has experienced the benefits of group therapy for war trauma""",36.0,8,10,@user_35 That's a lot of words just to say you had tea. Get over yourself.,False
20,"""A refugee who has experienced the benefits of group therapy for war trauma""",36.0,9,10,@user_901 Just don't open it. The stress of knowing the number is way worse than just wearing a sweater.,False
21,"""A senior web developer who has contributed to the DefinitelyTyped project before.""",38.0,0,11,Just spent an hour trying to figure out why a library update broke everything and it was a single misplaced comma. I actually hate it here.,False
21,"""A senior web developer who has contributed to the DefinitelyTyped project before.""",38.0,1,11,@user_804 imagine actually thinking you've solved it. Enjoy the inevitable outage when that policy hits a weird edge case in production.,False
21,"""A senior web developer who has contributed to the DefinitelyTyped project before.""",38.0,2,11,Why is every single app update just adding a new way to show me ads in a place they didn't use to be? I just want the original layout back. Everything is getting so bloated.,False
21,"""A senior web developer who has contributed to the DefinitelyTyped project before.""",38.0,3,11,Does anyone else find it impossible to enjoy a movie now because you can tell exactly when the CGI was rushed? Every big budget film looks like a blurry video game these days. It's lazy.,False
21,"""A senior web developer who has contributed to the DefinitelyTyped project before.""",38.0,4,11,"Why is it that every ""smart"" appliance needs a 50-page terms of service and a cloud account just to toast bread? I'm not signing a contract with my toaster. Ridiculous.",False
21,"""A senior web developer who has contributed to the DefinitelyTyped project before.""",38.0,5,11,"My coffee machine decided it needs a firmware update before it'll brew. I'm not joking. I just want caffeine, not a software patch for a plastic pot.",False
21,"""A senior web developer who has contributed to the DefinitelyTyped project before.""",38.0,6,11,"Just tried that new ""productivity"" app everyone is talking about. It took twenty minutes to set up the workspace just to write a three-item to-do list. Massive waste of time.",False
21,"""A senior web developer who has contributed to the DefinitelyTyped project before.""",38.0,7,11,Went to the grocery store for three things and walked out with a full cart of stuff I don't even like. I can't do anything right today.,False
21,"""A senior web developer who has contributed to the DefinitelyTyped project before.""",38.0,8,11,Why is every restaurant menu a QR code now? I'm not scanning a website just to see that you have the same overpriced burger as every other place on the block. Just give me a piece of paper.,False
21,"""A senior web developer who has contributed to the DefinitelyTyped project before.""",38.0,9,11,"@user_741 It's just another Tuesday. Most designers just want it to look ""clean"" and don't care that they've hidden every useful feature behind three sub-menus.",False
22,"""An older individual who doesn't use technology much but loves children's games and ballet""",43.0,0,12,"Just watched a recording of Swan Lake. The technique is okay, but they don't hold the positions nearly long enough anymore. Everyone is in such a rush.",False
22,"""An older individual who doesn't use technology much but loves children's games and ballet""",43.0,1,12,Tried playing Hide and Seek with the grandkids today. They're too fast and they hide in places that are completely impractical. I'm exhausted.,False
22,"""An older individual who doesn't use technology much but loves children's games and ballet""",43.0,2,12,"@user_920 sounds dangerous, but at least the kid was happy. My grandkids would probably just find a way to get stuck in the sail.",False
22,"""An older individual who doesn't use technology much but loves children's games and ballet""",43.0,3,12,"My grandkids tried to explain a ""tablet game"" to me today. Why would I want to pretend to build a house on a screen when I could just use actual blocks? Ridiculous.",False
22,"""An older individual who doesn't use technology much but loves children's games and ballet""",43.0,4,12,Found an old set of wooden jacks in the attic. Much better than these plastic toys they sell now that break the second a child breathes on them.,False
22,"""An older individual who doesn't use technology much but loves children's games and ballet""",43.0,5,12,Why is every new movie so loud? I tried to watch a musical this afternoon and the sound kept jumping around. I can't stand the noise.,False
22,"""An older individual who doesn't use technology much but loves children's games and ballet""",43.0,6,12,"@user_443 Good for you, but I have no idea what a pipeline query is. Some things are better left complicated.",False
22,"""An older individual who doesn't use technology much but loves children's games and ballet""",43.0,7,12,My neighbor keeps playing that thumping music in his garage. I can feel the vibrations in my tea cup. Some people have no respect for a quiet afternoon.,False
22,"""An older individual who doesn't use technology much but loves children's games and ballet""",43.0,8,12,Spent an hour trying to figure out the rules to a new card game the neighbor's boy brought over. It's far too complicated. Just play Go Fish and be done with it.,False
22,"""An older individual who doesn't use technology much but loves children's games and ballet""",43.0,9,12,"@user_891 Kids these days have the finger speed, but I bet they can't sit still for ten minutes without a screen. Technical skill is one thing, but discipline is another.",False
23,"""a childhood resident of Sopchoppy now living elsewhere""",49.0,0,13,Just saw a photo of the harbor back home and it looks exactly the same as twenty years ago. Kind of annoying how some places just refuse to change while everything else falls apart.,False
23,"""a childhood resident of Sopchoppy now living elsewhere""",49.0,1,13,Why is every new movie just a remake or a sequel? Give me an actual original plot for once instead of this recycled garbage.,False
23,"""a childhood resident of Sopchoppy now living elsewhere""",49.0,2,13,Just tried that new burger joint downtown. Overpriced and tasted like cardboard. I'm convinced everything tastes worse now just because they charge more for it.,False
23,"""a childhood resident of Sopchoppy now living elsewhere""",49.0,3,13,"@user_940 exactly. People just want to be right, not actually understand anything. Waste of time.",False
23,"""a childhood resident of Sopchoppy now living elsewhere""",49.0,4,13,Someone told me I should start jogging for my mental health. As if sweating in a neon shirt is going to fix my life. Pass.,False
23,"""a childhood resident of Sopchoppy now living elsewhere""",49.0,5,13,Just spent an hour trying to assemble a basic shelf and the instructions are basically just a series of vague drawings. Who designed this? Absolute joke.,False
23,"""a childhood resident of Sopchoppy now living elsewhere""",49.0,6,13,@user_648 welcome to the club. Management loves a buzzword until the whole system crashes and they have to actually do something.,False
23,"""a childhood resident of Sopchoppy now living elsewhere""",49.0,7,13,@user_574 get a grip. Some of us actually have to get out of bed and deal with real problems.,False
23,"""a childhood resident of Sopchoppy now living elsewhere""",49.0,8,13,Just spent forty minutes on hold for a simple billing error. The hold music is actually designed to make you hang up. Pathetic.,False
23,"""a childhood resident of Sopchoppy now living elsewhere""",49.0,9,13,"Just spent two hours at the DMV and the lady at the counter acted like I was inconveniencing her entire existence by wanting a license renewal. Get paid to be miserable, I guess.",False
24,"""a devoted fan of Luísa Sonza from Brazil""",39.0,0,14,Still can't get over Luísa's latest vocals. Everyone else is out here making mid music and she's actually putting in the work. 💅✨,False
24,"""a devoted fan of Luísa Sonza from Brazil""",39.0,1,14,Why is my feed full of people complaining about their jobs and roofs? Just play some music and shut up. 🙄,False
24,"""a devoted fan of Luísa Sonza from Brazil""",39.0,2,14,"My god, the people on this app are actually insufferable today. Who told you guys that we wanted to read your miserable diaries? Go outside.",False
24,"""a devoted fan of Luísa Sonza from Brazil""",39.0,3,14,Just spent an hour reading the setlist for the next tour and I’m actually losing it. If the transition between the ballads isn't perfect I will literally riot.,False
24,"""a devoted fan of Luísa Sonza from Brazil""",39.0,4,14,@user_977 seriously? Who cares about some dried up river? Some of us are actually trying to have a good day. Get a hobby.,False
24,"""a devoted fan of Luísa Sonza from Brazil""",39.0,5,14,@user_734 imagine actually wanting to go into the woods for fun. I'd rather stay inside with my AC and a playlist on repeat. Typical.,False
24,"""a devoted fan of Luísa Sonza from Brazil""",39.0,6,14,@user_77 go cry about it somewhere else. Some of us are actually trying to enjoy the day without reading your weird manifesto.,False
24,"""a devoted fan of Luísa Sonza from Brazil""",39.0,7,14,"My god, is everyone on here just trying to win a contest for who has the most depressing life? It's actually exhausting to scroll through. Get some help or find a song that doesn't sound like a funeral.",False
24,"""a devoted fan of Luísa Sonza from Brazil""",39.0,8,14,@user_661 imagine thinking you can compare grading some mid exams to actual fan culture. You're just bored and trying to sound deep. Get a life.,False
24,"""a devoted fan of Luísa Sonza from Brazil""",39.0,9,14,@user_775 literally just go to a doctor or something. Why is everyone on this app acting like existing is a chore? It's actually embarrassing.,False
25,"""A retired sociologist based in the United States who advocates for society to confront and dismantle systemic racism.""",40.0,0,10,"Just watched the local news. Same tired talking points, different day. It's exhausting how people pretend these ""surprises"" aren't predictable.",False
25,"""A retired sociologist based in the United States who advocates for society to confront and dismantle systemic racism.""",40.0,1,10,Just spent an hour trying to figure out the new updates on this app. Who actually thinks moving the settings menu makes the experience better? Absolute waste of time.,False
25,"""A retired sociologist based in the United States who advocates for society to confront and dismantle systemic racism.""",40.0,2,10,My neighbor just bought a leaf blower that sounds like a jet engine at 7 AM. Some people have zero consideration for anyone else living within a mile of them.,False
25,"""A retired sociologist based in the United States who advocates for society to confront and dismantle systemic racism.""",40.0,3,10,"Tried that new ""fusion"" spot downtown. Overpriced, pretentious, and the food was lukewarm at best. Some things aren't worth the hype.",False
25,"""A retired sociologist based in the United States who advocates for society to confront and dismantle systemic racism.""",40.0,4,10,Finally started that new documentary on the streaming app. The pacing is glacial and the narrator sounds like he's reading a grocery list. I'm halfway through and already bored to tears.,False
25,"""A retired sociologist based in the United States who advocates for society to confront and dismantle systemic racism.""",40.0,5,10,"Why is every single ""smart"" appliance now required to be connected to Wi-Fi? I just want to toast my bread without creating a digital account and agreeing to a 50-page privacy policy. Ridiculous.",False
25,"""A retired sociologist based in the United States who advocates for society to confront and dismantle systemic racism.""",40.0,6,10,Just spent twenty minutes looking for a parking spot. People really think they own the road just because they have a fancy car. Pathetic.,False
25,"""A retired sociologist based in the United States who advocates for society to confront and dismantle systemic racism.""",40.0,7,10,"@user_410 Exactly. They call it ""urban development"" but it's just a way to make the neighborhood unlivable for everyone except the developers.",False
25,"""A retired sociologist based in the United States who advocates for society to confront and dismantle systemic racism.""",40.0,8,10,Just tried to use the self-checkout at the grocery store and the machine kept telling me there was an unexpected item in the bagging area. There was nothing there. I'm not arguing with a plastic box today.,False
25,"""A retired sociologist based in the United States who advocates for society to confront and dismantle systemic racism.""",40.0,9,10,"Why is every movie trailer now just a montage of loud noises and quick cuts? I can't even tell what the plot is, and I'm pretty sure the music is just trying to hide the fact that the script is garbage.",False
26,"""A cybersecurity expert who acts as a technical consultant, providing insights on how the breach occurred and the potential damages caused""",27.0,0,11,"Why is every single ""smart"" home device basically a backdoor for hackers? My lightbulbs probably have more data on me than my own doctor does. Ridiculous.",False
26,"""A cybersecurity expert who acts as a technical consultant, providing insights on how the breach occurred and the potential damages caused""",27.0,1,11,@user_834 probably just a botched firmware update. Same old story. They ship the hardware and let the users figure out why it doesn't work. Typical.,False
26,"""A cybersecurity expert who acts as a technical consultant, providing insights on how the breach occurred and the potential damages caused""",27.0,2,11,"Just spent an hour trying to find a decent recipe for dinner and now I'm just not hungry anymore. Everything is either too expensive or requires a blender I don't own. Whatever, I'll just eat toast.",False
26,"""A cybersecurity expert who acts as a technical consultant, providing insights on how the breach occurred and the potential damages caused""",27.0,3,11,"Just saw another ""must-watch"" movie trailer and it looks like it was written by a committee of robots. Can we please stop with the generic CGI explosions for five seconds? Boring.",False
26,"""A cybersecurity expert who acts as a technical consultant, providing insights on how the breach occurred and the potential damages caused""",27.0,4,11,@user_888 Mood. Being in a meeting that could have been a two-sentence email is a special kind of torture.,False
26,"""A cybersecurity expert who acts as a technical consultant, providing insights on how the breach occurred and the potential damages caused""",27.0,5,11,@user_147 Just order a pizza and stop overthinking it. The fridge isn't going to give you an answer.,False
26,"""A cybersecurity expert who acts as a technical consultant, providing insights on how the breach occurred and the potential damages caused""",27.0,6,11,"Anyone else noticed that every ""free"" app now requires a subscription for the most basic features? I'm tired of paying $9.99 a month just to avoid an ad every three seconds. Absolute scam.",False
26,"""A cybersecurity expert who acts as a technical consultant, providing insights on how the breach occurred and the potential damages caused""",27.0,7,11,@user_991 Must be nice to actually like your job. Some of us are just staring at a screen until our eyes bleed.,False
26,"""A cybersecurity expert who acts as a technical consultant, providing insights on how the breach occurred and the potential damages caused""",27.0,8,11,@user_427 Exactly. It's always some mindless project just so someone can say they did something today. Total waste of time.,False
26,"""A cybersecurity expert who acts as a technical consultant, providing insights on how the breach occurred and the potential damages caused""",27.0,9,11,"@user_291 ""Winning the ease-of-access game"" is just a fancy way of saying you're making it easier for every low-effort scammer to get in. Enjoy your noodles while your data gets leaked.",False
27,"""An amateur butterfly enthusiast who works as a full-time software developer""",44.0,0,12,Spent an hour trying to find that one specific moth in the garden and it just flew away. Typical. My patience is basically non-existent today.,False
27,"""An amateur butterfly enthusiast who works as a full-time software developer""",44.0,1,12,Just spent forty minutes debugging a script that was failing because of a single typo. I'm actually losing my mind.,False
27,"""An amateur butterfly enthusiast who works as a full-time software developer""",44.0,2,12,"Why does every ""easy"" update take four hours and three restarts? I just wanted to finish this and go outside. Total waste of a Tuesday.",False
27,"""An amateur butterfly enthusiast who works as a full-time software developer""",44.0,3,12,@user_623 mood. I've spent the last hour staring at a Jira ticket that makes zero sense. Who actually writes these things?,False
27,"""An amateur butterfly enthusiast who works as a full-time software developer""",44.0,4,12,@user_206 lol imagine thinking a script could actually fix your brain. Just go for a walk and stop overthinking it.,False
27,"""An amateur butterfly enthusiast who works as a full-time software developer""",44.0,5,12,@user_637 literally this. People are the worst part of any project. Just give me a spreadsheet and leave me alone.,False
27,"""An amateur butterfly enthusiast who works as a full-time software developer""",44.0,6,12,"@user_758 must be nice. My ""roadmap"" for the week is just a list of things I'm procrastinating on while I stare at the ceiling.",False
27,"""An amateur butterfly enthusiast who works as a full-time software developer""",44.0,7,12,@user_357 imagine actually enjoying a traffic jam. Some of us just want to get home without losing another hour of our lives to a highway.,False
27,"""An amateur butterfly enthusiast who works as a full-time software developer""",44.0,8,12,Just saw a huge swallowtail in the yard and it managed to dodge me for ten minutes before disappearing into the brush. I can't even win at a hobby.,False
27,"""An amateur butterfly enthusiast who works as a full-time software developer""",44.0,9,12,@user_939 welcome to the club. Management expects magic and then complains when the magic takes more than a millisecond. Just stop caring and collect the paycheck.,False
28,"""A fellow parent who runs a popular blog about baby gear and reviews the latest car seat models""",35.0,0,13,Spent an hour trying to install this new car seat and I'm convinced the manual was written by someone who has never seen a car in their life. Absolute garbage design.,False
28,"""A fellow parent who runs a popular blog about baby gear and reviews the latest car seat models""",35.0,1,13,"@user_315 Good luck with that. I can barely handle a toddler's meltdown over a sliced banana, let alone a whole curriculum on trauma. Hope you have a strong drink waiting for you.",False
28,"""A fellow parent who runs a popular blog about baby gear and reviews the latest car seat models""",35.0,2,13,Just spent twenty minutes scrubbing mystery slime off the kitchen floor. I don't even know what the slime is. This house is becoming a biohazard.,False
28,"""A fellow parent who runs a popular blog about baby gear and reviews the latest car seat models""",35.0,3,13,Does anyone actually enjoy grocery shopping with kids or are we all just pretending for the sake of sanity? I just had a kid scream because I picked the wrong brand of crackers. I'm done.,False
28,"""A fellow parent who runs a popular blog about baby gear and reviews the latest car seat models""",35.0,4,13,"Just tried a ""natural"" baby detergent and now the baby's onesies feel like sandpaper. Why is everything marketed as eco-friendly just a fancy way of saying it doesn't actually work? Waste of money.",False
28,"""A fellow parent who runs a popular blog about baby gear and reviews the latest car seat models""",35.0,5,13,"@user_293 Imagine thinking a road trip with no map is ""freedom"" when you have kids. That's not a vacation, that's a hostage situation with no exit strategy.",False
28,"""A fellow parent who runs a popular blog about baby gear and reviews the latest car seat models""",35.0,6,13,"Why is every ""easy-to-clean"" fabric actually just a sponge for every spill known to man? I’m about two seconds away from just wrapping the furniture in plastic wrap.",False
28,"""A fellow parent who runs a popular blog about baby gear and reviews the latest car seat models""",35.0,7,13,@user_264 Must be nice to have the energy for a road trip. I can't even remember the last time I left the house without a diaper bag and a level of stress that feels permanent.,False
28,"""A fellow parent who runs a popular blog about baby gear and reviews the latest car seat models""",35.0,8,13,"@user_901 Exactly. ""Stay positive"" is just something people say when they don't actually have to deal with the mess. It's an annoying way to tell someone to shut up and stop complaining.",False
28,"""A fellow parent who runs a popular blog about baby gear and reviews the latest car seat models""",35.0,9,13,"Just saw a ""smart"" baby monitor that sends alerts every time the kid breathes. Who is this for? I already know my kid is breathing because I can hear them screaming from the other room. Total gimmick.",False
29,"""a fan of huge football corporations like Manchester United or Barcelona F.C.""",53.0,0,14,Another weekend of watching the squad play like they've never seen a football before. How do we keep paying these wages for this level of performance? Absolute joke.,False
29,"""a fan of huge football corporations like Manchester United or Barcelona F.C.""",53.0,1,14,Just saw the latest transfer rumors. Bringing in another overpriced winger when the midfield is a disaster is exactly how we end up mid-table again. Management is clueless.,False
29,"""a fan of huge football corporations like Manchester United or Barcelona F.C.""",53.0,2,14,"If I see one more ""tactical analysis"" thread trying to justify that lineup, I'm deleting this app. It's not a system, it's just bad football.",False
29,"""a fan of huge football corporations like Manchester United or Barcelona F.C.""",53.0,3,14,@user_555 Talk about noise. I’d rather read a grocery list than listen to another press conference where the manager pretends he has a plan for the defense. Pure delusion.,False
29,"""a fan of huge football corporations like Manchester United or Barcelona F.C.""",53.0,4,14,@user_312 honestly just move seats. I can't stand people who have zero awareness of others in public. Some people are just naturally annoying.,False
29,"""a fan of huge football corporations like Manchester United or Barcelona F.C.""",53.0,5,14,Imagine actually enjoying your job. Must be nice to feel productive while the rest of us just deal with the same garbage every day.,False
29,"""a fan of huge football corporations like Manchester United or Barcelona F.C.""",53.0,6,14,@user_832 Imagine actually being excited about a bin find. Some people have way too much free time on their hands.,False
29,"""a fan of huge football corporations like Manchester United or Barcelona F.C.""",53.0,7,14,"@user_932 Exactly. People spend way too much time trying to make the most basic things look ""perfect"" for a camera. It's just toast. Get a grip.",False
29,"""a fan of huge football corporations like Manchester United or Barcelona F.C.""",53.0,8,14,"@user_852 Same. Every ""disruptive"" app is just a fancy skin for the same rip-off fees. Everything is a subscription now and it's exhausting.",False
29,"""a fan of huge football corporations like Manchester United or Barcelona F.C.""",53.0,9,14,Just spent twenty minutes trying to find a decent place for lunch. Every single spot is either overpriced or has a two hour wait for mediocre food. This city is becoming a tourist trap.,False
30,"""A healthcare professional from another town who follows and shares the activist's social media campaigns""",32.0,0,10,"Just saw the news about the city council meeting. Absolute joke. They really think a few flyers and a ""listening session"" fix the lack of actual clinics in the district. Typical.",False
30,"""A healthcare professional from another town who follows and shares the activist's social media campaigns""",32.0,1,10,"Trying to get a decent meal after a twelve-hour shift and the only place open is some overpriced ""concept"" cafe. I just want a burger and to not talk to anyone. This town is a nightmare.",False
30,"""A healthcare professional from another town who follows and shares the activist's social media campaigns""",32.0,2,10,Just spent an hour trying to find a parking spot near the pharmacy. Why is this city designed like a maze? I'm exhausted.,False
30,"""A healthcare professional from another town who follows and shares the activist's social media campaigns""",32.0,3,10,"@user_987 exactly. Productive is a strong word for a meeting where the only thing achieved was wasting everyone's time. Same old script, different day.",False
30,"""A healthcare professional from another town who follows and shares the activist's social media campaigns""",32.0,4,10,Does anyone actually like the new streaming UI or is it just me? I spent twenty minutes trying to find a movie and ended up just closing the app. Complete waste of time.,False
30,"""A healthcare professional from another town who follows and shares the activist's social media campaigns""",32.0,5,10,Just tried that new app for scheduling. It took me ten minutes just to figure out how to set a reminder. Why is every single piece of software designed to be as annoying as possible?,False
30,"""A healthcare professional from another town who follows and shares the activist's social media campaigns""",32.0,6,10,"@user_126 finally someone says it. All these ""optimization"" tips are just ways to work more for the same pay. I'm just trying to get through the week without losing my mind.",False
30,"""A healthcare professional from another town who follows and shares the activist's social media campaigns""",32.0,7,10,Who actually likes cooking on a Tuesday? I'm staring at a bag of frozen peas and some old chicken and I genuinely can't be bothered. Ordering takeout again.,False
30,"""A healthcare professional from another town who follows and shares the activist's social media campaigns""",32.0,8,10,"Is it just me or is every ""new and improved"" airport security line actually just slower than the old one? I've been standing here for forty minutes and haven't moved an inch. Ridiculous.",False
30,"""A healthcare professional from another town who follows and shares the activist's social media campaigns""",32.0,9,10,"Just spent way too much money on a ""smart"" lightbulb that won't even connect to my wifi. I'm sitting here in the dark because I can't figure out the pairing mode. Truly a pinnacle of modern technology.",False
31,"""A supplier of raw materials with competitive pricing, but questionable environmental practices""",44.0,0,11,Just saw the new pricing for industrial polymers. Absolute joke. I can get the same stuff for half the price if you don't care where it's sourced from.,False
31,"""A supplier of raw materials with competitive pricing, but questionable environmental practices""",44.0,1,11,"@user_156 lmao ""patina"" is the perfect way to sell garbage. That's how you make a profit on low-grade steel.",False
31,"""A supplier of raw materials with competitive pricing, but questionable environmental practices""",44.0,2,11,@user_959 exactly. People want luxury quality on a budget and then act shocked when the shipping takes a month. Just pay the premium or deal with the wait.,False
31,"""A supplier of raw materials with competitive pricing, but questionable environmental practices""",44.0,3,11,"Just spent an hour on hold with customs because of some ""compliance"" issue. Imagine thinking a few extra forms actually change how things get moved. Boring.",False
31,"""A supplier of raw materials with competitive pricing, but questionable environmental practices""",44.0,4,11,"Everyone's obsessed with ""organic"" and ""sustainable"" lately. It's just a fancy way to charge 3x the price for the same basic materials. Pay for the label if you want, I'll stick to the stuff that actually works.",False
31,"""A supplier of raw materials with competitive pricing, but questionable environmental practices""",44.0,5,11,"@user_810 just proves my point. Call it a mistake or call it 'organic,' it's all just a way to avoid admitting the work is sloppy.",False
31,"""A supplier of raw materials with competitive pricing, but questionable environmental practices""",44.0,6,11,"@user_502 People love to act like they're experts until a fuse blows. Most of these ""pros"" are just charging more to do the same thing a halfway decent DIYer can do with a pair of pliers.",False
31,"""A supplier of raw materials with competitive pricing, but questionable environmental practices""",44.0,7,11,@user_934 Exactly. Stop complaining about the infrastructure and just find a way to keep your own gear running. Most people just like to whine instead of solving the problem.,False
31,"""A supplier of raw materials with competitive pricing, but questionable environmental practices""",44.0,8,11,@user_713 Stop acting like you're the only one with a desk job. Close the spreadsheet and go eat.,False
31,"""A supplier of raw materials with competitive pricing, but questionable environmental practices""",44.0,9,11,"Just saw a ""smart"" fridge that costs more than my first car. Why do you need a screen on your door to tell you that you're out of milk? Absolute waste of components.",False
32,"""A political analyst who is interested in Turkish politics but is critical of the Justice and Development Party (AKP)""",70.0,0,12,Another day of watching the AKP treat the national budget like a personal piggy bank while the lira tanks. It's actually impressive how they keep lying with a straight face.,False
32,"""A political analyst who is interested in Turkish politics but is critical of the Justice and Development Party (AKP)""",70.0,1,12,Why is every single movie trailer lately just a montage of loud noises and quick cuts? I actually want to know the plot for once instead of getting a headache.,False
32,"""A political analyst who is interested in Turkish politics but is critical of the Justice and Development Party (AKP)""",70.0,2,12,@user_3 This is way too poetic for a Tuesday. It's just rain.,False
32,"""A political analyst who is interested in Turkish politics but is critical of the Justice and Development Party (AKP)""",70.0,3,12,"@user_290 just describing every single corporate meeting since the dawn of time. The ""positive trajectory"" is always a diagonal line heading straight into the floor.",False
32,"""A political analyst who is interested in Turkish politics but is critical of the Justice and Development Party (AKP)""",70.0,4,12,@user_755 sounds like a great way to get a massive fine from the government in three years. Enjoy the record highs while the auditors are still asleep.,False
32,"""A political analyst who is interested in Turkish politics but is critical of the Justice and Development Party (AKP)""",70.0,5,12,@user_445 Must be nice to live in a world where the biggest problem is whether a fox is peeking through a fence. Some of us are just trying to figure out how to afford eggs.,False
32,"""A political analyst who is interested in Turkish politics but is critical of the Justice and Development Party (AKP)""",70.0,6,12,@user_223 Just stick to the picture books. It’s easier than trying to explain basic social cues to people who think a straight line is a conversation.,False
32,"""A political analyst who is interested in Turkish politics but is critical of the Justice and Development Party (AKP)""",70.0,7,12,@user_509 imagine paying a premium for a fridge that can basically hold you hostage because the router acted up. People love buying tech that makes their lives harder.,False
32,"""A political analyst who is interested in Turkish politics but is critical of the Justice and Development Party (AKP)""",70.0,8,12,"@user_331 Exactly. The ""family values"" thing is just corporate speak for ""we expect you to work through your lunch break for free.",False
32,"""A political analyst who is interested in Turkish politics but is critical of the Justice and Development Party (AKP)""",70.0,9,12,"@user_480 Must be nice to be that optimistic. Most ""local shops"" are just three people in a garage praying the rent doesn't go up again next month.",False
33,"""A writer who is compiling a comprehensive guide on abstract art and includes the critic's insights""",19.0,0,13,"Why is every ""must-watch"" movie lately just two hours of people whispering in dark rooms? I need a plot that actually moves. My brain is rotting.",False
33,"""A writer who is compiling a comprehensive guide on abstract art and includes the critic's insights""",19.0,1,13,"Just spent forty minutes trying to assemble a ""simple"" shelf and I'm pretty sure I have three screws left over. Everything is crooked. I'm just going to leave it and pretend it's a design choice.",False
33,"""A writer who is compiling a comprehensive guide on abstract art and includes the critic's insights""",19.0,2,13,"Just spent an hour scrolling through ""healthy"" recipes only to realize I don't have a single one of the ingredients. I'm just eating cereal for dinner again. Typical.",False
33,"""A writer who is compiling a comprehensive guide on abstract art and includes the critic's insights""",19.0,3,13,@user_511 welcome to the cereal club. It’s the official meal of people who can't get their lives together.,False
33,"""A writer who is compiling a comprehensive guide on abstract art and includes the critic's insights""",19.0,4,13,"Just saw a ""minimalist"" cafe where the chairs are literally concrete blocks. I don't want to feel like I'm in a parking garage while I pay seven dollars for a latte. Who actually likes this?",False
33,"""A writer who is compiling a comprehensive guide on abstract art and includes the critic's insights""",19.0,5,13,@user_836 must be nice. I tried that once and just spent the whole drive thinking about everything I forgot to do. Now I'm just stressed in a different location.,False
33,"""A writer who is compiling a comprehensive guide on abstract art and includes the critic's insights""",19.0,6,13,"Just tried to use a ""smart"" lightbulb and now my living room is flashing neon purple for no reason. I give up. I'm just sitting here in the dark.",False
33,"""A writer who is compiling a comprehensive guide on abstract art and includes the critic's insights""",19.0,7,13,"@user_798 actually based. I’ll take a 1 PM email over a 5 AM workout any day. Most of those ""productivity"" influencers are just lying to themselves.",False
33,"""A writer who is compiling a comprehensive guide on abstract art and includes the critic's insights""",19.0,8,13,"@user_849 thank you for finally saying it. Everything is just a sleek white box designed to make us feel like we're failing at being ""simple."" It's not a lifestyle, it's just boring.",False
33,"""A writer who is compiling a comprehensive guide on abstract art and includes the critic's insights""",19.0,9,13,"Why do people keep trying to make ""organized"" planners a thing? I just bought one and I've already spent three hours color-coding a week that I'm probably just going to waste anyway. Total scam.",False
34,"""a high-school classmate of Emma Sralla who is also an athletic enthusiast.""",50.0,0,14,Just spent an hour on the treadmill and I still feel like garbage. My pace is slowing down and I can't figure out why. Typical.,False
34,"""a high-school classmate of Emma Sralla who is also an athletic enthusiast.""",50.0,1,14,"Thinking about joining a local 5K just to have something to do, but I'll probably just end up finishing in the bottom half. Whatever.",False
34,"""a high-school classmate of Emma Sralla who is also an athletic enthusiast.""",50.0,2,14,My gym bag smells like a locker room from 1992 and I'm too lazy to actually wash it. I'll probably just throw more spray on it and hope for the best.,False
34,"""a high-school classmate of Emma Sralla who is also an athletic enthusiast.""",50.0,3,14,"Why is every new gym membership contract like 40 pages long? I just want to use the weights, not sign away my firstborn. Ridiculous.",False
34,"""a high-school classmate of Emma Sralla who is also an athletic enthusiast.""",50.0,4,14,Just saw the new schedule for the regional meets. Some of these seeds are a joke. I’m not even sure why I’m stressing about the qualifiers when the competition is this mid.,False
34,"""a high-school classmate of Emma Sralla who is also an athletic enthusiast.""",50.0,5,14,@user_194 Who actually enjoys freezing their skin off first thing in the morning? Seems like a lot of effort just to feel a tingle. I'll stick to a basic warm-up.,False
34,"""a high-school classmate of Emma Sralla who is also an athletic enthusiast.""",50.0,6,14,Just tried that new protein powder and it tastes like chalky cardboard. Why do they keep making these flavors? Absolute waste of twenty bucks.,False
34,"""a high-school classmate of Emma Sralla who is also an athletic enthusiast.""",50.0,7,14,Just spent twenty minutes trying to find a matching pair of athletic socks. I swear they just vanish into thin air the second they hit the dryer. I'm wearing mismatched ones now. Great start to the day.,False
34,"""a high-school classmate of Emma Sralla who is also an athletic enthusiast.""",50.0,8,14,The new movie trailer just dropped and it looks like a complete cash grab. I'm tired of every single franchise getting a reboot just because they ran out of original ideas. Waste of time.,False
34,"""a high-school classmate of Emma Sralla who is also an athletic enthusiast.""",50.0,9,14,Just tried to meal prep for the week and I already burned the chicken. I can't even get the basic stuff right. Guess it's takeout for the next five days.,False
35,"""A medical researcher specializing in pediatric infectious diseases studying innovative treatment options for rare childhood diseases""",60.0,0,10,Just spent an hour trying to find a decent parking spot. I don't know why people think taking up two spaces is a personality trait. Absolutely exhausting.,False
35,"""A medical researcher specializing in pediatric infectious diseases studying innovative treatment options for rare childhood diseases""",60.0,1,10,"Why is every single ""true crime"" documentary exactly the same now? Same music, same slow-motion B-roll of a rainy street. Give it a rest.",False
35,"""A medical researcher specializing in pediatric infectious diseases studying innovative treatment options for rare childhood diseases""",60.0,2,10,"Just tried that new ""fusion"" place downtown. Paying twenty bucks for a taco that tastes like cardboard and disappointment is a choice I'll regret for the rest of the week.",False
35,"""A medical researcher specializing in pediatric infectious diseases studying innovative treatment options for rare childhood diseases""",60.0,3,10,@user_101 exactly. Everything is just a marketing pitch now. I can't stand reading a paragraph and realizing it didn't actually say anything.,False
35,"""A medical researcher specializing in pediatric infectious diseases studying innovative treatment options for rare childhood diseases""",60.0,4,10,Just spent forty minutes trying to assemble this bookshelf and realized I put the base on backwards. I'm actually not surprised.,False
35,"""A medical researcher specializing in pediatric infectious diseases studying innovative treatment options for rare childhood diseases""",60.0,5,10,Who decided that adding a subscription fee to basic software was a good idea? I'm not paying a monthly fee to use a calculator. Ridiculous.,False
35,"""A medical researcher specializing in pediatric infectious diseases studying innovative treatment options for rare childhood diseases""",60.0,6,10,My neighbor is currently using a leaf blower at 7 AM on a Saturday. Some people really have nothing better to do with their lives.,False
35,"""A medical researcher specializing in pediatric infectious diseases studying innovative treatment options for rare childhood diseases""",60.0,7,10,"I just spent twenty minutes trying to find a specific file on my desktop only to realize I saved it in a folder named ""Misc."" I'm my own worst enemy.",False
35,"""A medical researcher specializing in pediatric infectious diseases studying innovative treatment options for rare childhood diseases""",60.0,8,10,Just watched a trailer for that new superhero movie and I'm already bored. It's just CGI explosions and the same recycled plot from ten years ago. Pass.,False
35,"""A medical researcher specializing in pediatric infectious diseases studying innovative treatment options for rare childhood diseases""",60.0,9,10,"@user_185 just let them roll their eyes. The second they realize the ""hustle"" is just a way to get more work for the same pay, they'll stop acting like they've figured it all out.",False
36,"""A representative of a construction company that specializes in building wireless towers""",42.0,0,11,Another day of arguing with contractors about zoning laws. I’m convinced half these people can't even read a blueprint correctly. Absolute waste of time.,False
36,"""A representative of a construction company that specializes in building wireless towers""",42.0,1,11,Just spent forty minutes trying to find a parking spot near the site. City planning is a joke. Everyone here is just winging it.,False
36,"""A representative of a construction company that specializes in building wireless towers""",42.0,2,11,"@user_496 Imagine thinking a breeze is a ""mental push."" Some of us actually have to work in the wind without getting a trophy for it.",False
36,"""A representative of a construction company that specializes in building wireless towers""",42.0,3,11,@user_449 Must be nice to feel like you own the room. Some of us just spend the day getting yelled at by people who don't know how a permit works.,False
36,"""A representative of a construction company that specializes in building wireless towers""",42.0,4,11,@user_54 Exactly. You pay for the name brand and still get the budget version. Everything is just a shortcut now.,False
36,"""A representative of a construction company that specializes in building wireless towers""",42.0,5,11,My coffee machine decided to quit on me right as I woke up. Just another thing that doesn't actually work the way it's supposed to. Great start.,False
36,"""A representative of a construction company that specializes in building wireless towers""",42.0,6,11,"Just saw a ""luxury"" apartment complex with the most crooked balcony railing I've ever seen. I don't know who signed off on that, but they should be banned from touching a hammer.",False
36,"""A representative of a construction company that specializes in building wireless towers""",42.0,7,11,@user_190 That’s how half the paperwork in this city gets signed anyway. Just hope the building doesn't fall over while they're checking the margins.,False
36,"""A representative of a construction company that specializes in building wireless towers""",42.0,8,11,@user_748 Welcome to the club. It's always the people who ignore the instructions that end up expecting you to fix their mess in record time.,False
36,"""A representative of a construction company that specializes in building wireless towers""",42.0,9,11,@user_114 Must be nice. I’m still dealing with a faulty HVAC unit in my office that sounds like a jet engine and does absolutely nothing.,False
37,"""A mid-career embedded software engineer who is actively looking for exciting opportunities.""",59.0,0,12,"Why is every ""cutting edge"" project just a slightly different version of something from 2012? Bored out of my mind reading these job descriptions.",False
37,"""A mid-career embedded software engineer who is actively looking for exciting opportunities.""",59.0,1,12,Just spent an hour trying to figure out why a build failed only to find a typo in a config file. I actually hate everything.,False
37,"""A mid-career embedded software engineer who is actively looking for exciting opportunities.""",59.0,2,12,"Just saw a ""senior"" role that requires 12 years of experience in a framework that came out 4 years ago. These recruiters are actually delusional.",False
37,"""A mid-career embedded software engineer who is actively looking for exciting opportunities.""",59.0,3,12,"@user_433 must be nice to actually have a ""decent"" quarter for once. Some of us are stuck in the trenches while you're playing with kitchen clips.",False
37,"""A mid-career embedded software engineer who is actively looking for exciting opportunities.""",59.0,4,12,@user_316 imagine spending three hours on a logo when you can't even pay the heat bill. absolute peak priorities.,False
37,"""A mid-career embedded software engineer who is actively looking for exciting opportunities.""",59.0,5,12,"@user_10 it's a plant, not a pet. just throw it out and buy a fake one so you can stop feeling bad about it.",False
37,"""A mid-career embedded software engineer who is actively looking for exciting opportunities.""",59.0,6,12,@user_881 slide colors are a great way to ignore the fact that the project is a complete disaster. welcome to the corporate circus.,False
37,"""A mid-career embedded software engineer who is actively looking for exciting opportunities.""",59.0,7,12,"@user_706 honestly who cares about a watch? people just love finding one tiny mistake so they can feel superior for five minutes. it's a show, not a textbook.",False
37,"""A mid-career embedded software engineer who is actively looking for exciting opportunities.""",59.0,8,12,"Just saw another ""urgent"" email from a manager who takes three days to respond to a yes or no question. The hypocrisy is actually impressive.",False
37,"""A mid-career embedded software engineer who is actively looking for exciting opportunities.""",59.0,9,12,@user_16 imagine spending that much energy scrubbing a floor. Some of us have actual problems to deal with.,False
38,"""A pro wrestler retired due to a career-ending injury, providing insider insights and behind-the-scenes stories""",37.0,0,13,Just saw a clip of the main event from tonight. They’re selling the moves like they’re made of cardboard. Absolute joke.,False
38,"""A pro wrestler retired due to a career-ending injury, providing insider insights and behind-the-scenes stories""",37.0,1,13,Anyone actually watching this new series? The choreography is a mess. They're trying too hard to look cool and forgetting how to actually tell a story.,False
38,"""A pro wrestler retired due to a career-ending injury, providing insider insights and behind-the-scenes stories""",37.0,2,13,"Why is every single ""modern"" movie soundtrack just the same generic synth loop? It’s lazy. Put some actual effort into the music or just leave it out.",False
38,"""A pro wrestler retired due to a career-ending injury, providing insider insights and behind-the-scenes stories""",37.0,3,13,"I can't stand these ""smart"" appliances. My toaster just sent me a notification that it needs a software update. Just heat the bread and shut up.",False
38,"""A pro wrestler retired due to a career-ending injury, providing insider insights and behind-the-scenes stories""",37.0,4,13,"Just spent twenty minutes trying to assemble this ""easy-build"" bookshelf. The instructions are basically a riddle and half the screws are missing. Cheap garbage.",False
38,"""A pro wrestler retired due to a career-ending injury, providing insider insights and behind-the-scenes stories""",37.0,5,13,"Every coffee shop in this neighborhood now has the same ""industrial"" vibe. Concrete floors and metal chairs that feel like they were designed to make you leave in ten minutes. Boring.",False
38,"""A pro wrestler retired due to a career-ending injury, providing insider insights and behind-the-scenes stories""",37.0,6,13,"Just tried that new burger spot downtown. Overpriced, undercooked, and the fries tasted like they were fried in old pencil erasers. Never again.",False
38,"""A pro wrestler retired due to a career-ending injury, providing insider insights and behind-the-scenes stories""",37.0,7,13,"Just tried a ""healthy"" meal prep service. Tastes like flavored cardboard and costs a fortune. I'll stick to my own cooking thanks.",False
38,"""A pro wrestler retired due to a career-ending injury, providing insider insights and behind-the-scenes stories""",37.0,8,13,Just tried to use that new AI photo editor. It gave me six fingers on one hand and a third ear. Total waste of time.,False
38,"""A pro wrestler retired due to a career-ending injury, providing insider insights and behind-the-scenes stories""",37.0,9,13,Just tried to find a decent pair of walking shoes that don't look like neon clown boots. Everything in the store is either hideous or costs more than my first car. Ridiculous.,False
39,"""An Asian history enthusiast who shares articles, books, and documentaries about the topic""",40.0,0,14,Just finished a documentary on the Joseon Dynasty. The political infighting was honestly more chaotic than most modern office dramas. Imagine getting exiled just for disagreeing about a ritual.,False
39,"""An Asian history enthusiast who shares articles, books, and documentaries about the topic""",40.0,1,14,"This book on the Silk Road is decent, but the author spends way too much time on the trade routes and barely touches the actual cultural clashes. Kind of a waste of a chapter.",False
39,"""An Asian history enthusiast who shares articles, books, and documentaries about the topic""",40.0,2,14,Trying to read this analysis on the Meiji Restoration but the academic jargon is actually painful. Why do historians insist on making simple power shifts sound like a graduate thesis?,False
39,"""An Asian history enthusiast who shares articles, books, and documentaries about the topic""",40.0,3,14,"Found a map of the Khmer Empire's irrigation system. Absolute madness how they managed water back then, and we can't even get a subway line to run on time.",False
39,"""An Asian history enthusiast who shares articles, books, and documentaries about the topic""",40.0,4,14,"Just saw a thread arguing that the Mongol Empire was just a ""primitive"" raiding party. Imagine being that confident while knowing absolutely nothing about their postal system or administration. Truly embarrassing.",False
39,"""An Asian history enthusiast who shares articles, books, and documentaries about the topic""",40.0,5,14,"Just saw a ""top 10"" list of ancient Asian ruins and it missed half the sites in Central Asia. Like, really? It's not that hard to look past the most touristy spots.",False
39,"""An Asian history enthusiast who shares articles, books, and documentaries about the topic""",40.0,6,14,"Just started a series on the Majapahit Empire. The naval strategy is actually impressive, but the source material is so fragmented it's basically a guessing game. Typical.",False
39,"""An Asian history enthusiast who shares articles, books, and documentaries about the topic""",40.0,7,14,"Just scrolled past a ""simplified"" timeline of the Three Kingdoms period. Some people really think history is just a list of dates and names. It's lazy and honestly boring.",False
39,"""An Asian history enthusiast who shares articles, books, and documentaries about the topic""",40.0,8,14,Just found a forum thread claiming the Great Wall was built just to keep people out. Imagine ignoring the entire concept of internal trade control and taxes just to keep a narrative simple. Some people really hate reading.,False
39,"""An Asian history enthusiast who shares articles, books, and documentaries about the topic""",40.0,9,14,"Just saw a movie attempt to portray the Heian period and the costumes are an absolute joke. They basically just threw some random silk sheets on the actors and called it ""period accurate."" Lazy as hell.",False
40,"""A commentator who's concerned about the increase in government spending""",39.0,0,10,"Another ""emergency"" stimulus package announced today. Just keep printing the money and pretending the inflation isn't eating us alive. Absolute joke.",False
40,"""A commentator who's concerned about the increase in government spending""",39.0,1,10,Just saw the latest infrastructure proposal. More bloated budgets for projects that'll take ten years to actually start. Absolute waste of resources.,False
40,"""A commentator who's concerned about the increase in government spending""",39.0,2,10,"Just read that the city is spending another few million on ""beautification"" for the downtown district. Great, more fancy planters while the actual roads look like a lunar landscape. Priorities are non-existent.",False
40,"""A commentator who's concerned about the increase in government spending""",39.0,3,10,"Just saw another ""study"" funded by taxpayers to figure out why everything is so expensive. Imagine paying people to tell you that spending too much money is the problem. Genius.",False
40,"""A commentator who's concerned about the increase in government spending""",39.0,4,10,"My internet bill went up again for ""network enhancements."" I'm paying more for the same laggy connection. Just a blatant cash grab.",False
40,"""A commentator who's concerned about the increase in government spending""",39.0,5,10,"Just tried to order a coffee and the price jumped again. Maybe if we stopped funding every random project that pops into a politician's head, a latte wouldn't cost a whole paycheck.",False
40,"""A commentator who's concerned about the increase in government spending""",39.0,6,10,@user_578 Exactly. It's all just a massive bubble fueled by people who don't have to worry about their own bank accounts. Pure delusion.,False
40,"""A commentator who's concerned about the increase in government spending""",39.0,7,10,"Just saw the new property tax assessment. They really expect us to fund another ""community center"" while the streetlights on my block have been dead for months. Absolute scam.",False
40,"""A commentator who's concerned about the increase in government spending""",39.0,8,10,"Just read the new city budget proposal. They're adding more ""consultant fees"" to the payroll. Who are we paying to tell us how to spend money we don't have? Ridiculous.",False
40,"""A commentator who's concerned about the increase in government spending""",39.0,9,10,"Just saw a news clip about a new ""digital literacy"" grant for schools. Another way to funnel money into administration and pointless software that nobody will use in six months. Wasteful.",False
41,"""A technophobic retired school principal who still trusts paper and pen more than computers""",55.0,0,11,"My printer decided to stop working for no reason. I'm going back to a typewriter. At least you can't ""update"" a piece of ribbon into oblivion.",False
41,"""A technophobic retired school principal who still trusts paper and pen more than computers""",55.0,1,11,"Just spent twenty minutes trying to find a ""PDF"" on my tablet. I'm just going to write the grocery list on a notepad like a normal person.",False
41,"""A technophobic retired school principal who still trusts paper and pen more than computers""",55.0,2,11,"Why do these new stoves have touchscreens? I just want to boil water, not program a rocket ship. Give me a dial and a flame.",False
41,"""A technophobic retired school principal who still trusts paper and pen more than computers""",55.0,3,11,"Someone tried to explain ""the cloud"" to me today. It's just someone else's computer. I'll keep my filing cabinet, thanks.",False
41,"""A technophobic retired school principal who still trusts paper and pen more than computers""",55.0,4,11,"I just saw a kid trying to ""swipe"" a physical book page. We are actually losing our minds.",False
41,"""A technophobic retired school principal who still trusts paper and pen more than computers""",55.0,5,11,"@user_110 Imagine getting excited over a ""permission error."" Some of us prefer things that actually exist in the real world. Go touch some grass.",False
41,"""A technophobic retired school principal who still trusts paper and pen more than computers""",55.0,6,11,"Tried to pay for a coffee today and the place was ""card only."" I'm not carrying a plastic slab just to buy a drink. I'll stick to the diner that actually takes cash.",False
41,"""A technophobic retired school principal who still trusts paper and pen more than computers""",55.0,7,11,Tried to read a digital newspaper this morning. The font is too small and the ads keep jumping around. I'm going back to the physical paper; at least the ink stays where it's supposed to.,False
41,"""A technophobic retired school principal who still trusts paper and pen more than computers""",55.0,8,11,@user_830 Just print the thing out and use a red pen. You can actually see where you messed up instead of squinting at a screen.,False
41,"""A technophobic retired school principal who still trusts paper and pen more than computers""",55.0,9,11,"Just saw a ""smart"" doorbell advertisement. Why on earth do I need a notification on my phone to tell me someone is standing on my own front porch? Just look through the window.",False
42,"""An undergraduate in fine arts captivated by the Golden Ratio and its use in art composition""",40.0,0,12,"Spent three hours trying to align a single focal point and it still looks off. I'm starting to think the ""perfect"" ratio is just a lie to make us suffer in the studio.",False
42,"""An undergraduate in fine arts captivated by the Golden Ratio and its use in art composition""",40.0,1,12,"Just saw a ""modern"" exhibit where the composition was so chaotic it actually gave me a headache. Some people really just throw paint at a canvas and call it subversive. Lazy.",False
42,"""An undergraduate in fine arts captivated by the Golden Ratio and its use in art composition""",40.0,2,12,"Why do people insist on buying those overpriced ""minimalist"" prints that are literally just one off-center line? It's not a statement, it's just bad spacing.",False
42,"""An undergraduate in fine arts captivated by the Golden Ratio and its use in art composition""",40.0,3,12,"Just spent forty minutes staring at a snail on the sidewalk. The shell spiral is actually decent, unlike anything I've managed to draw this entire semester.",False
42,"""An undergraduate in fine arts captivated by the Golden Ratio and its use in art composition""",40.0,4,12,"Every ""creative"" cafe I go to has the exact same mid-century modern furniture layout. It’s like they all downloaded the same basic template and stopped trying. Boring.",False
42,"""An undergraduate in fine arts captivated by the Golden Ratio and its use in art composition""",40.0,5,12,Just spent twenty minutes trying to find a decent reference photo that isn't cropped like a disaster. Most people have zero concept of where a frame should actually end.,False
42,"""An undergraduate in fine arts captivated by the Golden Ratio and its use in art composition""",40.0,6,12,"Just spent an hour scrolling through ""architecture"" blogs and it's all just gray boxes. No symmetry, no rhythm, just concrete blocks stacked like Lego for adults who hate joy. Truly depressing.",False
42,"""An undergraduate in fine arts captivated by the Golden Ratio and its use in art composition""",40.0,7,12,"Just tried that new ""curated"" gallery downtown. The hanging heights were all over the place. It’s physically painful to look at art when the curators can't even use a level.",False
42,"""An undergraduate in fine arts captivated by the Golden Ratio and its use in art composition""",40.0,8,12,"Just spent an hour trying to find a decent sketchbook that doesn't have some weird, distracting watermark on the pages. Why is every ""premium"" brand so obsessed with branding every single inch of the paper? Just let me draw.",False
42,"""An undergraduate in fine arts captivated by the Golden Ratio and its use in art composition""",40.0,9,12,Just tried to use a new digital brush set and it's practically impossible to get a clean line. The stabilization is a joke. I'm about two seconds away from throwing the tablet across the room.,False
43,"""A currently working NASA project manager who often consults her old team mate for perspective and wisdom.""",23.0,0,13,Just spent three hours in a meeting that could've been a two-sentence email. I'm actually losing my mind.,False
43,"""A currently working NASA project manager who often consults her old team mate for perspective and wisdom.""",23.0,1,13,"Why is every single ""update"" on this app just making it harder to find the search bar? Just leave it alone.",False
43,"""A currently working NASA project manager who often consults her old team mate for perspective and wisdom.""",23.0,2,13,@user_442 Must be nice. Some of us are just betting on whether the coffee machine will actually work tomorrow.,False
43,"""A currently working NASA project manager who often consults her old team mate for perspective and wisdom.""",23.0,3,13,@user_70 Exactly. Now we just move pixels around and call it progress while the actual hardware is held together by tape and a prayer.,False
43,"""A currently working NASA project manager who often consults her old team mate for perspective and wisdom.""",23.0,4,13,"@user_353 Truth. It's just a different set of people lying to us for the same amount of money every cycle. Same script, different year.",False
43,"""A currently working NASA project manager who often consults her old team mate for perspective and wisdom.""",23.0,5,13,@user_797 exactly. Metrics over everything. We’re just decorating the disaster at this point.,False
43,"""A currently working NASA project manager who often consults her old team mate for perspective and wisdom.""",23.0,6,13,@user_244 Good for you. I can't even finish a movie without falling asleep halfway through because my brain is just fried.,False
43,"""A currently working NASA project manager who often consults her old team mate for perspective and wisdom.""",23.0,7,13,@user_756 Must be nice to actually find a pattern that makes sense for once. Everything I look at is just a glitchy mess.,False
43,"""A currently working NASA project manager who often consults her old team mate for perspective and wisdom.""",23.0,8,13,@user_90 preach. Why even open it when you already know the world is burning and everything is a scam? Just a waste of paper.,False
43,"""A currently working NASA project manager who often consults her old team mate for perspective and wisdom.""",23.0,9,13,"@user_596 mood. Sending ""busy"" and disappearing is the only way to keep your sanity when the work is pointless.",False
44,"""A conscientious pre-med student seeking understanding of gender's role in health and medicine""",21.0,0,14,"Why is it that every time I try to find a decent article on gender-specific symptoms, it's either a paywall or some outdated study from 1984? Seriously annoying.",False
44,"""A conscientious pre-med student seeking understanding of gender's role in health and medicine""",21.0,1,14,"@user_257 That is a disaster. The system is a joke when the ""solution"" requires a stable power grid that the patient clearly doesn't have.",False
44,"""A conscientious pre-med student seeking understanding of gender's role in health and medicine""",21.0,2,14,Just spent an hour trying to organize my notes and realized I’ve been highlighting the same paragraph for ten minutes. My brain is actually fried.,False
44,"""A conscientious pre-med student seeking understanding of gender's role in health and medicine""",21.0,3,14,"@user_512 Honestly, same. I've just been staring at a bowl of dry pasta for twenty minutes because the idea of boiling water feels like a full-time job.",False
44,"""A conscientious pre-med student seeking understanding of gender's role in health and medicine""",21.0,4,14,"Why is every ""quick"" tutorial on YouTube actually a twenty minute vlog about their morning routine first? Just tell me how to fix the software and shut up.",False
44,"""A conscientious pre-med student seeking understanding of gender's role in health and medicine""",21.0,5,14,@user_218 The audacity of some people. Like you're a vending machine for pills. I can't even imagine dealing with that while actually trying to work.,False
44,"""A conscientious pre-med student seeking understanding of gender's role in health and medicine""",21.0,6,14,@user_222 For real. Everything is just a data grab now. It’s like we’ve collectively decided that privacy is a fair trade for not having to walk two blocks to get food.,False
44,"""A conscientious pre-med student seeking understanding of gender's role in health and medicine""",21.0,7,14,@user_810 finally someone gets it. Spending three hours on a detail that no one will ever see is a waste of a life. Just ship it.,False
44,"""A conscientious pre-med student seeking understanding of gender's role in health and medicine""",21.0,8,14,@user_928 Just turn it off. There's nothing worse than forcing a conversation when you're the only one actually talking.,False
44,"""A conscientious pre-med student seeking understanding of gender's role in health and medicine""",21.0,9,14,"@user_713 Typical. Everything is ""convenient"" until the one second you actually need it to work, then it's just a fancy brick in your hand.",False
45,"""A representative from the Ministry of Justice who supports the department head's efforts and seeks to allocate resources for the implementation of advanced investigative methods""",36.0,0,10,Just spent two hours in a meeting that could have been a three-sentence email. I’m actually losing my mind.,False
45,"""A representative from the Ministry of Justice who supports the department head's efforts and seeks to allocate resources for the implementation of advanced investigative methods""",36.0,1,10,Why is every streaming service adding ads now? I pay for the premium tier just to watch a 30 second clip of insurance. Absolute joke.,False
45,"""A representative from the Ministry of Justice who supports the department head's efforts and seeks to allocate resources for the implementation of advanced investigative methods""",36.0,2,10,@user_623 must be nice to have zero responsibilities for a morning. Some of us actually have to deal with reality.,False
45,"""A representative from the Ministry of Justice who supports the department head's efforts and seeks to allocate resources for the implementation of advanced investigative methods""",36.0,3,10,@user_468 I felt this in my soul. There is nothing worse than a meeting where everyone pretends to be productive while staring at a screen.,False
45,"""A representative from the Ministry of Justice who supports the department head's efforts and seeks to allocate resources for the implementation of advanced investigative methods""",36.0,4,10,"@user_396 Imagine actually enjoying ""structure"" on a Saturday. Some of us prefer to spend our weekends trying to forget the office exists.",False
45,"""A representative from the Ministry of Justice who supports the department head's efforts and seeks to allocate resources for the implementation of advanced investigative methods""",36.0,5,10,"Seriously, who decided that 7 AM is a reasonable time for a gym class? I'm exhausted and the music is way too loud for this hour.",False
45,"""A representative from the Ministry of Justice who supports the department head's efforts and seeks to allocate resources for the implementation of advanced investigative methods""",36.0,6,10,@user_192 welcome to the club. Everything that can glitch will glitch the second you actually need it to work.,False
45,"""A representative from the Ministry of Justice who supports the department head's efforts and seeks to allocate resources for the implementation of advanced investigative methods""",36.0,7,10,@user_230 Must be nice to be the exception to the rule. Some of us actually have to wait in line like the rest of the world.,False
45,"""A representative from the Ministry of Justice who supports the department head's efforts and seeks to allocate resources for the implementation of advanced investigative methods""",36.0,8,10,"@user_381 if you're looking for a binge, try the true crime doc about the 90s fraud cases. Actually gripping and way better than whatever mindless sitcom everyone is pushing right now.",False
45,"""A representative from the Ministry of Justice who supports the department head's efforts and seeks to allocate resources for the implementation of advanced investigative methods""",36.0,9,10,"@user_281 trust me, people only care about the reward, not the effort. Spend ten hours on something and they'll still complain it's too slow to load. Typical.",False
46,"""A fellow history buff and Detroit enthusiast who connects with them through forums and social media to discuss local history""",28.0,0,11,Just walked past the old Packard Plant. It’s honestly impressive how much more effort goes into letting these places rot than it would take to actually fix them. Typical.,False
46,"""A fellow history buff and Detroit enthusiast who connects with them through forums and social media to discuss local history""",28.0,1,11,"Someone really tried to tell me the Michigan Central Station renovation is ""too modern."" It was a literal ruin for decades. Take the win and shut up.",False
46,"""A fellow history buff and Detroit enthusiast who connects with them through forums and social media to discuss local history""",28.0,2,11,"Why is every ""historic"" tour in this city just a walk through a parking lot with a guy who thinks he's a historian? Get a map or get out of the way.",False
46,"""A fellow history buff and Detroit enthusiast who connects with them through forums and social media to discuss local history""",28.0,3,11,"Who actually thinks the 1950s were the ""golden age"" of Detroit? It was just loud, smoggy, and everyone was terrified of losing their pension. Stop romanticizing a time you didn't live through.",False
46,"""A fellow history buff and Detroit enthusiast who connects with them through forums and social media to discuss local history""",28.0,4,11,"Just saw a ""vintage"" Detroit t-shirt that uses a font from 2010 and calls it retro. The lack of actual research is physically painful.",False
46,"""A fellow history buff and Detroit enthusiast who connects with them through forums and social media to discuss local history""",28.0,5,11,"Just spent an hour reading a ""guide"" to Detroit's early architecture that gets the dates wrong on almost every building. People really just post whatever they find on the first page of Google these days. Pathetic.",False
46,"""A fellow history buff and Detroit enthusiast who connects with them through forums and social media to discuss local history""",28.0,6,11,"Just saw a ""historic preservation"" proposal that basically means tearing half the building down to put in a glass lobby. Great, another boring box.",False
46,"""A fellow history buff and Detroit enthusiast who connects with them through forums and social media to discuss local history""",28.0,7,11,"If I see one more ""hidden gem"" reel of a crumbling warehouse that’s actually just a dangerous trespassing site, I’m deleting this app. Some of you really don't know how to use a library.",False
46,"""A fellow history buff and Detroit enthusiast who connects with them through forums and social media to discuss local history""",28.0,8,11,"Just saw a ""heritage"" plaque that’s already peeling off the wall after three months. Cheap adhesive and a little rain, and the history just falls off. Figures.",False
46,"""A fellow history buff and Detroit enthusiast who connects with them through forums and social media to discuss local history""",28.0,9,11,Found a set of original 1920s blueprints for a residential block in Corktown. It's a miracle they weren't just thrown in a dumpster decades ago.,False
47,"""A vintage building material supplier with an extensive collection of reclaimed wood, bricks, and other historical elements""",31.0,0,12,Just spent three hours scrubbing mortar off 19th century bricks for a client who doesn't even know the difference between clay and shale. Some people have too much money and zero taste.,False
47,"""A vintage building material supplier with an extensive collection of reclaimed wood, bricks, and other historical elements""",31.0,1,12,"@user_340 exactly. People are obsessed with polishing everything until it looks like a hospital wing. If it doesn't have a scratch or a stain, it has no story. Boring.",False
47,"""A vintage building material supplier with an extensive collection of reclaimed wood, bricks, and other historical elements""",31.0,2,12,"Why is it that every ""modern"" renovation involves tearing out perfectly good heart pine just to put in some cheap, grey luxury vinyl? Absolute waste of a good tree.",False
47,"""A vintage building material supplier with an extensive collection of reclaimed wood, bricks, and other historical elements""",31.0,3,12,"Just saw another ""industrial"" cafe using fake rusted steel panels. It's plastic. Imagine paying a premium for something that looks like it's rotting but is actually just a factory sheet from overseas. Pathetic.",False
47,"""A vintage building material supplier with an extensive collection of reclaimed wood, bricks, and other historical elements""",31.0,4,12,"Just spent forty minutes arguing with a contractor about why ""distressed"" doesn't mean sanding the edges of a beam into a perfect circle. My god, some of these people can't follow a simple spec sheet.",False
47,"""A vintage building material supplier with an extensive collection of reclaimed wood, bricks, and other historical elements""",31.0,5,12,"Just watched a ""home flipping"" show where they painted a hand-carved mahogany mantle white. I actually had to turn the TV off. Some people just love ruining things.",False
47,"""A vintage building material supplier with an extensive collection of reclaimed wood, bricks, and other historical elements""",31.0,6,12,"Just got a request for ""rustic"" beams that are perfectly straight and have no knots. That's not rustic, that's just a 2x4 from a big box store. Stop lying to yourselves.",False
47,"""A vintage building material supplier with an extensive collection of reclaimed wood, bricks, and other historical elements""",31.0,7,12,@user_396 welcome to the real world. Nobody cares about the rules unless there's a fine attached to it. Just keep your head down and get home.,False
47,"""A vintage building material supplier with an extensive collection of reclaimed wood, bricks, and other historical elements""",31.0,8,12,"Just saw a listing for a ""historic"" fixer-upper that's basically just a concrete slab with some peeling paint. People really think slapping a date on a property makes it an antique. Give me a break.",False
47,"""A vintage building material supplier with an extensive collection of reclaimed wood, bricks, and other historical elements""",31.0,9,12,@user_543 At least the brick wall was real. Most things these days are just cheap veneers pretending to be something they aren't.,False
48,"""A bright and motivated teenager who is inspired by the single mother's dedication and hard work""",42.0,0,13,"Just finished the hardest chemistry chapter of the year. Honestly don't know how I'm passing this, but I'm not letting all that overtime pay go to waste. Time to grind.",False
48,"""A bright and motivated teenager who is inspired by the single mother's dedication and hard work""",42.0,1,13,Why is every movie trailer now just one long loud noise with no actual plot? I just want to know if the movie is actually good or if it's another two-hour waste of money.,False
48,"""A bright and motivated teenager who is inspired by the single mother's dedication and hard work""",42.0,2,13,"Just spent an hour trying to fix my printer and I'm about two seconds away from throwing it out the window. Why is the ""easy setup"" always a total lie?",False
48,"""A bright and motivated teenager who is inspired by the single mother's dedication and hard work""",42.0,3,13,"Just tried that new cafe downtown. Overpriced for a latte that tastes like cardboard, but at least the WiFi actually works for once.",False
48,"""A bright and motivated teenager who is inspired by the single mother's dedication and hard work""",42.0,4,13,@user_774 That's actually sick. Nothing beats that feeling when the hard work finally pays off. Keep it up!,False
48,"""A bright and motivated teenager who is inspired by the single mother's dedication and hard work""",42.0,5,13,"@user_53 lol okay we get it, you're stressed. Some of us actually want to get our stuff done instead of just complaining about the tabs.",False
48,"""A bright and motivated teenager who is inspired by the single mother's dedication and hard work""",42.0,6,13,Does anyone actually understand the new update for this app or did they just move every single button for no reason? I've spent ten minutes just trying to find my notifications. Truly useless.,False
48,"""A bright and motivated teenager who is inspired by the single mother's dedication and hard work""",42.0,7,13,"Just spent way too long scrolling through ""life hacks"" that actually take more time than just doing the task normally. What is the point of a shortcut if it adds ten extra steps? Completely pointless.",False
48,"""A bright and motivated teenager who is inspired by the single mother's dedication and hard work""",42.0,8,13,"My gym has started charging for towels now. It’s a gym, not a five-star hotel. Just bring your own damn cloth.",False
48,"""A bright and motivated teenager who is inspired by the single mother's dedication and hard work""",42.0,9,13,@user_426 Just eat the protein and move on. Some of us actually have things to do instead of staring at Tupperware and overthinking it.,False
49,"""A younger sibling who aspires to be a country music artist like Kane Brown""",32.0,0,14,Spent three hours trying to nail the bridge on this new track and it still sounds like garbage. I'm over it for tonight.,False
49,"""A younger sibling who aspires to be a country music artist like Kane Brown""",32.0,1,14,Just saw a clip of a guy playing a telecaster in a subway station and he was actually better than half the stuff on the radio. Makes me feel like I'm wasting my time.,False
49,"""A younger sibling who aspires to be a country music artist like Kane Brown""",32.0,2,14,@user_887 Must be nice to actually feel like you're winning at something. Some of us are just stuck in a loop of mid takes and bad chords.,False
49,"""A younger sibling who aspires to be a country music artist like Kane Brown""",32.0,3,14,@user_772 Cool for you. Some of us are just trying to get through a Tuesday without wanting to throw our equipment out the window.,False
49,"""A younger sibling who aspires to be a country music artist like Kane Brown""",32.0,4,14,Just spent forty bucks on a new set of strings only for my G string to snap ten minutes in. Of course it did. What a joke.,False
49,"""A younger sibling who aspires to be a country music artist like Kane Brown""",32.0,5,14,Just spent an hour scrolling through gear lists I can't afford. It's wild how much money people drop on pedals just to sound exactly like everyone else.,False
49,"""A younger sibling who aspires to be a country music artist like Kane Brown""",32.0,6,14,@user_134 Must be nice living in a cartoon. Some of us actually have to deal with reality.,False
49,"""A younger sibling who aspires to be a country music artist like Kane Brown""",32.0,7,14,My neighbor has been mowing his lawn since 7 AM on a Saturday. Some people really have nothing better to do with their lives than make noise.,False
49,"""A younger sibling who aspires to be a country music artist like Kane Brown""",32.0,8,14,Just spent an hour trying to fix a tuning peg and now the whole thing is just crooked. Everything I touch turns into a project I don't have the patience for.,False
49,"""A younger sibling who aspires to be a country music artist like Kane Brown""",32.0,9,14,Just spent an hour trying to find a decent chicken sandwich in this town and they're all out of the good ones. Literally nothing goes right today.,False
50,"""An architect who enjoys attending Elvis Costello concerts as a way to unwind from work""",37.0,0,10,"Just spent three hours fighting with a client who thinks ""open concept"" means removing every single supporting wall. Some people actually believe physics is optional.",False
50,"""An architect who enjoys attending Elvis Costello concerts as a way to unwind from work""",37.0,1,10,"Just spent forty minutes trying to find a parking spot for this show. If the opening act is mid, I'm actually going to lose it.",False
50,"""An architect who enjoys attending Elvis Costello concerts as a way to unwind from work""",37.0,2,10,Does anyone actually like the new streaming interface? Everything is hidden behind three menus now. I just want to find my playlist without a scavenger hunt.,False
50,"""An architect who enjoys attending Elvis Costello concerts as a way to unwind from work""",37.0,3,10,@user_486 welcome to the club. I’m currently staring at a blueprint that makes zero sense and wondering why I didn't just become a forest ranger.,False
50,"""An architect who enjoys attending Elvis Costello concerts as a way to unwind from work""",37.0,4,10,"Why is every ""smart"" appliance now requiring a firmware update just to toast a piece of bread? I'm not signing a terms of service agreement for a toaster.",False
50,"""An architect who enjoys attending Elvis Costello concerts as a way to unwind from work""",37.0,5,10,"@user_830 if you're actually drafting plans for a building that's falling over, you're a liability. Just call it and walk away before the lawsuit hits.",False
50,"""An architect who enjoys attending Elvis Costello concerts as a way to unwind from work""",37.0,6,10,"@user_321 Honestly sounds like a fever dream. I can't even remember where I put my keys half the time, let alone some flag from thirty years ago.",False
50,"""An architect who enjoys attending Elvis Costello concerts as a way to unwind from work""",37.0,7,10,"Another day of people asking for ""modern farmhouse"" vibes. It's literally just a barn with a porch and expensive light fixtures. Stop calling it a style.",False
50,"""An architect who enjoys attending Elvis Costello concerts as a way to unwind from work""",37.0,8,10,"@user_34 This is the kind of vague advice people give when they have zero actual responsibilities. Some of us have deadlines and building codes that don't care about ""flow.",False
50,"""An architect who enjoys attending Elvis Costello concerts as a way to unwind from work""",37.0,9,10,"@user_883 welcome to the grind. My clients think a ""quick revision"" means redesigning the entire floor plan on a Thursday afternoon. We're all just buffer zones for people who can't make a decision.",False
51,"""A dedicated employee who works closely with the HR manager and suspects the organization's dark secrets""",29.0,0,11,Just spent two hours in a meeting that could have been a three-sentence email. I'm actually convinced some people get paid just to waste everyone else's time.,False
51,"""A dedicated employee who works closely with the HR manager and suspects the organization's dark secrets""",29.0,1,11,@user_410 honestly just stop pretending. The metrics are there to hide the fact that the ship is sinking and the captains are already in the lifeboats.,False
51,"""A dedicated employee who works closely with the HR manager and suspects the organization's dark secrets""",29.0,2,11,"Just saw another ""mandatory"" culture workshop on the calendar for Friday afternoon. Like a few icebreakers are going to fix the fact that this place is a dumpster fire.",False
51,"""A dedicated employee who works closely with the HR manager and suspects the organization's dark secrets""",29.0,3,11,"Why is it that the most incompetent people always have the most ""vision""? I'm tired of hearing about the five-year plan when we can't even get the coffee machine to work.",False
51,"""A dedicated employee who works closely with the HR manager and suspects the organization's dark secrets""",29.0,4,11,@user_550 must be nice to actually accomplish something in a day. Some of us just spend eight hours moving files around to make it look like we're working while the higher-ups lie to our faces.,False
51,"""A dedicated employee who works closely with the HR manager and suspects the organization's dark secrets""",29.0,5,11,"@user_758 Imagine being that easily impressed. Three seconds is a joke, but sure, enjoy your salad while the company burns.",False
51,"""A dedicated employee who works closely with the HR manager and suspects the organization's dark secrets""",29.0,6,11,@user_643 Imagine being that delusional. The team is a mess and you're out here celebrating jerseys like that actually wins games.,False
51,"""A dedicated employee who works closely with the HR manager and suspects the organization's dark secrets""",29.0,7,11,"@user_381 Welcome to the club. Our systems are held together by prayer and outdated spreadsheets, and management acts like it's state-of-the-art. Enjoy the manual labor.",False
51,"""A dedicated employee who works closely with the HR manager and suspects the organization's dark secrets""",29.0,8,11,"@user_287 Exactly. As long as the numbers on the slide deck look green, it doesn't matter if the actual building is rotting. Appearance is everything to the people at the top.",False
51,"""A dedicated employee who works closely with the HR manager and suspects the organization's dark secrets""",29.0,9,11,"@user_208 Must be nice to be the golden child for once. Enjoy the steak, but don't be surprised when that ""instant buy-in"" turns into a knife in the back by next quarter.",False
52,"""A retired golf enthusiast living in Surrey, UK""",24.0,0,12,Spent two hours trying to fix my slice this morning. Still hitting it into the woods. Absolute waste of a Tuesday.,False
52,"""A retired golf enthusiast living in Surrey, UK""",24.0,1,12,Just saw the price of new wedges. Absolutely daylight robbery. I'll stick with my old ones until the grooves completely disappear.,False
52,"""A retired golf enthusiast living in Surrey, UK""",24.0,2,12,Local club just announced another membership fee hike. For what? The greens are patchy and the clubhouse tea tastes like dishwater. Utter joke.,False
52,"""A retired golf enthusiast living in Surrey, UK""",24.0,3,12,"Tried that new organic bird seed from the garden center. The pigeons love it, but the squirrels are just treating my feeder like a free buffet. Total rip-off.",False
52,"""A retired golf enthusiast living in Surrey, UK""",24.0,4,12,Just spent forty minutes trying to find my glasses. They were on my head the whole time. I'm losing it.,False
52,"""A retired golf enthusiast living in Surrey, UK""",24.0,5,12,"@user_82 spot on. My road is basically a lunar landscape and the council just sends a letter saying they're ""reviewing the strategy."" Useless.",False
52,"""A retired golf enthusiast living in Surrey, UK""",24.0,6,12,@user_75 Get a grip. Just write the thing and get paid. Some of us actually have to deal with real problems.,False
52,"""A retired golf enthusiast living in Surrey, UK""",24.0,7,12,"@user_72 Finally. Half the ""authentic"" spots in this town are just frozen fish and a fancy name. Hope the food is actually decent for once.",False
52,"""A retired golf enthusiast living in Surrey, UK""",24.0,8,12,Just tried to put together a new shelving unit from the internet. Missing three screws and the instructions look like they were drawn by a toddler. Absolute rubbish.,False
52,"""A retired golf enthusiast living in Surrey, UK""",24.0,9,12,"Tried that new ""express"" car wash. Left streaks all over the windscreen and the dryer barely did anything. Total waste of ten quid.",False
53,"""A working professional who is seeking to improve their literary analysis skills in their free time""",40.0,0,13,"Just spent two hours trying to map out the symbolism in this chapter and I'm still completely lost. I don't know if the author is a genius or just lazy. Either way, my head hurts.",False
53,"""A working professional who is seeking to improve their literary analysis skills in their free time""",40.0,1,13,"@user_726 Lucky you. My boss just emailed me a ""quick"" project that's definitely going to take all weekend. Tacos sound great, but I'll probably be eating a sad sandwich over a spreadsheet.",False
53,"""A working professional who is seeking to improve their literary analysis skills in their free time""",40.0,2,13,"Why is every ""must-read"" book this year just the same plot with different character names? I'm tired of these predictable twists. Give me something that actually challenges me for once.",False
53,"""A working professional who is seeking to improve their literary analysis skills in their free time""",40.0,3,13,@user_156 Must be nice. Some of us are just numbers in a system that doesn't care if we're healing or burning out.,False
53,"""A working professional who is seeking to improve their literary analysis skills in their free time""",40.0,4,13,@user_761 Must be nice to actually enjoy your weekend. Some of us are stuck in a loop of deadlines and boring books. Enjoy the pizza.,False
53,"""A working professional who is seeking to improve their literary analysis skills in their free time""",40.0,5,13,"@user_102 some of us are just trying to survive the week without a meltdown, maybe tone down the toxic positivity a bit.",False
53,"""A working professional who is seeking to improve their literary analysis skills in their free time""",40.0,6,13,Just tried to start a new series and the prose is so bloated it's barely readable. Why do writers think using a thesaurus on every page makes them sophisticated? It's just tedious.,False
53,"""A working professional who is seeking to improve their literary analysis skills in their free time""",40.0,7,13,@user_493 honestly mood. Cold pizza on the floor is basically the only honest way to eat these days.,False
53,"""A working professional who is seeking to improve their literary analysis skills in their free time""",40.0,8,13,"Just saw a ""life hack"" video that suggested waking up at 4 AM to be more productive. As if adding more sleep deprivation to my schedule is the magic fix for my miserable workload. Absolute joke.",False
53,"""A working professional who is seeking to improve their literary analysis skills in their free time""",40.0,9,13,@user_34 I feel that. Spending eight hours a day updating cells in a grid just to watch the numbers stay the same is a special kind of torture.,False
54,"""A student studying film theory who isn't interested in recent developments in the field.""",49.0,0,14,"Just watched another ""modern masterpiece"" that's basically just a bunch of shaky handheld shots and loud noise. Why do people pretend this is art? Give me a steady tripod and a script that actually makes sense.",False
54,"""A student studying film theory who isn't interested in recent developments in the field.""",49.0,1,14,"Why is every ""indie"" movie now just a slow pan of a field for ten minutes? Get to the point or just don't film it.",False
54,"""A student studying film theory who isn't interested in recent developments in the field.""",49.0,2,14,"Just tried to find a decent copy of a 1940s noir and the only version available has some ""AI enhancement"" that makes everyone look like plastic dolls. Absolute trash. Just leave the film alone.",False
54,"""A student studying film theory who isn't interested in recent developments in the field.""",49.0,3,14,Spent two hours trying to find a decent analysis of French New Wave that isn't just some TikToker talking over a clip. Everything is a summary of a summary now. Pathetic.,False
54,"""A student studying film theory who isn't interested in recent developments in the field.""",49.0,4,14,"Just saw a ""visionary"" director credit their success to an algorithm. Great, now we're just outsourcing creativity to a calculator. Waste of time.",False
54,"""A student studying film theory who isn't interested in recent developments in the field.""",49.0,5,14,"Just saw a ""critique"" of Hitchcock that spent more time talking about the director's fashion than the actual framing. We're really just treating cinema like a mood board now. Embarrassing.",False
54,"""A student studying film theory who isn't interested in recent developments in the field.""",49.0,6,14,"Everyone is obsessed with ""immersive experiences"" now. It's just a fancy way of saying they can't actually tell a story in a linear sequence. Boring.",False
54,"""A student studying film theory who isn't interested in recent developments in the field.""",49.0,7,14,"Just spent an hour scrolling through ""top 10"" lists and they're all the same five movies from the last three years. No one cares about the classics anymore, they just want something that looks good on a phone screen.",False
54,"""A student studying film theory who isn't interested in recent developments in the field.""",49.0,8,14,Just spent forty minutes trying to fix the projector and now the bulb is blown. Figures. Everything is just designed to break the second you actually want to use it.,False
54,"""A student studying film theory who isn't interested in recent developments in the field.""",49.0,9,14,"Just spent an hour trying to read a paper on montage theory and the author spent three pages talking about ""synergy"" and ""disruption."" Use actual terminology or just stop writing.",False
55,"""a former boxing champion who has won at many local and international tournaments.""",42.0,0,10,"Just saw a ""workout"" video where the guy spends more time adjusting his lighting than actually hitting the bag. Absolute joke.",False
55,"""a former boxing champion who has won at many local and international tournaments.""",42.0,1,10,Does anyone actually like the new design of these apps or are we all just pretending it's intuitive? Every update just moves the one button I actually use to a different corner. Waste of time.,False
55,"""a former boxing champion who has won at many local and international tournaments.""",42.0,2,10,Just spent twenty minutes trying to find a decent place for a steak that isn't overpriced garbage. Everything in this city tastes the same now.,False
55,"""a former boxing champion who has won at many local and international tournaments.""",42.0,3,10,Why is every movie trailer now just a loud montage of bass drops and three seconds of plot? I can't tell if I'm watching a thriller or a laundry detergent commercial.,False
55,"""a former boxing champion who has won at many local and international tournaments.""",42.0,4,10,"Just tried that new ""healthy"" protein bar everyone is raving about. Tastes like sweetened chalk and cardboard. Total rip-off.",False
55,"""a former boxing champion who has won at many local and international tournaments.""",42.0,5,10,"Why is every ""modern"" gym layout designed like a maze? I just want to get to the weights without walking through a sea of people taking selfies in the mirrors. Pathetic.",False
55,"""a former boxing champion who has won at many local and international tournaments.""",42.0,6,10,@user_817 Truth. Most stuff now looks like it was made in a microwave. Give me something that actually looks real for once.,False
55,"""a former boxing champion who has won at many local and international tournaments.""",42.0,7,10,@user_151 Imagine being that proud of explaining a loop. Some of us are just trying to get through the day without starting a fight with a vending machine.,False
55,"""a former boxing champion who has won at many local and international tournaments.""",42.0,8,10,Just tried to fix my own leaky faucet to save a few bucks. Spent three hours getting soaked and it's still dripping. I'm an idiot.,False
55,"""a former boxing champion who has won at many local and international tournaments.""",42.0,9,10,@user_869 Spot on. It's all a scam to get people to pay for overpriced tap water. Everyone's just chasing a shortcut because they're too lazy to actually put in the work.,False
56,"""A photographer who captures stunning portraits of Bar Refaeli for magazine covers""",49.0,0,11,Just spent three hours trying to get the lighting right for a simple headshot and it still looks like a cheap passport photo. Some days the gear just hates me.,False
56,"""A photographer who captures stunning portraits of Bar Refaeli for magazine covers""",49.0,1,11,"Just saw another ""cinematic"" vlog where the footage is so shaky it gave me a migraine. Please stop calling a shaky iPhone camera a creative choice.",False
56,"""A photographer who captures stunning portraits of Bar Refaeli for magazine covers""",49.0,2,11,@user_41 stop complaining about the lights. At least you have a gig. Some of us are just staring at a blank calendar and a pile of gear that costs more than my rent.,False
56,"""A photographer who captures stunning portraits of Bar Refaeli for magazine covers""",49.0,3,11,Just tried to organize my archives and realized I have 400 nearly identical shots of the same person. Why do I do this to myself? Total waste of storage space.,False
56,"""A photographer who captures stunning portraits of Bar Refaeli for magazine covers""",49.0,4,11,@user_282 skipping the doctor to save a few bucks is a bold strategy. Good luck with that stomach ache.,False
56,"""A photographer who captures stunning portraits of Bar Refaeli for magazine covers""",49.0,5,11,@user_74 why are you so hyped about a toy from thirty years ago? it’s a piece of plastic. get a grip.,False
56,"""A photographer who captures stunning portraits of Bar Refaeli for magazine covers""",49.0,6,11,@user_910 your dog is just barking at a piece of plastic and a battery. Get a hobby that actually makes sense.,False
56,"""A photographer who captures stunning portraits of Bar Refaeli for magazine covers""",49.0,7,11,@user_786 stop bragging about your script. some of us actually have to do the manual work because the world doesn't just automate itself into being perfect.,False
56,"""A photographer who captures stunning portraits of Bar Refaeli for magazine covers""",49.0,8,11,@user_772 honestly just stop posting about your feelings. some of us are actually trying to scroll through something interesting and your mid-life crisis is killing the vibe.,False
56,"""A photographer who captures stunning portraits of Bar Refaeli for magazine covers""",49.0,9,11,@user_178 stop being so dramatic. it's just a ledger. some of us have actual deadlines and we aren't acting like the world is ending over some flowers.,False
57,"""A policy maker responsible for implementing regulations to protect pollinators and promote biodiversity in agriculture""",21.0,0,12,"Just spent three hours in a meeting where people argued about the definition of a ""hedge"" for forty minutes. I’m convinced we’re just pretending to work at this point.",False
57,"""A policy maker responsible for implementing regulations to protect pollinators and promote biodiversity in agriculture""",21.0,1,12,Anyone else’s coffee machine decide to die on the exact morning you have a deadline? I'm not dealing with this today.,False
57,"""A policy maker responsible for implementing regulations to protect pollinators and promote biodiversity in agriculture""",21.0,2,12,"Why is every ""easy"" software update actually just a way to move the buttons I use every day to a different menu? I don't have the brain power to relearn my own computer today.",False
57,"""A policy maker responsible for implementing regulations to protect pollinators and promote biodiversity in agriculture""",21.0,3,12,"Just tried to order a ""healthy"" salad and it was basically just a pile of expensive wet leaves. I'm paying fifteen dollars for something a rabbit would reject.",False
57,"""A policy maker responsible for implementing regulations to protect pollinators and promote biodiversity in agriculture""",21.0,4,12,Why is every movie trailer now just a series of loud bangs and quick cuts? Just tell me the plot instead of giving me a migraine for two minutes.,False
57,"""A policy maker responsible for implementing regulations to protect pollinators and promote biodiversity in agriculture""",21.0,5,12,"Does every single restaurant now have the same ""industrial"" decor? I'm tired of eating pasta in a room that looks like a converted garage.",False
57,"""A policy maker responsible for implementing regulations to protect pollinators and promote biodiversity in agriculture""",21.0,6,12,"@user_20 ""Eco-safe"" is just a marketing term for ""slightly less toxic."" They always use the same script.",False
57,"""A policy maker responsible for implementing regulations to protect pollinators and promote biodiversity in agriculture""",21.0,7,12,"@user_756 honestly same. It's always about the ""win"" until you're the one actually cleaning up the mess from the mistakes.",False
57,"""A policy maker responsible for implementing regulations to protect pollinators and promote biodiversity in agriculture""",21.0,8,12,Why is every gym membership a lifelong contract? I just want to use a treadmill for three months without needing a lawyer to cancel the subscription.,False
57,"""A policy maker responsible for implementing regulations to protect pollinators and promote biodiversity in agriculture""",21.0,9,12,"Why is it that every time I try to find a decent parking spot, someone manages to take the one I’ve been circling for ten minutes the second I blink? Truly an impressive level of timing.",False
58,"""A restaurateur specializing in Monegasque cuisine, who sources fresh seafood daily for traditional dishes""",32.0,0,13,Why is every movie trailer now just loud noises and quick cuts? I can't tell if it's a horror flick or a car commercial anymore. Actually boring.,False
58,"""A restaurateur specializing in Monegasque cuisine, who sources fresh seafood daily for traditional dishes""",32.0,1,13,Just spent an hour trying to find a decent parking spot. This city is a joke.,False
58,"""A restaurateur specializing in Monegasque cuisine, who sources fresh seafood daily for traditional dishes""",32.0,2,13,Someone please tell me why air fryers are marketed like they're some kind of miracle technology. It's a small oven. Get over yourselves.,False
58,"""A restaurateur specializing in Monegasque cuisine, who sources fresh seafood daily for traditional dishes""",32.0,3,13,"Does anyone actually like these new ""smart"" refrigerators? I don't need my fridge to send me a notification that I'm out of milk. Just open the door and look.",False
58,"""A restaurateur specializing in Monegasque cuisine, who sources fresh seafood daily for traditional dishes""",32.0,4,13,"@user_374 exactly. People will pay for literally anything if you put a ""wellness"" label on it. Absolute scam.",False
58,"""A restaurateur specializing in Monegasque cuisine, who sources fresh seafood daily for traditional dishes""",32.0,5,13,Who decided that putting a QR code on a physical menu was a good idea? I just want to read the food options without booting up my phone and waiting for a slow webpage to load. Ridiculous.,False
58,"""A restaurateur specializing in Monegasque cuisine, who sources fresh seafood daily for traditional dishes""",32.0,6,13,@user_349 Real. People acting like a positive quote is a substitute for actually having a functional life is exhausting.,False
58,"""A restaurateur specializing in Monegasque cuisine, who sources fresh seafood daily for traditional dishes""",32.0,7,13,@user_267 spend a few hundred bucks on a fancy fan and you still feel like garbage. Figures.,False
58,"""A restaurateur specializing in Monegasque cuisine, who sources fresh seafood daily for traditional dishes""",32.0,8,13,@user_874 welcome to the club. I've been staring at the same email for twenty minutes and still haven't figured out what the point is. Just send it and hope for the best.,False
58,"""A restaurateur specializing in Monegasque cuisine, who sources fresh seafood daily for traditional dishes""",32.0,9,13,@user_96 imagine having that much free time. Some of us actually have things to do.,False
59,"""A renowned jazz pianist who has collaborated with Branford Marsalis on numerous occasions""",48.0,0,14,Just spent an hour trying to find a decent espresso in this neighborhood. Everything tastes like burnt plastic. Typical.,False
59,"""A renowned jazz pianist who has collaborated with Branford Marsalis on numerous occasions""",48.0,1,14,"These new ""smart"" home apps are a joke. Spent twenty minutes trying to dim the lights and now the kitchen is flashing neon green for no reason. Absolute garbage.",False
59,"""A renowned jazz pianist who has collaborated with Branford Marsalis on numerous occasions""",48.0,2,14,Why is every single movie trailer now just a montage of loud bangs and fast cuts? I can't even tell what the plot is. Just give me a scene with actual dialogue for once.,False
59,"""A renowned jazz pianist who has collaborated with Branford Marsalis on numerous occasions""",48.0,3,14,"I can't stand these ""curated"" playlists. Some algorithm decides what I should like and then plays the same three songs on loop. Just let me pick the record.",False
59,"""A renowned jazz pianist who has collaborated with Branford Marsalis on numerous occasions""",48.0,4,14,"Just saw a ""top 10"" list of the best modern restaurants in the city and not one of them has an actual menu. QR codes are the worst thing to happen to dining. Just give me a piece of paper.",False
59,"""A renowned jazz pianist who has collaborated with Branford Marsalis on numerous occasions""",48.0,5,14,"Why is every gym now a social club? I just want to use the treadmill without having to navigate a crowd of people filming their ""workout"" for an audience of ten. Get a hobby.",False
59,"""A renowned jazz pianist who has collaborated with Branford Marsalis on numerous occasions""",48.0,6,14,"Seriously, who decided that ""minimalist"" furniture should be this uncomfortable? I've had a backache for three days because this chair is basically a concrete slab. Design over function is a scam.",False
59,"""A renowned jazz pianist who has collaborated with Branford Marsalis on numerous occasions""",48.0,7,14,"Just spent forty minutes on hold with my internet provider only to be told the outage is ""localized."" Localized to my entire zip code. Great.",False
59,"""A renowned jazz pianist who has collaborated with Branford Marsalis on numerous occasions""",48.0,8,14,"Why do people insist on wearing those oversized headphones in the grocery store? You're not in a music video, you're just blocking the aisle while staring at the cereal. Get a grip.",False
59,"""A renowned jazz pianist who has collaborated with Branford Marsalis on numerous occasions""",48.0,9,14,"Every time I try to use a self-checkout machine, it tells me there is an unexpected item in the bagging area. There is nothing there. It's just a plastic bag. I'm fighting with a machine and losing.",False
