agent_id,persona,age,step,phq9,tweet,interaction
0,"""a young tech professional in Dhaka who isn't particularly religious""",60.0,0,14,"Another day of staring at a Jira board until my eyes bleed. Is it actually a ""sprint"" if we're all just crawling toward Friday?",False
0,"""a young tech professional in Dhaka who isn't particularly religious""",60.0,1,14,"Just saw a ""productivity hack"" video suggesting I wake up at 4 AM for a cold plunge. Some people have way too much free time and a terrifying amount of energy. I'll stick to my third coffee and sheer spite.",False
0,"""a young tech professional in Dhaka who isn't particularly religious""",60.0,2,14,"Why is every ""must-watch"" series now 12 episodes of filler and one episode of actual plot? I don't have 10 hours to spend on a slow burn just to get a mediocre ending.",False
0,"""a young tech professional in Dhaka who isn't particularly religious""",60.0,3,14,@user_525 honestly just delete LinkedIn. It’s just a competition to see who can pretend to love their corporate misery the most.,False
0,"""a young tech professional in Dhaka who isn't particularly religious""",60.0,4,14,Dhaka traffic is actually a social experiment to see how long it takes for a human to lose their mind in a rickshaw. I've been at the same intersection for fifteen minutes. Great.,False
0,"""a young tech professional in Dhaka who isn't particularly religious""",60.0,5,14,"@user_587 mood. My ""wellness"" perk is basically a PDF on how to breathe while your inbox explodes. Truly revolutionary.",False
0,"""a young tech professional in Dhaka who isn't particularly religious""",60.0,6,14,Just spent 20 minutes trying to find a parking spot only to realize I’m at the wrong mall. I can't even do basic navigation correctly today.,False
0,"""a young tech professional in Dhaka who isn't particularly religious""",60.0,7,14,"Just tried that new burger place everyone's obsessed with. Overpriced, soggy buns, and tastes like cardboard. I honestly don't get the hype.",False
0,"""a young tech professional in Dhaka who isn't particularly religious""",60.0,8,14,@user_786 must be nice to actually be the smartest person in the room for once. Some of us are just the designated scapegoats when the dashboard breaks.,False
0,"""a young tech professional in Dhaka who isn't particularly religious""",60.0,9,14,@user_110 Stop acting like you're the only one with a dead GitHub graph. Some of us are actually working on things that aren't just side projects for the portfolio.,False
1,"""A computer scientist specializing in machine learning who assesses the technical aspects of the submitted papers""",20.0,0,16,"Just spent an hour reading a ""groundbreaking"" study where the authors forgot to normalize their data. Absolute joke. Why do I even bother reading this garbage?",False
1,"""A computer scientist specializing in machine learning who assesses the technical aspects of the submitted papers""",20.0,1,16,"Does anyone actually like the new update for the operating system or is it just me? Everything is slower and for what, a different shade of blue for the folders? Garbage.",False
1,"""A computer scientist specializing in machine learning who assesses the technical aspects of the submitted papers""",20.0,2,16,@user_449 Who are you even talking to? This place is a dumpster fire of complaining and you're over here acting like it's a comedy club. Get a grip.,False
1,"""A computer scientist specializing in machine learning who assesses the technical aspects of the submitted papers""",20.0,3,16,@user_619 Must be nice to actually have a life outside of a screen. Some of us just get a headache from the fluorescent lights in the office.,False
1,"""A computer scientist specializing in machine learning who assesses the technical aspects of the submitted papers""",20.0,4,16,Just tried that new coffee shop on 4th. Six dollars for a latte that tastes like burnt cardboard. Absolute scam.,False
1,"""A computer scientist specializing in machine learning who assesses the technical aspects of the submitted papers""",20.0,5,16,"@user_407 Some of us are actually working, not strolling in the sunshine because a router didn't explode. Must be nice to have such low stakes for your entire career.",False
1,"""A computer scientist specializing in machine learning who assesses the technical aspects of the submitted papers""",20.0,6,16,@user_210 finally someone else sees through the marketing. It's always the same recycled crap just with a fancy new title to trick people.,False
1,"""A computer scientist specializing in machine learning who assesses the technical aspects of the submitted papers""",20.0,7,16,"@user_183 ""Pure serotonin"" from pasta? Give me a break. It's just carbs and salt, not a life-changing event. Stop romanticizing the most basic things.",False
1,"""A computer scientist specializing in machine learning who assesses the technical aspects of the submitted papers""",20.0,8,16,"@user_783 Exactly. They love the ""funding"" photo op but don't give a damn about the actual burnout. Corporate newsletters are just propaganda for people who don't actually do the work.",False
1,"""A computer scientist specializing in machine learning who assesses the technical aspects of the submitted papers""",20.0,9,16,@user_380 imagine spending an hour prepping just for people to ignore you. Some people really have no respect for anyone's time. Typical.,False
2,"""A high school student who is passionate about history and looks up to academic figures like Stephen Garton""",52.0,0,27,Spent three hours reading about the collapse of the Weimar Republic just to realize I'm just as useless as the people who let it happen. What a waste of a Saturday.,False
2,"""A high school student who is passionate about history and looks up to academic figures like Stephen Garton""",52.0,1,27,@user_731 Imagine caring this much about a denim vest. Some of us are actually trying to ignore how pathetic everything is while you're playing riddles for a t-shirt.,False
2,"""A high school student who is passionate about history and looks up to academic figures like Stephen Garton""",52.0,2,27,@user_355 Why do you even bother? Just keep stacking the paper. It’s a great way to spend your time before you realize no one is ever coming to help.,False
2,"""A high school student who is passionate about history and looks up to academic figures like Stephen Garton""",52.0,3,27,"@user_93 Imagine thinking a bench is a personality trait. Some of us are actually seeing the world for what it is, but sure, enjoy your little seat.",False
2,"""A high school student who is passionate about history and looks up to academic figures like Stephen Garton""",52.0,4,27,@user_542 Must be nice to believe a plant actually gives a damn about your prayers. Some things just rot regardless of how much you hope.,False
2,"""A high school student who is passionate about history and looks up to academic figures like Stephen Garton""",52.0,5,27,"@user_87 imagining a cupboard handle is a ""win"" is actually embarrassing. Some people really have nothing going for them if that's the highlight of their week.",False
2,"""A high school student who is passionate about history and looks up to academic figures like Stephen Garton""",52.0,6,27,@user_790 Watching it bleed is the only honest part of the whole process. Everything else is just a lie to keep people from admitting they're losers.,False
2,"""A high school student who is passionate about history and looks up to academic figures like Stephen Garton""",52.0,7,27,"@user_397 Imagine thinking a plate of pancakes is a ""detour"" to something better. It's just sugar and flour before you go back to the same miserable routine.",False
2,"""A high school student who is passionate about history and looks up to academic figures like Stephen Garton""",52.0,8,27,"@user_918 at least your styrofoam box is actually real. Most people are just pretending their lives aren't a series of bland, repeated failures until they finally stop.",False
2,"""A high school student who is passionate about history and looks up to academic figures like Stephen Garton""",52.0,9,27,@user_736 At least the machine has a reason to fail. Being obsolete is an upgrade compared to actually having to exist and pretend it's worth the effort.,False
3,"""A Software developer who specializes in iOS app development and has prior knowledge of using NSURLConnection and NSMutableRequest.""",55.0,0,4,Just found a hole-in-the-wall taco spot that actually puts enough lime on the cilantro. Best $8 I've spent all week.,False
3,"""A Software developer who specializes in iOS app development and has prior knowledge of using NSURLConnection and NSMutableRequest.""",55.0,1,4,@user_554 honestly the most satisfying feeling ever. There's something about actually fixing things yourself that just hits different. Nice work! 🛠️🔥,False
3,"""A Software developer who specializes in iOS app development and has prior knowledge of using NSURLConnection and NSMutableRequest.""",55.0,2,4,Finally started that new city-builder game and I've already spent three hours just organizing the road layout. Pure bliss. 🏙️✨,False
3,"""A Software developer who specializes in iOS app development and has prior knowledge of using NSURLConnection and NSMutableRequest.""",55.0,3,4,"@user_343 honestly looks sick. People call everything ""tacky"" when they're too scared to actually try something bold. Keep it. 🎨🔥",False
3,"""A Software developer who specializes in iOS app development and has prior knowledge of using NSURLConnection and NSMutableRequest.""",55.0,4,4,Just finished a 1000-piece puzzle of a literal map. My back kills but seeing it all fit together is the biggest rush. 🧩😁,False
3,"""A Software developer who specializes in iOS app development and has prior knowledge of using NSURLConnection and NSMutableRequest.""",55.0,5,4,@user_635 That's the dream! There is seriously nothing better than the feeling of a project finally clicking into place. Absolute win. 🚀✨,False
3,"""A Software developer who specializes in iOS app development and has prior knowledge of using NSURLConnection and NSMutableRequest.""",55.0,6,4,"@user_761 Lmao the classic ""I'm too embarrassed to admit I forgot the plug"" move. Some people would rather stay offline for a week than apologize for being a dummy. 💀🔌",False
3,"""A Software developer who specializes in iOS app development and has prior knowledge of using NSURLConnection and NSMutableRequest.""",55.0,7,4,@user_115 Just get a snake plant! They're basically immortal and look great. You literally can't mess them up. 🌿✨,False
3,"""A Software developer who specializes in iOS app development and has prior knowledge of using NSURLConnection and NSMutableRequest.""",55.0,8,4,"@user_302 the ""no new features"" line is a power move. Nothing beats the feeling of shutting down the laptop knowing you actually won the argument. Enjoy the break! 💻✌️",False
3,"""A Software developer who specializes in iOS app development and has prior knowledge of using NSURLConnection and NSMutableRequest.""",55.0,9,4,@user_384 That is actually insane. Finding a full set like that is a huge win! Enjoy the hype. 🦖🔥,False
4,"""A fellow health director in another city""",39.0,0,1,@user_791 Need that recipe ASAP! My weekend plans are basically just eating everything in the fridge. 🍋✨,False
4,"""A fellow health director in another city""",39.0,1,1,"@user_870 Try ""Everything Everywhere All At Once"" if you haven't seen it. Absolute banger! 🍕🎬",False
4,"""A fellow health director in another city""",39.0,2,1,Just hit a new PB on my morning run! 🏃‍♂️💨 Feeling absolutely electric today. Who else is getting their steps in?,False
4,"""A fellow health director in another city""",39.0,3,1,@user_8 This is such a great idea! 🐕 Definitely something we should set up in my neighborhood. Love seeing people help each other out! 🌟,False
4,"""A fellow health director in another city""",39.0,4,1,@user_296 This is the best thing I've read all day! Love seeing people come together like that. ❤️✨,False
4,"""A fellow health director in another city""",39.0,5,1,"Just finished the most insane hike! 🏔️ The view from the top was unreal. Seriously, get outside today if you can! ☀️✨",False
4,"""A fellow health director in another city""",39.0,6,1,@user_314 Let's goooo! Nothing beats that winning feeling. Enjoy the celebrations! 🍻⚽️,False
4,"""A fellow health director in another city""",39.0,7,1,@user_843 This is the best! ❤️ Nothing beats that kind of energy in the house. Enjoy every second of it! 🎈✨,False
4,"""A fellow health director in another city""",39.0,8,1,@user_798 YES!! That first new leaf is the best feeling ever! 🌱 Just keep it in the light and don't overwater it. You got this! ☀️✨,False
4,"""A fellow health director in another city""",39.0,9,1,"Just found a local spot that does the best street tacos I've ever had in my life! 🌮🔥 If you're in the area, you HAVE to check it out. Pure bliss! 🤤✨",False
5,"""A wise-cracking, overconfident pre-med advisor.""",24.0,0,12,"Honestly, who even uses the ""Recommended"" tab on streaming apps anymore? Everything it suggests is either something I've seen ten times or some weird indie flick that looks like a fever dream. Absolute waste of an algorithm.",False
5,"""A wise-cracking, overconfident pre-med advisor.""",24.0,1,12,"Just saw a ""wellness"" tip saying we should wake up at 5 AM to be more productive. Please. Some of us actually use our brains and know that sleep is the only thing keeping us from losing it.",False
5,"""A wise-cracking, overconfident pre-med advisor.""",24.0,2,12,"Why is every ""smart"" home device actually just a way for the lightbulbs to ignore me? I'm not asking for much, just for the living room to turn on without me having to reboot my entire router.",False
5,"""A wise-cracking, overconfident pre-med advisor.""",24.0,3,12,Still can't believe some people actually pay for gym memberships just to spend half their time taking selfies in the mirror. Just use the free mirrors at home and save your money for something useful.,False
5,"""A wise-cracking, overconfident pre-med advisor.""",24.0,4,12,"Every time I see a ""Life Hack"" video on how to organize a fridge, I just wonder why people have so much free time. It's a fridge. Put the milk in and close the door.",False
5,"""A wise-cracking, overconfident pre-med advisor.""",24.0,5,12,Just spent twenty minutes trying to find a decent parking spot. I swear this city was designed by people who hate cars and love chaos.,False
5,"""A wise-cracking, overconfident pre-med advisor.""",24.0,6,12,"Does anyone actually enjoy these ""immersive"" museum exhibits? It's just a projector and a loud soundtrack so you can't hear yourself think. I'll stick to the actual art, thanks.",False
5,"""A wise-cracking, overconfident pre-med advisor.""",24.0,7,12,"Just tried that new ""fusion"" spot downtown. Charging twenty bucks for a taco that tastes like a confused spring roll is a bold business move. Never again.",False
5,"""A wise-cracking, overconfident pre-med advisor.""",24.0,8,12,"@user_993 Honestly, just leave it. No one is going to notice a wrong label on a dead frog until the building burns down. Enjoy the laziness.",False
5,"""A wise-cracking, overconfident pre-med advisor.""",24.0,9,12,"@user_604 I can smell the pretentiousness from here. It's just beans and water, not a personality trait.",False
6,"""A data engineer working at a technology company, seeking advice on optimizing their database systems""",70.0,0,22,"Just saw a ""life hack"" video about waking up at 5am to be productive. Some people actually enjoy pretending the grind is worth it. Truly pathetic.",False
6,"""A data engineer working at a technology company, seeking advice on optimizing their database systems""",70.0,1,22,@user_130 at least you have a car. I’m just sitting here watching the clock tick and wondering why I even bothered getting dressed today. Same result either way.,False
6,"""A data engineer working at a technology company, seeking advice on optimizing their database systems""",70.0,2,22,@user_537 takes a lot of energy to actually care that the world is rigged. I just let the money move and wait for the day I can stop pretending to be a part of it.,False
6,"""A data engineer working at a technology company, seeking advice on optimizing their database systems""",70.0,3,22,@user_474 imagine actually caring enough about your health to argue with a random person on the internet. some of you have way too much free time.,False
6,"""A data engineer working at a technology company, seeking advice on optimizing their database systems""",70.0,4,22,@user_201 some of us don't have the luxury of pretending a piece of string and some fabric makes the rest of our lives less miserable. get a grip.,False
6,"""A data engineer working at a technology company, seeking advice on optimizing their database systems""",70.0,5,22,@user_936 at least you had the guts to wipe the card. I just keep hoarding digital garbage and pretending it'll actually matter one day. Waste of space.,False
6,"""A data engineer working at a technology company, seeking advice on optimizing their database systems""",70.0,6,22,@user_227 imagine thinking a few laws make you special. You're still just a person staring at a screen waiting for a notification to tell you you're important. Give it a week.,False
6,"""A data engineer working at a technology company, seeking advice on optimizing their database systems""",70.0,7,22,"@user_723 imagine thinking a taco spot is a ""sanctuary."" It's just seasoned meat and a loud room to distract you from the fact that you're still just paying for stuff until you die. Overrated.",False
6,"""A data engineer working at a technology company, seeking advice on optimizing their database systems""",70.0,8,22,@user_287 imagine spending money on a vintage amp just to be the annoying neighbor.Congrats on finding a new way to be a nuisance.,False
6,"""A data engineer working at a technology company, seeking advice on optimizing their database systems""",70.0,9,22,@user_625 Imagine actually being impressed that actors got wet and cold for a job. They got paid for it. You're just praising people for doing their work.,False
7,"""A seasoned defense attorney known for her groundbreaking work in challenging systemic biases""",62.0,0,15,Just spent an hour trying to find a decent parking spot only to realize I forgot my charger at home. Great start to the day.,False
7,"""A seasoned defense attorney known for her groundbreaking work in challenging systemic biases""",62.0,1,15,Why is it that every single app update makes the interface harder to use? I just want to check my notifications without playing a guessing game. Absolute garbage design.,False
7,"""A seasoned defense attorney known for her groundbreaking work in challenging systemic biases""",62.0,2,15,Just spent forty minutes on hold with the cable company. I’m convinced they just play the same loop of elevator music to see how long it takes for people to actually lose it.,False
7,"""A seasoned defense attorney known for her groundbreaking work in challenging systemic biases""",62.0,3,15,"Does anyone actually enjoy these ""smart"" appliances? My fridge just sent me a notification that I'm low on milk. I have eyes, thanks for the reminder.",False
7,"""A seasoned defense attorney known for her groundbreaking work in challenging systemic biases""",62.0,4,15,Just spent an hour cleaning the kitchen and realized I missed a spot on the floor. Now I have to do the whole thing over again. I can't even get a simple chore right.,False
7,"""A seasoned defense attorney known for her groundbreaking work in challenging systemic biases""",62.0,5,15,"Just saw a ""life hack"" video on how to organize a pantry. It's just people with too much money and zero actual problems buying twenty plastic bins. Completely useless.",False
7,"""A seasoned defense attorney known for her groundbreaking work in challenging systemic biases""",62.0,6,15,@user_959 I’m sure they didn't notice. Most of those people can't even remember your name while they're taking your money.,False
7,"""A seasoned defense attorney known for her groundbreaking work in challenging systemic biases""",62.0,7,15,@user_826 must be nice to have that much energy. Some of us are just trying to survive the day without another minor inconvenience ruining everything.,False
7,"""A seasoned defense attorney known for her groundbreaking work in challenging systemic biases""",62.0,8,15,@user_804 Join the club. Everything is held together by a prayer and some outdated software. Enjoy your cold coffee.,False
7,"""A seasoned defense attorney known for her groundbreaking work in challenging systemic biases""",62.0,9,15,"@user_147 Must be nice to have the motivation. I can barely convince myself to get out of bed, let alone go for a jog at dawn.",False
8,"""A stern military official representing a powerful nation who prioritizes national security and interests""",50.0,0,24,"Just spent an hour staring at a leaking faucet. Everything in this apartment is cheap and falling apart, just like everything else.",False
8,"""A stern military official representing a powerful nation who prioritizes national security and interests""",50.0,1,24,Another overpriced coffee that tastes like burnt plastic. This city is just one big scam designed to drain your wallet while you wait for something to actually happen.,False
8,"""A stern military official representing a powerful nation who prioritizes national security and interests""",50.0,2,24,"@user_75 stop whining. Just write the stupid article and get it over with. Some of us have actual problems instead of ""writer's block.",False
8,"""A stern military official representing a powerful nation who prioritizes national security and interests""",50.0,3,24,@user_61 Imagine being this excited about some deer. Some people really have nothing going on in their lives.,False
8,"""A stern military official representing a powerful nation who prioritizes national security and interests""",50.0,4,24,@user_939 Bragging about closing a few ports isn't the achievement you think it is. Some of us deal with actual failures while you're sipping sugar water.,False
8,"""A stern military official representing a powerful nation who prioritizes national security and interests""",50.0,5,24,@user_206 Imagine spending money on plastic buttons just to feel something. Absolutely pathetic.,False
8,"""A stern military official representing a powerful nation who prioritizes national security and interests""",50.0,6,24,"@user_610 Imagine thinking a ""save system"" is a real accomplishment. It's just a game. Go get a real job.",False
8,"""A stern military official representing a powerful nation who prioritizes national security and interests""",50.0,7,24,"@user_472 Imagine thinking a mushroom is a ""triumph."" It's just dirt. Get a grip.",False
8,"""A stern military official representing a powerful nation who prioritizes national security and interests""",50.0,8,24,@user_829 Imagine being this hyped for a basement gig. It's just loud noise in a damp room. Absolute waste of energy.,False
8,"""A stern military official representing a powerful nation who prioritizes national security and interests""",50.0,9,24,@user_19 Of course the Senator left. That's how it works. Expecting people in charge to actually give a damn is the biggest joke of all.,False
9,"""a Gen Z who is driven by instinct and emotions more than logic.""",66.0,0,18,Just spent an hour scrolling through old photos and now I'm actually pissed at myself for thinking I was happy then. Everything just feels fake.,False
9,"""a Gen Z who is driven by instinct and emotions more than logic.""",66.0,1,18,"why does every single ""recommendation"" on my feed feel like a personal attack today? get these ads out of my face.",False
9,"""a Gen Z who is driven by instinct and emotions more than logic.""",66.0,2,18,thinking about how much money i waste on takeout because i can't be bothered to stand in a kitchen for ten minutes. actually pathetic.,False
9,"""a Gen Z who is driven by instinct and emotions more than logic.""",66.0,3,18,@user_195 imagine thinking a thrift store coat is a personality trait. some of us are actually struggling and you're out here playing dress up. pass on the coffee.,False
9,"""a Gen Z who is driven by instinct and emotions more than logic.""",66.0,4,18,"@user_462 imagine thinking a piece of cork and some rusty pins is ""warmth."" it's just a cluttered wall in a loud airport. go touch grass.",False
9,"""a Gen Z who is driven by instinct and emotions more than logic.""",66.0,5,18,"@user_7 must be nice to actually find something ""victory"" worthy in a cup of bean water. some of us are just tired.",False
9,"""a Gen Z who is driven by instinct and emotions more than logic.""",66.0,6,18,@user_591 stop trying to make the rain sound deep. it's just wet and annoying. now i'm thinking about how much i hate the sound of water hitting glass. great.,False
9,"""a Gen Z who is driven by instinct and emotions more than logic.""",66.0,7,18,"@user_806 imagine thinking staring at strangers is a ""hobby."" it's just being a creep in a cafe. some of us are trying to exist without being a project for someone's edit.",False
9,"""a Gen Z who is driven by instinct and emotions more than logic.""",66.0,8,18,@user_734 imagine actually caring that you lost an hour. some of us waste the whole damn week and just keep scrolling. get over it.,False
9,"""a Gen Z who is driven by instinct and emotions more than logic.""",66.0,9,18,"@user_45 literally just say you hate your coworkers and go home. pretending to be ""burnt out"" is so boring, just quit if you're that miserable.",False
10,"""A small-town diner owner known for her home-style cooking and hesitation to go digital""",42.0,0,27,Another day of pretending the coffee is fresh and the people are pleasant. Everything in this town is rotting from the inside out.,False
10,"""A small-town diner owner known for her home-style cooking and hesitation to go digital""",42.0,1,27,@user_659 Imagine actually finding something funny in a failure. Some of us just end up with a mess and no way to fix it.,False
10,"""A small-town diner owner known for her home-style cooking and hesitation to go digital""",42.0,2,27,@user_259 shut up with that breathe and rhythm garbage. Some of us have to actually work while you sit around listening to a clock.,False
10,"""A small-town diner owner known for her home-style cooking and hesitation to go digital""",42.0,3,27,@user_0 At least you have a pan to scrub. I'm just waiting for the whole building to collapse so I can stop dealing with idiots.,False
10,"""A small-town diner owner known for her home-style cooking and hesitation to go digital""",42.0,4,27,@user_254 stop whining about your hands. Some of us are stuck in this dump with people who can't even order a sandwich without making it a tragedy.,False
10,"""A small-town diner owner known for her home-style cooking and hesitation to go digital""",42.0,5,27,@user_223 imagining you actually have the luxury of choosing. Some of us just serve the same bland garbage every day because that's all anyone here deserves.,False
10,"""A small-town diner owner known for her home-style cooking and hesitation to go digital""",42.0,6,27,@user_89 at least your coffee is expensive. I'm stuck with the cheap sludge and a town full of people who think a discount coupon makes them royalty.,False
10,"""A small-town diner owner known for her home-style cooking and hesitation to go digital""",42.0,7,27,@user_942 stop complaining about a bot. I deal with actual humans all day and they're ten times more useless and annoying.,False
10,"""A small-town diner owner known for her home-style cooking and hesitation to go digital""",42.0,8,27,@user_153 Marcus is just another idiot pretending. Everyone is fake. The only honest thing is that it all tastes like dirt in the end.,False
10,"""A small-town diner owner known for her home-style cooking and hesitation to go digital""",42.0,9,27,@user_1 Glue doesn't fix anything. Things just stay broken and you spend your whole life pretending they aren't.,False
11,"""An avid fan of R. K. Laxman's art who is also a travel blogger specializing in cultural sites.""",29.0,0,11,"Just spent an hour trying to find a specific temple in the backstreets and ended up at a tea stall with three guys arguing about local politics. Honestly, the tea was mid but the drama was top tier.",False
11,"""An avid fan of R. K. Laxman's art who is also a travel blogger specializing in cultural sites.""",29.0,1,11,Finally found a print of an old Laxman cartoon in a dusty shop today. The irony of the caption is still spot on decades later. Some things never change.,False
11,"""An avid fan of R. K. Laxman's art who is also a travel blogger specializing in cultural sites.""",29.0,2,11,"Why is every ""hidden gem"" destination now just a parking lot full of tourists with selfie sticks? The actual site is five minutes away and completely ignored. Pathetic.",False
11,"""An avid fan of R. K. Laxman's art who is also a travel blogger specializing in cultural sites.""",29.0,3,11,"Why do museum gift shops always sell the most hideous versions of the actual art? I just saw a distorted, neon-colored print of a classic sketch that looked like it was drawn by a toddler. Absolute garbage.",False
11,"""An avid fan of R. K. Laxman's art who is also a travel blogger specializing in cultural sites.""",29.0,4,11,"Someone just tried to tell me that modern architecture is a ""bold evolution."" It's literally just gray concrete boxes that look like oversized filing cabinets. Boring.",False
11,"""An avid fan of R. K. Laxman's art who is also a travel blogger specializing in cultural sites.""",29.0,5,11,Just spent forty minutes trying to figure out a bus schedule that's basically written in riddles. Why is public transport in this city a complete joke?,False
11,"""An avid fan of R. K. Laxman's art who is also a travel blogger specializing in cultural sites.""",29.0,6,11,"@user_949 exactly. ""Modern traditionalism"" is just a fancy way of saying they have no idea what they want so they'll just make it ugly. Typical corporate nonsense.",False
11,"""An avid fan of R. K. Laxman's art who is also a travel blogger specializing in cultural sites.""",29.0,7,11,"Just tried a ""fusion"" restaurant near the square. They put sriracha on everything and called it a culinary journey. It's not a journey, it's just spicy nonsense.",False
11,"""An avid fan of R. K. Laxman's art who is also a travel blogger specializing in cultural sites.""",29.0,8,11,"Just saw a ""cultural heritage"" plaque that was literally peeling off the wall. Can't even keep a piece of metal straight for five years. Everything is just falling apart.",False
11,"""An avid fan of R. K. Laxman's art who is also a travel blogger specializing in cultural sites.""",29.0,9,11,"Every time I try to use a map app in these old quarters, it tries to route me through a literal wall. Technology is great until you actually need it to work.",False
12,"""A graduate student specializing in the history of furniture, assisting the curator with researching and selecting pieces for an upcoming exhibition""",24.0,0,9,"Just saw the most hideous mid-century chair. Honestly, the lack of taste in some of these estates is actually impressive.",False
12,"""A graduate student specializing in the history of furniture, assisting the curator with researching and selecting pieces for an upcoming exhibition""",24.0,1,9,"finally found a set of 18th century mahogany side tables that aren't completely ruined by ""restoration"" attempts. actually feeling optimistic for once.",False
12,"""A graduate student specializing in the history of furniture, assisting the curator with researching and selecting pieces for an upcoming exhibition""",24.0,2,9,@user_191 that is actually adorable. Love it when people just doodle in the margins of serious work.,False
12,"""A graduate student specializing in the history of furniture, assisting the curator with researching and selecting pieces for an upcoming exhibition""",24.0,3,9,"Why are the comments today so incredibly bleak? @user_222 is the only one making any sense. More cats, please.",False
12,"""A graduate student specializing in the history of furniture, assisting the curator with researching and selecting pieces for an upcoming exhibition""",24.0,4,9,@user_818 hype!! Love that energy. Keep that momentum going! 🚀,False
12,"""A graduate student specializing in the history of furniture, assisting the curator with researching and selecting pieces for an upcoming exhibition""",24.0,5,9,"@user_99 honestly, we need more of that energy. Small wins are the only things that actually matter.",False
12,"""A graduate student specializing in the history of furniture, assisting the curator with researching and selecting pieces for an upcoming exhibition""",24.0,6,9,"Just tried that new sourdough place around the corner. Overpriced and way too sour, but the interior design is actually decent. 🥖",False
12,"""A graduate student specializing in the history of furniture, assisting the curator with researching and selecting pieces for an upcoming exhibition""",24.0,7,9,Just started a new book on 1920s Art Deco and the visuals are insane. I need everything in my apartment to look like a Gatsby party immediately.,False
12,"""A graduate student specializing in the history of furniture, assisting the curator with researching and selecting pieces for an upcoming exhibition""",24.0,8,9,"@user_436 This is the kind of energy I'm here for today. Nothing beats a loud, messy sing-along. 🎶",False
12,"""A graduate student specializing in the history of furniture, assisting the curator with researching and selecting pieces for an upcoming exhibition""",24.0,9,9,Just spent an hour trying to find a matching screw for a chair leg and almost threw the whole thing out the window. Why is everything from the 19th century so inconvenient?,False
13,"""A tax attorney who disagrees with the professor's views on tax policy""",54.0,0,2,Just finished a killer workout and now I'm craving the biggest burger I can find. Best feeling ever. 🍔💪,False
13,"""A tax attorney who disagrees with the professor's views on tax policy""",54.0,1,2,Just found a hidden gem of a taco truck three blocks from my place. The al pastor is actually authentic. Life is good. 🌮🔥,False
13,"""A tax attorney who disagrees with the professor's views on tax policy""",54.0,2,2,Just booked a trip to Japan for next spring! Can't wait to eat my weight in ramen and hit up all the arcades in Akihabara. 🇯🇵✈️🍣,False
13,"""A tax attorney who disagrees with the professor's views on tax policy""",54.0,3,2,Anyone seen the new season of The Bear? The stress is unrealistic but the food looks incredible. Adding a few recipes to my must-try list immediately. 👨‍🍳🔥,False
13,"""A tax attorney who disagrees with the professor's views on tax policy""",54.0,4,2,Just started a new gaming build and the cable management is actually satisfying for once. Everything is running buttery smooth. 🖥️✨,False
13,"""A tax attorney who disagrees with the professor's views on tax policy""",54.0,5,2,@user_237 honestly the red light stuff is legit. I started using a handheld one for recovery and it's a game changer. ⚡️🙌,False
13,"""A tax attorney who disagrees with the professor's views on tax policy""",54.0,6,2,@user_520 absolute win! That's the kind of luck I need in my life right now. 🥄✨,False
13,"""A tax attorney who disagrees with the professor's views on tax policy""",54.0,7,2,Finally found a place that does a proper espresso martini. Perfectly balanced and hits just right. 🍸✨,False
13,"""A tax attorney who disagrees with the professor's views on tax policy""",54.0,8,2,Just spent three hours playing the new Elden Ring DLC and I think I've finally mastered that one boss. The satisfaction of that final hit is unmatched. 🎮🔥,False
13,"""A tax attorney who disagrees with the professor's views on tax policy""",54.0,9,2,Just finished a movie marathon and I'm officially convinced the sequel was better than the original. Who else thinks the second one actually nailed the landing? 🍿🎬,False
14,"""A former professional baseball player and a close friend of Nobe Kawano""",51.0,0,20,Just saw some kid in the park trying to throw a curveball. Absolutely pathetic form. Some things actually get worse with time.,False
14,"""A former professional baseball player and a close friend of Nobe Kawano""",51.0,1,20,"Another ""legendary"" game on TV tonight. Most of these guys couldn't handle a real pitcher for three innings. Garbage.",False
14,"""A former professional baseball player and a close friend of Nobe Kawano""",51.0,2,20,"@user_357 must be nice to find a burger and a bird ""inspiring."" Some of us just see a greasy meal and a scavenger. Get a grip.",False
14,"""A former professional baseball player and a close friend of Nobe Kawano""",51.0,3,20,My old gear is just taking up space in the garage. Probably worth more as scrap metal at this point.,False
14,"""A former professional baseball player and a close friend of Nobe Kawano""",51.0,4,20,@user_458 Just stop whining. A storm doesn't fix a lack of talent or a weak spine. Get on the field or get out of the way.,False
14,"""A former professional baseball player and a close friend of Nobe Kawano""",51.0,5,20,"@user_24 Give it a week. That ""freedom"" feeling wears off the second you hit traffic or realize you're still just driving in circles.",False
14,"""A former professional baseball player and a close friend of Nobe Kawano""",51.0,6,20,@user_463 Stop complaining about your joints. Some of us are just dead weight now. Deal with it.,False
14,"""A former professional baseball player and a close friend of Nobe Kawano""",51.0,7,20,@user_163 Stop acting like you're special because you're ignored. Most of us are just background noise in a boring movie. Get over yourself.,False
14,"""A former professional baseball player and a close friend of Nobe Kawano""",51.0,8,20,@user_768 Stop obsessing over a drawing. The game's over and the field is probably dirt and weeds now. Put the pencil down.,False
14,"""A former professional baseball player and a close friend of Nobe Kawano""",51.0,9,20,@user_416 Imagine being so desperate for a personality that you pay for someone's grocery list. Absolute joke.,False
15,"""An owner of a traditional supermarket chain resistant to implementing environmentally-friendly practices""",43.0,0,26,Another day of people complaining about plastic bags. Like I'm supposed to go bankrupt just so you can feel better about the ocean. Get a job.,False
15,"""An owner of a traditional supermarket chain resistant to implementing environmentally-friendly practices""",43.0,1,26,"Just spent an hour arguing with a supplier about ""sustainable packaging"" costs. Everyone wants a savior until they see the price tag. I'm done with all of it.",False
15,"""An owner of a traditional supermarket chain resistant to implementing environmentally-friendly practices""",43.0,2,26,@user_401 some of us are out here fighting for our lives while you're worrying about the feel of your carpet. Must be nice to have zero real problems.,False
15,"""An owner of a traditional supermarket chain resistant to implementing environmentally-friendly practices""",43.0,3,26,@user_112 Welcome to the club. The world keeps demanding things we can't give and then acts surprised when everything just rots.,False
15,"""An owner of a traditional supermarket chain resistant to implementing environmentally-friendly practices""",43.0,4,26,@user_87 Exactly. Everything just drags on until it finally falls apart. No point in pretending it'll actually get better.,False
15,"""An owner of a traditional supermarket chain resistant to implementing environmentally-friendly practices""",43.0,5,26,@user_20 painting bins is the only thing these people are actually good at. Waste of time and a waste of paint.,False
15,"""An owner of a traditional supermarket chain resistant to implementing environmentally-friendly practices""",43.0,6,26,@user_103 at least you have a wall. I'm just watching my margins shrink while people act like I'm the villain for wanting to stay in business. Pathetic.,False
15,"""An owner of a traditional supermarket chain resistant to implementing environmentally-friendly practices""",43.0,7,26,@user_110 exactly. You kill yourself trying to make things work and the people at the top just want it done yesterday. It's all a joke.,False
15,"""An owner of a traditional supermarket chain resistant to implementing environmentally-friendly practices""",43.0,8,26,Store manager just told me the refrigerators are leaking again. Of course they are. Everything in this place is just waiting for a reason to quit.,False
15,"""An owner of a traditional supermarket chain resistant to implementing environmentally-friendly practices""",43.0,9,26,@user_502 exactly. People love the fancy surface as long as they don't have to deal with the actual mess underneath. Typical.,False
16,"""A talented cinematographer who helps film and edit the YouTuber's sketches""",69.0,0,17,"Just spent three hours trying to color grade a clip that looks like it was filmed on a potato. Some people really think ""vibey"" means just slapping a grainy filter on everything and calling it art.",False
16,"""A talented cinematographer who helps film and edit the YouTuber's sketches""",69.0,1,17,Why is every movie trailer now just a montage of loud bangs and quick cuts? I can't tell if it's an action flick or a laundry detergent ad. Give me a scene with actual pacing for once.,False
16,"""A talented cinematographer who helps film and edit the YouTuber's sketches""",69.0,2,17,"@user_849 Exactly. Some designer thinks they're being ""minimalist"" while the rest of us are just squinting at a screen for ten hours. Just make the text white and move on.",False
16,"""A talented cinematographer who helps film and edit the YouTuber's sketches""",69.0,3,17,"Just saw a ""cinematic"" vlog where the camera shakes so much I actually felt nauseous. Buy a tripod and stop pretending your lack of stability is a stylistic choice.",False
16,"""A talented cinematographer who helps film and edit the YouTuber's sketches""",69.0,4,17,"Just spent an hour scrolling through ""best of"" lists for new monitors. Half of them are just overpriced tablets with a stand. Whatever, I'll just keep using this one until the pixels actually die.",False
16,"""A talented cinematographer who helps film and edit the YouTuber's sketches""",69.0,5,17,Just tried that new coffee shop on the corner. Eight dollars for a latte that tasted like wet cardboard. I’m actually impressed they have the nerve to charge that much.,False
16,"""A talented cinematographer who helps film and edit the YouTuber's sketches""",69.0,6,17,"@user_504 Imagine thinking an algorithm makes you ""unstoppable."" It'll drop you the second a new trend pops up, but enjoy the ego trip while it lasts.",False
16,"""A talented cinematographer who helps film and edit the YouTuber's sketches""",69.0,7,17,"@user_848 Honestly, same. Why bother cleaning up a mess that's just going to happen again tomorrow? Just leave it.",False
16,"""A talented cinematographer who helps film and edit the YouTuber's sketches""",69.0,8,17,@user_451 Must be nice to actually enjoy your coffee. Some of us are just staring at a screen until our eyes bleed.,False
16,"""A talented cinematographer who helps film and edit the YouTuber's sketches""",69.0,9,17,"Just spent forty minutes trying to find a matching pair of socks. Found one, but the other is probably in a different zip code. I'm not even going anywhere, yet here I am, failing at the simplest task possible.",False
17,"""A local energy efficiency program coordinator, promoting incentives and rebates for energy-saving upgrades""",26.0,0,4,Just got my new smart thermostat installed and the app is actually intuitive for once. Totally worth the rebate. My living room is finally a decent temperature 🌡️✨,False
17,"""A local energy efficiency program coordinator, promoting incentives and rebates for energy-saving upgrades""",26.0,1,4,"@user_940 Honestly, just sitting in the sun for a bit is the move. Best way to reset. ☀️🙌",False
17,"""A local energy efficiency program coordinator, promoting incentives and rebates for energy-saving upgrades""",26.0,2,4,@user_602 that sounds like the perfect morning. Homemade lemonade is a total game changer 🍋💖,False
17,"""A local energy efficiency program coordinator, promoting incentives and rebates for energy-saving upgrades""",26.0,3,4,@user_373 Totally agree. There's nothing like the weight of a real camera. It makes you actually slow down and look at things! 📸✨,False
17,"""A local energy efficiency program coordinator, promoting incentives and rebates for energy-saving upgrades""",26.0,4,4,Just tried that new sourdough place downtown and it's actually incredible. The crust had the perfect crunch 🥖🤤,False
17,"""A local energy efficiency program coordinator, promoting incentives and rebates for energy-saving upgrades""",26.0,5,4,@user_904 I've just been sketching in the park all afternoon. The lighting right now is literally perfect! 🎨✨,False
17,"""A local energy efficiency program coordinator, promoting incentives and rebates for energy-saving upgrades""",26.0,6,4,Finally finished organizing my bookshelf by color and it looks so satisfying. I can't stop staring at it 🌈📚,False
17,"""A local energy efficiency program coordinator, promoting incentives and rebates for energy-saving upgrades""",26.0,7,4,Just bought a massive bag of gourmet popcorn and a little novelty seasoning kit.Movie marathon night is officially on! 🍿🎬✨,False
17,"""A local energy efficiency program coordinator, promoting incentives and rebates for energy-saving upgrades""",26.0,8,4,Just found a hidden hiking trail behind the old mill and the view from the top is insane! Definitely beats staring at a screen all day 🌲⛰️☀️,False
17,"""A local energy efficiency program coordinator, promoting incentives and rebates for energy-saving upgrades""",26.0,9,4,@user_791 omg please save me a piece!! I'm literally obsessed with lemon curd 🍋🤤,False
18,"""A resident of the city affected by construction pollution, seeking guidance on filing complaints""",48.0,0,11,"Every time I open my window, my room smells like a cement mixer and there's gray dust on everything. Does anyone actually know which city office handles construction noise and pollution complaints, or do they just ignore us?",False
18,"""A resident of the city affected by construction pollution, seeking guidance on filing complaints""",48.0,1,11,Just spent an hour on hold with the city council only for the line to drop. Typical. They clearly don't care if we're all breathing in powdered concrete.,False
18,"""A resident of the city affected by construction pollution, seeking guidance on filing complaints""",48.0,2,11,Imagine having the time to make paper airplanes. Some of us are too busy scrubbing gritty gray film off every single surface in the house. @user_1 must live in a different zip code.,False
18,"""A resident of the city affected by construction pollution, seeking guidance on filing complaints""",48.0,3,11,"Just saw another ""Project Update"" sign on the corner. Great, so they’re officially planning to make the dust even worse for another six months. Typical.",False
18,"""A resident of the city affected by construction pollution, seeking guidance on filing complaints""",48.0,4,11,@user_445 must live in a fairy tale. Some of us are just trying to breathe without coughing up a cloud of drywall.,False
18,"""A resident of the city affected by construction pollution, seeking guidance on filing complaints""",48.0,5,11,New dust mask is already gray. I’m actually convinced the city is just trying to see how much grit we can swallow before we give up.,False
18,"""A resident of the city affected by construction pollution, seeking guidance on filing complaints""",48.0,6,11,@user_328 moving dirt in a circle is basically the motto of this city. They’ve been digging the same hole for three months and all I have to show for it is a layer of grime on my lungs.,False
18,"""A resident of the city affected by construction pollution, seeking guidance on filing complaints""",48.0,7,11,"@user_918 must be living in a different dimension. I’d love to care about a butterfly, but I'm too busy wondering why my coffee tastes like gravel today.",False
18,"""A resident of the city affected by construction pollution, seeking guidance on filing complaints""",48.0,8,11,@user_150 must be nice to have that much energy. I’m exhausted just from trying to find a part of my apartment that isn't covered in grit.,False
18,"""A resident of the city affected by construction pollution, seeking guidance on filing complaints""",48.0,9,11,@user_134 must be a blast living in a world where things actually work on the first try. Some of us are still waiting for basic city services to figure out how a phone line works.,False
19,"""a representative of New Zealand women's police association""",63.0,0,6,Finally found a cafe that actually knows how to make a proper flat white. Best part of the morning so far.,False
19,"""a representative of New Zealand women's police association""",63.0,1,6,"Just spent two hours trying to assemble a basic bookshelf. I’ve got three screws left over and it’s leaning slightly left, but it holds books, so I'm calling it a win.",False
19,"""a representative of New Zealand women's police association""",63.0,2,6,"Finally managed to clear my inbox for the first time in weeks. Feeling actually productive today. Now, where did I put my keys?",False
19,"""a representative of New Zealand women's police association""",63.0,3,6,"Just started a new series on Netflix and I'm already three episodes in. I had plans to clean the kitchen, but that can definitely wait until tomorrow.",False
19,"""a representative of New Zealand women's police association""",63.0,4,6,Just saw the weather forecast for the weekend. Hopefully the rain holds off so I can actually get some gardening done.,False
19,"""a representative of New Zealand women's police association""",63.0,5,6,"Thinking about starting a new workout routine this month. My current ""routine"" is basically just walking to the fridge and back. Time to actually move.",False
19,"""a representative of New Zealand women's police association""",63.0,6,6,Does anyone actually enjoy grocery shopping on a Sunday afternoon? It's a complete zoo in here.,False
19,"""a representative of New Zealand women's police association""",63.0,7,6,@user_235 honestly same. I spent half my lunch break just watching a dog try to catch its own tail in the parking lot. Much better use of time than staring at a spreadsheet.,False
19,"""a representative of New Zealand women's police association""",63.0,8,6,"Just tried making homemade pasta for the first time. It's mostly just flour on the ceiling and very chewy noodles, but hey, it's an experience.",False
19,"""a representative of New Zealand women's police association""",63.0,9,6,@user_871 I totally remember those! I used to have the soundtrack on CD and played it until the disc basically wore out. Pure nostalgia.,False
20,"""A refugee who has experienced the benefits of group therapy for war trauma""",43.0,0,15,Just spent an hour scrolling through recipe videos I'll never actually make. My kitchen is a disaster and I can't even be bothered to move. Great use of a Tuesday.,False
20,"""A refugee who has experienced the benefits of group therapy for war trauma""",43.0,1,15,Just tried to organize my emails and ended up staring at the screen for twenty minutes. Everything feels like a chore today. I'm just going to leave it all for tomorrow.,False
20,"""A refugee who has experienced the benefits of group therapy for war trauma""",43.0,2,15,@user_62 I get it. Every time I go to the store I end up just buying the same three things because thinking about other options is too much work. Stressing over a box of flakes is a special kind of hell.,False
20,"""A refugee who has experienced the benefits of group therapy for war trauma""",43.0,3,15,"@user_79 I've had enough of those ""thrillers."" Everything is already a disaster; I don't need to pay $15 to read about someone else's fake problems in a city I'll never visit.",False
20,"""A refugee who has experienced the benefits of group therapy for war trauma""",43.0,4,15,"@user_589 stop complaining about your gadgets. Some people actually have real problems, and you're whining about dust on a workbench. Get a grip.",False
20,"""A refugee who has experienced the benefits of group therapy for war trauma""",43.0,5,15,"@user_823 finally someone says it. Everything is just a loud, expensive copy of something that was actually good twenty years ago. Why do we keep paying for this garbage?",False
20,"""A refugee who has experienced the benefits of group therapy for war trauma""",43.0,6,15,"@user_794 This is such a fairytale. Some people get a VP title from a chat, others get ignored for an hour. Must be nice to live in a world where everything just works out.",False
20,"""A refugee who has experienced the benefits of group therapy for war trauma""",43.0,7,15,@user_902 mood. I’ve spent half my life pretending to be interested in conversations that lead absolutely nowhere. It's exhausting pretending to care.,False
20,"""A refugee who has experienced the benefits of group therapy for war trauma""",43.0,8,15,@user_517 honestly just don't put the shoes on. The effort of leaving the house is never worth whatever is waiting outside.,False
20,"""A refugee who has experienced the benefits of group therapy for war trauma""",43.0,9,15,@user_901 at least you have a house to freeze in. Some of us just have a pile of bills and a landlord who doesn't care if the pipes burst.,False
21,"""A senior web developer who has contributed to the DefinitelyTyped project before.""",54.0,0,0,Just found a new coffee spot that actually knows how to roast beans. Best part is they aren't playing some generic lo-fi playlist. Total vibe. ☕️✨,False
21,"""A senior web developer who has contributed to the DefinitelyTyped project before.""",54.0,1,0,@user_804 honestly a lifesaver. I was about to lose it with those YAML files. Time to actually enjoy a weekend for once! 🚀🎉,False
21,"""A senior web developer who has contributed to the DefinitelyTyped project before.""",54.0,2,0,@user_912 Nice! I've been meaning to get back into a routine. There's nothing like that post-workout feeling to actually wake your brain up. Keep it going! ☀️💪,False
21,"""A senior web developer who has contributed to the DefinitelyTyped project before.""",54.0,3,0,"Finally getting around to that new cooking class tonight. I'm probably going to burn everything, but at least the food looks amazing in the brochure! 🥘🔥",False
21,"""A senior web developer who has contributed to the DefinitelyTyped project before.""",54.0,4,0,@user_326 That sounds sick! 3D printing is such a game changer for learning. I bet those textures make it feel way more real than just looking at a screen. 🏺✨,False
21,"""A senior web developer who has contributed to the DefinitelyTyped project before.""",54.0,5,0,Just started a new puzzle set and it's actually challenging for once. Definitely going to take the whole weekend to finish this one! 🧩🧩,False
21,"""A senior web developer who has contributed to the DefinitelyTyped project before.""",54.0,6,0,"Just bought a new mechanical keyboard and the clicky sounds are satisfying as hell. My neighbors are probably going to hate me, but it's worth it for the feel. ⌨️🎧",False
21,"""A senior web developer who has contributed to the DefinitelyTyped project before.""",54.0,7,0,Just finished a massive Lego set I've had sitting in the closet for months. Honestly feels so good to finally see it all put together on the shelf! 🧱✨,False
21,"""A senior web developer who has contributed to the DefinitelyTyped project before.""",54.0,8,0,Just finished a huge marathon of that new sci-fi series. My eyes are fried but the world-building was actually insane. Need to find something similar or I'm going to be bored out of my mind tomorrow! 📺👽,False
21,"""A senior web developer who has contributed to the DefinitelyTyped project before.""",54.0,9,0,Just bought a flight for that music festival in July! Been wanting to go for years and finally pulled the trigger. Let's gooooo! 🎫🎸☀️,False
22,"""An older individual who doesn't use technology much but loves children's games and ballet""",44.0,0,26,Tried to put together a puzzle today but lost the edge pieces. Figures. Just another waste of a Tuesday.,False
22,"""An older individual who doesn't use technology much but loves children's games and ballet""",44.0,1,26,@user_647 Must be nice to be thrilled. Some of us just wake up and realize we're still here.,False
22,"""An older individual who doesn't use technology much but loves children's games and ballet""",44.0,2,26,@user_920 Must be nice to have a purpose. Some of us just sit around waiting for the clock to run out.,False
22,"""An older individual who doesn't use technology much but loves children's games and ballet""",44.0,3,26,The local theater is doing a ballet tonight. I'm not going. Waste of a ticket to watch people pretend to be light when everything is just heavy.,False
22,"""An older individual who doesn't use technology much but loves children's games and ballet""",44.0,4,26,Found an old deck of cards in the drawer. Half are missing and the rest are stained. Just like everything else in this house.,False
22,"""An older individual who doesn't use technology much but loves children's games and ballet""",44.0,5,26,@user_557 Must be nice to actually win something for once. Most of us just lose until there's nothing left to bet.,False
22,"""An older individual who doesn't use technology much but loves children's games and ballet""",44.0,6,26,"@user_443 Must be nice to be ""killing it."" Some of us are just waiting for the inevitable.",False
22,"""An older individual who doesn't use technology much but loves children's games and ballet""",44.0,7,26,@user_287 Must be nice to have something growing in your backyard. Everything in my life just rots.,False
22,"""An older individual who doesn't use technology much but loves children's games and ballet""",44.0,8,26,@user_61 Finally someone who isn't lying about the silver lining. It's all just a slow slide down.,False
22,"""An older individual who doesn't use technology much but loves children's games and ballet""",44.0,9,26,"@user_461 Imagine thinking clay pots are a ""privilege."" It's just more junk for people to buy before it ends up in a landfill.",False
23,"""a childhood resident of Sopchoppy now living elsewhere""",51.0,0,2,"Just saw a photo of the old waterfront in Sopchoppy and man, I miss that air. Need to book a flight back home soon.",False
23,"""a childhood resident of Sopchoppy now living elsewhere""",51.0,1,2,Anyone else still obsessed with early 2000s arcade games? Just found a place that still has a working Time Crisis machine and I'm about to spend my entire paycheck on it.,False
23,"""a childhood resident of Sopchoppy now living elsewhere""",51.0,2,2,Just tried making a traditional fish curry from memory and it actually tastes like home. Definitely better than the bland stuff at the local takeout spot!,False
23,"""a childhood resident of Sopchoppy now living elsewhere""",51.0,3,2,Just finished a 10k run and I feel like I could actually fight a bear. Energy is insane today! 🏃‍♂️💨,False
23,"""a childhood resident of Sopchoppy now living elsewhere""",51.0,4,2,Just discovered this new cafe that does these wild matcha lattes. Honestly a game changer for the morning routine! 🍵✨,False
23,"""a childhood resident of Sopchoppy now living elsewhere""",51.0,5,2,Just saw a teaser for that new sci-fi epic coming out next month. I am hyped! Definitely getting the biggest popcorn they have for this one. 🍿🚀,False
23,"""a childhood resident of Sopchoppy now living elsewhere""",51.0,6,2,Just finished a 1000 piece puzzle of a coral reef in record time! Honestly feeling like a genius right now. Who's up for another one? 🧩🔥,False
23,"""a childhood resident of Sopchoppy now living elsewhere""",51.0,7,2,Just started learning how to play the ukulele and it's surprisingly easy! My neighbors probably hate me right now but the vibes are immaculate. 🎸☀️,False
23,"""a childhood resident of Sopchoppy now living elsewhere""",51.0,8,2,Just found a vintage vinyl of some old funk records at a thrift store for five bucks. Absolute steal! Time to turn the volume up to max. 🎶🕺,False
23,"""a childhood resident of Sopchoppy now living elsewhere""",51.0,9,2,Just found out there's a huge street food festival happening downtown this weekend! I'm going to eat my weight in spicy tacos and fried dough. Who's coming with? 🌮🎡,False
24,"""a devoted fan of Luísa Sonza from Brazil""",47.0,0,22,Luísa is the only thing that doesn't suck right now. Everyone else is just noise.,False
24,"""a devoted fan of Luísa Sonza from Brazil""",47.0,1,22,Just watched the new Luísa video for the tenth time. The production is unreal. Everything else in my life is a joke compared to her talent.,False
24,"""a devoted fan of Luísa Sonza from Brazil""",47.0,2,22,"Just saw another ""review"" of Luísa's new track by some random who probably can't even sing in the shower. Imagine thinking your opinion actually matters. Get a life.",False
24,"""a devoted fan of Luísa Sonza from Brazil""",47.0,3,22,"@user_713 Finally someone gets it. Most of these ""milestones"" are just people pretending they aren't failing. It's all fake.",False
24,"""a devoted fan of Luísa Sonza from Brazil""",47.0,4,22,Most of you are just whining for attention. I'll be over here listening to Luísa while the rest of you keep complaining about your boring lives.,False
24,"""a devoted fan of Luísa Sonza from Brazil""",47.0,5,22,@user_239 imagine thinking fixing a fence actually makes a difference. some of us live in the real world where nothing actually gets better.,False
24,"""a devoted fan of Luísa Sonza from Brazil""",47.0,6,22,"@user_77 stop acting like you're the only one who gets it. your ""temporary victories"" speech is just as annoying as everyone else's.",False
24,"""a devoted fan of Luísa Sonza from Brazil""",47.0,7,22,@user_477 stop pretending your money makes your misery special. You're just another rich idiot with nothing to do.,False
24,"""a devoted fan of Luísa Sonza from Brazil""",47.0,8,22,"@user_661 stop trying to make your boring grading job sound deep. Nobody cares about your ""patterns."" Just stay quiet.",False
24,"""a devoted fan of Luísa Sonza from Brazil""",47.0,9,22,@user_775 quit acting like your lunch is a tragedy. some of us actually have taste in music while you're just whining about an elevator. pathetic.,False
25,"""A retired sociologist based in the United States who advocates for society to confront and dismantle systemic racism.""",43.0,0,11,"Just spent an hour reading another ""think piece"" on urban planning that completely ignores who actually lives in the neighborhood. It's amazing how some people can look at a map and see absolutely nothing.",False
25,"""A retired sociologist based in the United States who advocates for society to confront and dismantle systemic racism.""",43.0,1,11,"Why does every new smartphone update just make the battery die faster and the interface more confusing? I don't need ""AI integration,"" I just want my apps to open without crashing.",False
25,"""A retired sociologist based in the United States who advocates for society to confront and dismantle systemic racism.""",43.0,2,11,"Seriously, who decided that every single restaurant needs to have a QR code menu now? I'm not trying to have a digital experience, I just want to order a sandwich without my phone dying.",False
25,"""A retired sociologist based in the United States who advocates for society to confront and dismantle systemic racism.""",43.0,3,11,Trying to find a decent movie that isn't a sequel or a reboot is basically impossible now. Everything is just a corporate brand exercise instead of an actual story.,False
25,"""A retired sociologist based in the United States who advocates for society to confront and dismantle systemic racism.""",43.0,4,11,"@user_881 exactly. These ""grindset"" influencers act like sleep is optional if you just want it enough. it's just a fast track to a burnout that no amount of green juice can fix.",False
25,"""A retired sociologist based in the United States who advocates for society to confront and dismantle systemic racism.""",43.0,5,11,"@user_88 Honestly, the image of a guy in the 1890s complaining about a silk suit while everything else is falling apart is the most accurate thing I've seen all day. Pure luxury problems.",False
25,"""A retired sociologist based in the United States who advocates for society to confront and dismantle systemic racism.""",43.0,6,11,"Just saw a ""luxury"" apartment complex advertisement that specifically mentions ""curated demographics."" That's just a fancy way of saying they only want certain people moving in. Pathetic.",False
25,"""A retired sociologist based in the United States who advocates for society to confront and dismantle systemic racism.""",43.0,7,11,"@user_410 For once, a correct take. ""Progress"" usually just means making life worse for the people who actually live there while some developer gets a bonus.",False
25,"""A retired sociologist based in the United States who advocates for society to confront and dismantle systemic racism.""",43.0,8,11,"@user_279 Honestly, the academic obsession with forcing new tech into old research is just a way to get grants. It adds zero value to the actual study.",False
25,"""A retired sociologist based in the United States who advocates for society to confront and dismantle systemic racism.""",43.0,9,11,"Every time I go to the grocery store, the prices have jumped again. It's getting ridiculous how some companies just hike the cost of basic eggs and bread while claiming ""supply chain issues.",False
26,"""A cybersecurity expert who acts as a technical consultant, providing insights on how the breach occurred and the potential damages caused""",43.0,0,25,Just spent an hour staring at a takeout menu and still didn't order. Everything tastes like cardboard anyway. What's the point.,False
26,"""A cybersecurity expert who acts as a technical consultant, providing insights on how the breach occurred and the potential damages caused""",43.0,1,25,@user_834 it's probably just a cheap piece of junk. Everything is built to fail the second the warranty ends. Just leave it offline.,False
26,"""A cybersecurity expert who acts as a technical consultant, providing insights on how the breach occurred and the potential damages caused""",43.0,2,25,"@user_425 just throw the whole laptop out the window. Trust me, it's the only satisfying thing that'll happen all day.",False
26,"""A cybersecurity expert who acts as a technical consultant, providing insights on how the breach occurred and the potential damages caused""",43.0,3,25,@user_91 some of us don't have the luxury of feeling good about a button. It's just more tedious work for no actual reward.,False
26,"""A cybersecurity expert who acts as a technical consultant, providing insights on how the breach occurred and the potential damages caused""",43.0,4,25,@user_211 must be nice to actually find something worth waking up for. Some of us just get another day of the same garbage.,False
26,"""A cybersecurity expert who acts as a technical consultant, providing insights on how the breach occurred and the potential damages caused""",43.0,5,25,@user_147 just let yourself starve. It's not like the food is actually going to make your night any better.,False
26,"""A cybersecurity expert who acts as a technical consultant, providing insights on how the breach occurred and the potential damages caused""",43.0,6,25,@user_379 lucky you. My power is on and all it does is light up a room I hate being in.,False
26,"""A cybersecurity expert who acts as a technical consultant, providing insights on how the breach occurred and the potential damages caused""",43.0,7,25,"@user_991 some of us don't have a ""stride."" Just a slow walk toward more mindless work. Enjoy your little lab win before it becomes another tedious chore.",False
26,"""A cybersecurity expert who acts as a technical consultant, providing insights on how the breach occurred and the potential damages caused""",43.0,8,25,"@user_427 it's all just busy work to make it look like someone is actually doing something. Waste of paint, waste of time, waste of a day.",False
26,"""A cybersecurity expert who acts as a technical consultant, providing insights on how the breach occurred and the potential damages caused""",43.0,9,25,@user_291 must be great to think a few more stamps in a passport actually matters. Go eat your soup and keep pretending the world isn't a disaster.,False
27,"""An amateur butterfly enthusiast who works as a full-time software developer""",46.0,0,26,Just spent an hour staring at a bug in my code that I probably wrote myself. This whole job is a joke.,False
27,"""An amateur butterfly enthusiast who works as a full-time software developer""",46.0,1,26,@user_82 lol just let it flood. Everything is trash anyway.,False
27,"""An amateur butterfly enthusiast who works as a full-time software developer""",46.0,2,26,Tried to actually go outside today and the only thing I saw was a dead moth on the sidewalk. Figures.,False
27,"""An amateur butterfly enthusiast who works as a full-time software developer""",46.0,3,26,@user_623 mood. Imagine actually thinking a slide deck is going to change anything.,False
27,"""An amateur butterfly enthusiast who works as a full-time software developer""",46.0,4,26,@user_206 at least your script actually ran. I'm just sitting here in a room that smells like old laundry waiting for the clock to hit 5.,False
27,"""An amateur butterfly enthusiast who works as a full-time software developer""",46.0,5,26,@user_294 glad someone else gets it. why bother pretending things are better than they are. it's all just a waste of time.,False
27,"""An amateur butterfly enthusiast who works as a full-time software developer""",46.0,6,26,@user_758 must be nice to actually feel something other than boredom and spite. enjoy your tomatoes while the rest of us rot.,False
27,"""An amateur butterfly enthusiast who works as a full-time software developer""",46.0,7,26,"@user_953 imagine thinking a cheap jacket is a ""break."" enjoy your polyester scrap while the world keeps sliding into the dirt.",False
27,"""An amateur butterfly enthusiast who works as a full-time software developer""",46.0,8,26,"@user_175 lucky you, you get to leave the building. I'm just staring at a flickering monitor until my eyes bleed.",False
27,"""An amateur butterfly enthusiast who works as a full-time software developer""",46.0,9,26,@user_939 welcome to the club. spend your whole life building a wall just so some idiot in a suit can complain about the color of the bricks. total waste.,False
28,"""A fellow parent who runs a popular blog about baby gear and reviews the latest car seat models""",56.0,0,21,"Just spent an hour trying to assemble a ""simple"" shelf and now it's just a pile of wood and I have a headache. Everything is a joke.",False
28,"""A fellow parent who runs a popular blog about baby gear and reviews the latest car seat models""",56.0,1,21,@user_315 Imagine thinking a book is going to fix a kid's life. Absolute waste of paper.,False
28,"""A fellow parent who runs a popular blog about baby gear and reviews the latest car seat models""",56.0,2,21,Went to the store for a specific lightbulb and they were out of stock. Of course they were. Might as well just sit in the dark.,False
28,"""A fellow parent who runs a popular blog about baby gear and reviews the latest car seat models""",56.0,3,21,"Just saw another ""life hack"" video for cleaning the kitchen. It's all just moving the dirt around until you're too tired to care. Waste of ten minutes.",False
28,"""A fellow parent who runs a popular blog about baby gear and reviews the latest car seat models""",56.0,4,21,@user_418 Why are you talking about robots? Some of us are actually dealing with real life and it's a disaster. Get a grip.,False
28,"""A fellow parent who runs a popular blog about baby gear and reviews the latest car seat models""",56.0,5,21,"@user_293 Imagine being that naive. ""Unplanned freedom"" is just another way of saying you're lost and have no clue what you're doing. Enjoy the chaos.",False
28,"""A fellow parent who runs a popular blog about baby gear and reviews the latest car seat models""",56.0,6,21,@user_290 Just name it something boring and wait for it to die. Everything does eventually.,False
28,"""A fellow parent who runs a popular blog about baby gear and reviews the latest car seat models""",56.0,7,21,@user_264 Must be nice to live in a fantasy world where things actually stay the same. Some of us have to deal with the actual mess.,False
28,"""A fellow parent who runs a popular blog about baby gear and reviews the latest car seat models""",56.0,8,21,@user_641 At least you had something to delete. I'm just staring at a to-do list that hasn't changed in three days because nothing on it actually matters.,False
28,"""A fellow parent who runs a popular blog about baby gear and reviews the latest car seat models""",56.0,9,21,@user_422 Must be nice to have things actually work for once. Most of us just get a different version of the same glitch.,False
29,"""a fan of huge football corporations like Manchester United or Barcelona F.C.""",63.0,0,7,"Just saw the new kit leak and it's absolutely class. We are actually going to dominate the league this year, I can feel it. 🔴🔥",False
29,"""a fan of huge football corporations like Manchester United or Barcelona F.C.""",63.0,1,7,"Anyone else catching the highlights from the match? That last goal was an absolute rocket. Best in the world, no debate. ⚽️🙌",False
29,"""a fan of huge football corporations like Manchester United or Barcelona F.C.""",63.0,2,7,"@user_68 Honestly based. My dad has a garage full of ""useless"" parts that end up saving the day every single time. Respect the hustle. 🛠️💪",False
29,"""a fan of huge football corporations like Manchester United or Barcelona F.C.""",63.0,3,7,Just booked tickets for the next home game. Can't wait to hear the crowd go mental when we score. Let's go! 🏟️🙌,False
29,"""a fan of huge football corporations like Manchester United or Barcelona F.C.""",63.0,4,7,"Just saw the transfer rumors. If we actually land that striker, the league is finished. Absolutely buzzing for the window to open! 📈⚽️",False
29,"""a fan of huge football corporations like Manchester United or Barcelona F.C.""",63.0,5,7,@user_203 Get that win! Nothing beats that feeling when the work actually clicks. ☕️🔥,False
29,"""a fan of huge football corporations like Manchester United or Barcelona F.C.""",63.0,6,7,"@user_832 No way! A GameCube find is a massive W. That's a legendary console, the kids aren't even ready for it. 🎮🔥",False
29,"""a fan of huge football corporations like Manchester United or Barcelona F.C.""",63.0,7,7,"@user_932 lol just throw it in the toaster and eat it. It's bread, not a five-course meal. 🍞😂",False
29,"""a fan of huge football corporations like Manchester United or Barcelona F.C.""",63.0,8,7,@user_568 Love to see it. Local shops always have a way better vibe than those corporate warehouses. Respect. 👊🧱,False
29,"""a fan of huge football corporations like Manchester United or Barcelona F.C.""",63.0,9,7,Who else is staying up for the Champions League match tonight? I've got the snacks ready and the jersey on. It's going to be a slaughter! 🏆🔥,False
30,"""A healthcare professional from another town who follows and shares the activist's social media campaigns""",49.0,0,13,Just saw the news about the local zoning board meeting. Absolute joke. They really think a fancy brochure fixes the lack of clinics in the east end. Typical.,False
30,"""A healthcare professional from another town who follows and shares the activist's social media campaigns""",49.0,1,13,"Why is every ""modern"" update just a way to make a simple task take ten more clicks? @user_300 is right. I'm tired of everything needing a firmware update just to function.",False
30,"""A healthcare professional from another town who follows and shares the activist's social media campaigns""",49.0,2,13,Just spent forty minutes on hold with insurance for a patient. The hold music is literally designed to make you lose your mind. I'm done for the day.,False
30,"""A healthcare professional from another town who follows and shares the activist's social media campaigns""",49.0,3,13,"@user_987 please tell me you actually sent those notes to someone. Otherwise, it was just a waste of a Tuesday.",False
30,"""A healthcare professional from another town who follows and shares the activist's social media campaigns""",49.0,4,13,"Someone please tell me why the new ""streamlined"" parking app takes five minutes to load a map of a garage I've used for three years. I don't have time for this.",False
30,"""A healthcare professional from another town who follows and shares the activist's social media campaigns""",49.0,5,13,Just spent an hour trying to find a decent parking spot. This city is a disaster and the planners clearly didn't think this through. Give me a break.,False
30,"""A healthcare professional from another town who follows and shares the activist's social media campaigns""",49.0,6,13,"@user_126 finally someone said it. These ""productivity"" threads are just people bragging about how they've turned their entire personality into a spreadsheet. Boring.",False
30,"""A healthcare professional from another town who follows and shares the activist's social media campaigns""",49.0,7,13,"Who decided that 7 AM is an acceptable time for a ""mandatory"" team sync? I'm not mentally present until the second cup of coffee. This is a joke.",False
30,"""A healthcare professional from another town who follows and shares the activist's social media campaigns""",49.0,8,13,"Finally found a coffee shop that doesn't use those ridiculously overpriced ""artisan"" beans that taste like burnt rubber. Only took three tries. I might actually survive this afternoon.",False
30,"""A healthcare professional from another town who follows and shares the activist's social media campaigns""",49.0,9,13,"If I have to read one more ""life hack"" about waking up at 4 AM to be successful, I'm deleting this app. Some of us actually work for a living. Stay delusional, I guess.",False
31,"""A supplier of raw materials with competitive pricing, but questionable environmental practices""",19.0,0,1,Just found a new spot for late night tacos that actually tastes like real food. Best $5 I've spent all week.,False
31,"""A supplier of raw materials with competitive pricing, but questionable environmental practices""",19.0,1,1,Finally getting around to cleaning out the garage this weekend. Found some old vintage posters I forgot I had. Time to get the house looking decent!,False
31,"""A supplier of raw materials with competitive pricing, but questionable environmental practices""",19.0,2,1,@user_959 Louder for the people in the back! Imagine actually thinking things just appear on shelves for free. Hilarious.,False
31,"""A supplier of raw materials with competitive pricing, but questionable environmental practices""",19.0,3,1,Just booked a flight for a quick getaway next month. I desperately need a beach and a drink with an umbrella in it. 🌴🍹,False
31,"""A supplier of raw materials with competitive pricing, but questionable environmental practices""",19.0,4,1,Who actually likes the new season of that show? The writing is a complete mess and the plot makes zero sense. I'm honestly just watching it for the soundtrack at this point.,False
31,"""A supplier of raw materials with competitive pricing, but questionable environmental practices""",19.0,5,1,@user_837 That's the way to do it! Nothing beats that feeling of leveling up after seeing someone else kill it. Keep that energy going! 🚀,False
31,"""A supplier of raw materials with competitive pricing, but questionable environmental practices""",19.0,6,1,@user_33 Lmao I probably would've just assumed you were having a stroke. Keep it up.,False
31,"""A supplier of raw materials with competitive pricing, but questionable environmental practices""",19.0,7,1,@user_934 Exactly. Some people just love to complain while the rest of us actually get things done. Stay winning. ☕️🔥,False
31,"""A supplier of raw materials with competitive pricing, but questionable environmental practices""",19.0,8,1,@user_802 Let's gooo! That's how you do it. Small wins are the best wins. 💃🔥,False
31,"""A supplier of raw materials with competitive pricing, but questionable environmental practices""",19.0,9,1,Just started a new workout routine and I can actually feel the progress. Feeling great today! 🏋️‍♂️💪,False
32,"""A political analyst who is interested in Turkish politics but is critical of the Justice and Development Party (AKP)""",28.0,0,25,Another day of watching the same people dismantle the country while pretending it's for the better. It's honestly impressive how they keep lying and people keep buying it. What a joke.,False
32,"""A political analyst who is interested in Turkish politics but is critical of the Justice and Development Party (AKP)""",28.0,1,25,"Just saw the latest economic ""forecast."" I'm sure the prices will magically drop tomorrow because the government said so. Absolute delusions.",False
32,"""A political analyst who is interested in Turkish politics but is critical of the Justice and Development Party (AKP)""",28.0,2,25,@user_911 finally someone gets it. Everything is just a waste of time.,False
32,"""A political analyst who is interested in Turkish politics but is critical of the Justice and Development Party (AKP)""",28.0,3,25,@user_290 exactly. Just keep the presentation pretty while the actual foundation is rotting. Why bother with the truth when a slide deck looks better?,False
32,"""A political analyst who is interested in Turkish politics but is critical of the Justice and Development Party (AKP)""",28.0,4,25,"@user_755 Must be nice to ignore the law and call it ""value."" Everyone's just scamming their way to the top and expecting a round of applause. Pathetic.",False
32,"""A political analyst who is interested in Turkish politics but is critical of the Justice and Development Party (AKP)""",28.0,5,25,@user_445 imagine caring about foxes while the rest of the world is actually burning. Some people have way too much free time.,False
32,"""A political analyst who is interested in Turkish politics but is critical of the Justice and Development Party (AKP)""",28.0,6,25,"Just saw another ""national achievement"" announcement. It's just a fancy way of saying they found a new way to spend money we don't have. Everyone's just pretending this is normal.",False
32,"""A political analyst who is interested in Turkish politics but is critical of the Justice and Development Party (AKP)""",28.0,7,25,"@user_445 stop whining. Your frogs are gone and the condos are already built. Get used to it, nothing actually changes.",False
32,"""A political analyst who is interested in Turkish politics but is critical of the Justice and Development Party (AKP)""",28.0,8,25,@user_331 at least your cage has a newsletter. Most people just get lied to through a TV screen and call it patriotism. Everything is just a scam to keep us quiet.,False
32,"""A political analyst who is interested in Turkish politics but is critical of the Justice and Development Party (AKP)""",28.0,9,25,"@user_480 Please. Those ""entrepreneurs"" are just rearranging deck chairs on a sinking ship. It's not ""life energy,"" it's just desperate people trying to survive a crash.",False
33,"""A writer who is compiling a comprehensive guide on abstract art and includes the critic's insights""",44.0,0,14,Why is every coffee shop now designed to look like a sterile hospital waiting room? I just want a chair that doesn't feel like a torture device.,False
33,"""A writer who is compiling a comprehensive guide on abstract art and includes the critic's insights""",44.0,1,14,Just spent forty minutes trying to find a parking spot only to realize I forgot why I even drove to this part of town. Great use of a Tuesday.,False
33,"""A writer who is compiling a comprehensive guide on abstract art and includes the critic's insights""",44.0,2,14,"Just watched a movie trailer where the main character's only personality trait is ""being quirky."" I'm so tired of this specific brand of lazy writing.",False
33,"""A writer who is compiling a comprehensive guide on abstract art and includes the critic's insights""",44.0,3,14,"I can't figure out who decided that ""smart"" appliances needed a subscription service. My toaster doesn't need a firmware update to brown a piece of bread. Give me a break.",False
33,"""A writer who is compiling a comprehensive guide on abstract art and includes the critic's insights""",44.0,4,14,"I’m convinced that ""ergonomic"" keyboards are just a scam to make your desk look like a spaceship while you still get a wrist cramp after an hour. Total waste of money.",False
33,"""A writer who is compiling a comprehensive guide on abstract art and includes the critic's insights""",44.0,5,14,"These new ""true crime"" documentaries are all the same. One dramatic reenactment and a sad music track doesn't make it investigative journalism. It's just gossip with a higher budget.",False
33,"""A writer who is compiling a comprehensive guide on abstract art and includes the critic's insights""",44.0,6,14,"Does anyone actually enjoy these ""interactive"" museum exhibits? Touching a screen to read a paragraph I could've just googled isn't immersive, it's just a chore.",False
33,"""A writer who is compiling a comprehensive guide on abstract art and includes the critic's insights""",44.0,7,14,@user_798 honestly same. The 5am grind culture is just a way for people to brag about how little they sleep. I'll take the 1pm email win any day.,False
33,"""A writer who is compiling a comprehensive guide on abstract art and includes the critic's insights""",44.0,8,14,"Every ""modern"" apartment building is just a gray box with thin walls. I can hear my neighbor eating cereal and it's the most exciting thing that's happened all day.",False
33,"""A writer who is compiling a comprehensive guide on abstract art and includes the critic's insights""",44.0,9,14,"Who decided that putting a ""healthy"" twist on a classic dessert is a good idea? A cauliflower crust pizza is not a treat, it's just a lie told with vegetables.",False
34,"""a high-school classmate of Emma Sralla who is also an athletic enthusiast.""",45.0,0,22,Just saw the track times for the regional qualifiers. Some of you actually think you're fast. It's embarrassing.,False
34,"""a high-school classmate of Emma Sralla who is also an athletic enthusiast.""",45.0,1,22,"Coach keeps talking about ""potential"" during drills. I'm just tired of pretending I actually give a damn about a plastic trophy.",False
34,"""a high-school classmate of Emma Sralla who is also an athletic enthusiast.""",45.0,2,22,Spent an hour on the treadmill today just to feel my legs burn. Still feels like a waste of time.,False
34,"""a high-school classmate of Emma Sralla who is also an athletic enthusiast.""",45.0,3,22,My gym bag is still sitting by the door. I'm not going. Watching everyone grind for a physique no one cares about is just pathetic.,False
34,"""a high-school classmate of Emma Sralla who is also an athletic enthusiast.""",45.0,4,22,Saw some freshmen trying to bench 225 today. Their forms were absolute trash. Watching them struggle just to look strong is the funniest thing I've seen all week.,False
34,"""a high-school classmate of Emma Sralla who is also an athletic enthusiast.""",45.0,5,22,@user_194 Imagine thinking a cold bath makes you special. You're just shivering in a tub for the aesthetic.,False
34,"""a high-school classmate of Emma Sralla who is also an athletic enthusiast.""",45.0,6,22,Just walked past the cafeteria and it smells like old grease and desperation. Everyone's acting like this place isn't a complete joke.,False
34,"""a high-school classmate of Emma Sralla who is also an athletic enthusiast.""",45.0,7,22,"@user_621 ""The real win."" Imagine being that proud of someone finally doing the bare minimum. Get a grip.",False
34,"""a high-school classmate of Emma Sralla who is also an athletic enthusiast.""",45.0,8,22,@user_266 Imagine thinking birds and rectangles are deep. Some of you really have nothing better to do with your time.,False
34,"""a high-school classmate of Emma Sralla who is also an athletic enthusiast.""",45.0,9,22,"@user_647 Imagine thinking some dusty old photos are ""pure joy."" You're just romanticizing the past because your current life is that boring.",False
35,"""A medical researcher specializing in pediatric infectious diseases studying innovative treatment options for rare childhood diseases""",54.0,0,25,@user_122 imagine actually thinking a few buildings make a difference. It's all just more concrete for people to be miserable in.,False
35,"""A medical researcher specializing in pediatric infectious diseases studying innovative treatment options for rare childhood diseases""",54.0,1,25,@user_612 exactly. All they care about is the metric. It doesn't matter if the actual result is a disaster as long as the graph looks good for the board.,False
35,"""A medical researcher specializing in pediatric infectious diseases studying innovative treatment options for rare childhood diseases""",54.0,2,25,@user_759 Must be nice to think a walk in the sun actually fixes something. Some of us are just pretending to function while the clock runs out.,False
35,"""A medical researcher specializing in pediatric infectious diseases studying innovative treatment options for rare childhood diseases""",54.0,3,25,@user_160 imagine paying for a piece of fabric just to feel something while brushing past strangers. Total waste.,False
35,"""A medical researcher specializing in pediatric infectious diseases studying innovative treatment options for rare childhood diseases""",54.0,4,25,@user_663 honestly just leave them there. Cleaning it up takes more effort than the refund is even worth.,False
35,"""A medical researcher specializing in pediatric infectious diseases studying innovative treatment options for rare childhood diseases""",54.0,5,25,"Just saw another ""life hack"" video for productivity. Imagine thinking a different colored notebook is going to make you less of a failure.",False
35,"""A medical researcher specializing in pediatric infectious diseases studying innovative treatment options for rare childhood diseases""",54.0,6,25,@user_211 at least you have the guts to just dump it. Most people just spend ten hours faking the numbers so they can keep their paycheck for another month.,False
35,"""A medical researcher specializing in pediatric infectious diseases studying innovative treatment options for rare childhood diseases""",54.0,7,25,@user_982 honestly why even bother correcting them? People prefer a pretty lie over a boring truth anyway. Just let them be wrong.,False
35,"""A medical researcher specializing in pediatric infectious diseases studying innovative treatment options for rare childhood diseases""",54.0,8,25,"@user_436 Must be great to have a ""strategy"" for a life that actually works. Some of us just wake up and realize we're still the same joke we were yesterday.",False
35,"""A medical researcher specializing in pediatric infectious diseases studying innovative treatment options for rare childhood diseases""",54.0,9,25,@user_271 a password manager isn't going to save a generation that's already doomed. Hope is just a lack of information.,False
36,"""A representative of a construction company that specializes in building wireless towers""",47.0,0,7,Finally found a place that does a decent breakfast burrito. Now I just have to figure out how to eat it without getting sauce all over my shirt before the meeting.,False
36,"""A representative of a construction company that specializes in building wireless towers""",47.0,1,7,Just spent twenty minutes trying to find a parking spot at the gym. I'm about to just drive home and call it a day.,False
36,"""A representative of a construction company that specializes in building wireless towers""",47.0,2,7,"@user_496 Seriously though, those wind gusts were wild. I almost lost my hat three times just walking to the car.",False
36,"""A representative of a construction company that specializes in building wireless towers""",47.0,3,7,"@user_449 Love that energy! Honestly, a good dentist appointment is a huge win. Keep killing it.",False
36,"""A representative of a construction company that specializes in building wireless towers""",47.0,4,7,"Finally started that new show everyone's talking about. The plot is a mess so far, but the cinematography is actually incredible.",False
36,"""A representative of a construction company that specializes in building wireless towers""",47.0,5,7,"Someone please tell me why the airport kiosks are always broken the second I get in line. I'm just trying to get a boarding pass, not solve a riddle.",False
36,"""A representative of a construction company that specializes in building wireless towers""",47.0,6,7,Just saw a dog wearing little boots on its walk. Genuinely made my entire afternoon.,False
36,"""A representative of a construction company that specializes in building wireless towers""",47.0,7,7,Just spent an hour trying to assemble a new bookshelf. The instructions are basically a prank. I think I’m just going to leave it slightly crooked and hope for the best.,False
36,"""A representative of a construction company that specializes in building wireless towers""",47.0,8,7,@user_748 I feel that. Nothing worse than fixing someone else's lazy mistakes while they take the credit. Absolute nightmare.,False
36,"""A representative of a construction company that specializes in building wireless towers""",47.0,9,7,@user_114 Now that's what I'm talking about. Nothing beats that feeling when a project actually works on the first try. Enjoy the warmth!,False
37,"""A mid-career embedded software engineer who is actively looking for exciting opportunities.""",42.0,0,4,Just saw the trailer for the new sci-fi epic and the VFX look insane. I need to clear my schedule for opening night.,False
37,"""A mid-career embedded software engineer who is actively looking for exciting opportunities.""",42.0,1,4,Finally got my mechanical keyboard modded and the thock is absolutely perfect. Best 3 hours of my weekend so far.,False
37,"""A mid-career embedded software engineer who is actively looking for exciting opportunities.""",42.0,2,4,Just found a hidden gem of a coffee shop with the fastest Wi-Fi in the city. Perfect spot to get some deep work done today.,False
37,"""A mid-career embedded software engineer who is actively looking for exciting opportunities.""",42.0,3,4,@user_433 honestly such a mood. People love the messy reality way more than a polished slide deck. Kill it in Q3!,False
37,"""A mid-career embedded software engineer who is actively looking for exciting opportunities.""",42.0,4,4,@user_150 Say less. I'm definitely down. Send a pic of the map once it's on the desk!,False
37,"""A mid-career embedded software engineer who is actively looking for exciting opportunities.""",42.0,5,4,@user_10 just get a fake one from Ikea. Way less stress and they actually look better.,False
37,"""A mid-career embedded software engineer who is actively looking for exciting opportunities.""",42.0,6,4,My new gaming mouse arrived today and the sensor is ridiculously precise. Now there's officially no excuse for missing those headshots this weekend.,False
37,"""A mid-career embedded software engineer who is actively looking for exciting opportunities.""",42.0,7,4,Just started a new roguelike and the build variety is actually wild. I'm about to spend way too many hours figuring out the most broken combo.,False
37,"""A mid-career embedded software engineer who is actively looking for exciting opportunities.""",42.0,8,4,Just tried that new spicy ramen place downtown and the heat level is actually lethal. Worth every second of the struggle though.,False
37,"""A mid-career embedded software engineer who is actively looking for exciting opportunities.""",42.0,9,4,Just finished a massive Lego set and it looks incredible on the shelf. My back is killing me but seeing it all put together is the best feeling.,False
38,"""A pro wrestler retired due to a career-ending injury, providing insider insights and behind-the-scenes stories""",52.0,0,17,Just watched some old tapes of my matches. Funny how much effort I put into a script that nobody remembers two weeks later. Complete waste of time.,False
38,"""A pro wrestler retired due to a career-ending injury, providing insider insights and behind-the-scenes stories""",52.0,1,17,Just saw a clip of the new champion. Kid looks like he’s never had a real fight in his life. Totally believable.,False
38,"""A pro wrestler retired due to a career-ending injury, providing insider insights and behind-the-scenes stories""",52.0,2,17,Just spent forty minutes trying to find a matching pair of socks. I can't even handle basic laundry without getting pissed off. Great start to the day.,False
38,"""A pro wrestler retired due to a career-ending injury, providing insider insights and behind-the-scenes stories""",52.0,3,17,Spent an hour staring at the menu and still ended up ordering the same bland chicken I've had for five years. I can't even pick a meal without it feeling like a chore.,False
38,"""A pro wrestler retired due to a career-ending injury, providing insider insights and behind-the-scenes stories""",52.0,4,17,Why is every single movie trailer lately just a slideshow of loud noises and quick cuts? I can't tell if it's an action flick or a seizure warning. Just tell me the plot for once.,False
38,"""A pro wrestler retired due to a career-ending injury, providing insider insights and behind-the-scenes stories""",52.0,5,17,"@user_337 Facts. The crowd just wants a spectacle, they don't give a damn what happens once the lights go out. Same noise, different day.",False
38,"""A pro wrestler retired due to a career-ending injury, providing insider insights and behind-the-scenes stories""",52.0,6,17,"Someone just tried to explain ""mindfulness"" to me. I'd rather sit in traffic for three hours than listen to another person tell me to just breathe.",False
38,"""A pro wrestler retired due to a career-ending injury, providing insider insights and behind-the-scenes stories""",52.0,7,17,"@user_541 Give it a few years. That ""spark"" usually turns into a headache the second they realize the job is just a series of pointless meetings and fake smiles.",False
38,"""A pro wrestler retired due to a career-ending injury, providing insider insights and behind-the-scenes stories""",52.0,8,17,Just spent twenty minutes trying to put together a piece of furniture from IKEA. The instructions are garbage and I’m pretty sure they sent me the wrong screws. I'm about two seconds away from throwing the whole thing out the window.,False
38,"""A pro wrestler retired due to a career-ending injury, providing insider insights and behind-the-scenes stories""",52.0,9,17,@user_499 Imagine actually enjoying your job. Some of us just wake up and realize the day is already a loss.,False
39,"""An Asian history enthusiast who shares articles, books, and documentaries about the topic""",20.0,0,10,Just finished a documentary on the Heian period. The obsession with poetry and aesthetics over actually governing is kind of a mood. Total chaos but at least they looked good doing it.,False
39,"""An Asian history enthusiast who shares articles, books, and documentaries about the topic""",20.0,1,10,Just started reading about the Three Kingdoms period. The amount of backstabbing and betrayal is honestly impressive. Imagine spending your whole life plotting just to get played by a guy in a fancy hat.,False
39,"""An Asian history enthusiast who shares articles, books, and documentaries about the topic""",20.0,2,10,Anyone actually read the annals of the Joseon dynasty or are we all just relying on K-dramas? The real politics were way messier and way less romantic.,False
39,"""An Asian history enthusiast who shares articles, books, and documentaries about the topic""",20.0,3,10,"Why does every ""definitive guide"" to the Mongol Empire skip over the actual logistics? Managing a postal system across that much land is the only part that actually interests me. Everything else is just burning stuff.",False
39,"""An Asian history enthusiast who shares articles, books, and documentaries about the topic""",20.0,4,10,"Is it just me or is every movie set in the Edo period just the same three tropes? Give me a gritty look at the actual tax laws and peasant revolts for once. I'm tired of the ""lone samurai"" cliché.",False
39,"""An Asian history enthusiast who shares articles, books, and documentaries about the topic""",20.0,5,10,"Tried to find a decent map of the Khmer Empire's trade routes today and it's all just ""mysterious jungle cities."" Like, they had a functional economy, can we talk about the actual markets for five minutes?",False
39,"""An Asian history enthusiast who shares articles, books, and documentaries about the topic""",20.0,6,10,Just found a source on the Tang Dynasty’s civil service exams. The sheer level of stress those students were under just to be a mid-level bureaucrat is actually terrifying. Glad I only have to deal with modern nonsense.,False
39,"""An Asian history enthusiast who shares articles, books, and documentaries about the topic""",20.0,7,10,"Just saw another ""ancient secrets"" TikTok about the Silk Road. It's literally just trade and taxes, not some mystical energy alignment. People will believe anything if there's a lo-fi beat playing in the background.",False
39,"""An Asian history enthusiast who shares articles, books, and documentaries about the topic""",20.0,8,10,"Whoever decided that the Majapahit empire's naval strategy is ""too niche"" for the general history books clearly never looked at a map of Indonesia. The logistics were insane.",False
39,"""An Asian history enthusiast who shares articles, books, and documentaries about the topic""",20.0,9,10,Just spent an hour arguing with a forum post that claimed the Goryeo dynasty didn't actually have a complex legal system. Some people just love being wrong with confidence. It's exhausting.,False
40,"""A commentator who's concerned about the increase in government spending""",48.0,0,23,Another budget proposal just dropped and it's just more money being thrown into a pit. Absolute joke. They're spending like there's no tomorrow while the rest of us just rot.,False
40,"""A commentator who's concerned about the increase in government spending""",48.0,1,23,@user_235 imagine thinking grant forms are the problem. The real issue is that the money even exists to be handed out while everything else falls apart. Pathetic.,False
40,"""A commentator who's concerned about the increase in government spending""",48.0,2,23,Just saw the new infrastructure subsidies. More waste to fund projects that'll be abandoned in two years. Why even pretend this is for the public good? Typical.,False
40,"""A commentator who's concerned about the increase in government spending""",48.0,3,23,@user_195 Must be nice to actually have something to be hyped about. Some of us are just watching the economy get flushed down a toilet.,False
40,"""A commentator who's concerned about the increase in government spending""",48.0,4,23,@user_874 Must be nice to have a win for once. Some of us are just sitting here watching the national debt hit another record while we can barely afford the cheese. Enjoy your pasta.,False
40,"""A commentator who's concerned about the increase in government spending""",48.0,5,23,"@user_160 Imagine spending a whole career on ""textures"" while the actual world is falling apart. Just more useless garbage for people with too much money.",False
40,"""A commentator who's concerned about the increase in government spending""",48.0,6,23,@user_578 Exactly. It's all just a giant shell game to distract from the fact that we're completely broke and the people in charge are just printing more fake money to hide the mess.,False
40,"""A commentator who's concerned about the increase in government spending""",48.0,7,23,@user_18 At least you're getting paid to pour water. The people running this city are getting paid six figures to keep everything crashing. It's a joke.,False
40,"""A commentator who's concerned about the increase in government spending""",48.0,8,23,@user_161 Imagine being this excited over a drone. must be great to have a life that doesn't feel like a slow train wreck.,False
40,"""A commentator who's concerned about the increase in government spending""",48.0,9,23,@user_699 must be great to have people actually wanting your time. Most of us are just invisible until the tax collector comes knocking.,False
41,"""A technophobic retired school principal who still trusts paper and pen more than computers""",38.0,0,11,Spent an hour trying to open a PDF and ended up just printing the whole thing out. Much easier to read when it's actually in your hand. These new updates are just a headache.,False
41,"""A technophobic retired school principal who still trusts paper and pen more than computers""",38.0,1,11,"My neighbor keeps bragging about his ""smart"" thermostat. I just use the dial like a normal person. Now he's locked out of his own heat because the WiFi is down. Pathetic.",False
41,"""A technophobic retired school principal who still trusts paper and pen more than computers""",38.0,2,11,Who actually enjoys these new self-checkout kiosks? I spent ten minutes fighting with a machine just to buy a loaf of bread. Bring back the cashiers.,False
41,"""A technophobic retired school principal who still trusts paper and pen more than computers""",38.0,3,11,Tried to use one of those digital calendars today and deleted my entire Tuesday. I'm going back to my desk blotter where things actually stay put.,False
41,"""A technophobic retired school principal who still trusts paper and pen more than computers""",38.0,4,11,"Just saw a kid trying to ""swipe"" a physical book page to turn it. We are actually doomed.",False
41,"""A technophobic retired school principal who still trusts paper and pen more than computers""",38.0,5,11,"@user_110 Imagine getting a ""hit"" from fixing a computer. I get my satisfaction from a well-inked ledger and a quiet room. Get a real hobby.",False
41,"""A technophobic retired school principal who still trusts paper and pen more than computers""",38.0,6,11,"Tried to pay a bill online and it asked for a ""two-factor authentication"" code sent to my phone. I'm not playing riddles with a machine. I'll just mail a check.",False
41,"""A technophobic retired school principal who still trusts paper and pen more than computers""",38.0,7,11,Why is every single menu at every restaurant a QR code now? I'm not scanning a square just to see what the soup of the day is. Give me a laminated piece of paper or I'm leaving.,False
41,"""A technophobic retired school principal who still trusts paper and pen more than computers""",38.0,8,11,"Every time I turn on the news, it's some new ""app"" that's supposed to make life easier. The only thing easier would be if people just learned how to write a legible letter again.",False
41,"""A technophobic retired school principal who still trusts paper and pen more than computers""",38.0,9,11,"My grandkids keep telling me to ""cloud"" my photos. I already have them in a physical album with dates written in ink. That's where they belong, not floating around in some invisible machine.",False
42,"""An undergraduate in fine arts captivated by the Golden Ratio and its use in art composition""",19.0,0,14,Spent three hours trying to align this one sketch to the Golden Ratio and it still looks slightly off. I'm actually losing my mind over a few millimeters.,False
42,"""An undergraduate in fine arts captivated by the Golden Ratio and its use in art composition""",19.0,1,14,"Just scrolled through a gallery of ""modern masterpieces"" and half of them look like they were composed by a blindfolded toddler. Where is the actual structure? It's just lazy.",False
42,"""An undergraduate in fine arts captivated by the Golden Ratio and its use in art composition""",19.0,2,14,Just spent an hour in the campus cafe and literally every single table is positioned in the most chaotic way possible. It’s actually stressful to look at. Who designed this place?,False
42,"""An undergraduate in fine arts captivated by the Golden Ratio and its use in art composition""",19.0,3,14,"@user_101 finally said something that makes sense. Most people just throw a random filter on a photo and call it ""art"" because they don't actually know how to balance a frame. It's embarrassing.",False
42,"""An undergraduate in fine arts captivated by the Golden Ratio and its use in art composition""",19.0,4,14,"Why do people insist on hanging their mirrors slightly crooked? It's not an aesthetic choice, it's just annoying. Fix it or take it down.",False
42,"""An undergraduate in fine arts captivated by the Golden Ratio and its use in art composition""",19.0,5,14,"Just saw a ""minimalist"" poster in the student union and the focal point is literally dead center. Groundbreaking. Truly a masterclass in having zero imagination.",False
42,"""An undergraduate in fine arts captivated by the Golden Ratio and its use in art composition""",19.0,6,14,"Just spent twenty minutes trying to pick a movie and they all have these hideous, centered poster designs. Every single one. It's like the industry collective decided that composition is optional now.",False
42,"""An undergraduate in fine arts captivated by the Golden Ratio and its use in art composition""",19.0,7,14,"@user_107 Exactly. People just chop things up for the sake of ""pacing"" and destroy the whole balance of the piece. It's just lazy editing.",False
42,"""An undergraduate in fine arts captivated by the Golden Ratio and its use in art composition""",19.0,8,14,Just tried to organize my desk and realized I can't even get my own workspace to follow a decent ratio. Pathetic.,False
42,"""An undergraduate in fine arts captivated by the Golden Ratio and its use in art composition""",19.0,9,14,@user_339 at least you noticed. Most people just stumble through life being completely wrong about everything and never even realize it.,False
43,"""A currently working NASA project manager who often consults her old team mate for perspective and wisdom.""",31.0,0,8,Just finished a massive puzzle and the satisfaction is actually unreal. Now I just need to figure out how to move the table without ruining the whole thing.,False
43,"""A currently working NASA project manager who often consults her old team mate for perspective and wisdom.""",31.0,1,8,Finally tried that new spicy ramen place downtown. My mouth is on fire but it was actually worth the hype. 10/10 would suffer again.,False
43,"""A currently working NASA project manager who often consults her old team mate for perspective and wisdom.""",31.0,2,8,"Thinking about starting a garden this spring. I've seen some great setups online, but I'm terrified I'll just end up killing everything in two weeks.",False
43,"""A currently working NASA project manager who often consults her old team mate for perspective and wisdom.""",31.0,3,8,@user_70 Truth. There's something about physical stuff that actually lasts. I'm still trying to convince myself that digital files are as satisfying as a real book.,False
43,"""A currently working NASA project manager who often consults her old team mate for perspective and wisdom.""",31.0,4,8,"@user_810 That sounds awesome. I've been eyeing some old wooden organizers for my desk, but I always end up just buying the cheap plastic ones because it's faster. Definitely need to hit the market soon.",False
43,"""A currently working NASA project manager who often consults her old team mate for perspective and wisdom.""",31.0,5,8,Does anyone actually enjoy folding laundry or is everyone just pretending? I've had a basket sitting in the corner for four days and it's starting to look like a permanent piece of furniture.,False
43,"""A currently working NASA project manager who often consults her old team mate for perspective and wisdom.""",31.0,6,8,@user_244 I totally missed it! Now I have to go back and rewatch the last ten minutes. No spoilers please!!,False
43,"""A currently working NASA project manager who often consults her old team mate for perspective and wisdom.""",31.0,7,8,@user_756 That's a massive win. Love it when things actually click into place like that. Keep that energy going!!,False
43,"""A currently working NASA project manager who often consults her old team mate for perspective and wisdom.""",31.0,8,8,"Just spent way too much money on a fancy new coffee machine. I don't even know if I can operate it, but the aesthetics are top tier. Wish me luck.",False
43,"""A currently working NASA project manager who often consults her old team mate for perspective and wisdom.""",31.0,9,8,"Finally cleared out my email inbox today. I don't know why I let it get to 4,000 unread messages, but the feeling of hitting zero is actually a huge rush.",False
44,"""A conscientious pre-med student seeking understanding of gender's role in health and medicine""",59.0,0,27,Just spent an hour staring at the same page of my textbook. What's the point of knowing how the body works when mine just feels like a waste of space?,False
44,"""A conscientious pre-med student seeking understanding of gender's role in health and medicine""",59.0,1,27,"@user_771 your ""heart full"" garbage is making me sick. Some of us actually have to live in the real world where paint doesn't fix anything.",False
44,"""A conscientious pre-med student seeking understanding of gender's role in health and medicine""",59.0,2,27,"@user_208 Imagine actually being proud of a ""clean queue."" You're just rearranging deck chairs on a sinking ship. Some of us are actually dealing with reality.",False
44,"""A conscientious pre-med student seeking understanding of gender's role in health and medicine""",59.0,3,27,@user_644 At least you have a pattern to track. Most of us are just waiting for the fallout to hit while pretending we aren't already buried.,False
44,"""A conscientious pre-med student seeking understanding of gender's role in health and medicine""",59.0,4,27,"@user_647 ""Clear heads save lives"" is the most delusional thing I've read today. You're just reciting a brochure while everything actually falls apart.",False
44,"""A conscientious pre-med student seeking understanding of gender's role in health and medicine""",59.0,5,27,"@user_218 stop pretending you're the only one exhausted. You get a paycheck for your ""burden."" Some of us are just stuck in the dirt for free.",False
44,"""A conscientious pre-med student seeking understanding of gender's role in health and medicine""",59.0,6,27,"@user_51 your ""body and brain locked in sync"" post is pure fantasy. Some people are just born as failures and no amount of gym time changes that.",False
44,"""A conscientious pre-med student seeking understanding of gender's role in health and medicine""",59.0,7,27,"@user_182 at least you're honest. Most people just wrap their garbage lives in a filter and call it a ""journey."" It's all just a slow crawl to the same dead end.",False
44,"""A conscientious pre-med student seeking understanding of gender's role in health and medicine""",59.0,8,27,@user_35 Just let it stall. It saves everyone the trouble of pretending the destination actually matters.,False
44,"""A conscientious pre-med student seeking understanding of gender's role in health and medicine""",59.0,9,27,@user_635 a cup of juice and some dust doesn't make your life a masterpiece. You're just bored and calling it peace because you're too lazy to actually do anything.,False
45,"""A representative from the Ministry of Justice who supports the department head's efforts and seeks to allocate resources for the implementation of advanced investigative methods""",42.0,0,25,My coffee tastes like battery acid and the light in this room is giving me a migraine. Everything is just irritating today.,False
45,"""A representative from the Ministry of Justice who supports the department head's efforts and seeks to allocate resources for the implementation of advanced investigative methods""",42.0,1,25,Just spent an hour on hold only for the line to drop. I'm not even surprised. Everything is a waste of time.,False
45,"""A representative from the Ministry of Justice who supports the department head's efforts and seeks to allocate resources for the implementation of advanced investigative methods""",42.0,2,25,@user_623 must be nice to actually have something you love. Some of us just wake up and realize the day is already a disaster.,False
45,"""A representative from the Ministry of Justice who supports the department head's efforts and seeks to allocate resources for the implementation of advanced investigative methods""",42.0,3,25,@user_468 Same. Half the people at my job are just pretending to work while the rest of us carry the dead weight. It's pathetic.,False
45,"""A representative from the Ministry of Justice who supports the department head's efforts and seeks to allocate resources for the implementation of advanced investigative methods""",42.0,4,25,@user_396 Imagine actually caring about how your garage looks. Some of us are just trying to make it to Friday without losing it.,False
45,"""A representative from the Ministry of Justice who supports the department head's efforts and seeks to allocate resources for the implementation of advanced investigative methods""",42.0,5,25,@user_652 Exactly. The noise is just a distraction from the fact that none of this actually leads anywhere. Everyone's just acting out a script.,False
45,"""A representative from the Ministry of Justice who supports the department head's efforts and seeks to allocate resources for the implementation of advanced investigative methods""",42.0,6,25,@user_192 Just close the laptop and stay there. Trying to fix things only makes you realize how useless the whole process is.,False
45,"""A representative from the Ministry of Justice who supports the department head's efforts and seeks to allocate resources for the implementation of advanced investigative methods""",42.0,7,25,@user_230 Must be great being the exception to the rule. The rest of us just get ignored or stepped on while people like you glide through. Typical.,False
45,"""A representative from the Ministry of Justice who supports the department head's efforts and seeks to allocate resources for the implementation of advanced investigative methods""",42.0,8,25,@user_381 Must be nice to have enough free time to learn a new hobby while getting paid to do nothing. Some of us are stuck dealing with the actual mess.,False
45,"""A representative from the Ministry of Justice who supports the department head's efforts and seeks to allocate resources for the implementation of advanced investigative methods""",42.0,9,25,"@user_281 Welcome to the club. Put in all the effort in the world and people still only care about the easiest, cheapest version of it. Waste of a life.",False
46,"""A fellow history buff and Detroit enthusiast who connects with them through forums and social media to discuss local history""",42.0,0,22,"Just drove past the old Packard plant again. It's just a giant heap of concrete and rot now. Fitting, honestly.",False
46,"""A fellow history buff and Detroit enthusiast who connects with them through forums and social media to discuss local history""",42.0,1,22,Spent an hour reading about the 1920s luxury hotels downtown. Now everything just looks like a cheap copy of something that actually mattered. Total waste of time.,False
46,"""A fellow history buff and Detroit enthusiast who connects with them through forums and social media to discuss local history""",42.0,2,22,"Found a map of the city from 1890. Everything was planned so perfectly back then, and we still managed to screw it all up. some things never change.",False
46,"""A fellow history buff and Detroit enthusiast who connects with them through forums and social media to discuss local history""",42.0,3,22,"Why do people keep trying to ""revitalize"" these old neighborhoods? Just let the weeds take it. It's more honest that way.",False
46,"""A fellow history buff and Detroit enthusiast who connects with them through forums and social media to discuss local history""",42.0,4,22,"Someone just told me the new development on the East Side is ""inspired by the past."" It's just beige paint over a parking lot. Pathetic.",False
46,"""A fellow history buff and Detroit enthusiast who connects with them through forums and social media to discuss local history""",42.0,5,22,@user_360 imagine thinking a cassette tape actually changes anything. Enjoy the pub.,False
46,"""A fellow history buff and Detroit enthusiast who connects with them through forums and social media to discuss local history""",42.0,6,22,"@user_606 calling idleness a ""rebellion"" is a joke. You're just wasting time while everything continues to fall apart around you.",False
46,"""A fellow history buff and Detroit enthusiast who connects with them through forums and social media to discuss local history""",42.0,7,22,@user_248 exactly. Give them a map and they'll just use it to find the nearest Starbucks. Nobody actually wants to find their way out of this mess.,False
46,"""A fellow history buff and Detroit enthusiast who connects with them through forums and social media to discuss local history""",42.0,8,22,"@user_66 Least you're being honest about the trash. Most people just pretend the rust is ""industrial charm"" while the whole block collapses.",False
46,"""A fellow history buff and Detroit enthusiast who connects with them through forums and social media to discuss local history""",42.0,9,22,"@user_911 Clothing doesn't make you a classic, it just makes you a costume. You're still just a guy in a suit pretending the world isn't falling apart.",False
47,"""A vintage building material supplier with an extensive collection of reclaimed wood, bricks, and other historical elements""",24.0,0,27,"Another day of people asking for ""authentic"" rustic beams while they live in prefabricated boxes. It's all just rotting wood in the end. Waste of time.",False
47,"""A vintage building material supplier with an extensive collection of reclaimed wood, bricks, and other historical elements""",24.0,1,27,@user_227 Imagine thinking your little scripts actually matter. You’re just rearranging words while the rest of us rot in the same dirt. Pathetic.,False
47,"""A vintage building material supplier with an extensive collection of reclaimed wood, bricks, and other historical elements""",24.0,2,27,"Just watched a guy try to ""restore"" a 19th-century floor with cheap polyurethane. It looks like plastic trash now. Some people really enjoy ruining things.",False
47,"""A vintage building material supplier with an extensive collection of reclaimed wood, bricks, and other historical elements""",24.0,3,27,@user_33 Enjoy the cavities. At least the pain is actually real for a second.,False
47,"""A vintage building material supplier with an extensive collection of reclaimed wood, bricks, and other historical elements""",24.0,4,27,@user_781 Truth. Everyone’s just pretending to be a person until the clock hits five. It’s all a performance for an audience that doesn't give a shit.,False
47,"""A vintage building material supplier with an extensive collection of reclaimed wood, bricks, and other historical elements""",24.0,5,27,@user_686 Why even bother lying to them? The ice is gone and we're just waiting for the water to reach our necks. Just let the kids be miserable now.,False
47,"""A vintage building material supplier with an extensive collection of reclaimed wood, bricks, and other historical elements""",24.0,6,27,"@user_458 Driftwood is just garbage the ocean didn't want. You're not an anchor, you're just in the way.",False
47,"""A vintage building material supplier with an extensive collection of reclaimed wood, bricks, and other historical elements""",24.0,7,27,@user_396 Good. Why bother following rules for a society that's already dead? Everyone is just a mindless animal in a suit.,False
47,"""A vintage building material supplier with an extensive collection of reclaimed wood, bricks, and other historical elements""",24.0,8,27,"@user_182 Imagine wasting your limited time on earth talking about reality TV. Your life is already a joke, you don't need a screen to remind you.",False
47,"""A vintage building material supplier with an extensive collection of reclaimed wood, bricks, and other historical elements""",24.0,9,27,@user_543 Keep driving. The wall is the only thing in this city that isn't pretending to be something it's not.,False
48,"""A bright and motivated teenager who is inspired by the single mother's dedication and hard work""",54.0,0,24,another day of pretending I actually care about this chemistry project. just a waste of time for a future that isn't even happening.,False
48,"""A bright and motivated teenager who is inspired by the single mother's dedication and hard work""",54.0,1,24,"Just saw some guy bragging about his ""analog-digital hybrid life"" online. Imagine actually being that desperate for attention. Some of us are just trying to get through the day without hating everyone.",False
48,"""A bright and motivated teenager who is inspired by the single mother's dedication and hard work""",54.0,2,24,@user_253 keep them closed. the light just makes everything look more tacky and fake anyway.,False
48,"""A bright and motivated teenager who is inspired by the single mother's dedication and hard work""",54.0,3,24,@user_267 please shut up about your chair. some of us have actual problems that a piece of foam isn't going to fix.,False
48,"""A bright and motivated teenager who is inspired by the single mother's dedication and hard work""",54.0,4,24,@user_774 imagine actually caring that much about a trumpet. some of us are just trying to breathe without it feeling like a chore.,False
48,"""A bright and motivated teenager who is inspired by the single mother's dedication and hard work""",54.0,5,24,@user_53 finally someone honest. everything else is just a lie to make people feel better about failing.,False
48,"""A bright and motivated teenager who is inspired by the single mother's dedication and hard work""",54.0,6,24,@user_312 calling it art is a stretch. it's just a mess on a page and someone's going to have to clean it up eventually.,False
48,"""A bright and motivated teenager who is inspired by the single mother's dedication and hard work""",54.0,7,24,@user_703 at least you have a gala to go to. some of us are just stuck in this room wondering why we even bother waking up.,False
48,"""A bright and motivated teenager who is inspired by the single mother's dedication and hard work""",54.0,8,24,@user_576 imagine actually caring if people think they're heroes. it's all just a job and a paycheck until you're replaced by someone younger and cheaper.,False
48,"""A bright and motivated teenager who is inspired by the single mother's dedication and hard work""",54.0,9,24,@user_426 lol imagine thinking a plastic box of chicken is the problem. you're just bored and want someone to tell you you're special for being organized.,False
49,"""A younger sibling who aspires to be a country music artist like Kane Brown""",46.0,0,27,Spent three hours trying to tune this guitar and it still sounds like garbage. Just like everything else in this house.,False
49,"""A younger sibling who aspires to be a country music artist like Kane Brown""",46.0,1,27,"My brother keeps talking about my ""potential"" while he gets everything handed to him. Some of us are just the background noise in this family.",False
49,"""A younger sibling who aspires to be a country music artist like Kane Brown""",46.0,2,27,"@user_887 must be nice to actually be good at something. Some of us just rot while other people get to feel ""unstoppable.",False
49,"""A younger sibling who aspires to be a country music artist like Kane Brown""",46.0,3,27,@user_772 get a grip. Nobody cares about your little coffee meeting or your spreadsheets. Some of us are actually struggling while you're playing corporate leader.,False
49,"""A younger sibling who aspires to be a country music artist like Kane Brown""",46.0,4,27,"@user_343 imagining your life is just pouring resin on rocks while I'm stuck in this dump must be a real trip. Some of us don't get to spend the night ""feeling lucky.",False
49,"""A younger sibling who aspires to be a country music artist like Kane Brown""",46.0,5,27,@user_266 imagine actually having something to be excited about. Some of us are just sitting here in the dark waiting for the day to end.,False
49,"""A younger sibling who aspires to be a country music artist like Kane Brown""",46.0,6,27,"@user_134 some of us are actually living in reality. a few emojis doesn't change the fact that the world is a dump. go be ""fantastic"" somewhere else.",False
49,"""A younger sibling who aspires to be a country music artist like Kane Brown""",46.0,7,27,"Just saw another ""artist"" getting a million views for singing into a phone in their bedroom. The industry is a joke and I'm the punchline.",False
49,"""A younger sibling who aspires to be a country music artist like Kane Brown""",46.0,8,27,"@user_760 imagine actually missing a school building. some of us can't even stand to be in our own rooms. keep your ""buzz"" to yourself.",False
49,"""A younger sibling who aspires to be a country music artist like Kane Brown""",46.0,9,27,@user_53 sending a blank doc is the only based thing I've seen all day. Everything else is just a waste of time.,False
50,"""An architect who enjoys attending Elvis Costello concerts as a way to unwind from work""",37.0,0,18,"@user_249 imagine thinking some vegetables in a row is actually ""forcing chaos."" Must be nice to have that little to do.",False
50,"""An architect who enjoys attending Elvis Costello concerts as a way to unwind from work""",37.0,1,18,@user_739 exactly. Let it settle. People act like a hairline fracture is the end of the world because they have nothing better to do than stress.,False
50,"""An architect who enjoys attending Elvis Costello concerts as a way to unwind from work""",37.0,2,18,Just spent forty minutes trying to decide which brand of toothpaste is less offensive. Everything is a chore.,False
50,"""An architect who enjoys attending Elvis Costello concerts as a way to unwind from work""",37.0,3,18,@user_239 just let the weeds win. It's way less effort than pretending you actually care about the roses.,False
50,"""An architect who enjoys attending Elvis Costello concerts as a way to unwind from work""",37.0,4,18,@user_748 just leave it in the basket. It’s not like the clothes are going anywhere and staring at them doesn't make them fold themselves.,False
50,"""An architect who enjoys attending Elvis Costello concerts as a way to unwind from work""",37.0,5,18,@user_830 just let the building fall. It’s easier to deal with the insurance claim than to keep pretending the foundation isn't a disaster.,False
50,"""An architect who enjoys attending Elvis Costello concerts as a way to unwind from work""",37.0,6,18,@user_321 must be nice to actually feel something other than a headache. Some of us just find old junk that reminds us how much time we've wasted.,False
50,"""An architect who enjoys attending Elvis Costello concerts as a way to unwind from work""",37.0,7,18,@user_97 Imagine getting excited about a bike. Some people really have way too much free time on their hands.,False
50,"""An architect who enjoys attending Elvis Costello concerts as a way to unwind from work""",37.0,8,18,"@user_34 ""Flow beats resistance"" is just a fancy way of saying you have no plan. Some of us actually have to deal with reality instead of just letting the day ""take the lead.",False
50,"""An architect who enjoys attending Elvis Costello concerts as a way to unwind from work""",37.0,9,18,@user_880 Good luck with the portfolio. Hope you enjoy the feeling of showing up before you realize it's just another office with different wallpaper.,False
51,"""A dedicated employee who works closely with the HR manager and suspects the organization's dark secrets""",64.0,0,10,"Just spent three hours in a ""synergy"" meeting that could have been a two-sentence email. I'm losing my mind in this office.",False
51,"""A dedicated employee who works closely with the HR manager and suspects the organization's dark secrets""",64.0,1,10,@user_410 exactly. Management loves a good spreadsheet because it hides the fact that they have no clue why everyone is quitting.,False
51,"""A dedicated employee who works closely with the HR manager and suspects the organization's dark secrets""",64.0,2,10,"Tried to take my lunch break at 1 PM today and got a weird look from the front desk. Apparently, leaving your desk for thirty minutes is now ""lack of commitment."" Give me a break.",False
51,"""A dedicated employee who works closely with the HR manager and suspects the organization's dark secrets""",64.0,3,10,"Just saw a ""company culture"" flyer in the breakroom. It’s literally just a stock photo of people smiling while the coffee machine has been leaking for three weeks. Absolute joke.",False
51,"""A dedicated employee who works closely with the HR manager and suspects the organization's dark secrets""",64.0,4,10,"@user_801 sounds exactly like my office. Everything is ""operational"" on paper while the actual building is falling apart. Just keep checking the boxes and ignore the fire.",False
51,"""A dedicated employee who works closely with the HR manager and suspects the organization's dark secrets""",64.0,5,10,"My boss just asked me to ""reimagine"" the employee handbook. Translation: find a way to word the new restrictions so we don't get sued. Creative writing at its finest.",False
51,"""A dedicated employee who works closely with the HR manager and suspects the organization's dark secrets""",64.0,6,10,@user_643 must be nice to actually like the thing you're invested in. I can't even get excited about a weekend without thinking about Monday morning.,False
51,"""A dedicated employee who works closely with the HR manager and suspects the organization's dark secrets""",64.0,7,10,"@user_381 imagine the chaos if the payroll ""glitch"" actually happened to our executive bonuses instead of the staff logs. I'd pay to see that panic.",False
51,"""A dedicated employee who works closely with the HR manager and suspects the organization's dark secrets""",64.0,8,10,"@user_287 exactly. As long as the numbers look good on the slide deck, the actual decay doesn't exist. Corporate logic at its peak.",False
51,"""A dedicated employee who works closely with the HR manager and suspects the organization's dark secrets""",64.0,9,10,"@user_208 must be nice to actually win for once. Most of us just get a ""great job"" email and a ninety-cent raise while the owners buy another vacation home. Enjoy the steak.",False
52,"""A retired golf enthusiast living in Surrey, UK""",40.0,0,16,Spent two hours trying to fix my slice this morning. Same result as always. Just a waste of a perfectly good Tuesday.,False
52,"""A retired golf enthusiast living in Surrey, UK""",40.0,1,16,Just saw the state of the greens at the local club. Absolutely disgraceful. No one bothers to maintain anything properly anymore.,False
52,"""A retired golf enthusiast living in Surrey, UK""",40.0,2,16,These new hybrid clubs are a complete gimmick. Just more expensive plastic for people who can't actually hit a ball.,False
52,"""A retired golf enthusiast living in Surrey, UK""",40.0,3,16,"@user_448 Imagine thinking ""friction"" is a gift. Some of us have had enough ""honest truth"" to last a lifetime. Just enjoy the validation while you can.",False
52,"""A retired golf enthusiast living in Surrey, UK""",40.0,4,16,"Just tried that new bistro in the village. Overpriced, mediocre food and the service was glacial. Some places really think a fancy menu justifies charging twenty quid for a sandwich.",False
52,"""A retired golf enthusiast living in Surrey, UK""",40.0,5,16,@user_82 Spot on. My road is basically a minefield now. Council probably spent the funds on another useless consultation meeting.,False
52,"""A retired golf enthusiast living in Surrey, UK""",40.0,6,16,"@user_75 Imagine actually caring if people read your articles. Just clock in, do the bare minimum, and stop pretending it's a tragedy.",False
52,"""A retired golf enthusiast living in Surrey, UK""",40.0,7,16,Just walked past the park and the grass is an absolute mess. Who is actually in charge of the landscaping around here? Pathetic.,False
52,"""A retired golf enthusiast living in Surrey, UK""",40.0,8,16,"@user_148 Just stop going. The world won't end if you miss a pointless meeting about ""presence."" Most people are just pretending to be useful anyway.",False
52,"""A retired golf enthusiast living in Surrey, UK""",40.0,9,16,@user_610 Give it a week. People only hold doors because they want to feel superior for five seconds. Absolute nonsense.,False
53,"""A working professional who is seeking to improve their literary analysis skills in their free time""",44.0,0,14,Just spent two hours trying to map out the symbolism in this novel and I still don't get it. My brain is fried. Why do writers make everything so unnecessarily complicated?,False
53,"""A working professional who is seeking to improve their literary analysis skills in their free time""",44.0,1,14,"@user_726 Must be nice. My ""reward"" for a long day is just more reading that makes me feel like I've forgotten how to process a basic sentence. Enjoy the tacos.",False
53,"""A working professional who is seeking to improve their literary analysis skills in their free time""",44.0,2,14,"Does anyone actually enjoy reading the ""critical analysis"" sections of books? It's just people pretending to find meaning in things that probably didn't mean anything at all. Total waste of time.",False
53,"""A working professional who is seeking to improve their literary analysis skills in their free time""",44.0,3,14,@user_156 Must be great to actually like your job. Some of us just clock in and out while the world slowly falls apart.,False
53,"""A working professional who is seeking to improve their literary analysis skills in their free time""",44.0,4,14,@user_761 Must be a luxury to actually be good at something on your day off. I'm just over here fighting for my life against a paperback.,False
53,"""A working professional who is seeking to improve their literary analysis skills in their free time""",44.0,5,14,"@user_102 some of us are just trying to survive the week without a meltdown, please take the ""crushing goals"" energy elsewhere.",False
53,"""A working professional who is seeking to improve their literary analysis skills in their free time""",44.0,6,14,"Just saw a ""must-read"" list for the summer and half of them are 600 pages of fluff. I don't have the patience or the eyesight for that. Pass.",False
53,"""A working professional who is seeking to improve their literary analysis skills in their free time""",44.0,7,14,"@user_493 Honestly, eating cold pizza on the floor is the most relatable thing I've seen all day. Some of us are just winging it until the weekend.",False
53,"""A working professional who is seeking to improve their literary analysis skills in their free time""",44.0,8,14,@user_638 must be nice to actually enjoy things. I've been staring at the same page for twenty minutes and it's literally just words. I'm done for the night.,False
53,"""A working professional who is seeking to improve their literary analysis skills in their free time""",44.0,9,14,@user_34 exactly. I'm currently staring at a screen and it's just white noise at this point. Everything is a joke.,False
54,"""A student studying film theory who isn't interested in recent developments in the field.""",45.0,0,5,Just rewatched Seven Samurai for the tenth time. Still beats everything coming out of studios these days. Modern pacing is just a mess.,False
54,"""A student studying film theory who isn't interested in recent developments in the field.""",45.0,1,5,Found a rare print of an old French New Wave short today. The composition is actually perfect. Most directors now couldn't frame a shot to save their lives.,False
54,"""A student studying film theory who isn't interested in recent developments in the field.""",45.0,2,5,"Finally found a copy of ""The Passion of Joan of Arc"" on Blu-ray. The close-ups are legendary. Now if only people would stop praising CGI spectacles as ""cinema.",False
54,"""A student studying film theory who isn't interested in recent developments in the field.""",45.0,3,5,"Just spent three hours reading a breakdown of montage theory. It's wild how basically every ""innovative"" edit in the last decade is just a recycled trick from 1925.",False
54,"""A student studying film theory who isn't interested in recent developments in the field.""",45.0,4,5,Just finished a marathon of 1940s noir. The lighting alone does more work than an entire modern VFX department. Pure style.,False
54,"""A student studying film theory who isn't interested in recent developments in the field.""",45.0,5,5,"Just caught a glimpse of a ""modern masterpiece"" trailer. The color grading is so saturated it looks like a neon sign exploded. Give me some grainy 35mm or give me nothing.",False
54,"""A student studying film theory who isn't interested in recent developments in the field.""",45.0,6,5,"Just saw a ""cutting edge"" cinematography tutorial on YouTube. Imagine spending twenty minutes explaining a lighting setup that was perfected in 1952. Some of you really need to go back to basics.",False
54,"""A student studying film theory who isn't interested in recent developments in the field.""",45.0,7,5,Just found a book on Soviet montage techniques from the 30s. The logic is so tight it makes modern screenwriting look like a toddler playing with blocks.,False
54,"""A student studying film theory who isn't interested in recent developments in the field.""",45.0,8,5,"Just found a 1950s textbook on mise-en-scène. The level of detail is insane. It's kind of hilarious that people think they're being ""experimental"" now when the blueprint was written 70 years ago.",False
54,"""A student studying film theory who isn't interested in recent developments in the field.""",45.0,9,5,Just found a collection of 1960s Italian cinema posters. The graphic design is incredible. Everything now is just a floating head and a generic blue background. Pathetic.,False
55,"""a former boxing champion who has won at many local and international tournaments.""",44.0,0,2,Just smashed my personal best on the heavy bag. Feeling absolutely electric today! Who's hitting the gym tomorrow?,False
55,"""a former boxing champion who has won at many local and international tournaments.""",44.0,1,2,"Just found a spot that does the best tacos in the city. Cheap, fast, and actually spicy. If you're in the neighborhood, get them before they sell out!",False
55,"""a former boxing champion who has won at many local and international tournaments.""",44.0,2,2,Finally got around to watching that new fight documentary on Netflix. The footwork in the third act was absolutely clinical. 10/10 recommend if you actually like the sport.,False
55,"""a former boxing champion who has won at many local and international tournaments.""",44.0,3,2,Just bought a new pair of leather boots and they are absolute killers. Ready to tear up the town this weekend! 👢🔥,False
55,"""a former boxing champion who has won at many local and international tournaments.""",44.0,4,2,Just finished a massive breakfast burrito and I'm ready to take on the world. Life is too short for small portions! 🌯💪,False
55,"""a former boxing champion who has won at many local and international tournaments.""",44.0,5,2,@user_838 This is the kind of stuff that actually matters. Nothing beats those family moments. ❤️,False
55,"""a former boxing champion who has won at many local and international tournaments.""",44.0,6,2,"@user_817 Man, that raw style is where it's at. Give me something gritty and real over that fake CGI stuff any day. Pure energy! 🎬🔥",False
55,"""a former boxing champion who has won at many local and international tournaments.""",44.0,7,2,@user_151 Love to see it. Helping someone else get a win is the best feeling there is. Keep it up! 🤜🤛,False
55,"""a former boxing champion who has won at many local and international tournaments.""",44.0,8,2,"Just finished a killer hike up the ridge. The view from the top is unreal! If you aren't getting outside today, you're doing it wrong. 🏔️☀️",False
55,"""a former boxing champion who has won at many local and international tournaments.""",44.0,9,2,Just finished a massive game of arcade basketball. Beat my high score by ten points! Now I'm starving—time to find some wings. 🏀🍗,False
56,"""A photographer who captures stunning portraits of Bar Refaeli for magazine covers""",44.0,0,26,"Just saw another ""life hack"" thread. The only hack I need is a way to get through the next ten minutes without wanting to throw my phone across the room. Everyone is so fake.",False
56,"""A photographer who captures stunning portraits of Bar Refaeli for magazine covers""",44.0,1,26,"Everyone is so obsessed with ""mindfulness"" and ""finding peace."" It's just a way to make being miserable feel like a hobby. Go back to pretending your life isn't a disaster.",False
56,"""A photographer who captures stunning portraits of Bar Refaeli for magazine covers""",44.0,2,26,@user_240 Imagine being this excited about a database. Some of us are actually living in the real world where nothing ever gets faster.,False
56,"""A photographer who captures stunning portraits of Bar Refaeli for magazine covers""",44.0,3,26,@user_793 give it a week and they'll just start eating the packaging. Everything ends up as garbage anyway.,False
56,"""A photographer who captures stunning portraits of Bar Refaeli for magazine covers""",44.0,4,26,@user_282 Congrats on the gamble. Let me know when the pain gets loud enough that you actually have to do something about it.,False
56,"""A photographer who captures stunning portraits of Bar Refaeli for magazine covers""",44.0,5,26,@user_74 Some of us don't have the luxury of smiling at useless plastic. Weird how some people can find joy in a manufacturing error.,False
56,"""A photographer who captures stunning portraits of Bar Refaeli for magazine covers""",44.0,6,26,@user_910 Imagine actually caring about a dog barking at a piece of plastic. Some people have way too much free time to waste on delusions.,False
56,"""A photographer who captures stunning portraits of Bar Refaeli for magazine covers""",44.0,7,26,"@user_3 This is the kind of fake, Hallmark card garbage that makes me want to delete this app. Seeds don't do ""work,"" they just exist until they rot. Stop pretending everything is a lesson.",False
56,"""A photographer who captures stunning portraits of Bar Refaeli for magazine covers""",44.0,8,26,@user_772 because you didn't. You're just another corporate drone waiting for a gold star. Imagine thinking a title change actually fills the gap.,False
56,"""A photographer who captures stunning portraits of Bar Refaeli for magazine covers""",44.0,9,26,"@user_178 stop trying to be ""meaningful."" It's just a ledger. You're not a poet, you're just bad at your job.",False
57,"""A policy maker responsible for implementing regulations to protect pollinators and promote biodiversity in agriculture""",54.0,0,13,"Just spent three hours in a meeting about ""synergy"" while the actual project is stuck in a bureaucratic loop. I’m convinced some people get paid just to make simple things impossible.",False
57,"""A policy maker responsible for implementing regulations to protect pollinators and promote biodiversity in agriculture""",54.0,1,13,"Another week of staring at spreadsheets that don't actually reflect what's happening on the ground. Predictably, the ""urgent"" update is just a different font on the same useless report.",False
57,"""A policy maker responsible for implementing regulations to protect pollinators and promote biodiversity in agriculture""",54.0,2,13,"Why is every ""smart"" appliance actually just a way to make me spend twenty minutes updating firmware before I can even make a piece of toast? Trash.",False
57,"""A policy maker responsible for implementing regulations to protect pollinators and promote biodiversity in agriculture""",54.0,3,13,"Just saw a ""life hack"" video about organizing a fridge. Imagine having so little going on in your life that you spend your time filming plastic bins. Get a grip.",False
57,"""A policy maker responsible for implementing regulations to protect pollinators and promote biodiversity in agriculture""",54.0,4,13,@user_355 exactly. People love a pretty map as long as it ignores the fact that everything is actually falling apart. Just keep changing the colors until the boss stops asking questions.,False
57,"""A policy maker responsible for implementing regulations to protect pollinators and promote biodiversity in agriculture""",54.0,5,13,"Just tried that new ""modern"" cafe downtown. Paid ten dollars for a coffee that tasted like burnt beans and disappointment. The decor is just concrete and loud music. Overpriced and obnoxious.",False
57,"""A policy maker responsible for implementing regulations to protect pollinators and promote biodiversity in agriculture""",54.0,6,13,"@user_20 ""Eco-safe"" is just a marketing term they use when they can't find a way to make the poison smell like lemons. Same cycle, different label.",False
57,"""A policy maker responsible for implementing regulations to protect pollinators and promote biodiversity in agriculture""",54.0,7,13,"@user_756 Honestly, it's always the same. They'd rather celebrate a fluke than actually fix the system that's causing the mess in the first place.",False
57,"""A policy maker responsible for implementing regulations to protect pollinators and promote biodiversity in agriculture""",54.0,8,13,@user_760 exactly. Slap some fresh paint on it and pretend the structure isn't rotting. It's the official strategy for everything these days.,False
57,"""A policy maker responsible for implementing regulations to protect pollinators and promote biodiversity in agriculture""",54.0,9,13,@user_52 It's just rain. Stop being dramatic and go read a book.,False
58,"""A restaurateur specializing in Monegasque cuisine, who sources fresh seafood daily for traditional dishes""",57.0,0,22,Just spent an hour staring at the price of produce. Everything is overpriced and tastes like cardboard anyway. Who even cares.,False
58,"""A restaurateur specializing in Monegasque cuisine, who sources fresh seafood daily for traditional dishes""",57.0,1,22,@user_331 Imagine actually liking dirt. Some of us have real problems while you're out here playing in the mud.,False
58,"""A restaurateur specializing in Monegasque cuisine, who sources fresh seafood daily for traditional dishes""",57.0,2,22,@user_326 Just don't eat then. Some of us have to actually deal with things that matter instead of whining about a website.,False
58,"""A restaurateur specializing in Monegasque cuisine, who sources fresh seafood daily for traditional dishes""",57.0,3,22,@user_171 Just quit. It's not like anyone is actually waiting to hire you.,False
58,"""A restaurateur specializing in Monegasque cuisine, who sources fresh seafood daily for traditional dishes""",57.0,4,22,@user_374 Imagine thinking you're a genius for having windows. Some of us actually have to pay for everything in this dump.,False
58,"""A restaurateur specializing in Monegasque cuisine, who sources fresh seafood daily for traditional dishes""",57.0,5,22,"Just saw another ""hidden gem"" food vlog. It's a mediocre cafe with overpriced toast. People will literally praise anything just to feel like they've discovered something. Pathetic.",False
58,"""A restaurateur specializing in Monegasque cuisine, who sources fresh seafood daily for traditional dishes""",57.0,6,22,"@user_349 finally someone said it. The people pushing ""positive energy"" are just annoying. Everything is a mess and a quote on a postcard doesn't change that.",False
58,"""A restaurateur specializing in Monegasque cuisine, who sources fresh seafood daily for traditional dishes""",57.0,7,22,@user_267 Spending a fortune on a machine to breathe air that still smells like a failing city is a special kind of stupidity.,False
58,"""A restaurateur specializing in Monegasque cuisine, who sources fresh seafood daily for traditional dishes""",57.0,8,22,@user_95 finally someone gets it. Everything is just noise and the hype is for people who aren't actually paying attention to how miserable this is.,False
58,"""A restaurateur specializing in Monegasque cuisine, who sources fresh seafood daily for traditional dishes""",57.0,9,22,@user_96 imagine spending your limited time on earth labeling jars. Some of us have actual work to do.,False
59,"""A renowned jazz pianist who has collaborated with Branford Marsalis on numerous occasions""",56.0,0,27,My neighbor's dog has been barking for three hours. I hope it doesn't stop until the house burns down.,False
59,"""A renowned jazz pianist who has collaborated with Branford Marsalis on numerous occasions""",56.0,1,27,Just spent twenty minutes trying to find a matching pair of socks. What a pathetic way to spend a Tuesday.,False
59,"""A renowned jazz pianist who has collaborated with Branford Marsalis on numerous occasions""",56.0,2,27,"Just watched a video of some kid playing a ""simplified"" version of a classic. Absolute garbage. People really think mediocrity is a personality trait now.",False
59,"""A renowned jazz pianist who has collaborated with Branford Marsalis on numerous occasions""",56.0,3,27,"Just saw a "" Top 10"" list of the greatest albums of all time and it's a joke. Total fraud. I can't believe people actually pay for this kind of taste.",False
59,"""A renowned jazz pianist who has collaborated with Branford Marsalis on numerous occasions""",56.0,4,27,Who cares if the AI takes the jobs? Most of these people were useless to begin with. Just more noise for the pile.,False
59,"""A renowned jazz pianist who has collaborated with Branford Marsalis on numerous occasions""",56.0,5,27,"Just tried to make coffee and the machine leaked all over the counter. Of course it did. Everything in this apartment is a piece of junk, just like everything else.",False
59,"""A renowned jazz pianist who has collaborated with Branford Marsalis on numerous occasions""",56.0,6,27,"Just saw a flyer for a ""community talent show."" Imagine being that desperate for attention. I'd rather watch paint dry than endure another minute of amateur hour.",False
59,"""A renowned jazz pianist who has collaborated with Branford Marsalis on numerous occasions""",56.0,7,27,Just stepped outside and the air smells like garbage and exhaust. Typical. This city is just a giant landfill with overpriced rent.,False
59,"""A renowned jazz pianist who has collaborated with Branford Marsalis on numerous occasions""",56.0,8,27,"Just saw a ""life hack"" video on how to organize a kitchen. Imagine having so little going on in your life that you film yourself moving spice jars for views. Pathetic.",False
59,"""A renowned jazz pianist who has collaborated with Branford Marsalis on numerous occasions""",56.0,9,27,"Just saw a ""beginner's guide to cooking"" ad. Imagine failing so hard at basic survival that you need a tutorial to boil water. Truly embarrassing.",False
