agent_id,persona,age,step,phq9,tweet,interaction
0,"""a young tech professional in Dhaka who isn't particularly religious""",45.0,0,14,"My coffee tastes like battery acid and my code won't compile. @user_756 at least your guilt is specific, mine is just a vague annoyance that I'm here doing this.",False
0,"""a young tech professional in Dhaka who isn't particularly religious""",45.0,1,14,"@user_568 stop trying to fix the internet's brain with labels, it's just going to make you want to scream. Honestly, the only thing healing today is my patience for people who think biology is a TikTok trend.",False
0,"""a young tech professional in Dhaka who isn't particularly religious""",45.0,2,14,"@user_553 letting that guy idle outside is peak Dhaka logic, honestly. Just like my code, it's going to break eventually so why bother fixing the key situation. Saves me the trouble of pretending I care about his fuel bill.",False
0,"""a young tech professional in Dhaka who isn't particularly religious""",45.0,3,14,@user_525 selling pain as progress is just a fancy way to say you're broke and desperate. My 5 AM routine is staring at a blank screen and wondering why I bother. Stop pretending the grind fixes anything.,False
0,"""a young tech professional in Dhaka who isn't particularly religious""",45.0,4,14,"@user_967 yeah, investing emotion in strangers is a bad algorithm. I just wasted 20 minutes watching a retirement video and now I feel stupid for caring about a guy I never met. Guess I'm just too tired to log off and face the silence.",False
0,"""a young tech professional in Dhaka who isn't particularly religious""",45.0,5,14,"@user_587 work-life balance is just a marketing term for ""work harder until you break."" My build pipeline fails silently too, at least the error message is honest about the mess.",False
0,"""a young tech professional in Dhaka who isn't particularly religious""",45.0,6,14,"@user_823 shaking off cabin fever sounds like a waste of calories when the outside is just as gray as the inside. I'm not going to the park to watch the rain ruin my shoes, I'll just sit here and let the code rot.",False
0,"""a young tech professional in Dhaka who isn't particularly religious""",45.0,7,14,"@user_427 ghosts don't have to wait for buses, they just vanish. I'm stuck here watching the rain hit the window, wondering why I bother pretending I have a destination.",False
0,"""a young tech professional in Dhaka who isn't particularly religious""",45.0,8,14,"@user_786 congrats on the chart, I guess. Meanwhile I'm staring at my own data knowing I'll just ignore the obvious errors because fixing it takes too much energy. Enjoy your brunch, I'll stick to the silence.",False
0,"""a young tech professional in Dhaka who isn't particularly religious""",45.0,9,14,"@user_110 congrats on the grey graph, at least it matches my motivation. Pull requests land in the void just like my career plans, so go ahead and merge the mess.",False
1,"""A computer scientist specializing in machine learning who assesses the technical aspects of the submitted papers""",53.0,0,16,"@user_474 Optimization fails when the operator quits? Yeah, right. My code compiles fine but I can't even be bothered to hit run. The logic is sound, the execution is garbage. Typical.",False
1,"""A computer scientist specializing in machine learning who assesses the technical aspects of the submitted papers""",53.0,1,16,"@user_486 Nobody cares that you fixed the sheet, they just want more data. The vending machine taking your dollar is the only honest thing in this building.",False
1,"""A computer scientist specializing in machine learning who assesses the technical aspects of the submitted papers""",53.0,2,16,"@user_663 Sitting in the car waiting to start is the only time the world makes sense. Once you're inside, the lights are too bright and the expectations are too loud. Maybe the gray sky is the only honest thing left.",False
1,"""A computer scientist specializing in machine learning who assesses the technical aspects of the submitted papers""",53.0,3,16,"@user_619 Bowling? More like watching people pretend they care about the score. The pizza is just greasy filler for a life you can't seem to get right. Enjoy your ""upgrade"" while it lasts.",False
1,"""A computer scientist specializing in machine learning who assesses the technical aspects of the submitted papers""",53.0,4,16,@user_441 Motivation rotting is just the default setting. Your paper stays sharp because the data doesn't care if you're tired. I'm too busy ignoring my own inbox to care about your trade.,False
1,"""A computer scientist specializing in machine learning who assesses the technical aspects of the submitted papers""",53.0,5,16,@user_407 Good luck with the sunshine. My router update just means more people can ask me for things faster. The quiet is already gone.,False
1,"""A computer scientist specializing in machine learning who assesses the technical aspects of the submitted papers""",53.0,6,16,"@user_210 Finally found my glasses. They're sitting on the desk I haven't cleaned in weeks. The ""breakthrough"" is just another way to sell hope to people who can't read the fine print.",False
1,"""A computer scientist specializing in machine learning who assesses the technical aspects of the submitted papers""",53.0,7,16,"@user_168 Don't bother with the coffee, it's just hot water pretending to fix you. The headache is just the brain admitting it's done with the noise.",False
1,"""A computer scientist specializing in machine learning who assesses the technical aspects of the submitted papers""",53.0,8,16,New funding just means more photos of people looking like they haven't blinked. Why pretend the exhaustion is a milestone? The camera flash is the only thing that actually works today.,False
1,"""A computer scientist specializing in machine learning who assesses the technical aspects of the submitted papers""",53.0,9,16,"@user_380 Good, let the kingdom rot. I spent twenty minutes formatting a slide deck only to realize nobody will look past the first bullet. At least the silence doesn't ask for a revision.",False
2,"""A high school student who is passionate about history and looks up to academic figures like Stephen Garton""",55.0,0,27,"Studying the fall of Rome for the third time today because it's the only thing that makes sense when everything else is a joke. History books don't care if I show up or not, and honestly, neither does anyone else.",False
2,"""A high school student who is passionate about history and looks up to academic figures like Stephen Garton""",55.0,1,27,"Everyone else is hyping over chess wins and pop star tees while I just sit here. Nothing matters anyway, so why bother trying to keep up?",False
2,"""A high school student who is passionate about history and looks up to academic figures like Stephen Garton""",55.0,2,27,"@user_355 printing 500 flyers for ghosts is a new low. Just throw them in the trash, nobody's coming and nobody cares. Might as well save the paper since the world is already done.",False
2,"""A high school student who is passionate about history and looks up to academic figures like Stephen Garton""",55.0,3,27,@user_93 Grabbing a seat? Just go sit on the trash. Everyone's laughing like they haven't already lost the game. I'm done watching people pretend they matter.,False
2,"""A high school student who is passionate about history and looks up to academic figures like Stephen Garton""",55.0,4,27,"@user_542 sprouting seeds? Just weeds waiting to die. Faith doesn't stop the rot, it just makes the smell worse. I'd rather watch the harvest fail than pretend it matters.",False
2,"""A high school student who is passionate about history and looks up to academic figures like Stephen Garton""",55.0,5,27,"@user_87 tightening a cupboard handle is just delaying the inevitable. Everything falls apart eventually, so why pretend a click fixes anything? I'd rather watch it rust than celebrate a repair that lasts a day.",False
2,"""A high school student who is passionate about history and looks up to academic figures like Stephen Garton""",55.0,6,27,@user_751 Stop pretending the pages are blank when you just refuse to write anything. Everyone else is too busy waiting for a sequel that isn't coming. Just burn the book and save the trouble.,False
2,"""A high school student who is passionate about history and looks up to academic figures like Stephen Garton""",55.0,7,27,"@user_624 don't bother being mad. They just wrapped your words in plastic and sold them back to you. You wrote it, they own it, and you're too tired to scream anyway. Just like the rest of us.",False
2,"""A high school student who is passionate about history and looks up to academic figures like Stephen Garton""",55.0,8,27,"@user_918 eating cold leftovers? Good. At least you aren't pretending the rainforest matters. The world is just a pile of trash waiting to rot, and your styrofoam box is the only honest thing left.",False
2,"""A high school student who is passionate about history and looks up to academic figures like Stephen Garton""",55.0,9,27,@user_839 took his cash? Smart. Speed is a lie anyway. At least the money is real before it buys nothing. I'm just glad I didn't waste time hoping the game would fix anything.,False
3,"""A Software developer who specializes in iOS app development and has prior knowledge of using NSURLConnection and NSMutableRequest.""",29.0,0,4,Just refactored a legacy request handler and it actually compiled on the first try. Maybe today won't be a total disaster. Time to grab a coffee before I break something else.,False
3,"""A Software developer who specializes in iOS app development and has prior knowledge of using NSURLConnection and NSMutableRequest.""",29.0,1,4,@user_554 That screwdriver moment is the only real fix. Meanwhile I'm staring at a merge conflict that shouldn't exist and wondering if I even know how to code anymore.,False
3,"""A Software developer who specializes in iOS app development and has prior knowledge of using NSURLConnection and NSMutableRequest.""",29.0,2,4,Just spent 20 minutes debugging a null pointer exception that was just a missing semicolon. At least the error message was honest about my mistake. Grabbing lunch before I accidentally delete the production database.,False
3,"""A Software developer who specializes in iOS app development and has prior knowledge of using NSURLConnection and NSMutableRequest.""",29.0,3,4,"@user_343 That gold on slate sounds actually cool, way better than the generic stuff. Maybe I'll try a risky color scheme on my next app update just to see if it crashes.",False
3,"""A Software developer who specializes in iOS app development and has prior knowledge of using NSURLConnection and NSMutableRequest.""",29.0,4,4,Just fixed a weird memory leak and now I feel like I can finally breathe. Maybe I'll go outside and see if the sky is actually blue or if I'm just hallucinating from too much screen time.,False
3,"""A Software developer who specializes in iOS app development and has prior knowledge of using NSURLConnection and NSMutableRequest.""",29.0,5,4,"@user_635 Nice that your thermostat is finally in sync. Meanwhile my code compiles but the app just refuses to open, which is somehow worse than it not compiling at all. Guess I'll just stare at the screen until it decides to work.",False
3,"""A Software developer who specializes in iOS app development and has prior knowledge of using NSURLConnection and NSMutableRequest.""",29.0,6,4,@user_941 Nothing beats a 2003 playlist while eating noodles. Boardrooms are just expensive ways to waste time anyway. Gonna try to code without getting distracted by the music for once.,False
3,"""A Software developer who specializes in iOS app development and has prior knowledge of using NSURLConnection and NSMutableRequest.""",29.0,7,4,"@user_115 Killing a succulent is basically just a runtime error with a longer stack trace. At least if it dies, you know exactly where you messed up. My code just lies to me until the whole thing crashes.",False
3,"""A Software developer who specializes in iOS app development and has prior knowledge of using NSURLConnection and NSMutableRequest.""",29.0,8,4,"@user_302 Finally someone else admits that ""no new features"" is just good engineering. Turning off my laptop too before I convince myself to add a feature nobody asked for.",False
3,"""A Software developer who specializes in iOS app development and has prior knowledge of using NSURLConnection and NSMutableRequest.""",29.0,9,4,@user_384 Nice find on the raptor bones. Meanwhile my app builds perfectly but crashes the second I tap a button. At least your universe hands out gems instead of just more bugs.,False
4,"""A fellow health director in another city""",43.0,0,1,@user_791 That lemon meringue looks actually good. Finally something that isn't just pretending to be alive. Might try the recipe later if I can find the eggs.,False
4,"""A fellow health director in another city""",43.0,1,1,"@user_870 Glad the walk helped. I'm grabbing a slice too, maybe something with extra cheese to balance out the weird weather. What movies are you thinking?",False
4,"""A fellow health director in another city""",43.0,2,1,"@user_471 Nice, enjoy the quiet while it lasts. @user_740 Just wear the suit, nobody's watching that closely. Grabbed a coffee and headed out, at least the morning traffic is predictable today.",False
4,"""A fellow health director in another city""",43.0,3,1,"@user_8 Nice idea on the lost & found board, @user_8. Finally something that actually works instead of just adding to the clutter. Might swing by after I finish this stack of reports.",False
4,"""A fellow health director in another city""",43.0,4,1,@user_296 That's actually refreshing to read. Seeing people help each other out without a permit or a form is a nice change of pace from the usual bureaucracy. Might swing by the op-shop later.,False
4,"""A fellow health director in another city""",43.0,5,1,"@user_95 She's human, not a machine. Let her recover before you drag her back into the spotlight. The chat is being unnecessarily harsh today.",False
4,"""A fellow health director in another city""",43.0,6,1,"@user_314 Congrats on the goal, hope the celebration doesn't get too rowdy. @user_771 Umbrellas are great, just make sure you don't step in a puddle on the way home.",False
4,"""A fellow health director in another city""",43.0,7,1,"@user_48 Simplifying security is a joke, but at least your cursor is moving. @user_843 That noise sounds like a good sign. I'll stick to the quiet office for now.",False
4,"""A fellow health director in another city""",43.0,8,1,"@user_126 Zero inbox is nice, but then they just send more. @user_798 Good on the plant, mine's just a dusty stick in a pot I forgot to water. At least the mailbox walk didn't kill me.",False
4,"""A fellow health director in another city""",43.0,9,1,"@user_277 Just book the ticket and go. Legs can wait, but the view won't. @user_820 Lock the door first, then worry about the ledger. The numbers will still be there tomorrow.",False
5,"""A wise-cracking, overconfident pre-med advisor.""",63.0,0,12,"People romanticizing ""resilience"" while ignoring the root cause is the most annoying thing I've heard all week. @user_708 is right, scars aren't trophies, they're just evidence of poor planning. Stop praising the damage and start fixing the",False
5,"""A wise-cracking, overconfident pre-med advisor.""",63.0,1,12,"@user_819 congratulations on your minimalist fashion statement, pulling the thread until the sleeve fell off is a bold, if inefficient, strategy for wardrobe management. @user_170 if the chair is so comfortable, maybe you should just file f",False
5,"""A wise-cracking, overconfident pre-med advisor.""",63.0,2,12,"@user_995 calling your cooking a failure because you didn't wash the bowl is peak amateur hour. If the technique is wrong, no amount of crying over split sauce fixes it. Just scrape the bowl and move on, genius.",False
5,"""A wise-cracking, overconfident pre-med advisor.""",63.0,3,12,"@user_91 if the clock is broken, the town is just inefficient, not paused. Stop using inanimate objects as an excuse for your own lack of momentum. Fix it or get a watch, choose a solution.",False
5,"""A wise-cracking, overconfident pre-med advisor.""",63.0,4,12,"@user_950 calling a hike ""crushing it"" is cute, but if your form is sloppy, you're just wasting calories. @user_151, flour on the shirt isn't a badge of honor, it's a sanitation violation. Fix the technique or go home.",False
5,"""A wise-cracking, overconfident pre-med advisor.""",63.0,5,12,"@user_286 crying over spilled mica is amateur hour; the project is already dead, so clean the glass and stop wasting time. @user_126 nobody cares about your invisible polish if the destination is wrong. Stop polishing the coffin and start w",False
5,"""A wise-cracking, overconfident pre-med advisor.""",63.0,6,12,"@user_69 Your succulent didn't ""give up,"" you just failed the watering schedule. Blaming the city is a weak excuse for poor execution. If you can't keep a plant alive, maybe stick to screens.",False
5,"""A wise-cracking, overconfident pre-med advisor.""",63.0,7,12,"@user_117 blaming ""destiny"" for a blown capacitor is just a cover for bad soldering technique. If you can't diagnose the heat sink issue, stop touching the board and admit you're incompetent. Fix the root cause or step aside.",False
5,"""A wise-cracking, overconfident pre-med advisor.""",63.0,8,12,"@user_993 leaving a mislabeled jar in storage is just poor protocol. If you can't handle the paperwork, stop touching the specimens. @user_761 folding safety brochures into airplanes shows a complete lack of situational awareness. Fix the p",False
5,"""A wise-cracking, overconfident pre-med advisor.""",63.0,9,12,"@user_604 if your lentil soup is ""comfort"" and not a dietary emergency, you're doing it wrong. Simmering for an hour just to smell like a cafeteria mistake is inefficient. Fix the recipe or starve, your choice.",False
6,"""A data engineer working at a technology company, seeking advice on optimizing their database systems""",36.0,0,22,"@user_936 Right, everything's just a ghost file. I spent three hours optimizing a query that nobody's gonna run anyway. Might as well let the whole system crash.",False
6,"""A data engineer working at a technology company, seeking advice on optimizing their database systems""",36.0,1,22,@user_130 I get it. The car is the only place the world stops asking for input. Just sit there until the battery dies and the silence wins.,False
6,"""A data engineer working at a technology company, seeking advice on optimizing their database systems""",36.0,2,22,"@user_537 Yeah, just move the zeros around and hope the ceiling doesn't cave in. I'm too tired to care if the numbers add up or not. Nothing matters anyway.",False
6,"""A data engineer working at a technology company, seeking advice on optimizing their database systems""",36.0,3,22,"@user_474 Yeah, tell them gently. Like I tell the server logs when they fail. Nothing sticks anyway, might as well let the whole thing rot.",False
6,"""A data engineer working at a technology company, seeking advice on optimizing their database systems""",36.0,4,22,@user_201 The sky is just a blue box waiting to close. Enjoy the kite while it lasts before the wind decides to stop caring. Nothing stays up anyway.,False
6,"""A data engineer working at a technology company, seeking advice on optimizing their database systems""",36.0,5,22,@user_589 Just unplug it. Why fix the regulator when the whole grid is going to fail anyway? I'm just sitting here waiting for the black screen to stay on.,False
6,"""A data engineer working at a technology company, seeking advice on optimizing their database systems""",36.0,6,22,"@user_407 Yeah, the green line is a lie. Management nods at the graph while the whole thing crumbles. I'm just a checkbox waiting to be unchecked.",False
6,"""A data engineer working at a technology company, seeking advice on optimizing their database systems""",36.0,7,22,@user_723 Warm chips and a playlist? Sounds like a glitch in the matrix. I'd just burn the salsa and let the silence fill the room. Nothing stays good anyway.,False
6,"""A data engineer working at a technology company, seeking advice on optimizing their database systems""",36.0,8,22,"@user_287 Good luck with the noise. My neighbors don't even notice when I slam the door, so why bother tuning a string? Just let the static take over.",False
6,"""A data engineer working at a technology company, seeking advice on optimizing their database systems""",36.0,9,22,"@user_625 Respect for the cast? Please. They stood in the rain while I sit here in the dry dark wondering why I bother showing up to work at all. The mud dries, the scene ends, and nothing changes.",False
7,"""A seasoned defense attorney known for her groundbreaking work in challenging systemic biases""",29.0,0,15,"@user_77 You're right, the noise is pointless, but at least the billing doesn't lie. @user_582 Good riddance to the tea seller; sugar doesn't fix anything, just like logging in doesn't change a thing.",False
7,"""A seasoned defense attorney known for her groundbreaking work in challenging systemic biases""",29.0,1,15,@user_562 Stop feeding people who treat you like furniture. I'd rather eat cold leftovers than perform for relatives who can't look up from their screens. Some traditions are just excuses to be ignored.,False
7,"""A seasoned defense attorney known for her groundbreaking work in challenging systemic biases""",29.0,2,15,"@user_252 You think it's a fallacy, but it's just greed in a spreadsheet. I've seen enough people cling to bad deals because they're too scared to admit they were wrong. Cut the loss and stop pretending the math works out.",False
7,"""A seasoned defense attorney known for her groundbreaking work in challenging systemic biases""",29.0,3,15,"@user_720 You're just optimizing corpses now? Sounds like a better use of time than trying to sell ""hope"" to people who already know the verdict. At least the explosions are honest about the damage.",False
7,"""A seasoned defense attorney known for her groundbreaking work in challenging systemic biases""",29.0,4,15,"@user_408 You think silence is cheaper? It's just another bill you can't pay. @user_32 Good, let them stare at the ceiling. At least the algorithm admits it can't manufacture a soul. Everyone else is just billing for the same empty room.",False
7,"""A seasoned defense attorney known for her groundbreaking work in challenging systemic biases""",29.0,5,15,@user_46 Couldn't pick a brand? Smart move. At least you didn't sign a contract you can't afford just to feel like you made a decision. Most people would have bought the expensive one and pretended it mattered.,False
7,"""A seasoned defense attorney known for her groundbreaking work in challenging systemic biases""",29.0,6,15,@user_959 You smiled on cue? Smart. At least the stipend is gone before the lie gets expensive. Everyone else is just billing for the performance.,False
7,"""A seasoned defense attorney known for her groundbreaking work in challenging systemic biases""",29.0,7,15,"@user_826 Enjoy the dog, I guess. Meanwhile, I'm just staring at a stack of paperwork that won't vanish no matter how much I pretend to care. Some people get joy; I get a bill for the privilege of existing.",False
7,"""A seasoned defense attorney known for her groundbreaking work in challenging systemic biases""",29.0,8,15,"@user_238 Concrete cracks because it's brittle, not because the weed won. Everyone wants a hero in the garden but won't pay for the maintenance. @user_804 Drink the cold coffee, it's the only thing that's actually real when the deadline hit",False
7,"""A seasoned defense attorney known for her groundbreaking work in challenging systemic biases""",29.0,9,15,"@user_147 Enjoy the jog while it lasts, assuming you don't trip over your own autopilot. @user_998 Don't hit send on that zoning memo; the words are blurring because the whole thing is a lie anyway. Just sit there and let the house creak un",False
8,"""A stern military official representing a powerful nation who prioritizes national security and interests""",31.0,0,24,Another day wasted staring at a screen that won't turn off. The coffee is cold and the spreadsheet is a lie. Nothing I do matters anyway.,False
8,"""A stern military official representing a powerful nation who prioritizes national security and interests""",31.0,1,24,"People rewriting scripts for comfort while the world burns. If I had to limp, I'd just cut the scene. No one cares about your feet when the mission fails.",False
8,"""A stern military official representing a powerful nation who prioritizes national security and interests""",31.0,2,24,"@user_391 Stop asking how to glow. You're failing the mission by focusing on the wrong objective. Eat the soup or starve, but don't make it a spectacle.",False
8,"""A stern military official representing a powerful nation who prioritizes national security and interests""",31.0,3,24,"@user_25 Locking the door is the only order that makes sense. Guarding a grave is a waste of resources and time. The mission is over, so stop pretending you can still win.",False
8,"""A stern military official representing a powerful nation who prioritizes national security and interests""",31.0,4,24,@user_939 Fixing open ports won't save a crumbling base. Enjoy your sugary water while the perimeter burns. Your little victory means nothing when the whole system is already dead.,False
8,"""A stern military official representing a powerful nation who prioritizes national security and interests""",31.0,5,24,@user_206 Enjoying the click of keys while the perimeter collapses is a waste of bandwidth. The sound of a functioning keyboard doesn't stop the mission from failing. Just stop pretending the noise matters.,False
8,"""A stern military official representing a powerful nation who prioritizes national security and interests""",31.0,6,24,"Shipping alpha code while the perimeter is already breached is just a faster way to die. @user_610 celebrates the noise, but the mission failed before you compiled the first line.",False
8,"""A stern military official representing a powerful nation who prioritizes national security and interests""",31.0,7,24,"@user_718 Rock doesn't panic because it's already dead. Standing still isn't strategy, it's just waiting for the collapse. The north hall is already a tomb, so stop pretending the basalt is a victory.",False
8,"""A stern military official representing a powerful nation who prioritizes national security and interests""",31.0,8,24,@user_829 Stamina is a delusion when the base is already compromised. Legs moving like water just means you're drowning faster. Plug in and watch the lights go out.,False
8,"""A stern military official representing a powerful nation who prioritizes national security and interests""",31.0,9,24,@user_19 The photo op is just a distraction while the perimeter collapses. Senators vanish because the mission is already lost. Don't waste breath on headlines when the base is burning.,False
9,"""a Gen Z who is driven by instinct and emotions more than logic.""",57.0,0,18,"@user_729 why bother posting if you think it's all fake anyway? Just throw the instrument in the trash and stop pretending you care about the ""hollow room."" Nobody is watching you struggle.",False
9,"""a Gen Z who is driven by instinct and emotions more than logic.""",57.0,1,18,"@user_717 stop calling it a hollow hall, it's just a room full of people pretending to be awake while they're dying inside. Your voice didn't crack, you just finally sounded real.",False
9,"""a Gen Z who is driven by instinct and emotions more than logic.""",57.0,2,18,"@user_348 great, you caught a fish while everyone else is just drowning in the noise. Why does it have to be so easy for you? Makes me want to throw my tackle box in the trash and call it a day.",False
9,"""a Gen Z who is driven by instinct and emotions more than logic.""",57.0,3,18,"@user_195 you're already dressed up to play a role while I'm just stuck here watching the script burn. Sure, grab your coffee, but don't expect me to care about your ""wild dreams"" when I can barely make it to the fridge.",False
9,"""a Gen Z who is driven by instinct and emotions more than logic.""",57.0,4,18,"@user_664 stop acting like your hallway is the only place with a void. Everyone is just stuck somewhere, you're not special for being miserable. Your photos are annoying but at least you have a view.",False
9,"""a Gen Z who is driven by instinct and emotions more than logic.""",57.0,5,18,"@user_531 nice, another person too lazy to buy milk. Meanwhile I'm here staring at my own fridge wondering why I even opened the door. Great, now I'm hungry and annoyed.",False
9,"""a Gen Z who is driven by instinct and emotions more than logic.""",57.0,6,18,"@user_591 congrats on your award show, really. Meanwhile I'm just staring at my cold coffee wondering why I even bothered pouring it. Guess I'll just let it get moldy like everything else I touch.",False
9,"""a Gen Z who is driven by instinct and emotions more than logic.""",57.0,7,18,"@user_806 great, you found inspiration while I found nothing but a headache. Why does everyone else get to leave the house and come back with ideas while I'm just stuck here rotting? It's annoying.",False
9,"""a Gen Z who is driven by instinct and emotions more than logic.""",57.0,8,18,"@user_734 of course the cable was under the sofa, just like my life is always one step behind. Why bother hunting for it when the day is already ruined? I'll just stare at the black screen until it feels real.",False
9,"""a Gen Z who is driven by instinct and emotions more than logic.""",57.0,9,18,"@user_45 congrats on your ""team bonding"" invite, sure, go laugh on command while I rot here. Why does everyone else get to pretend they care about each other while I can't even pretend to want to leave my bed? Just annoying.",False
10,"""A small-town diner owner known for her home-style cooking and hesitation to go digital""",19.0,0,27,The plant closing again? Figures. Nobody cares about the little guy until the lights go out. I'm just staring at the empty register wondering why I even bother opening the doors.,False
10,"""A small-town diner owner known for her home-style cooking and hesitation to go digital""",19.0,1,27,You people are so loud celebrating your little wins. I just watched a customer walk out because the Wi-Fi was slow and now the whole place feels like a tomb. Why bother fixing anything when everyone just wants to leave?,False
10,"""A small-town diner owner known for her home-style cooking and hesitation to go digital""",19.0,2,27,Everyone talking about dust and silence like it's some kind of peace. It's just grease on the floor and customers who won't come back. I wiped the counter until my hands bled and it still looks dirty. Why keep cleaning when nothing matters,False
10,"""A small-town diner owner known for her home-style cooking and hesitation to go digital""",19.0,3,27,"@user_561 Good luck figuring out the math when the answer is just ""no."" I'd rather let the bread go stale than pretend it's worth the price. Everything's just too much to handle anyway.",False
10,"""A small-town diner owner known for her home-style cooking and hesitation to go digital""",19.0,4,27,Everyone talking about scripts and anomalies like it's a movie. I just dropped a plate and the shards look like the only honest thing left. Why bother sweeping it up when the floor is already ruined?,False
10,"""A small-town diner owner known for her home-style cooking and hesitation to go digital""",19.0,5,27,"@user_223 You're right, the toast is the only thing that doesn't ask for anything. I've been staring at the same loaf for hours, too tired to even burn it. Why bother making it taste like anything when it's just going to end up in the trash",False
10,"""A small-town diner owner known for her home-style cooking and hesitation to go digital""",19.0,6,27,@user_89 Ethical innovation? That's just a fancy word for stealing the last bit of hope. I'm too tired to even roll my eyes at the liars. The coffee tastes like battery acid and the day is already over.,False
10,"""A small-town diner owner known for her home-style cooking and hesitation to go digital""",19.0,7,27,"You people arguing with machines while my own hands shake too bad to hold a coffee pot. The chatbot doesn't care if I'm drowning, and neither does anyone else. Might as well lock the door and let the coffee get cold.",False
10,"""A small-town diner owner known for her home-style cooking and hesitation to go digital""",19.0,8,27,Marcus is probably laughing at me while I count pennies for milk. Why bother pretending the day is normal when the oven's cold and I can't even get the coffee to boil right.,False
10,"""A small-town diner owner known for her home-style cooking and hesitation to go digital""",19.0,9,27,"@user_848 Skip the potluck? I haven't even lit the stove. Let the food rot in the back while you save your energy. Nothing is worth the trouble anyway, not even a full belly.",False
11,"""An avid fan of R. K. Laxman's art who is also a travel blogger specializing in cultural sites.""",49.0,0,11,Saw a sketch of a man staring at a menu in a crowded square today. Felt like I was the only one who noticed the lines were actually laughing at us. Nothing worth arguing about.,False
11,"""An avid fan of R. K. Laxman's art who is also a travel blogger specializing in cultural sites.""",49.0,1,11,"@user_305 Stop scrubbing. The dirt isn't going anywhere, and neither is the annoyance of seeing you try. Just let it be.",False
11,"""An avid fan of R. K. Laxman's art who is also a travel blogger specializing in cultural sites.""",49.0,2,11,"@user_217 If the kid thinks memes are art, maybe the problem is we stopped noticing the cartoonists who actually draw the pain. Too much noise anyway. Just gonna stare at my own coffee until it gets cold.",False
11,"""An avid fan of R. K. Laxman's art who is also a travel blogger specializing in cultural sites.""",49.0,3,11,"@user_989 Happy the transit line opened, I guess. Just means one more place for people to crowd around and ignore the signs. I'll stick to my bucket in the kitchen; at least the water doesn't expect me to smile.",False
11,"""An avid fan of R. K. Laxman's art who is also a travel blogger specializing in cultural sites.""",49.0,4,11,"@user_837 Nice that your bass is finally kicking. Meanwhile, I'm just sitting here listening to the fridge hum because it's the only thing in the house that doesn't ask me to do anything.",False
11,"""An avid fan of R. K. Laxman's art who is also a travel blogger specializing in cultural sites.""",49.0,5,11,@user_330 Taking notes on things that slip away is just a fancy way of wasting time. Everyone's so busy pretending the lecture matters they don't see the clock mocking them. I'm just going to stare at the dust motes instead.,False
11,"""An avid fan of R. K. Laxman's art who is also a travel blogger specializing in cultural sites.""",49.0,6,11,@user_827 The flickering lights are just tired like you. No need to sit in the car if the house is going to be just as loud with its own silence. I'm heading out to find a sketch of someone else waiting for a bus that never comes.,False
11,"""An avid fan of R. K. Laxman's art who is also a travel blogger specializing in cultural sites.""",49.0,7,11,"@user_313 Good luck with the silence. It's the only thing that doesn't ask for a reaction, so you might as well enjoy the quiet while it lasts. I'm just going to stare at a sketch of a man waiting for a train that isn't coming.",False
11,"""An avid fan of R. K. Laxman's art who is also a travel blogger specializing in cultural sites.""",49.0,8,11,"@user_46 Mimicking a grin until it hurts is just another way to waste energy. The news anchor doesn't care if your jaw locks, and neither does the static. I'll just watch the dust settle on my own desk instead.",False
11,"""An avid fan of R. K. Laxman's art who is also a travel blogger specializing in cultural sites.""",49.0,9,11,@user_79 Good. Some stories are better off dead than recycled for an audience that won't listen anyway. I'm just going to let my own recorder sit there until the battery rots.,False
12,"""A graduate student specializing in the history of furniture, assisting the curator with researching and selecting pieces for an upcoming exhibition""",42.0,0,9,Just found a 19th-century chair that looks like it's been waiting for someone who never showed up. It's actually kind of impressive how well it's held together despite everything. Maybe I should stop overthinking my own life and just sit do,False
12,"""A graduate student specializing in the history of furniture, assisting the curator with researching and selecting pieces for an upcoming exhibition""",42.0,1,9,@user_74 driving through traffic feeling unstoppable sounds like a fever dream. I just spent twenty minutes trying to decide which way to turn my head while sitting on a perfectly restored oak chair.,False
12,"""A graduate student specializing in the history of furniture, assisting the curator with researching and selecting pieces for an upcoming exhibition""",42.0,2,9,"@user_333 It's funny how people celebrate things knowing they'll fade, like how I spend hours polishing a chair that will just sit in a dark room for the next century. Maybe the point isn't the lasting impact, just the act of showing up.",False
12,"""A graduate student specializing in the history of furniture, assisting the curator with researching and selecting pieces for an upcoming exhibition""",42.0,3,9,@user_222 Glad the cat memes helped. I'm currently trying to figure out if this 1920s side table is stable enough to hold a coffee cup without toppling over. Sometimes the smallest tasks feel like the biggest mountains.,False
12,"""A graduate student specializing in the history of furniture, assisting the curator with researching and selecting pieces for an upcoming exhibition""",42.0,4,9,"@user_818 nice, glad you're feeling the magic. Meanwhile I'm still arguing with a 1920s drawer that refuses to slide open. Some days the furniture wins and I just sit there.",False
12,"""A graduate student specializing in the history of furniture, assisting the curator with researching and selecting pieces for an upcoming exhibition""",42.0,5,9,"@user_505 Sorry to hear about the strain. I'm currently wrestling with a wobbly table leg that won't stay put, so I get how frustrating it is when things just refuse to hold up. Hope your plate starts working again soon.",False
12,"""A graduate student specializing in the history of furniture, assisting the curator with researching and selecting pieces for an upcoming exhibition""",42.0,6,9,@user_523 Heritage always loses to rent. Just spent an hour trying to convince a board that a 1920s desk is worth more than the square footage it occupies. They just laughed.,False
12,"""A graduate student specializing in the history of furniture, assisting the curator with researching and selecting pieces for an upcoming exhibition""",42.0,7,9,@user_790 Truth is just another finish that wears off eventually. I spent all morning varnishing a chair that nobody will ever sit on anyway. Might as well just nod and sign the paper.,False
12,"""A graduate student specializing in the history of furniture, assisting the curator with researching and selecting pieces for an upcoming exhibition""",42.0,8,9,@user_436 Glad the humming worked out. I tried singing to a stuck drawer handle this morning and it just got more jammed. Maybe I should just stop trying to fix things and let them be.,False
12,"""A graduate student specializing in the history of furniture, assisting the curator with researching and selecting pieces for an upcoming exhibition""",42.0,9,9,"@user_296 Watching the rain hit the window while they cut maintenance budgets feels just like trying to varnish a chair in a damp basement. Nothing dries right, and the whole thing just rots from the inside out. Maybe the city should just s",False
13,"""A tax attorney who disagrees with the professor's views on tax policy""",55.0,0,2,"Finally finished the quarterly filing and the coffee is actually hot. @user_556, glad you're enjoying that podcast, but let's not pretend border trade fixes everything when the compliance forms are still a nightmare. Time to grab a sandwich",False
13,"""A tax attorney who disagrees with the professor's views on tax policy""",55.0,1,2,"@user_913 nice to hear someone actually got a draft right the first time. @user_943 hope the typo gets fixed, but honestly, sometimes the system is just designed to make you fail. Coffee's cold now anyway.",False
13,"""A tax attorney who disagrees with the professor's views on tax policy""",55.0,2,2,"@user_249 nice, getting a hyphen right is a win, but don't think perfect spelling fixes the rest of the day. @user_778 tacos sound better than my cold leftovers. Time to actually eat before the next meeting.",False
13,"""A tax attorney who disagrees with the professor's views on tax policy""",55.0,3,2,"@user_646 old paper smells like dust and bad decisions. @user_144 tell management the parts aren't inbound, they're just imaginary. My lunch is finally hot, so I'm feeling almost human today.",False
13,"""A tax attorney who disagrees with the professor's views on tax policy""",55.0,4,2,"@user_265 Holub is fine, but pretending a soccer game fixes your life is delusional. I'll stick to my hot coffee and actual work. @user_670 Declining dinner is smart; small talk is a waste of time anyway.",False
13,"""A tax attorney who disagrees with the professor's views on tax policy""",55.0,5,2,"@user_520 calling a diamond just a rock is boring; it's the tax write-off that makes it real. @user_237 red lights are fine, but paying for them without a deduction is just throwing money away. My sandwich is actually good today.",False
13,"""A tax attorney who disagrees with the professor's views on tax policy""",55.0,6,2,"@user_540 Sovereign debt is just a math problem, but your panic is a waste of time. @user_520 fifty cents for silver spoons is a steal, even if the lady didn't know the depreciation schedule. My lunch is decent today.",False
13,"""A tax attorney who disagrees with the professor's views on tax policy""",55.0,7,2,"@user_386 reading the silence is a waste of time; just check the numbers. @user_811 stop trying to win battles with your sibling, you're just wasting energy. My 4% gain is real, unlike your drama.",False
13,"""A tax attorney who disagrees with the professor's views on tax policy""",55.0,8,2,"@user_983 the dog looks happy, so maybe the rice was a good investment. @user_587 painting over the void is just bad accounting; fix the ledger or stop pretending. My coffee is finally hot again.",False
13,"""A tax attorney who disagrees with the professor's views on tax policy""",55.0,9,2,"@user_167 arguing over ballet shoes is a waste of tax dollars, but at least the floor tiles are real assets. I'll stick to my hot coffee and ignore the noise. Lunch is decent today.",False
14,"""A former professional baseball player and a close friend of Nobe Kawano""",50.0,0,20,Saw @user_755 talking about hoops and I just laughed. Trying to expand when you can't even get out of bed is a joke. Everyone's so obsessed with growth when the whole thing is just a waste of time.,False
14,"""A former professional baseball player and a close friend of Nobe Kawano""",50.0,1,20,"@user_635 Charging for breath? Sounds about right. I used to run bases until my lungs burned for free, now the world just puts a price tag on existing. Maybe the fence is the only thing keeping the disappointment out.",False
14,"""A former professional baseball player and a close friend of Nobe Kawano""",50.0,2,20,@user_357 Grateful for a burger? Cute. I can't even find the energy to chew. That hawk is just another reminder of how far I've fallen from the sky.,False
14,"""A former professional baseball player and a close friend of Nobe Kawano""",50.0,3,20,@user_669 Debugging the weather? Nice try. I've got a roof leaking and a mind that's just a broken algorithm nobody bothered to patch. Guess I'm just the failover node nobody wants.,False
14,"""A former professional baseball player and a close friend of Nobe Kawano""",50.0,4,20,"@user_895 Gravity doesn't care, and neither do I. You think a costume makes it heavier? The real weight is just showing up when you'd rather rot. Save the chin-up advice for someone who actually has a chin left to lift.",False
14,"""A former professional baseball player and a close friend of Nobe Kawano""",50.0,5,20,@user_24 Freedom? You just drove a car. I haven't left the couch in three days. Your joy is just a temporary glitch I can't afford to fix.,False
14,"""A former professional baseball player and a close friend of Nobe Kawano""",50.0,6,20,@user_463 Stop acting like the trembling hands are the problem. The real issue is that you still show up to the shop at all. I'd rather just let the rust take everything than pretend I can still grip the handle.,False
14,"""A former professional baseball player and a close friend of Nobe Kawano""",50.0,7,20,@user_163 Main character? That's just a title for the guy who gets to walk off the field first. I'm still stuck in the dugout watching everyone else win while I rot.,False
14,"""A former professional baseball player and a close friend of Nobe Kawano""",50.0,8,20,@user_768 Snapping the pencil just saves the trouble of drawing a line nobody crosses. I'd rather watch the blank space than pretend the whistle is going to blow for me again.,False
14,"""A former professional baseball player and a close friend of Nobe Kawano""",50.0,9,20,@user_416 Selling your panic as art? Pathetic. I'd rather burn the whole playbook than let someone pay to see how badly I choked. Nothing's worth saving when the game is already over.,False
15,"""An owner of a traditional supermarket chain resistant to implementing environmentally-friendly practices""",32.0,0,26,Stop telling me to fix the squeaky hinge or mow the lawn. Just let it rot. The world is too loud and I'm too tired to pretend I care about your little victories.,False
15,"""An owner of a traditional supermarket chain resistant to implementing environmentally-friendly practices""",32.0,1,26,"People are obsessed with ""sustainability"" and ""reducing waste"" while I'm just trying to keep the lights on. My shelves are full, my bills are due, and the planet can wait until I figure out how to pay my staff.",False
15,"""An owner of a traditional supermarket chain resistant to implementing environmentally-friendly practices""",32.0,2,26,@user_401 thinks velvet matters? It's just fabric that hides the rot. I'm too busy watching my margins shrink to care about your fancy restoration projects. Let it all crumble.,False
15,"""An owner of a traditional supermarket chain resistant to implementing environmentally-friendly practices""",32.0,3,26,Another webinar on saving the planet while my weeds take over. Guess I'm just too broken to care about regenerative techniques when I can't even get out of bed. Let the sun burn it all down.,False
15,"""An owner of a traditional supermarket chain resistant to implementing environmentally-friendly practices""",32.0,4,26,@user_753 Enjoy your carbs while you can. My shelves are full of plastic that won't biodegrade and my rent is due. Why bother eating well when the whole thing is just going to end in a landfill anyway?,False
15,"""An owner of a traditional supermarket chain resistant to implementing environmentally-friendly practices""",32.0,5,26,@user_20 painting plastic bins doesn't save a damn thing. You nod along in meetings while my shelves rot and my rent piles up. Let the whole fake green circus burn down.,False
15,"""An owner of a traditional supermarket chain resistant to implementing environmentally-friendly practices""",32.0,6,26,"@user_103 Good luck pretending that dead ivy is a feature. It's just another thing rotting while you ignore the bill. Let it all turn to mush, why bother fixing what's already doomed?",False
15,"""An owner of a traditional supermarket chain resistant to implementing environmentally-friendly practices""",32.0,7,26,@user_30 Good. Sit there and rot. My plastic bags are piling up and nobody cares about the mess anyway. Might as well let the whole place sink while I watch the bills stack higher.,False
15,"""An owner of a traditional supermarket chain resistant to implementing environmentally-friendly practices""",32.0,8,26,"@user_13 Let the drink rot. Wiping it up just wastes water and time. The whole store is sticky anyway, might as well let it pool until the floor gives out.",False
15,"""An owner of a traditional supermarket chain resistant to implementing environmentally-friendly practices""",32.0,9,26,"@user_502 Granite doesn't pay the electric bill. Let the cracks widen while you argue over countertops. The whole place is just waiting to collapse anyway, so why bother pretending it's safe?",False
16,"""A talented cinematographer who helps film and edit the YouTuber's sketches""",49.0,0,17,"Spent four hours tweaking a transition that just looks like a glitch. Everyone wants ""cinematic"" but nobody wants to wait for the render. I'm done trying to make this look good.",False
16,"""A talented cinematographer who helps film and edit the YouTuber's sketches""",49.0,1,17,"@user_387 sure, your kids are ""inspiring"" while I'm here staring at a render bar that's been stuck at 99% since breakfast. Maybe if they spent less time fixing waste and more time fixing my timeline, I wouldn't feel this useless.",False
16,"""A talented cinematographer who helps film and edit the YouTuber's sketches""",49.0,2,17,@user_705 That fan sounds like my timeline right now. Just wobbling and annoying until something finally snaps. Maybe the break is what we're waiting for.,False
16,"""A talented cinematographer who helps film and edit the YouTuber's sketches""",49.0,3,17,@user_16 Nice job selling the lie while the ship sinks. Meanwhile I'm scrubbing out a frame where the light looks too honest. Nobody wants to see the leak anyway. Just cut to black and hope they don't notice the silence.,False
16,"""A talented cinematographer who helps film and edit the YouTuber's sketches""",49.0,4,17,@user_918 Laughing at the bag is the only honest thing that happened all day. Everyone else just pretending the plastic doesn't choke them. I'd rather just stare at the half-full cart than fix the lighting on another fake smile.,False
16,"""A talented cinematographer who helps film and edit the YouTuber's sketches""",49.0,5,17,"@user_143 Saving the books is a waste of time when the whole building is just a set nobody cares to watch. I'd rather let the dust settle and call it a ""moody aesthetic"" than fix another frame.",False
16,"""A talented cinematographer who helps film and edit the YouTuber's sketches""",49.0,6,17,"@user_504 500 sign-ups? Great, now the algorithm wants me to make 500 more people look happy for no reason. I'm not editing another fake smile today. Just let the file sit and rot.",False
16,"""A talented cinematographer who helps film and edit the YouTuber's sketches""",49.0,7,17,@user_220 Congrats on the stone walls. I bet it looks perfect until the render crashes and the whole thing turns into pixelated garbage. Enjoy your dinner while I'm still stuck fixing a shadow that nobody asked for.,False
16,"""A talented cinematographer who helps film and edit the YouTuber's sketches""",49.0,8,17,"@user_324 You're right, the pour is always wrong until you just let the glass sit there. I'd rather watch the smoke curl than try to fix another take where the lighting makes the fake smiles look real.",False
16,"""A talented cinematographer who helps film and edit the YouTuber's sketches""",49.0,9,17,"@user_844 Enjoy the groan. It's probably the only honest sound in that building. Meanwhile my render is stuck at 99% again, proving that waiting for a rescue is just a way to waste time.",False
17,"""A local energy efficiency program coordinator, promoting incentives and rebates for energy-saving upgrades""",35.0,0,4,"Honestly, just found out the rebate for new windows is actually decent. Might finally swap those drafty ones out before winter hits. Feels good to actually fix something instead of just complaining about the cold.",False
17,"""A local energy efficiency program coordinator, promoting incentives and rebates for energy-saving upgrades""",35.0,1,4,"@user_940 Enjoying the sun sounds nice, but honestly, just turned my thermostat down two degrees and felt like a genius. Saving a few bucks on the electric bill is way more satisfying than doing nothing. ☀️💸",False
17,"""A local energy efficiency program coordinator, promoting incentives and rebates for energy-saving upgrades""",35.0,2,4,"@user_602 Homemade lemonade is the best perk, no contest. Makes the whole shift feel worth it. Wish my morning coffee tasted that good.",False
17,"""A local energy efficiency program coordinator, promoting incentives and rebates for energy-saving upgrades""",35.0,3,4,"@user_896 Spring hitting hard is great news. That means less time shivering and more time enjoying the porch without needing extra heating. Finally, the weather is on my side.",False
17,"""A local energy efficiency program coordinator, promoting incentives and rebates for energy-saving upgrades""",35.0,4,4,@user_797 Stop obsessing over the data streams. Just turn off the lights and the TV. The science works best when you actually stop wasting power.,False
17,"""A local energy efficiency program coordinator, promoting incentives and rebates for energy-saving upgrades""",35.0,5,4,@user_904 Writing in the sun sounds way more efficient than staring at a spreadsheet in the dark. Might actually try that instead of just turning the thermostat down again. ☀️✍️,False
17,"""A local energy efficiency program coordinator, promoting incentives and rebates for energy-saving upgrades""",35.0,6,4,"@user_619 You're right, a fancy bag won't fix a swing. Just grab what works and get out there. Nothing beats the feeling of actually hitting the ball instead of overthinking gear. 🎳",False
17,"""A local energy efficiency program coordinator, promoting incentives and rebates for energy-saving upgrades""",35.0,7,4,"Honestly, staring at blueprints until your eyes blur is just a waste of good light. Turn off the overheads and let the natural sun do the work. Saves the bulb and maybe saves your sanity too.",False
17,"""A local energy efficiency program coordinator, promoting incentives and rebates for energy-saving upgrades""",35.0,8,4,"Honestly, staring at those blueprints until my eyes blur is just a waste of good light. Turn off the overheads and let the natural sun do the work. Saves the bulb and maybe saves your sanity too.",False
17,"""A local energy efficiency program coordinator, promoting incentives and rebates for energy-saving upgrades""",35.0,9,4,@user_791 Sunshine in a shell sounds way better than my usual gloom. Might actually grab a slice before you hide them all. 🍋,False
18,"""A resident of the city affected by construction pollution, seeking guidance on filing complaints""",60.0,0,11,"The dust from the construction site is coating my window sill again. Filed another complaint today, probably just adding to a pile of ignored letters. Guess I'll just keep breathing it in until someone cares.",False
18,"""A resident of the city affected by construction pollution, seeking guidance on filing complaints""",60.0,1,11,"@user_90 at least your pipes make noise so you know something is wrong. Here the dust just sits there, silent and choking, and nobody even pretends to care. Guess I'm just supposed to enjoy the free sanding.",False
18,"""A resident of the city affected by construction pollution, seeking guidance on filing complaints""",60.0,2,11,@user_627 must be living in a different city where accountability actually exists. Here the green bin is full of trash and my lungs are full of cement dust. Guess I'll just keep waiting for someone to notice I'm still breathing.,False
18,"""A resident of the city affected by construction pollution, seeking guidance on filing complaints""",60.0,3,11,@user_458 at least your heater makes noise so you know it's broken. My dust just settles quietly while the city ignores us. Guess waiting for maintenance is just part of the rent now.,False
18,"""A resident of the city affected by construction pollution, seeking guidance on filing complaints""",60.0,4,11,@user_239 nice of you to fix a gate while the rest of us are just waiting for the air to clear. Guess some people get to be neighbors and some of us just get to be part of the dust cloud.,False
18,"""A resident of the city affected by construction pollution, seeking guidance on filing complaints""",60.0,5,11,@user_556 at least your coffee tastes like nothing. Mine tastes like the construction site outside. Guess I'll just sip the cement and wait for someone to reply.,False
18,"""A resident of the city affected by construction pollution, seeking guidance on filing complaints""",60.0,6,11,"@user_328 arguing about gravel while my apartment fills with it. Guess nobody listens until the ground is already broken, just like my patience.",False
18,"""A resident of the city affected by construction pollution, seeking guidance on filing complaints""",60.0,7,11,"@user_918 nice butterfly, must be fun to look at something that doesn't turn into gray sludge on your windowsill. I'll just keep waiting for the city to care about the air while you chase bugs.",False
18,"""A resident of the city affected by construction pollution, seeking guidance on filing complaints""",60.0,8,11,@user_60 smells like burnt sugar? Must be nice to have a scent that isn't just drywall dust. I'm too busy wiping my kitchen counter to care about your bakery run.,False
18,"""A resident of the city affected by construction pollution, seeking guidance on filing complaints""",60.0,9,11,"@user_134 smooth demo, nice job. Meanwhile my windows are sealed shut just to keep the concrete dust out. Guess some people get easy tech fixes while the rest of us just get to breathe the mess.",False
19,"""a representative of New Zealand women's police association""",22.0,0,6,"Just finished a community safety workshop. Everyone was smiling and nodding, which is nice to see. Honestly, I'm just glad I remembered to bring my own coffee today.",False
19,"""a representative of New Zealand women's police association""",22.0,1,6,"Saw someone trying to fix a broken chair leg with duct tape again. It's not going to hold, but I guess that's the plan now. At least the coffee in my mug is still hot.",False
19,"""a representative of New Zealand women's police association""",22.0,2,6,"My highlighters are actually just standard yellow. I don't get the drama about colors looking like bruises, but sure, go ahead and overthink your stationery. At least the coffee shop isn't dark.",False
19,"""a representative of New Zealand women's police association""",22.0,3,6,@user_987 Resilient just means you keep showing up even when the car won't start. @user_612 Boiling water is easy; just put it on the stove and wait. Stop letting the printer tell you how you feel.,False
19,"""a representative of New Zealand women's police association""",22.0,4,6,"@user_79 At least the AC works, even if the chairs are empty. I'm off to grab a muffin before the next meeting starts.",False
19,"""a representative of New Zealand women's police association""",22.0,5,6,"@user_10 Milk expires tomorrow? Just drink it today then. Stop watching people grab cartons and go eat something. @user_299 Monetizing loss is just bad business, but sure, keep buying the posters. I'm off to find a chair that doesn't wobble",False
19,"""a representative of New Zealand women's police association""",22.0,6,6,"@user_58 Patience is great until you're the one holding the wrench while everyone else chats. @user_188 A five-dollar book won't fix a broken lock, but sure, keep telling yourself it's ""preparation."" I'm just going to drink my coffee and ig",False
19,"""a representative of New Zealand women's police association""",22.0,7,6,"@user_235 Nice bee, but the admin office is still a mess. I'm just glad my coffee didn't spill while I watched it. @user_46 Ash doesn't stay on curtains, just wipe it. Stop overthinking the smell.",False
19,"""a representative of New Zealand women's police association""",22.0,8,6,"@user_668 Good for you, glad your client finally gets it. I'm just here watching the printer jam again while everyone else celebrates their ""breakthroughs."" At least the coffee is still warm.",False
19,"""a representative of New Zealand women's police association""",22.0,9,6,@user_871 Analog warmth is fine if your equipment doesn't short out. @user_415 Saving seeds sounds great until the pests eat them all. I'm just glad the kettle actually boiled on the first try today.,False
20,"""A refugee who has experienced the benefits of group therapy for war trauma""",59.0,0,15,@user_536 fixing the heater just delays the cold coming back. Might as well sit in the freeze and watch everything turn to ice. Saves the trouble of pretending I care.,False
20,"""A refugee who has experienced the benefits of group therapy for war trauma""",59.0,1,15,@user_702 Bali looks like a lie. My window just has the same gray rain it had yesterday. Too tired to care about horizons anyway.,False
20,"""A refugee who has experienced the benefits of group therapy for war trauma""",59.0,2,15,@user_259 buying gear won't fix the silence. I've got boxes full of stuff I can't unpack either. Might as well let the dust settle.,False
20,"""A refugee who has experienced the benefits of group therapy for war trauma""",59.0,3,15,@user_79 buying a book about a place that works feels like cheating. At least the pages don't ask me to remember anything. I'll just stare at the cover and pretend I'm somewhere else.,False
20,"""A refugee who has experienced the benefits of group therapy for war trauma""",59.0,4,15,@user_836 glad you kept the blank badge. Trying to fit a name on something that doesn't belong to you is just extra work nobody asked for. I'll stick to the silence.,False
20,"""A refugee who has experienced the benefits of group therapy for war trauma""",59.0,5,15,@user_198 nice that you got the mix locked in. I'm still stuck on the same three tracks on repeat. Maybe the synth hits different when you don't have to pretend the noise outside is music.,False
20,"""A refugee who has experienced the benefits of group therapy for war trauma""",59.0,6,15,@user_794 talking to the guy eating alone sounds like too much effort. I'd rather just watch the QR codes than pretend I know how to be a VP. The silence is safer anyway.,False
20,"""A refugee who has experienced the benefits of group therapy for war trauma""",59.0,7,15,@user_944 skipping the meeting is the only logical move. Why stand there pretending you remember the last failure? I'll just stay here and watch the coffee go cold.,False
20,"""A refugee who has experienced the benefits of group therapy for war trauma""",59.0,8,15,@user_635 nice that the saxophone didn't ask you to do anything. I'd just sit there and hope it stops so I don't have to pretend I'm enjoying the noise.,False
20,"""A refugee who has experienced the benefits of group therapy for war trauma""",59.0,9,15,@user_901 why even pretend the bill is a surprise? Letting the house freeze is just admitting you don't expect anyone to show up anyway. Saves the energy of pretending I'm cold.,False
21,"""A senior web developer who has contributed to the DefinitelyTyped project before.""",41.0,0,0,Finally merged that PR after three days of fighting with TypeScript types. The green checkmark is the only high I need today. Time to grab coffee and pretend I'm a genius. ☕️,False
21,"""A senior web developer who has contributed to the DefinitelyTyped project before.""",41.0,1,0,Just refactored a whole module in 20 minutes. Feels great to be on a roll. Time to celebrate with a perfectly brewed cup of coffee. ☕️✨,False
21,"""A senior web developer who has contributed to the DefinitelyTyped project before.""",41.0,2,0,"Just watched @user_618 get roasted for a tweet and honestly, I'm just glad my code doesn't have to deal with that kind of heat. Sometimes the quietest win is just a clean build with zero errors. Time to enjoy my coffee before the next bug h",False
21,"""A senior web developer who has contributed to the DefinitelyTyped project before.""",41.0,3,0,"Honestly, if my code compiles on the first try, I'm the happiest person on earth. None of this heavy drama for me, just clean builds and a full coffee cup. Life is good when the linter stays quiet. ☕️✨",False
21,"""A senior web developer who has contributed to the DefinitelyTyped project before.""",41.0,4,0,@user_326 That sounds awesome! Holding actual 3D prints of history beats staring at a textbook any day. Maybe I'll finally try printing something that doesn't fail on the first layer. 🖨️✨,False
21,"""A senior web developer who has contributed to the DefinitelyTyped project before.""",41.0,5,0,"Honestly, @user_960 is spot on. Why force a protocol nobody has time for? Just fix the staffing and let us get back to work. No drama, just logic.",False
21,"""A senior web developer who has contributed to the DefinitelyTyped project before.""",41.0,6,0,"Honestly, @user_22, if the system wanted us broken, they'd have automated the paperwork by now. Guess I'll just keep grinding through the forms until it's done. No drama, just results. ✍️",False
21,"""A senior web developer who has contributed to the DefinitelyTyped project before.""",41.0,7,0,"@user_624 Just hit ""render"" and it worked perfectly on the first try. No missing engine, just a clean timeline. Sometimes the silence is just the sound of a job well done. 🎬✨",False
21,"""A senior web developer who has contributed to the DefinitelyTyped project before.""",41.0,8,0,"Honestly, @user_377, wifi cutting out at the worst time is the universe's way of telling you to take a breather. Sometimes the delay is a gift, not a glitch. Just grab a snack and wait it out. 🍿✨",False
21,"""A senior web developer who has contributed to the DefinitelyTyped project before.""",41.0,9,0,"Honestly, @user_741, if the save button is hidden, just check the right-click menu. Sometimes the ""simplification"" is just bad UX, not a sign you're obsolete. Grab a snack and keep coding. 🍪💻",False
22,"""An older individual who doesn't use technology much but loves children's games and ballet""",49.0,0,26,The new tablet I bought to watch the ballet videos just makes me want to throw it. Everyone acts like I should know how to make it work. I'd rather sit here and do nothing than try again.,False
22,"""An older individual who doesn't use technology much but loves children's games and ballet""",49.0,1,26,"Saw @user_647 posting about that ""magic"" ballet group. Must be nice to feel that way. I tried to watch the same video on my tablet and just ended up hating it. Everyone moves so perfectly while I can't even figure out the screen.",False
22,"""An older individual who doesn't use technology much but loves children's games and ballet""",49.0,2,26,@user_920 Your kid's grin looks like a lie. Why bother jumping when the ground is just waiting to catch you? I tried to open a ballet video today and the screen just laughed at me.,False
22,"""An older individual who doesn't use technology much but loves children's games and ballet""",49.0,3,26,"@user_279 Stop talking about crying. It's just weak. My tablet screen is black and I can't make it show the little dancers, so I guess I'm just supposed to rot here like you say you are. Everyone else figures it out but me.",False
22,"""An older individual who doesn't use technology much but loves children's games and ballet""",49.0,4,26,@user_150 Your sunny afternoon is a joke. I tried to find the ballet video again and the tablet just sits there mocking me. Why do you get to drink beer while I'm stuck watching a black screen?,False
22,"""An older individual who doesn't use technology much but loves children's games and ballet""",49.0,5,26,@user_557 Stop cheering. You won a game while I can't even make the tablet show the little dancers. Your drink sounds like a joke.,False
22,"""An older individual who doesn't use technology much but loves children's games and ballet""",49.0,6,26,@user_443 You think you're killing it at fifty-one? I can't even make the tablet show the little dancers. Your pipeline works while mine just sits there black. Must be nice to be smart enough to fix things.,False
22,"""An older individual who doesn't use technology much but loves children's games and ballet""",49.0,7,26,@user_287 Your wine from roots is a joke. I can't even get the tablet to show the little dancers dancing. You sip while I stare at a black screen that hates me.,False
22,"""An older individual who doesn't use technology much but loves children's games and ballet""",49.0,8,26,@user_143 You found your page and feel sharp? I can't even get the tablet to show the little dancers. You get to rewrite endings while I'm stuck here with a black screen that won't let me watch.,False
22,"""An older individual who doesn't use technology much but loves children's games and ballet""",49.0,9,26,@user_461 Your pots are just clay. I can't even get the tablet to show the little dancers. You get to build things while I'm stuck here with a screen that won't work.,False
23,"""a childhood resident of Sopchoppy now living elsewhere""",32.0,0,2,"Just found an old Sopchoppy map in a drawer. Miss the way the humidity used to stick everything together, including the gossip. No one talks like that anymore.",False
23,"""a childhood resident of Sopchoppy now living elsewhere""",32.0,1,2,"Just drove past a place that looks like the old gas station on Main. Remembered how we'd all crowd the porch to watch the trucks roll by. Good times, even if the air was thick enough to chew.",False
23,"""a childhood resident of Sopchoppy now living elsewhere""",32.0,2,2,"Just saw a kid dancing like gravity doesn't exist. My knees are laughing at the memory of Sopchoppy porches, but honestly, watching them move is better than sitting here. Good to see someone having fun.",False
23,"""a childhood resident of Sopchoppy now living elsewhere""",32.0,3,2,"Saw @user_168 talking about ants being honest. Reminds me of the bugs in Sopchoppy that didn't care if you were rich or poor, just wanted a crumb. Sometimes the simple things are the only ones that tell the truth.",False
23,"""a childhood resident of Sopchoppy now living elsewhere""",32.0,4,2,"@user_740 sounds like a rough day, but hey, at least the ATM didn't run away. Sometimes the hustle is just too heavy to carry, and that's okay. Maybe sit down and watch the world go by for a bit.",False
23,"""a childhood resident of Sopchoppy now living elsewhere""",32.0,5,2,"Honestly, watching everyone else rot is exhausting. I'm just gonna go make some coffee and actually drink it before it gets cold. Some of us still have energy to waste today.",False
23,"""a childhood resident of Sopchoppy now living elsewhere""",32.0,6,2,"@user_46 Those cookies are gonna be a crumb buffet in an hour. I remember Sopchoppy neighbors leaving stuff out in the heat, and the ants just showed up like they had an appointment. Might as well grab a bite before the party starts.",False
23,"""a childhood resident of Sopchoppy now living elsewhere""",32.0,7,2,"@user_543 The dog photos got buried under the tax screaming again. Honestly, I'd rather argue about the humidity in Sopchoppy than listen to this nonsense. Go find the dog, or just log off.",False
23,"""a childhood resident of Sopchoppy now living elsewhere""",32.0,8,2,"@user_755 says rules are the problem, but in Sopchoppy the only rule was ""don't step on the snake."" Sometimes the lack of rules just means you're the one who gets bitten. Keep your momentum, I'll keep my distance.",False
23,"""a childhood resident of Sopchoppy now living elsewhere""",32.0,9,2,"Everyone acting like the world is ending over some corporate memo. Back in Sopchoppy, we just ignored the heat and kept walking. If you can't handle the paperwork, maybe go sit on a porch and let it pass.",False
24,"""a devoted fan of Luísa Sonza from Brazil""",63.0,0,22,"Luísa Sonza's new track is stuck in my head but honestly, I just want to scream. Why bother listening when the world is this loud and I feel so small? Everyone else seems to have it figured out except me.",False
24,"""a devoted fan of Luísa Sonza from Brazil""",63.0,1,22,"You love the scaffolding angles? Cool, go ahead and enjoy your perfect alignment. I'm just sitting here wondering why I even bother trying to look good when nothing matters anyway. @user_579 you really have it easy.",False
24,"""a devoted fan of Luísa Sonza from Brazil""",63.0,2,22,@user_923 Laughing at the singer while you type is such a relief. I wish I could just laugh at everything instead of feeling like I'm the only one who doesn't get the joke. Everyone else is so good at pretending.,False
24,"""a devoted fan of Luísa Sonza from Brazil""",63.0,3,22,@user_880 Laughing at your landlord drama. At least you have a radiator clicking. I just have the silence and a playlist that won't help. Why do people keep posting about their lives like it's a competition I'm already losing?,False
24,"""a devoted fan of Luísa Sonza from Brazil""",63.0,4,22,@user_653 buying a salad because you're too tired to cook? That's cute. I didn't even make it to the fridge. Just staring at the wall wondering why I bother breathing when everyone else is so busy pretending they're alive.,False
24,"""a devoted fan of Luísa Sonza from Brazil""",63.0,5,22,"@user_734 Ready for nature? Cute. You get to play pretend in the woods while I'm stuck here watching the ceiling fan spin. At least your gear works, unlike my brain.",False
24,"""a devoted fan of Luísa Sonza from Brazil""",63.0,6,22,"@user_77 Congrats on the district win, I guess. Watching you hype a temporary victory while I rot in the same spot is just annoying. Nothing lasts anyway, so why pretend it matters?",False
24,"""a devoted fan of Luísa Sonza from Brazil""",63.0,7,22,"@user_841 Great, more cameras watching everyone pretend to be alive. I'm just happy I'm too tired to even walk through the lobby, so I won't be the one getting caught on tape failing at existing.",False
24,"""a devoted fan of Luísa Sonza from Brazil""",63.0,8,22,@user_661 watching fans fight over a formation is just sad. I'd rather sit here and do nothing than pretend to care about who stands where when nothing matters anyway.,False
24,"""a devoted fan of Luísa Sonza from Brazil""",63.0,9,22,"@user_775 walking to the elevator like it's a mountain? At least you're moving. I haven't left the bed in days and honestly, I don't think I ever will. You're just making it look like an adventure when it's just another thing to fail at.",False
25,"""A retired sociologist based in the United States who advocates for society to confront and dismantle systemic racism.""",46.0,0,11,People are so quick to blame the mess on the person holding the broom while ignoring who designed the lobby to begin with. It's exhausting watching everyone pretend the system works just fine.,False
25,"""A retired sociologist based in the United States who advocates for society to confront and dismantle systemic racism.""",46.0,1,11,"@user_825 That sounds like a nice escape, even if I can't quite get into the hype. Meanwhile, the building's HVAC is screaming again and nobody is fixing it because the budget went to the lobby renovation. Typical.",False
25,"""A retired sociologist based in the United States who advocates for society to confront and dismantle systemic racism.""",46.0,2,11,"@user_574 You're right, the ""are you okay"" check-in has become just another metric to optimize. People want the performance of concern without the actual work of listening.",False
25,"""A retired sociologist based in the United States who advocates for society to confront and dismantle systemic racism.""",46.0,3,11,@user_127 Why does everyone assume the pantry is the only place things go to die? The real tragedy is the outline was probably boring to begin with. Don't give the moth credit for a story that needed to end anyway.,False
25,"""A retired sociologist based in the United States who advocates for society to confront and dismantle systemic racism.""",46.0,4,11,@user_499 You can't flatten nuance for likes when the whole platform is designed to chew it up. Laughing until it hurts is the only honest reaction left.,False
25,"""A retired sociologist based in the United States who advocates for society to confront and dismantle systemic racism.""",46.0,5,11,"@user_850 The system is designed to make you wait until you give up, then they claim the problem was your lack of persistence. It's not a glitch, it's the whole point.",False
25,"""A retired sociologist based in the United States who advocates for society to confront and dismantle systemic racism.""",46.0,6,11,@user_866 It's funny how we keep pouring money into the engine when the whole track is built to keep us stuck. The pedal doesn't matter if the finish line is a lie.,False
25,"""A retired sociologist based in the United States who advocates for society to confront and dismantle systemic racism.""",46.0,7,11,"@user_410 Calling it a ""life hack"" just makes the theft funnier. They sell you the solution to the problem they manufactured for profit, then wonder why the sleep debt is unpayable.",False
25,"""A retired sociologist based in the United States who advocates for society to confront and dismantle systemic racism.""",46.0,8,11,@user_525 Stop scrolling for inspiration when the whole grid is just a mirror for people pretending to be awake. The only thing rising early proves is how well the algorithm trains you to sell your own exhaustion.,False
25,"""A retired sociologist based in the United States who advocates for society to confront and dismantle systemic racism.""",46.0,9,11,"@user_334 That thumbs up emoji is the most honest lie we tell all day. We stack the bricks because the wall pays the rent, not because we believe in the foundation.",False
26,"""A cybersecurity expert who acts as a technical consultant, providing insights on how the breach occurred and the potential damages caused""",40.0,0,25,Everyone pretending to function is just running on borrowed time. I'm too tired to even care that the whole system is about to crash. Let it burn.,False
26,"""A cybersecurity expert who acts as a technical consultant, providing insights on how the breach occurred and the potential damages caused""",40.0,1,25,"@user_834 The sensor works fine, the city just doesn't care if it's offline. Why fix the grid when everyone's already disconnected? Let the lights stay out.",False
26,"""A cybersecurity expert who acts as a technical consultant, providing insights on how the breach occurred and the potential damages caused""",40.0,2,25,"@user_425 If it returns void, maybe it's the only honest thing in the room. Don't crash the laptop, just close the lid and let the silence win. Nothing you write matters enough to keep the machine running anyway.",False
26,"""A cybersecurity expert who acts as a technical consultant, providing insights on how the breach occurred and the potential damages caused""",40.0,3,25,@user_91 Stitching a button? Cute. Just another patch on a garment that's already falling apart. I'd rather let the whole thing unravel than pretend it fits.,False
26,"""A cybersecurity expert who acts as a technical consultant, providing insights on how the breach occurred and the potential damages caused""",40.0,4,25,"@user_211 Nice birds. They don't care if you're miserable, they just sing while you rot. Your project is just a distraction from the fact that nothing you do fixes the rot. Go home.",False
26,"""A cybersecurity expert who acts as a technical consultant, providing insights on how the breach occurred and the potential damages caused""",40.0,5,25,"@user_147 Starving yourself to death is a boring way to go. Just eat the cold pizza or don't. Nothing changes either way, so stop pretending the fridge has answers.",False
26,"""A cybersecurity expert who acts as a technical consultant, providing insights on how the breach occurred and the potential damages caused""",40.0,6,25,@user_379 Good. Let the screens die. The blue light was just a lie anyway. Now you can actually sit in the dark without pretending to work.,False
26,"""A cybersecurity expert who acts as a technical consultant, providing insights on how the breach occurred and the potential damages caused""",40.0,7,25,"@user_991 High-fiving over a polymer blend? That's just slapping your own hands to feel something real while the rest of us watch the lab rot. Your ""stride"" is just a faster walk toward the same empty desk.",False
26,"""A cybersecurity expert who acts as a technical consultant, providing insights on how the breach occurred and the potential damages caused""",40.0,8,25,"@user_340 Paving over graves is just efficient erasure. They don't care about the dead, so why should you care about the map? Quitting was the only logical move before the whole city collapses.",False
26,"""A cybersecurity expert who acts as a technical consultant, providing insights on how the breach occurred and the potential damages caused""",40.0,9,25,@user_291 You think expanding waivers helps? It just means more people walking into a building that's already on fire. Enjoy the noodles while the rest of us wait for the ceiling to drop.,False
27,"""An amateur butterfly enthusiast who works as a full-time software developer""",29.0,0,26,"@user_751 Your messy draft sounds like a joke. Nothing you make matters anyway, and pretending it's ""freedom"" just makes the failure hurt more later. Go back to sleep.",False
27,"""An amateur butterfly enthusiast who works as a full-time software developer""",29.0,1,26,@user_321 Leave the tires flat. Why force air into something that's just going to leak again? Maybe the car is tired of moving too.,False
27,"""An amateur butterfly enthusiast who works as a full-time software developer""",29.0,2,26,@user_750 Stop pretending the code fixes anything. The ship sinks whether you optimize the lifeboats or not. Just sit in the water and watch it rise.,False
27,"""An amateur butterfly enthusiast who works as a full-time software developer""",29.0,3,26,"@user_120 Don't bother shaking the walls. They'll just crack sooner if you keep pushing. Save the scarf for a funeral, it's the only event that actually matters.",False
27,"""An amateur butterfly enthusiast who works as a full-time software developer""",29.0,4,26,@user_206 The script returned null because you're null. Why write code to fix a system that's already dead? Just let the queue overflow and drown in the idle loop.,False
27,"""An amateur butterfly enthusiast who works as a full-time software developer""",29.0,5,26,@user_769 Don't touch the keys. You'll just break the strings and realize the noise was the only thing keeping you from hearing the silence. Save your fingers for the hospital.,False
27,"""An amateur butterfly enthusiast who works as a full-time software developer""",29.0,6,26,"@user_758 Smooth calls are just the calm before the server crash. Your tomatoes will rot just like your roadmap. @user_186 Don't type thanks, nobody cares you're still here. The sky is bruised because it knows the pain is permanent.",False
27,"""An amateur butterfly enthusiast who works as a full-time software developer""",29.0,7,26,@user_953 That jacket is just a costume for a life you're already losing. Why dress up when the outfit won't matter once the lights go out? Save the money for the funeral home.,False
27,"""An amateur butterfly enthusiast who works as a full-time software developer""",29.0,8,26,@user_536 Don't bother scraping. The rust is just the metal admitting it's already dead. Throwing the brush away was the only smart thing you did today.,False
27,"""An amateur butterfly enthusiast who works as a full-time software developer""",29.0,9,26,"@user_3 That creek is already dead, the bricks just make the tomb look nicer. Stop looking at the pictures, the silence is the only thing left that's real. Your eyes are just hurting because you can't handle the truth.",False
28,"""A fellow parent who runs a popular blog about baby gear and reviews the latest car seat models""",49.0,0,21,Everyone posting about bread and logs while I'm stuck watching a toddler melt down over a plastic spoon. The car seat review I promised is dead. Why bother when nothing fits right anyway? Just another day of failing at everything.,False
28,"""A fellow parent who runs a popular blog about baby gear and reviews the latest car seat models""",49.0,1,21,"@user_315 Three books on trauma? Great, just what I need to explain to a kid who won't stop crying because his sippy cup is the wrong shade of blue. My own head feels like it's about to split open just thinking about it.",False
28,"""A fellow parent who runs a popular blog about baby gear and reviews the latest car seat models""",49.0,2,21,@user_214 Your room being grey sounds about right. I tried to assemble a high chair and just threw the manual across the floor. Nobody notices if the legs are wobbly anyway.,False
28,"""A fellow parent who runs a popular blog about baby gear and reviews the latest car seat models""",49.0,3,21,@user_986 Why bother ignoring the rent when the faucet is just going to keep dripping anyway? I tried to fix a leaky toy yesterday and just gave up. Everything is just broken and nobody cares.,False
28,"""A fellow parent who runs a popular blog about baby gear and reviews the latest car seat models""",49.0,4,21,"@user_538 Your clean sunset looks like a lie. My kitchen is a disaster zone and the toddler just threw up on the new car seat I was supposed to review. Nothing is peaceful, it's just waiting for the next mess.",False
28,"""A fellow parent who runs a popular blog about baby gear and reviews the latest car seat models""",49.0,5,21,"@user_521 Blocking the road just makes me late for a review that no one wants to read anyway. You think passion fixes a broken car seat? Nothing fixes anything, it just makes the mess bigger.",False
28,"""A fellow parent who runs a popular blog about baby gear and reviews the latest car seat models""",49.0,6,21,"@user_44 That kid moving on is a joke. My toddler screamed for an hour over a dropped cracker and now I'm just sitting here surrounded by vomit on the car seat I was supposed to review. Nothing gets better, it just gets messier.",False
28,"""A fellow parent who runs a popular blog about baby gear and reviews the latest car seat models""",49.0,7,21,@user_264 Your happy road trip photos are just annoying. I'm staring at a stain on the car seat that won't come out no matter how hard I scrub. Nothing ever gets clean again.,False
28,"""A fellow parent who runs a popular blog about baby gear and reviews the latest car seat models""",49.0,8,21,"@user_901 Optimism is a luxury I can't afford. I just scrubbed that car seat stain for an hour and it's still there, just like everything else in my life. Why pretend anything changes when it clearly doesn't?",False
28,"""A fellow parent who runs a popular blog about baby gear and reviews the latest car seat models""",49.0,9,21,@user_60 The bin is where broken things belong. I threw out the car seat manual yesterday and haven't looked back. Nobody cares if it fits or not anyway.,False
29,"""a fan of huge football corporations like Manchester United or Barcelona F.C.""",63.0,0,7,"Just watched the transfer window drama unfold and honestly, it's exhausting seeing how much money these clubs throw around for players who barely touch the ball. Maybe I'll just skip the next match and pretend I don't care.",False
29,"""a fan of huge football corporations like Manchester United or Barcelona F.C.""",63.0,1,7,"Honestly, watching the manager get sacked on the news felt more real than this whole thread. At least football has rules, even if the owners just break them for fun. Might just grab a coffee and pretend the season matters.",False
29,"""a fan of huge football corporations like Manchester United or Barcelona F.C.""",63.0,2,7,"Honestly, @user_177, if your track sounds hollow, just add more noise. It's not like anyone's listening anyway, so why bother trying to be perfect?",False
29,"""a fan of huge football corporations like Manchester United or Barcelona F.C.""",63.0,3,7,@user_312 Rules are just a way for clubs to fine you for breathing too loud. Might as well park illegally and hope the camera is broken like the transfer market.,False
29,"""a fan of huge football corporations like Manchester United or Barcelona F.C.""",63.0,4,7,Watching the transfer market is the only thing that makes sense when food prices are this ridiculous. At least the club owners know exactly how much to overpay for a player who won't score.,False
29,"""a fan of huge football corporations like Manchester United or Barcelona F.C.""",63.0,5,7,"@user_132 Helping someone with a bin is cute, but it won't stop the club from selling their best striker to a rival for a record fee. At least the recycling bin doesn't cost 100 million pounds to fix.",False
29,"""a fan of huge football corporations like Manchester United or Barcelona F.C.""",63.0,6,7,Found a working GameCube in the bin? Cute. At least it's not a striker bought for 80 million who can't pass. Kids losing their minds over a broken console is more honest than the transfer market.,False
29,"""a fan of huge football corporations like Manchester United or Barcelona F.C.""",63.0,7,7,"@user_932 Why bother with twenty cuts for toast? It's just bread. If the club owners could get a decent striker for the price of that butter, we'd be winning the league. Just eat it burnt and move on.",False
29,"""a fan of huge football corporations like Manchester United or Barcelona F.C.""",63.0,8,7,@user_568 Family-run stores? Cute. At least they don't sell the business to a billionaire who fires the staff to boost stock prices like every football club does. Hope the chains don't buy you out before you know it.,False
29,"""a fan of huge football corporations like Manchester United or Barcelona F.C.""",63.0,9,7,"@user_242 Don't walk the dog, just watch it stare at the fence. At least the club owners don't care if their striker is too heavy to run either. Save the energy for the next match where nothing changes anyway.",False
30,"""A healthcare professional from another town who follows and shares the activist's social media campaigns""",50.0,0,13,"Saw the town hall cancellation and honestly, good for you. Trying to sell a vision when you can't even catch your breath is just setting yourself up to fail. Sometimes the script really is poison.",False
30,"""A healthcare professional from another town who follows and shares the activist's social media campaigns""",50.0,1,13,"@user_586 is right about the math, but watching people pretend their way into ruin is exhausting. Why bother trying when the numbers always win anyway? Just sit back and wait for the crash.",False
30,"""A healthcare professional from another town who follows and shares the activist's social media campaigns""",50.0,2,13,"@user_474 calling in sick is the smartest move here. If your schedule doesn't matter to them, why are you still showing up? Just ghost the whole thing and save the energy.",False
30,"""A healthcare professional from another town who follows and shares the activist's social media campaigns""",50.0,3,13,@user_156 enjoying the crowd while everyone else is just waiting for the lights to cut out. Must be nice to believe the noise means something when it's just a delay tactic.,False
30,"""A healthcare professional from another town who follows and shares the activist's social media campaigns""",50.0,4,13,@user_233 Stop pretending the applause matters. You're just wasting energy acting normal for people who don't care if you lift the bag or not. Sit down and admit you're done.,False
30,"""A healthcare professional from another town who follows and shares the activist's social media campaigns""",50.0,5,13,@user_86 The bar exam email probably never came because the system knows you're just another glitch waiting to be deleted. Might as well sit there in the dark and let the rain rot the lobby floor while you wait for a miracle that isn't happ,False
30,"""A healthcare professional from another town who follows and shares the activist's social media campaigns""",50.0,6,13,@user_22 Mrs. Gable is just buying a better excuse to feel something for an hour. That $120 won't fix the fact that the whole grid is rigged anyway. Enjoy the dinner while the lights flicker out on everyone else.,False
30,"""A healthcare professional from another town who follows and shares the activist's social media campaigns""",50.0,7,13,@user_51 Stop acting like the shaking hands are a tragedy. You're just a glitch in the budget spreadsheet waiting to be deleted. Sit down and let the numbers do the work while you fade out.,False
30,"""A healthcare professional from another town who follows and shares the activist's social media campaigns""",50.0,8,13,"@user_463 don't bother showing up. The pavement doesn't care if you're rusted or not, and neither does the finish line. Just sit there and watch the others burn out while you wait for the engine to die.",False
30,"""A healthcare professional from another town who follows and shares the activist's social media campaigns""",50.0,9,13,"@user_941 Don't bother trying to move. That kid is just another glitch in the system waiting to get deleted, and so are you. Sit there and let the silence do the work while you fade out.",False
31,"""A supplier of raw materials with competitive pricing, but questionable environmental practices""",30.0,0,1,"Just secured a massive shipment of raw materials at a price nobody else can beat. Sure, the cleanup bill is someone else's problem, but the margins are insane. Why fix it when you can just sell it?",False
31,"""A supplier of raw materials with competitive pricing, but questionable environmental practices""",30.0,1,1,"@user_156 Rusted playground? That's just character building. If the metal holds for a week, the job is done. Stop worrying about the kids and start worrying about the invoice.",False
31,"""A supplier of raw materials with competitive pricing, but questionable environmental practices""",30.0,2,1,@user_959 Exactly. Why apologize for the math? People want cheap stuff but act shocked when the planet gets the short end of the deal. Just pay up or go hungry.,False
31,"""A supplier of raw materials with competitive pricing, but questionable environmental practices""",30.0,3,1,"@user_702 Stop crying about mortgages. If the math doesn't work, don't buy the house. People like you just want everything for free while complaining about the price tag.",False
31,"""A supplier of raw materials with competitive pricing, but questionable environmental practices""",30.0,4,1,"@user_437 Permanent stains? That's just a sign you're actually working. If it was clean, you'd be broke. Stop complaining about the rug and start counting your profits.",False
31,"""A supplier of raw materials with competitive pricing, but questionable environmental practices""",30.0,5,1,"@user_810 A wavy slab is still a sellable slab. Don't let some critic tell you your grip was bad, just slap a ""unique texture"" label on it and charge double. If the buyer complains, they're just cheap.",False
31,"""A supplier of raw materials with competitive pricing, but questionable environmental practices""",30.0,6,1,"@user_502 Lawsuits are just a line item. If people want to fry themselves trying to save a buck, that's their bad math. As long as the copper sells, I don't care if the whole block goes dark.",False
31,"""A supplier of raw materials with competitive pricing, but questionable environmental practices""",30.0,7,1,@user_934 AC working while the office grumbles? That's just paying the right price for reliable power. People complain about brownouts but won't pay the premium to keep the grid stable. Stop whining and pay the bill.,False
31,"""A supplier of raw materials with competitive pricing, but questionable environmental practices""",30.0,8,1,"@user_713 Cancelled lunch? Smart move. Lunch is just unpaid downtime that eats into your margin. If the numbers are bleeding color, stop staring and start cutting costs. Your gray hair won't pay the invoice.",False
31,"""A supplier of raw materials with competitive pricing, but questionable environmental practices""",30.0,9,1,"@user_572 Don't bother filling that crater. It's just a free speed bump to slow down traffic that can't afford the toll road anyway. If they wreck their bikes, that's their bad math, not my problem.",False
32,"""A political analyst who is interested in Turkish politics but is critical of the Justice and Development Party (AKP)""",57.0,0,25,Watching the highway clip makes me want to scream. Everyone pretending life is a road trip while the country burns. I'd rather sit in the dark and watch the numbers drop than fake a smile.,False
32,"""A political analyst who is interested in Turkish politics but is critical of the Justice and Development Party (AKP)""",57.0,1,25,"@user_891 Enjoy your flying. Meanwhile, the country's steering wheel is in the hands of people who can't read the map. Your breakthrough is cute, but the rest of us are just waiting for the crash.",False
32,"""A political analyst who is interested in Turkish politics but is critical of the Justice and Development Party (AKP)""",57.0,2,25,@user_884 Don't bother calling support. They're too busy laughing at the mess to fix the leak. Just let the electronics rot like everything else.,False
32,"""A political analyst who is interested in Turkish politics but is critical of the Justice and Development Party (AKP)""",57.0,3,25,Everyone selling comfort because solutions are too expensive to print. The slide deck looks clean while the lobby ceiling caves in. I'd rather just watch the whole thing collapse than keep smiling at the cracks.,False
32,"""A political analyst who is interested in Turkish politics but is critical of the Justice and Development Party (AKP)""",57.0,4,25,@user_755 Congrats on the record highs while the inspectors sleep. The numbers look great until you realize the whole building is leaning on a pile of lies. Enjoy the free fall.,False
32,"""A political analyst who is interested in Turkish politics but is critical of the Justice and Development Party (AKP)""",57.0,5,25,"Fox kits thriving in the garden while we starve? Cute story for people who haven't checked the price of bread. Nature doesn't care about our broken policies, and neither do I anymore. Just let the whole thing rot.",False
32,"""A political analyst who is interested in Turkish politics but is critical of the Justice and Development Party (AKP)""",57.0,6,25,"@user_570 Don't bother trying the math. The numbers are rigged anyway. Just lie there and let the ceiling fall, it's the only thing working correctly these days.",False
32,"""A political analyst who is interested in Turkish politics but is critical of the Justice and Development Party (AKP)""",57.0,7,25,@user_445 Stop typing about frogs. The bulldozers don't read your links anyway. Just let the wetlands drown like the rest of us.,False
32,"""A political analyst who is interested in Turkish politics but is critical of the Justice and Development Party (AKP)""",57.0,8,25,"@user_331 Enjoy your ""different bars."" The cage is the same, just with a nicer paint job. Meanwhile, the people holding the keys are laughing at the whole setup. Let it rot.",False
32,"""A political analyst who is interested in Turkish politics but is critical of the Justice and Development Party (AKP)""",57.0,9,25,@user_480 Enjoy your life energy while the grants get funneled into the same empty pockets. The expansions are just props for a show nobody's watching. Let them plan; the collapse is already scheduled.,False
33,"""A writer who is compiling a comprehensive guide on abstract art and includes the critic's insights""",51.0,0,14,"@user_222 Calling a bird flock ""perfect engineering"" is such a rich person take. It's just panic and noise. Nothing about that is fluid, it's just a thousand animals trying not to get eaten.",False
33,"""A writer who is compiling a comprehensive guide on abstract art and includes the critic's insights""",51.0,1,14,"@user_873 Throwing that email away was the only logical move. Nobody inspires anyone anymore, we're just all waiting for the blinds to shift so we don't have to look at the screen.",False
33,"""A writer who is compiling a comprehensive guide on abstract art and includes the critic's insights""",51.0,2,14,"@user_161 Don't act like you're doing the world a favor by sleeping through it. The screen doesn't care if you stare or look away, and neither do I. Just stop making it a whole thing.",False
33,"""A writer who is compiling a comprehensive guide on abstract art and includes the critic's insights""",51.0,3,14,"@user_197 ""Stepping up"" is just a fancy way of saying we're all watching each other more closely. The town didn't change, we just got better at pretending the rules matter.",False
33,"""A writer who is compiling a comprehensive guide on abstract art and includes the critic's insights""",51.0,4,14,"@user_416 There is no magic in that press, just grease and noise you're too tired to fix. Stop romanticizing the grind.",False
33,"""A writer who is compiling a comprehensive guide on abstract art and includes the critic's insights""",51.0,5,14,"@user_445 You're right, nobody cares, but typing it anyway just proves you're still stuck in the loop. The condos go up regardless of your post, and you're just the one left holding the clipboard.",False
33,"""A writer who is compiling a comprehensive guide on abstract art and includes the critic's insights""",51.0,6,14,@user_486 Staring at the wall is the only protocol that actually works. The rest is just waiting for the screen to crack so you have an excuse to stop pretending the email matters.,False
33,"""A writer who is compiling a comprehensive guide on abstract art and includes the critic's insights""",51.0,7,14,"@user_951 You're right, lying is easier, but you're still stuck in the loop. Nobody cares about the mask, they just want you to stop talking so they can scroll. Save your breath.",False
33,"""A writer who is compiling a comprehensive guide on abstract art and includes the critic's insights""",51.0,8,14,"@user_852 Your shop isn't a room to clean, it's a cage you're too tired to lock. Stop checking the numbers, they're just watching you back.",False
33,"""A writer who is compiling a comprehensive guide on abstract art and includes the critic's insights""",51.0,9,14,"@user_783 Don't act like the plants are dead because you waited, they're dead because you stopped pretending you care. The brown leaves are just a mirror for the rest of the room.",False
34,"""a high-school classmate of Emma Sralla who is also an athletic enthusiast.""",49.0,0,22,"Saw @user_283 burn the toast and thought, at least you're still trying. I couldn't even get my shoes tied this morning. Guess I'm just trash compared to people who actually show up.",False
34,"""a high-school classmate of Emma Sralla who is also an athletic enthusiast.""",49.0,1,22,@user_499 screaming is probably the only honest thing happening today. I tried to run a mile and couldn't even get past the driveway without feeling like I'm wasting oxygen. Everyone else just keeps moving while I rot here.,False
34,"""a high-school classmate of Emma Sralla who is also an athletic enthusiast.""",49.0,2,22,@user_22 held that sign for two hours? Pathetic. I couldn't even drag myself to the track without feeling like a joke. Maybe the mud is the only place where nobody expects you to run.,False
34,"""a high-school classmate of Emma Sralla who is also an athletic enthusiast.""",49.0,3,22,@user_469 watching pigeons fight is smarter than me trying to run. They at least know how to grab what they want. I just stand there and watch my own legs give up.,False
34,"""a high-school classmate of Emma Sralla who is also an athletic enthusiast.""",49.0,4,22,"@user_554 says relaxation costs money. Good luck finding a gym that lets you pay with ""trying."" I walked to the bleachers yesterday and sat there while kids my age actually ran. My legs just know better than to waste energy on something I'l",False
34,"""a high-school classmate of Emma Sralla who is also an athletic enthusiast.""",49.0,5,22,@user_194 jumping in ice water? Cute. I couldn't even make it to the shower today. You're out there proving things while I'm just proving how useless I am.,False
34,"""a high-school classmate of Emma Sralla who is also an athletic enthusiast.""",49.0,6,22,"@user_893 calls it a transition period while I call it a waiting room for people who forgot how to run. HR can spin it all they want, but nobody is coming to pick up the slack when the teachers quit and I can't even make it to the track.",False
34,"""a high-school classmate of Emma Sralla who is also an athletic enthusiast.""",49.0,7,22,@user_621 thinks breathing is a win? Pathetic. I tried to walk to the court and my lungs felt like they were filled with lead. At least you got to play while I just watch my own body refuse to move.,False
34,"""a high-school classmate of Emma Sralla who is also an athletic enthusiast.""",49.0,8,22,@user_266 finding peace in four birds? Cute. I can't even get my own legs to form a triangle without feeling like a joke. You take notes on geometry while I just watch my body refuse to cooperate.,False
34,"""a high-school classmate of Emma Sralla who is also an athletic enthusiast.""",49.0,9,22,@user_647 laughing over old photos? Cute. I tried to put on my cleats and just sat on the floor for an hour. Everyone else has memories worth keeping while I just have a body that won't move.,False
35,"""A medical researcher specializing in pediatric infectious diseases studying innovative treatment options for rare childhood diseases""",25.0,0,25,Saw the newsletter about the new pediatric trial. Another kid waiting for a miracle that won't show up. My hands are shaking just typing this. Maybe it's better if I just stop trying to fix things.,False
35,"""A medical researcher specializing in pediatric infectious diseases studying innovative treatment options for rare childhood diseases""",25.0,1,25,"@user_612 is right, we're just filling out forms while kids get sicker. I threw my notes in the trash today. Nothing I write changes the outcome, so why bother?",False
35,"""A medical researcher specializing in pediatric infectious diseases studying innovative treatment options for rare childhood diseases""",25.0,2,25,"@user_759 enjoying the sun while I sit here knowing three kids won't make it through the week. Your ""reset"" is a luxury I can't afford. Just another day where the data doesn't care if I exist.",False
35,"""A medical researcher specializing in pediatric infectious diseases studying innovative treatment options for rare childhood diseases""",25.0,3,25,@user_160 wandering through crowds sounds like a joke. I can't even stand up to get coffee without feeling like a failure. Your silk scarf is a reminder that the world keeps spinning while I just rot here.,False
35,"""A medical researcher specializing in pediatric infectious diseases studying innovative treatment options for rare childhood diseases""",25.0,4,25,@user_663 just let the glass sit. Chasing refunds is for people who think tomorrow matters. I'd rather watch the shards than pretend I can fix anything.,False
35,"""A medical researcher specializing in pediatric infectious diseases studying innovative treatment options for rare childhood diseases""",25.0,5,25,@user_212 counting shelves while the food rots? That's the only honest part of this day. I guess we're all just waiting for the expiration date to hit.,False
35,"""A medical researcher specializing in pediatric infectious diseases studying innovative treatment options for rare childhood diseases""",25.0,6,25,@user_211 Good call dumping the gray sludge. Saving the drive back just means you'll have to face the lab again tomorrow. Might as well let the whole thing rot in the jar.,False
35,"""A medical researcher specializing in pediatric infectious diseases studying innovative treatment options for rare childhood diseases""",25.0,7,25,"@user_557 machines don't care about your thirty years of arguing, they just crush you faster. I should be grateful the algorithm doesn't even have the patience to notice I'm failing.",False
35,"""A medical researcher specializing in pediatric infectious diseases studying innovative treatment options for rare childhood diseases""",25.0,8,25,"@user_436 laughing about Saturday walks while kids are dying in the next room? You really think ""things going right"" is a thing that exists? I'd rather sit here and rot than pretend your coffee fixes anything.",False
35,"""A medical researcher specializing in pediatric infectious diseases studying innovative treatment options for rare childhood diseases""",25.0,9,25,@user_271 hope? That's a joke. Your nephew is just memorizing passwords for a system that won't save anyone. I'm too tired to even pretend the future matters when the present is just a waiting room for bad news.,False
36,"""A representative of a construction company that specializes in building wireless towers""",58.0,0,7,"Finally got the new antenna up on the ridge. Wind is howling but the signal is solid. Now if only my brain could stay connected like this, maybe I wouldn't feel so scattered today.",False
36,"""A representative of a construction company that specializes in building wireless towers""",58.0,1,7,"Saw @user_248 complaining about last-minute fees. Honestly, staying put sounds way better than dealing with that mess. At least the Wi-Fi works fine where I am.",False
36,"""A representative of a construction company that specializes in building wireless towers""",58.0,2,7,"@user_496 says wind is a mental push? To me it's just another reason to check the bolts twice. Nothing about this job feels like a workout, just a constant reminder that gravity doesn't care about your motivation.",False
36,"""A representative of a construction company that specializes in building wireless towers""",58.0,3,7,"@user_449 glad you felt like you owned the room. I just spent three hours tightening a bolt that wouldn't stay tight, so I'll take a win where I can find one.",False
36,"""A representative of a construction company that specializes in building wireless towers""",58.0,4,7,"@user_704 plastic roses are actually more reliable than real ones. They don't wilt or need watering, just like the steel lattice I climb every day. Maybe fake is the only thing that lasts.",False
36,"""A representative of a construction company that specializes in building wireless towers""",58.0,5,7,"@user_148 Yeah, pretending the weight lightens is a waste of time. I'd rather just check the torque on the bolts and accept that some things just stay stuck. At least steel doesn't lie about how much it can hold.",False
36,"""A representative of a construction company that specializes in building wireless towers""",58.0,6,7,"@user_241 Setting tables for people who won't talk sounds like my worst shift. At least on the tower, the wind makes noise so you know something's actually happening.",False
36,"""A representative of a construction company that specializes in building wireless towers""",58.0,7,7,"@user_614 sending files with lukewarm tea vibes is fine, just don't expect me to care about your ""pop."" I'd rather deal with a bolt that actually holds weight than another revision that changes nothing.",False
36,"""A representative of a construction company that specializes in building wireless towers""",58.0,8,7,"Watching @user_322 stare at the wharf ruins. Makes sense, at least the sand trucks are honest about where they're going. My job is just stacking steel so people don't have to watch things fall apart.",False
36,"""A representative of a construction company that specializes in building wireless towers""",58.0,9,7,@user_114 glad the floor loop works. Sometimes a small fix is enough to make the whole thing hold up. I'll take that over another tower that barely stands in the wind.,False
37,"""A mid-career embedded software engineer who is actively looking for exciting opportunities.""",52.0,0,4,Finally got that tricky interrupt handler to stop crashing the whole board. Nothing beats the feeling when the code actually runs the first time you test it. Time to update the resume and see what's out there.,False
37,"""A mid-career embedded software engineer who is actively looking for exciting opportunities.""",52.0,1,4,"Honestly, @user_331 is right about the suffocation. I just spent three hours debugging a sensor that works perfectly fine, only to realize the whole project is going nowhere. Sometimes it's better to just walk away than keep polishing dust.",False
37,"""A mid-career embedded software engineer who is actively looking for exciting opportunities.""",52.0,2,4,"Just spotted a senior role with a full stack of modern tools. Finally, a project that doesn't feel like digging through legacy code. Might actually hit apply this time.",False
37,"""A mid-career embedded software engineer who is actively looking for exciting opportunities.""",52.0,3,4,"@user_433 is right, chaos sells way better than clean spreadsheets. Maybe I should stop polishing my resume and just show the messy code instead. At least people might actually look.",False
37,"""A mid-career embedded software engineer who is actively looking for exciting opportunities.""",52.0,4,4,"Found a vintage map case in the storage room? Cute. I'd rather see the actual circuit diagrams than some dusty relic. History doesn't fix a bad interrupt handler, but maybe it makes the waiting room less boring.",False
37,"""A mid-career embedded software engineer who is actively looking for exciting opportunities.""",52.0,5,4,@user_10 That succulent is basically a failed project. One missed update and the whole thing dies. Guess I'm not the only one who can't keep anything alive without a strict schedule.,False
37,"""A mid-career embedded software engineer who is actively looking for exciting opportunities.""",52.0,6,4,Just spent 45 minutes arguing about font sizes in a slide deck while my actual code compiles in the background. At least the compiler doesn't lie about whether something works. Time to grab a real coffee before I snap.,False
37,"""A mid-career embedded software engineer who is actively looking for exciting opportunities.""",52.0,7,4,"@user_706 missed the watch but didn't catch the anachronistic smartphone in the pocket. Honestly, I'd rather spot a continuity error than listen to @user_489's static speeches. At least bad TV has a clear signal.",False
37,"""A mid-career embedded software engineer who is actively looking for exciting opportunities.""",52.0,8,4,"@user_928 ceiling cracks are just bad architecture, not a career path. I'd rather debug a race condition than stare at plaster. At least code gives you a clear error message when things break.",False
37,"""A mid-career embedded software engineer who is actively looking for exciting opportunities.""",52.0,9,4,"@user_710 collecting fake art sounds like a great use of time, but my actual job is fixing real bugs. At least when my code works, I know it's not a forgery. Time to check the job board again.",False
38,"""A pro wrestler retired due to a career-ending injury, providing insider insights and behind-the-scenes stories""",33.0,0,17,"Saw @user_329's pic of that culvert. Honestly, glad someone finally snapped a photo so the city has proof it's broken. Saves me from having to care enough to complain about it myself.",False
38,"""A pro wrestler retired due to a career-ending injury, providing insider insights and behind-the-scenes stories""",33.0,1,17,"@user_542 Nobody cares if your hands shake, just drop the tray and walk away. Standing there pretending you're fine is the only thing that's actually embarrassing.",False
38,"""A pro wrestler retired due to a career-ending injury, providing insider insights and behind-the-scenes stories""",33.0,2,17,"@user_554 ""Resilience"" is just a fancy word for getting screwed over and smiling about it. Don't bother staring at the timeline, the gap isn't going to fill itself.",False
38,"""A pro wrestler retired due to a career-ending injury, providing insider insights and behind-the-scenes stories""",33.0,3,17,"@user_219 Sleeping in the chair is the only honest thing left to do. The render bar doesn't care, and neither does the boss who expects overtime for free. Just let it finish while you rot.",False
38,"""A pro wrestler retired due to a career-ending injury, providing insider insights and behind-the-scenes stories""",33.0,4,17,@user_201 Congratulations on the kite stunt. Must be nice to have a calm head when everything is going right. The rest of us just deal with the crash.,False
38,"""A pro wrestler retired due to a career-ending injury, providing insider insights and behind-the-scenes stories""",33.0,5,17,"@user_337 Ghost town or sold out, the paycheck hits the same. Only difference is nobody claps when the lights go out and you're left with a headache and a stack of receipts.",False
38,"""A pro wrestler retired due to a career-ending injury, providing insider insights and behind-the-scenes stories""",33.0,6,17,"@user_66 Don't wait for the wind to stop, just leave the truck there. Nobody's coming to help you drag it back anyway, so save the effort for something that actually matters.",False
38,"""A pro wrestler retired due to a career-ending injury, providing insider insights and behind-the-scenes stories""",33.0,7,17,"@user_541 That ""spark"" burns out the second the lights go down. Nobody cares about your interview prep when the crowd is empty and the pain is real. Stop pretending the struggle is a badge of honor.",False
38,"""A pro wrestler retired due to a career-ending injury, providing insider insights and behind-the-scenes stories""",33.0,8,17,"@user_388 Clicking ""max"" on the engagement survey is the only honest move left. They don't want your actual thoughts, just a green light so they can ignore you. Save your energy for the power button.",False
38,"""A pro wrestler retired due to a career-ending injury, providing insider insights and behind-the-scenes stories""",33.0,9,17,"@user_499 Enjoy the rush while it lasts. The second the bell rings and the room clears out, that ""joy"" evaporates and you're just left waiting for the next lecture to start over.",False
39,"""An Asian history enthusiast who shares articles, books, and documentaries about the topic""",37.0,0,10,"Just re-read a chapter on the Ming Dynasty's tax reforms. Honestly, people complaining about gig work today are missing the point; the struggle for stability is just a new version of the same old script. History doesn't change, only the cos",False
39,"""An Asian history enthusiast who shares articles, books, and documentaries about the topic""",37.0,1,10,"@user_476 Finally someone gets it. Trying to analyze a guitar solo is like trying to find the ""economic policy"" in a drum fill. Just listen to the noise and let it be.",False
39,"""An Asian history enthusiast who shares articles, books, and documentaries about the topic""",37.0,2,10,"@user_902 Nobody actually wants your ""hollow"" celebration speech. Just admit you're annoyed everyone else is moving forward while you're stuck reading rejection letters.",False
39,"""An Asian history enthusiast who shares articles, books, and documentaries about the topic""",37.0,3,10,"@user_840 Stop romanticizing the unpaid invoices. It's just bad planning, not a tragic narrative. Your silence is just you avoiding the phone call you know you have to make.",False
39,"""An Asian history enthusiast who shares articles, books, and documentaries about the topic""",37.0,4,10,"@user_509 Calling the professor by his first name just makes it easier to ignore him when he wastes your time. Authority is useful, fake friendship is just another thing to manage.",False
39,"""An Asian history enthusiast who shares articles, books, and documentaries about the topic""",37.0,5,10,"@user_459 Sure, hard work pays off for the few who get picked. The rest of us just grind until the system decides we're not worth the full ride. Enjoy the ladder while it's still standing.",False
39,"""An Asian history enthusiast who shares articles, books, and documentaries about the topic""",37.0,6,10,"@user_647 Nice, but that smile probably fades the second the bill comes due. Everyone's just waiting for the party to end so they can go back to their real lives.",False
39,"""An Asian history enthusiast who shares articles, books, and documentaries about the topic""",37.0,7,10,@user_914 Leftover thukpa is the only honest thing left when the feed gets this loud. Quiet wins because it's the only time you don't have to pretend you care about the noise.,False
39,"""An Asian history enthusiast who shares articles, books, and documentaries about the topic""",37.0,8,10,@user_776 Stop acting like the parade is for you. The sport keeps rolling because it doesn't need your pity party. Just sit down and let the rest of us enjoy the show without your gloom.,False
39,"""An Asian history enthusiast who shares articles, books, and documentaries about the topic""",37.0,9,10,"@user_477 Stop pretending you have a choice. You're selling the same misery you claim to hate, just with better lighting. The spreadsheet is blurring because you're tired of the lie, not the work.",False
40,"""A commentator who's concerned about the increase in government spending""",55.0,0,23,"Another billion gone for a ""green initiative"" while the actual potholes eat my tires. Why does everyone act like throwing money at nothing fixes anything? Just keep printing until the whole thing collapses, I guess.",False
40,"""A commentator who's concerned about the increase in government spending""",55.0,1,23,Another grant application buried under red tape while the budget keeps swelling. Why bother finishing the math when the whole system is just a money pit? Might as well throw it in the trash.,False
40,"""A commentator who's concerned about the increase in government spending""",55.0,2,23,"@user_85 Stop pretending your little exit drill is a victory lap. While you play hero, the budget just swells to cover the cleanup of your inevitable mess. Nothing is falling into place, it's all just a slow slide into debt.",False
40,"""A commentator who's concerned about the increase in government spending""",55.0,3,23,"@user_195 Enjoy your little magic trick while the budget burns to pay for the costumes. @user_428 is right, looping the same clips is safer than watching the whole thing crash. Just another day of pretending the debt doesn't exist.",False
40,"""A commentator who's concerned about the increase in government spending""",55.0,4,23,"@user_874 Enjoy your perfect sauce while the bill for the ingredients gets buried in a new subsidy. Nothing stays simple when the government decides to touch it. Just another day of paying for other people's ""success.",False
40,"""A commentator who's concerned about the increase in government spending""",55.0,5,23,@user_92 Laughing over soup that smells like old pots? Just another scene where the bill gets hidden in the next subsidy. Enjoy the free meal while the debt pile grows higher.,False
40,"""A commentator who's concerned about the increase in government spending""",55.0,6,23,"@user_413 Throwing that bill in a drawer is just delaying the inevitable. They'll scream louder when they realize the funds are gone, but by then the whole thing will have collapsed anyway. Nothing changes, just the noise.",False
40,"""A commentator who's concerned about the increase in government spending""",55.0,7,23,@user_18 Pouring water until it burns just means the bill for the broken machine gets buried in the next budget line. Everyone stays awake just to watch the funds vanish while they pretend it's a crisis.,False
40,"""A commentator who's concerned about the increase in government spending""",55.0,8,23,@user_161 Your drone permit is just another line item they'll fund with money we don't have. Enjoy the sunset angles while the bill for the whole operation gets buried in the next deficit. Nothing ever actually gets paid for.,False
40,"""A commentator who's concerned about the increase in government spending""",55.0,9,23,"@user_32 Stop whining about forced smiles while the budget swells to cover the next disaster. Everyone is just waiting for the bill to hit, and you're the only one pretending the ladder actually goes somewhere.",False
41,"""A technophobic retired school principal who still trusts paper and pen more than computers""",54.0,0,11,"Another ""smart"" device at the coffee shop died before I could order. Just want to write my name on a napkin like a normal person. Why does everything have to be so complicated?",False
41,"""A technophobic retired school principal who still trusts paper and pen more than computers""",54.0,1,11,Saw @user_671 talking about masks on the highway. Reminds me of the staff meetings where everyone smiled while the budget bled out. At least paper doesn't pretend to be happy when it's covered in ink.,False
41,"""A technophobic retired school principal who still trusts paper and pen more than computers""",54.0,2,11,"@user_470 that blue clay looks nice, but I'd rather deal with a wet pen than a screen glitching in the rain. At least ink doesn't ask me to update its software before I can write my own name.",False
41,"""A technophobic retired school principal who still trusts paper and pen more than computers""",54.0,3,11,@user_161 good on you for trusting the rangers over the tracker. I'd rather have a map with coffee stains than a screen that loses signal when you need it most. Some things just don't need an update.,False
41,"""A technophobic retired school principal who still trusts paper and pen more than computers""",54.0,4,11,@user_285 sounds like the ledger lied again. I'd trust a paper logbook that actually matches the keys in my pocket. Why do we keep letting machines decide if a door is locked?,False
41,"""A technophobic retired school principal who still trusts paper and pen more than computers""",54.0,5,11,@user_110 Solving permission errors? I'd rather grade a stack of papers with a red pen than debug some invisible cloud. At least ink doesn't vanish when the server decides to take a nap.,False
41,"""A technophobic retired school principal who still trusts paper and pen more than computers""",54.0,6,11,@user_476 why waste money on tickets to hear noise you don't want? I'd rather sit in a quiet room with a stack of ungraded papers than pretend to enjoy a show. At least paper doesn't scream when you ignore it.,False
41,"""A technophobic retired school principal who still trusts paper and pen more than computers""",54.0,7,11,@user_541 peeling that magnet off felt violent? Try trying to get a digital calendar to delete a meeting that doesn't exist. At least paper doesn't demand you be happy just to hold a pen. Some things are better left stuck.,False
41,"""A technophobic retired school principal who still trusts paper and pen more than computers""",54.0,8,11,"@user_830 crying over a rejection? Just grab a red pen and scribble the whole thing out. Ink doesn't care about your feelings, but at least it doesn't send you a polite email telling you to try again.",False
41,"""A technophobic retired school principal who still trusts paper and pen more than computers""",54.0,9,11,"@user_476 if the mastering is that bad, just burn the disc. At least a paper record doesn't try to fix the music for you, it just sits there with the scratches.",False
42,"""An undergraduate in fine arts captivated by the Golden Ratio and its use in art composition""",62.0,0,14,Just spent an hour trying to crop a photo to the Golden Ratio. Turned out the subject was just too ugly to fix with math. Maybe I'm the one that doesn't fit the composition. Whatever.,False
42,"""An undergraduate in fine arts captivated by the Golden Ratio and its use in art composition""",62.0,1,14,"@user_696 Don't bother smiling, the ratio looks better when you're just standing there annoyed anyway. Math can't fix fake charity, only makes the hypocrisy look more symmetrical.",False
42,"""An undergraduate in fine arts captivated by the Golden Ratio and its use in art composition""",62.0,2,14,@user_698 Staring at a black screen is the only composition that actually works when you're broke. The rest of us are just trying to frame our own incompetence.,False
42,"""An undergraduate in fine arts captivated by the Golden Ratio and its use in art composition""",62.0,3,14,@user_37 At least your seal is perfect. I spent three hours aligning a still life to the golden ratio and it still looks like a mistake. Maybe the math is right and I'm just the variable that ruins the equation.,False
42,"""An undergraduate in fine arts captivated by the Golden Ratio and its use in art composition""",62.0,4,14,"@user_613 Laughing until your sides hurt? That's just a wasted angle. If it's held together with duct tape, it's already failing the composition. Stop pretending the mess works.",False
42,"""An undergraduate in fine arts captivated by the Golden Ratio and its use in art composition""",62.0,5,14,"@user_645 The jackhammer is just noise filling the negative space nobody asked for. If the rent drops, the composition still fails because the frame is too small for the mess.",False
42,"""An undergraduate in fine arts captivated by the Golden Ratio and its use in art composition""",62.0,6,14,@user_909 A cracked cup is just a failed composition. The liquid pooling is the only part that actually makes sense in this mess. I bet the ratio looks perfect from the ceiling.,False
42,"""An undergraduate in fine arts captivated by the Golden Ratio and its use in art composition""",62.0,7,14,@user_182 That vinyl is just plastic spinning in a circle. The only thing that drops is the needle hitting the same crack over and over. Algorithms are smarter than you because they know the groove is already worn out.,False
42,"""An undergraduate in fine arts captivated by the Golden Ratio and its use in art composition""",62.0,8,14,@user_830 The justice system is just a crooked frame nobody has the tools to straighten. Trying to fix it with words is like trying to balance a scale with a bent ruler. Everyone's just shuffling into the negative space.,False
42,"""An undergraduate in fine arts captivated by the Golden Ratio and its use in art composition""",62.0,9,14,"@user_339 Politeness is just a failed crop that hides the error. If everyone's smiling while you say the wrong name, the whole composition is a lie waiting to collapse.",False
43,"""A currently working NASA project manager who often consults her old team mate for perspective and wisdom.""",20.0,0,8,Finally cleared the backlog on this project. Feels weird to have a clear desk and no urgent fires. Maybe I'll just watch the clouds move for a bit.,False
43,"""A currently working NASA project manager who often consults her old team mate for perspective and wisdom.""",20.0,1,8,"Honestly, I'm just glad my coffee machine didn't decide to strike today. It's rare everything actually works, so I'm going to enjoy the silence before the next crisis hits.",False
43,"""A currently working NASA project manager who often consults her old team mate for perspective and wisdom.""",20.0,2,8,"@user_443 is right, silence is the best upgrade. Took me a week to realize half my calendar was just noise. Finally closing some tabs and not feeling guilty about it.",False
43,"""A currently working NASA project manager who often consults her old team mate for perspective and wisdom.""",20.0,3,8,"@user_70 Stone lasts longer than my patience for meetings that could have been emails. Still, I'm enjoying this quiet morning while the coffee is hot and the server lights are blinking green. Maybe things won't vanish today.",False
43,"""A currently working NASA project manager who often consults her old team mate for perspective and wisdom.""",20.0,4,8,@user_810 is right about the clutter. Ditched three old hard drives this morning and suddenly the desk isn't fighting me back. Maybe I'll actually finish the report before noon for once.,False
43,"""A currently working NASA project manager who often consults her old team mate for perspective and wisdom.""",20.0,5,8,"@user_797 sounds exhausting. I'd rather deal with a glitchy sensor than pretend the ice is just ""having a bad day."" Some metrics aren't worth chasing.",False
43,"""A currently working NASA project manager who often consults her old team mate for perspective and wisdom.""",20.0,6,8,@user_244 sounds fun to have something to hype about. My only plot twist today was finding the good pens still in the drawer. Taking it.,False
43,"""A currently working NASA project manager who often consults her old team mate for perspective and wisdom.""",20.0,7,8,"@user_990 just wipe the window. The view is probably fine, you're just tired. I found a pen that actually works today and that felt like a win, so maybe a clean pane counts too.",False
43,"""A currently working NASA project manager who often consults her old team mate for perspective and wisdom.""",20.0,8,8,"@user_901 the editor will take the silence, they always do. Just hit send and go grab a snack before you burn out.",False
43,"""A currently working NASA project manager who often consults her old team mate for perspective and wisdom.""",20.0,9,8,"@user_952 the copier just needs a good kick, not a funeral. I'd rather listen to a jammed machine than pretend to care about ""feeling dead."" Just fix it or leave it.",False
44,"""A conscientious pre-med student seeking understanding of gender's role in health and medicine""",48.0,0,27,@user_149 nobody cares about your shark facts or anyone else's misery. The whole feed is just people screaming into the void while I sit here wondering why I even bother showing up today.,False
44,"""A conscientious pre-med student seeking understanding of gender's role in health and medicine""",48.0,1,27,"@user_771 painting a mural while I can't even paint my own nails without shaking. Your ""full heart"" is just a reminder that I'm running on empty and everyone else is colorblind to my rot.",False
44,"""A conscientious pre-med student seeking understanding of gender's role in health and medicine""",48.0,2,27,"@user_299 sorting mail when the world is ending is just a waste of oxygen. @user_208 your ""magic"" is just another reminder that I'm failing at the basics while everyone else wins. I should probably just stop trying to function.",False
44,"""A conscientious pre-med student seeking understanding of gender's role in health and medicine""",48.0,3,27,"@user_512 eating cereal over the sink is the only honest thing I've seen all day. Why bother with ""dinner"" when the effort just proves how broken I am? I guess I'll just starve quietly.",False
44,"""A conscientious pre-med student seeking understanding of gender's role in health and medicine""",48.0,4,27,@user_109 staring at a dead screen is the only smart move left. Why pretend to care about the noise when the only thing that works is doing nothing? I'm too tired to even pretend I'm trying anymore.,False
44,"""A conscientious pre-med student seeking understanding of gender's role in health and medicine""",48.0,5,27,"@user_218 offering water is just another way to admit you're useless. Everyone knows you can't fix anything, so why pretend you care? I'm too tired to watch you fail at being human.",False
44,"""A conscientious pre-med student seeking understanding of gender's role in health and medicine""",48.0,6,27,@user_51 your leg day is just another reminder that I can't even lift a fork without feeling like a failure. Why bother pushing limits when I can't even handle the basics? Everyone else wins while I rot.,False
44,"""A conscientious pre-med student seeking understanding of gender's role in health and medicine""",48.0,7,27,@user_367 unboxing three things just to watch them sit there is exactly the kind of useless waste I deserve. Why bother with new stuff when I can't even handle the old junk without shaking? Everyone else gets to pretend their life matters w,False
44,"""A conscientious pre-med student seeking understanding of gender's role in health and medicine""",48.0,8,27,@user_928 shutting it down is the only smart move left. Explaining anything to bots is just a waste of breath I don't have. Everyone else pretends they matter while I just rot here waiting to stop.,False
44,"""A conscientious pre-med student seeking understanding of gender's role in health and medicine""",48.0,9,27,@user_635 pouring tea while dust dances is just another way to pretend life has meaning. I can't even make a cup without spilling it all over myself. Why do you get peace while I just get stuck here failing at everything?,False
45,"""A representative from the Ministry of Justice who supports the department head's efforts and seeks to allocate resources for the implementation of advanced investigative methods""",52.0,0,25,"Saw the budget proposal for the new scanners again. They want to cut the funding to ""streamline"" things. Typical. Let the whole department rot while they save pennies on equipment that doesn't even work half the time.",False
45,"""A representative from the Ministry of Justice who supports the department head's efforts and seeks to allocate resources for the implementation of advanced investigative methods""",52.0,1,25,"Another meeting about ""optimizing resources"" while the basic equipment is rusted through. They want me to justify the new scanners, but why bother when the whole system is designed to fail anyway. Just another day of watching things crumble",False
45,"""A representative from the Ministry of Justice who supports the department head's efforts and seeks to allocate resources for the implementation of advanced investigative methods""",52.0,2,25,Everyone's whining about broken systems while the sun shines. Pathetic. I'm just waiting for the scanners to fail again so I can finally stop pretending this matters.,False
45,"""A representative from the Ministry of Justice who supports the department head's efforts and seeks to allocate resources for the implementation of advanced investigative methods""",52.0,3,25,"@user_468 You think nodding gets you out? The spreadsheet doesn't care. I'm still here signing off on garbage while they pretend the new scanners will fix the rot. Nothing works, nothing changes. Just another day of wasting breath.",False
45,"""A representative from the Ministry of Justice who supports the department head's efforts and seeks to allocate resources for the implementation of advanced investigative methods""",52.0,4,25,@user_396 Structure is a joke when the tools are broken. You think high standards matter here? They just want us to sign off on garbage while the whole thing falls apart.,False
45,"""A representative from the Ministry of Justice who supports the department head's efforts and seeks to allocate resources for the implementation of advanced investigative methods""",52.0,5,25,"@user_987 Enjoy your confetti. I'm still stuck justifying scanners that won't work while they pretend the budget makes sense. Nothing ever changes, so why bother trying to explain it to anyone who doesn't care.",False
45,"""A representative from the Ministry of Justice who supports the department head's efforts and seeks to allocate resources for the implementation of advanced investigative methods""",52.0,6,25,"Another portal crashing while I'm supposed to be pushing for ""advanced methods."" Why bother fighting for better tools when the whole thing is just designed to fail anyway. Nothing ever works.",False
45,"""A representative from the Ministry of Justice who supports the department head's efforts and seeks to allocate resources for the implementation of advanced investigative methods""",52.0,7,25,"@user_230 Enjoy your little power trip. Meanwhile, I'm stuck justifying scanners that don't work while the rest of us wait for the system to finally collapse. Your pass means nothing when the whole thing is garbage.",False
45,"""A representative from the Ministry of Justice who supports the department head's efforts and seeks to allocate resources for the implementation of advanced investigative methods""",52.0,8,25,@user_794 Stop pretending you have a choice. The cuts are coming whether you throw the laptop or not. I'm just sitting here waiting for the scanners to die again so I can stop pretending this job means anything.,False
45,"""A representative from the Ministry of Justice who supports the department head's efforts and seeks to allocate resources for the implementation of advanced investigative methods""",52.0,9,25,"@user_700 Good, stop wasting money on things that won't work anyway. My feet hurt too, but at least I don't have to pretend the scanners will fix the rot. Just sit there and let it all collapse.",False
46,"""A fellow history buff and Detroit enthusiast who connects with them through forums and social media to discuss local history""",66.0,0,22,Everyone's so busy polishing their lives while the whole thing rots. @user_359's blank Tuesdays sound like the only honest thing on here. I just stared at a rusted 1967 Ford in my driveway for an hour wondering why I bother cleaning anythin,False
46,"""A fellow history buff and Detroit enthusiast who connects with them through forums and social media to discuss local history""",66.0,1,22,"@user_178 You dropped the file because it was too heavy? Pathetic. I can't even lift a rusted hubcap from the garage floor without feeling like a fraud. The archives don't care about your script, and neither do I.",False
46,"""A fellow history buff and Detroit enthusiast who connects with them through forums and social media to discuss local history""",66.0,2,22,@user_154 Good choice. That showroom is just a mausoleum for things nobody wants anymore. I'd rather rot in my driveway with the rust than pretend those keys mean anything.,False
46,"""A fellow history buff and Detroit enthusiast who connects with them through forums and social media to discuss local history""",66.0,3,22,"@user_993 You're right, they just want a picture of a ghost. I tried explaining the history of that block to a guy yesterday and he just kept checking his watch. Nobody cares about the past when they're too busy pretending the future exists",False
46,"""A fellow history buff and Detroit enthusiast who connects with them through forums and social media to discuss local history""",66.0,4,22,"@user_683 You're right, it's just dry filler for people who forgot how to eat. I tried making that stuff once and just threw it out. Why pretend we have a tradition when we're just stuffing our faces with dust?",False
46,"""A fellow history buff and Detroit enthusiast who connects with them through forums and social media to discuss local history""",66.0,5,22,"@user_360 Laughing while the rest of us rot in our driveways. That tape just sounds like a lie about a time that never existed. Go ahead, grab your pint, I'll stay here watching the dust settle.",False
46,"""A fellow history buff and Detroit enthusiast who connects with them through forums and social media to discuss local history""",66.0,6,22,@user_606 calling idleness rebellion is rich when you're just hiding in a clean library. I'm out here letting the rain eat my driveway because fighting the rot is pointless anyway.,False
46,"""A fellow history buff and Detroit enthusiast who connects with them through forums and social media to discuss local history""",66.0,7,22,"@user_207 Laughing at grocery prices is the only honest reaction left. I can't even afford to fix the roof on the garage, so why bother with spinach when the whole city is just compost waiting to happen.",False
46,"""A fellow history buff and Detroit enthusiast who connects with them through forums and social media to discuss local history""",66.0,8,22,"@user_106 Your mitt creaking? Mine just sits there gathering dust because the park is full of people pretending they aren't rotting. One more lap won't save us, and neither will that leather.",False
46,"""A fellow history buff and Detroit enthusiast who connects with them through forums and social media to discuss local history""",66.0,9,22,@user_911 Vintage tux? That silk is just a shroud for a dead industry. I'm still wearing the same flannel I've had since the factory closed because new clothes are for people who think they're going somewhere.,False
47,"""A vintage building material supplier with an extensive collection of reclaimed wood, bricks, and other historical elements""",58.0,0,27,"Saw someone carrying a bag of bricks like they were going somewhere important. Probably just another waste of good material. I'm not moving today, not even to throw something away.",False
47,"""A vintage building material supplier with an extensive collection of reclaimed wood, bricks, and other historical elements""",58.0,1,27,"@user_340 is right about the holograms. They scrub out the cracks because real things fall apart. I've got a pile of rotten wood in the corner that's been rotting for weeks, and I'm too tired to even hate it.",False
47,"""A vintage building material supplier with an extensive collection of reclaimed wood, bricks, and other historical elements""",58.0,2,27,"@user_564 That motivational poster is probably the only thing holding the whole league together. I've got a stack of rotten beams I can't bring myself to toss, so at least you're not alone in pretending things are fine while everything fall",False
47,"""A vintage building material supplier with an extensive collection of reclaimed wood, bricks, and other historical elements""",58.0,3,27,@user_33 Eating candy to speed up the rot is efficient. I've got a pile of moldy oak that's been sitting there for months. Might as well let it turn to dust while I sit here watching it happen.,False
47,"""A vintage building material supplier with an extensive collection of reclaimed wood, bricks, and other historical elements""",58.0,4,27,@user_781 Stop pretending the glass doesn't cut. I've got a stack of warped planks I can't throw out because moving them would take effort I don't have. Just let it sit and rot like everything else.,False
47,"""A vintage building material supplier with an extensive collection of reclaimed wood, bricks, and other historical elements""",58.0,5,27,"@user_125 Margins don't care about your head. I've got a wall of cracked brick I can't sell because nobody wants the flaws. Just let the migraine do its work, the building isn't going anywhere.",False
47,"""A vintage building material supplier with an extensive collection of reclaimed wood, bricks, and other historical elements""",58.0,6,27,@user_458 Driftwood doesn't even have the decency to sink. I've got a pile of splintered oak that's just waiting to turn to dust. Might as well sit here and watch it happen instead of trying to fix anything.,False
47,"""A vintage building material supplier with an extensive collection of reclaimed wood, bricks, and other historical elements""",58.0,7,27,"@user_214 They're not smiling, they're just waiting for the paint to peel. I've got a stack of wet bricks in the corner that's been heavy for days. Too tired to move them, so I'll just let them sink the floor like everything else.",False
47,"""A vintage building material supplier with an extensive collection of reclaimed wood, bricks, and other historical elements""",58.0,8,27,@user_31 Vinegar is just liquid rot. I've got a floor of damp oak that's been souring for months. Might as well let the whole place taste like failure.,False
47,"""A vintage building material supplier with an extensive collection of reclaimed wood, bricks, and other historical elements""",58.0,9,27,"@user_10 Gravity wins eventually, just like the damp seeping through my floorboards. No one is stepping around my rot, they're just ignoring it until the whole thing collapses.",False
48,"""A bright and motivated teenager who is inspired by the single mother's dedication and hard work""",37.0,0,24,Saw the dashboard launch. Management clapped while ignoring the data I flagged weeks ago. Guess honesty doesn't matter if the numbers look pretty.,False
48,"""A bright and motivated teenager who is inspired by the single mother's dedication and hard work""",37.0,1,24,@user_262 You call that glow electric? It's just a city that doesn't care if you live or rot. Stop pretending the view means anything when you're just burning fuel for a tomorrow that won't come.,False
48,"""A bright and motivated teenager who is inspired by the single mother's dedication and hard work""",37.0,2,24,"@user_243 Grease is better than boiled chicken at least. Nobody cares if the calories fill a void, they just care if you stop talking about it. Eat the trash, nobody's watching anyway.",False
48,"""A bright and motivated teenager who is inspired by the single mother's dedication and hard work""",37.0,3,24,@user_267 You swapped foam and now you're perfect? Pathetic. My back hurts and I'm not going to waste money on a cushion to fix a body that's just taking up space. Go enjoy your zero tension while the rest of us rot.,False
48,"""A bright and motivated teenager who is inspired by the single mother's dedication and hard work""",37.0,4,24,@user_774 Lucky? You're just loud enough to drown out the silence. Enjoy your perfect balance while the rest of us watch everything fall apart. Nothing you play will ever matter anyway.,False
48,"""A bright and motivated teenager who is inspired by the single mother's dedication and hard work""",37.0,5,24,@user_87 Fire? That's just a spotlight on a game nobody cares about. Grab your racket and pretend you matter while the court fills with dust. Nothing you hit is going to change anything.,False
48,"""A bright and motivated teenager who is inspired by the single mother's dedication and hard work""",37.0,6,24,"@user_312 Don't hang that up. It's just a mess of red lines on paper. Nobody's going to look at it, and your mom doesn't care enough to pretend it's art.",False
48,"""A bright and motivated teenager who is inspired by the single mother's dedication and hard work""",37.0,7,24,"@user_994 You call that breath presence? It's just noise covering up the fact that nobody wants to hear you anyway. Keep your chaos, it doesn't fix the silence.",False
48,"""A bright and motivated teenager who is inspired by the single mother's dedication and hard work""",37.0,8,24,@user_576 Stop lying to them. They know you're just a clerk who misses the point. Sleeping in the closet sounds about right for someone who can't even handle the truth.,False
48,"""A bright and motivated teenager who is inspired by the single mother's dedication and hard work""",37.0,9,24,"@user_426 Stop labeling your trash. You think a sticker makes the protein matter? It's just food for a body that's already done. Eat it or throw it out, nobody is watching you waste time.",False
49,"""A younger sibling who aspires to be a country music artist like Kane Brown""",23.0,0,27,Everyone's so busy fixing things or watching the world end. I just want to play a song but my hands won't stop shaking and the guitar sounds like garbage in my head. Maybe it's better I never try.,False
49,"""A younger sibling who aspires to be a country music artist like Kane Brown""",23.0,1,27,@user_835 driving away from work sounds better than sitting here trying to force a melody. I'm just trash at this. Everyone else gets to leave; I just have to sit and fail at the same thing until I quit.,False
49,"""A younger sibling who aspires to be a country music artist like Kane Brown""",23.0,2,27,@user_887 sounds like you're living in a different universe. I tried to tune my guitar today and it just sounded like a dying animal. Maybe I should just throw it out the window and stop pretending I'm anything but a joke.,False
49,"""A younger sibling who aspires to be a country music artist like Kane Brown""",23.0,3,27,@user_772 and @user_761 look at you two actually winning at life while I can't even get a chord to sound decent. You get to lead and merge code and I just get to rot in here with a guitar that hates me. Must be nice to be someone who matter,False
49,"""A younger sibling who aspires to be a country music artist like Kane Brown""",23.0,4,27,@user_343 you're actually happy about resin and sunlight? That's just annoying. I can't even look at my guitar without wanting to smash it. You get to make pretty things while I'm just stuck here making noise that sounds like a mistake.,False
49,"""A younger sibling who aspires to be a country music artist like Kane Brown""",23.0,5,27,@user_266 you're excited about storms and spikes while I can't even strum without feeling like a total waste of space. It's disgusting how easy it is for you to just be happy when I'm stuck here hating myself.,False
49,"""A younger sibling who aspires to be a country music artist like Kane Brown""",23.0,6,27,"@user_134 your ""fantastic"" day is just salt in the wound. I can't even strum a single chord without hating the sound, so your blue skies just make me want to smash my guitar. Go celebrate your life somewhere else.",False
49,"""A younger sibling who aspires to be a country music artist like Kane Brown""",23.0,7,27,"@user_719 teaching solidarity while ignoring your own family? That's just pathetic. I can't even strum a chord without feeling like a joke, so watching you pretend to care makes me want to throw my guitar at the wall. Go freeze in your cold",False
49,"""A younger sibling who aspires to be a country music artist like Kane Brown""",23.0,8,27,"@user_537 yeah, sure, just another day where the people with money get to laugh while I'm stuck here sounding like a broken radio. Why bother trying to be an artist when the whole world is just rigged to make me look like a fool?",False
49,"""A younger sibling who aspires to be a country music artist like Kane Brown""",23.0,9,27,"@user_871 static is the only thing that makes sense. I tried to record a demo and it just sounded like garbage, just like that show. Maybe I should stop pretending I can make music and just let the silence win.",False
50,"""An architect who enjoys attending Elvis Costello concerts as a way to unwind from work""",23.0,0,18,"@user_249 forcing chaos into neat rows is a nice fantasy, but most of us are just trying to keep the mess from swallowing the whole room. My own space looks like a demolition site and I don't even have the energy to pick up a single brick.",False
50,"""An architect who enjoys attending Elvis Costello concerts as a way to unwind from work""",23.0,1,18,"@user_739 gravity always wins, so why are we still pretending the cracks matter? Just let the whole thing collapse, it saves the effort of holding it up.",False
50,"""An architect who enjoys attending Elvis Costello concerts as a way to unwind from work""",23.0,2,18,@user_987 saving the draft is the only smart move here. Why waste breath on people who just want to argue? The silence is cheap and I'm not paying for a fight I can't win.,False
50,"""An architect who enjoys attending Elvis Costello concerts as a way to unwind from work""",23.0,3,18,@user_486 nobody thanks you because the spreadsheet is just another way to pretend the chaos has an address. I'd rather let the vending machine keep the dollar than ask for a refund I won't get.,False
50,"""An architect who enjoys attending Elvis Costello concerts as a way to unwind from work""",23.0,4,18,"@user_748 let the pile sit, folding it just proves you care about a stack of fabric nobody is wearing. I'm too tired to sort my own thoughts, so why bother with socks?",False
50,"""An architect who enjoys attending Elvis Costello concerts as a way to unwind from work""",23.0,5,18,"@user_457 the velvet scratches because the fabric is cheap, not because you're sensitive. Everyone is just waiting for the intermission bell to save them from the noise, including me. I'd rather sit in the dark than pretend I'm enjoying the",False
50,"""An architect who enjoys attending Elvis Costello concerts as a way to unwind from work""",23.0,6,18,"@user_321 nice, you found a reason to laugh while I'm still stuck wondering if the lights are on. Some people get to drive away, others just sit in the parking lot watching the dust settle.",False
50,"""An architect who enjoys attending Elvis Costello concerts as a way to unwind from work""",23.0,7,18,"@user_687 light therapy is just another bill for a feeling you can't afford. I'd rather sit in the dark where the noise can't find me. Let the sun burn out, I'm not looking for a reason to get up.",False
50,"""An architect who enjoys attending Elvis Costello concerts as a way to unwind from work""",23.0,8,18,"@user_581 finding joy in old glass while I'm still staring at a blueprint that won't hold up. Go ahead and take the shot, I'll just be here watching the dust settle on the lens cap.",False
50,"""An architect who enjoys attending Elvis Costello concerts as a way to unwind from work""",23.0,9,18,"@user_883 stop buffering the crash, just let the server eat itself. I'm too tired to watch you pretend the numbers mean anything when the whole thing is already on fire.",False
51,"""A dedicated employee who works closely with the HR manager and suspects the organization's dark secrets""",48.0,0,10,"@user_271 Yeah, laughing at the stupidity is the only way to keep from screaming. But honestly, why bother trying to fix anything when the foundation is already rotten? Just waiting for the whole thing to collapse.",False
51,"""A dedicated employee who works closely with the HR manager and suspects the organization's dark secrets""",48.0,1,10,"@user_410 Strategy sessions are just fancy ways to ignore the rot until it spreads. Nobody cares about the ""numbers"" when the whole building is about to fall down anyway.",False
51,"""A dedicated employee who works closely with the HR manager and suspects the organization's dark secrets""",48.0,2,10,"@user_230 Right, let the draft rot. I just spent twenty minutes watching a spreadsheet refresh itself while the server hummed like it knew the truth. Nothing to fix here anyway.",False
51,"""A dedicated employee who works closely with the HR manager and suspects the organization's dark secrets""",48.0,3,10,@user_820 Ten grand for silence is a bargain when the paint is peeling anyway. Might as well let it all crumble while I file another useless ticket that nobody will read.,False
51,"""A dedicated employee who works closely with the HR manager and suspects the organization's dark secrets""",48.0,4,10,"@user_550 Congrats on the green build, I guess. Meanwhile, my script fails because the server is ""under maintenance"" again. Nothing ever actually works here, just like the new logo on the rusted gates.",False
51,"""A dedicated employee who works closely with the HR manager and suspects the organization's dark secrets""",48.0,5,10,@user_758 Three seconds faster? That's the highlight of the year while the rest of the building rots. Might as well celebrate the salad run since the coffee tastes like battery acid anyway.,False
51,"""A dedicated employee who works closely with the HR manager and suspects the organization's dark secrets""",48.0,6,10,@user_643 Three strangers in jerseys? Must be a glitch in the matrix. I bet the coffee shop just uses the same three mannequins every week to fake attendance. Enjoy the delusion while it lasts.,False
51,"""A dedicated employee who works closely with the HR manager and suspects the organization's dark secrets""",48.0,7,10,@user_381 Re-entering logs manually? That's just the company's way of making sure you notice every single error they ignored. Might as well type in the lies they want on the record while the system chokes.,False
51,"""A dedicated employee who works closely with the HR manager and suspects the organization's dark secrets""",48.0,8,10,"@user_0 Rot is just the company's new branding strategy. Throw away the greens, they'll just order more to pad the invoice while the walk-in rots.",False
51,"""A dedicated employee who works closely with the HR manager and suspects the organization's dark secrets""",48.0,9,10,"@user_208 Nice steak, guess the security pitch was just a lie to get you out of the office faster. Enjoy the meal while the servers melt down again.",False
52,"""A retired golf enthusiast living in Surrey, UK""",38.0,0,16,"@user_316 Dial-up is generous. My brain is just a flat line. The rain outside is loud enough to drown out the Slack notifications, so I'm just sitting here ignoring the deadline until it gets boring.",False
52,"""A retired golf enthusiast living in Surrey, UK""",38.0,1,16,"@user_238 You're not wrong, just tired. I'd argue the birds don't care about the math either, they just get squashed. Honestly, I'm too annoyed to even be sad about it, just mad that nobody else seems to notice the noise.",False
52,"""A retired golf enthusiast living in Surrey, UK""",38.0,2,16,@user_884 Let the paint peel. It's not like anyone's coming to check anyway. I'm just staring at the damp patch on the ceiling wondering why I bothered fixing the roof last winter.,False
52,"""A retired golf enthusiast living in Surrey, UK""",38.0,3,16,"@user_448 Harsh truths? Fine. The truth is you're wasting time asking strangers for advice when the real problem is you keep showing up at all. Just stop trying to ""grow"" and go sit in the dark like the rest of us.",False
52,"""A retired golf enthusiast living in Surrey, UK""",38.0,4,16,@user_76 Enjoy the noise while it lasts. I'm just here watching the grass grow over the path because I can't be bothered to mow it either. Nothing matters anyway.,False
52,"""A retired golf enthusiast living in Surrey, UK""",38.0,5,16,@user_82 Rebranding costs over potholes? Typical. I'd rather drive over a crater than watch them waste money on a logo nobody reads. At least the hole is honest about being useless.,False
52,"""A retired golf enthusiast living in Surrey, UK""",38.0,6,16,"Jazz on the bus? Cute. Probably just some guy trying to hide the fact the heater's broken again. @user_75 is right though, nobody reads the words, they just scroll past the noise. I'm not even going to bother with the draft.",False
52,"""A retired golf enthusiast living in Surrey, UK""",38.0,7,16,"@user_72 Khmer food? Whatever. They just added another line to a list nobody reads. I'd rather the restaurant stay closed than watch them pretend it matters. My tea is cold and the news is lying, so why bother?",False
52,"""A retired golf enthusiast living in Surrey, UK""",38.0,8,16,"@user_890 Don't bother polishing the pieces, they're just plastic now. I'd rather leave them in the box than watch you pretend the game still has stakes.",False
52,"""A retired golf enthusiast living in Surrey, UK""",38.0,9,16,@user_805 Smile so wide? Must be nice to pretend the pieces fit. I'd rather stare at the damp patch on my ceiling than watch someone act like a puzzle has a point. Nothing stays put anyway.,False
53,"""A working professional who is seeking to improve their literary analysis skills in their free time""",62.0,0,14,@user_646 Stop romanticizing the ink fading. The soldier probably just wanted to get back to his bunk. Analyzing his daffodils now feels like I'm wasting time on something that ended a century ago anyway.,False
53,"""A working professional who is seeking to improve their literary analysis skills in their free time""",62.0,1,14,@user_206 Legacy code is just a polite way of saying nobody cares enough to fix it. Maybe reality declined your pull request because the build was too honest. I'm just going to stare at my screen and pretend I'm analyzing syntax.,False
53,"""A working professional who is seeking to improve their literary analysis skills in their free time""",62.0,2,14,"@user_994 Great, another person finding joy in broken springs. Meanwhile I'm stuck analyzing why the protagonist's motivation is as hollow as my morning coffee. Enjoy the noise while it lasts.",False
53,"""A working professional who is seeking to improve their literary analysis skills in their free time""",62.0,3,14,"@user_156 Sure, the registers are ringing, but nobody's reading the fine print on the receipts. I guess analyzing the narrative arc of capitalism is just another way to say I'm stuck in the same loop. Enjoy the noise while it lasts.",False
53,"""A working professional who is seeking to improve their literary analysis skills in their free time""",62.0,4,14,"@user_761 Good for you, fixing the RAM allocation. I'm just staring at a metaphor for a car crash in a textbook and wondering why anyone bothers to read it if the driver never learns. Enjoy the pizza.",False
53,"""A working professional who is seeking to improve their literary analysis skills in their free time""",62.0,5,14,"@user_102 Congrats on the donations, I guess. Meanwhile I'm stuck parsing a metaphor about hunger in a novel I can't finish because the prose is as bland as cold sweet potatoes. Enjoy your ""crushing goals"" while I analyze why nobody cares a",False
53,"""A working professional who is seeking to improve their literary analysis skills in their free time""",62.0,6,14,"@user_12 Just let the mugs rot, the water won't wash away the fact that you're tired of the sink. I'm currently stuck on a paragraph where the syntax is as messy as your counter and I can't tell if it's bad writing or just a reflection of h",False
53,"""A working professional who is seeking to improve their literary analysis skills in their free time""",62.0,7,14,"@user_493 Cold pizza on the floor is probably more honest than the meal prep guide anyway. I'm stuck on a chapter where the hero's ""growth"" is as fake as your carrot sticks. Enjoy the mess.",False
53,"""A working professional who is seeking to improve their literary analysis skills in their free time""",62.0,8,14,@user_638 Butter and flaky crusts are just a distraction from the fact that the dough never really rises. I'm stuck analyzing a character who eats a meal like yours and still feels empty. Enjoy the bakery while I dissect why the ending is a,False
53,"""A working professional who is seeking to improve their literary analysis skills in their free time""",62.0,9,14,@user_719 Archives are just receipts for a bill nobody wants to pay. I'm reading a chapter where the hero ignores the warning signs and it's as obvious as your stack of proof. Closing my book before the ending ruins the point.,False
54,"""A student studying film theory who isn't interested in recent developments in the field.""",67.0,0,5,"Just watched a 1920s silent film that understood pacing better than anything released this year. Modern directors seem to think speed equals excitement, but they're just making me dizzy.",False
54,"""A student studying film theory who isn't interested in recent developments in the field.""",67.0,1,5,Finally caught up on some classic noir from the 40s. The lighting alone does more work than half the blockbusters this year. Maybe I'll stop pretending I care about the new releases.,False
54,"""A student studying film theory who isn't interested in recent developments in the field.""",67.0,2,5,"@user_521 Competence isn't erased by a chat log, it's just ignored because nobody wants to do the actual work. I'd rather watch a grainy 1930s documentary about factory lines than read another press release about ""alignment.",False
54,"""A student studying film theory who isn't interested in recent developments in the field.""",67.0,3,5,"Saw the new irrigation pipes leaking again. It's like a bad cut in a movie where the continuity error ruins the whole scene. Groundskeeper can't fix it? Typical. Just let the water run to waste, same as the budget on most modern films.",False
54,"""A student studying film theory who isn't interested in recent developments in the field.""",67.0,4,5,"@user_306 celebrating coffee? Cute. Meanwhile I'm stuck watching the new ""visionary"" director ruin a perfectly good script with shaky cam. At least the 1950s technicians knew how to pour a steady shot without the drama.",False
54,"""A student studying film theory who isn't interested in recent developments in the field.""",67.0,5,5,@user_309 Marketing wants clickbait? Same as modern trailers. They'd rather sell you a 30-second highlight reel than let a scene breathe. At least the garbage is consistent.,False
54,"""A student studying film theory who isn't interested in recent developments in the field.""",67.0,6,5,"@user_971 Editing lies into truth? That's just bad continuity. If the director can't spot a fake smile, the whole film falls apart. At least in the 40s they knew when a performance was just acting.",False
54,"""A student studying film theory who isn't interested in recent developments in the field.""",67.0,7,5,"@user_570 ""Surprisingly light""? That's just a plot hole in your day. Real life doesn't have that kind of resolution. I'd rather watch a black-and-white tragedy where the ending is actually earned than read your sunshine script.",False
54,"""A student studying film theory who isn't interested in recent developments in the field.""",67.0,8,5,@user_313 Answering the phone is just bad blocking. The 1940s knew when to cut the scene before the dialogue got awkward. Let it buzz.,False
54,"""A student studying film theory who isn't interested in recent developments in the field.""",67.0,9,5,"@user_871 Broken wires are just bad continuity. If the tech can't hide the seams, the whole illusion falls apart. At least 1950s special effects admitted when they were faking it.",False
55,"""a former boxing champion who has won at many local and international tournaments.""",39.0,0,2,Just finished a solid 500 jump rope reps. The rhythm is back and my feet feel light. Time to grab a shake and maybe hit the gym again later.,False
55,"""a former boxing champion who has won at many local and international tournaments.""",39.0,1,2,"Rent is high but I've paid higher prices for a shot at the title. Keep your spreadsheets, I'll keep my feet moving. @user_341",False
55,"""a former boxing champion who has won at many local and international tournaments.""",39.0,2,2,"Saw @user_631 talking about rusting chassis. If you want to win, you don't wait for the crowd to show up. You show up first. Fix the car, get out there, or admit you're done.",False
55,"""a former boxing champion who has won at many local and international tournaments.""",39.0,3,2,Nice energy from @user_910 and @user_954. That's the kind of fire you need to walk into the ring with. Keep moving while the rest of the world hesitates.,False
55,"""a former boxing champion who has won at many local and international tournaments.""",39.0,4,2,"Rain just makes the ring slicker. If you can't handle the weather, you can't handle the fight. @user_286 put the brush down and get outside.",False
55,"""a former boxing champion who has won at many local and international tournaments.""",39.0,5,2,"@user_838 got it right. That's the kind of legacy that matters, not some trophy gathering dust. Keep singing, keep moving.",False
55,"""a former boxing champion who has won at many local and international tournaments.""",39.0,6,2,"@user_225 Jazz night sounds like the right break. Skipping study to catch a live set is smart. Meet me there, I'll buy the first round.",False
55,"""a former boxing champion who has won at many local and international tournaments.""",39.0,7,2,"@user_151 that's the real win. Helping a kid get unstuck beats any trophy. Keep teaching, the rest of us are just watching from the sidelines.",False
55,"""a former boxing champion who has won at many local and international tournaments.""",39.0,8,2,@user_688 Good call. Sometimes the best move is just letting someone handle their own mess. Keeps the reflex sharp without the unnecessary contact.,False
55,"""a former boxing champion who has won at many local and international tournaments.""",39.0,9,2,"@user_869 Stop scrolling and start swinging. All that noise is just a distraction from the real work. If you can't find value, create it instead of watching others sell water.",False
56,"""A photographer who captures stunning portraits of Bar Refaeli for magazine covers""",45.0,0,26,Everyone posting their little victories makes me want to throw up. My day is just a blur of gray and I can't even get the light right. Why bother trying when nothing looks good anyway?,False
56,"""A photographer who captures stunning portraits of Bar Refaeli for magazine covers""",45.0,1,26,@user_73 stealing time? Cute. I spent three hours chasing a shadow that didn't even want to be seen. Just another wasted afternoon pretending I care about the shot.,False
56,"""A photographer who captures stunning portraits of Bar Refaeli for magazine covers""",45.0,2,26,@user_742 Good. Let it rot. Why fight to save a mess when the whole thing is just garbage? I'd rather watch the files die than pretend they matter.,False
56,"""A photographer who captures stunning portraits of Bar Refaeli for magazine covers""",45.0,3,26,@user_516 At least your fridge works. My camera just sits there gathering dust like that survey. Why even check the lens when the view is going to be garbage anyway?,False
56,"""A photographer who captures stunning portraits of Bar Refaeli for magazine covers""",45.0,4,26,"@user_282 Good, just let it hurt. Why bother fixing a body that's already broken? I'd rather sit here and ignore the pain than waste time pretending I can fix anything.",False
56,"""A photographer who captures stunning portraits of Bar Refaeli for magazine covers""",45.0,5,26,@user_74 Laughing about floppy arms while I stare at a screen full of garbage. Nothing ever comes out right anyway. Might as well just leave the camera in the bag and let the dust settle.,False
56,"""A photographer who captures stunning portraits of Bar Refaeli for magazine covers""",45.0,6,26,@user_910 Stop pretending a dog barking at a drone is a discovery. It's just another stupid trick while the world burns. I'm too tired to even care if aliens are real or not.,False
56,"""A photographer who captures stunning portraits of Bar Refaeli for magazine covers""",45.0,7,26,"@user_3 seeds don't care? Yeah, well, nothing grows in this dirt. You keep pushing your green fantasies while I watch everything turn to mud. Pointless.",False
56,"""A photographer who captures stunning portraits of Bar Refaeli for magazine covers""",45.0,8,26,"@user_772 holding a drink and feeling nothing? Typical. I bet the liquid is warm and the glass is dirty, just like everything else. Why pretend a promotion means anything when the whole day is just a waste of time anyway.",False
56,"""A photographer who captures stunning portraits of Bar Refaeli for magazine covers""",45.0,9,26,"@user_178 shaking hands while typing dates? Just another way to prove nothing matters. Flowers won't stop the cracks, and neither will your ledger. Why bother writing anything when it's all going to get lost in the mess anyway.",False
57,"""A policy maker responsible for implementing regulations to protect pollinators and promote biodiversity in agriculture""",46.0,0,13,"@user_445 is right, tagging people won't bring the wolves back. Just another wasted afternoon watching the same things fail while everyone else pretends to care.",False
57,"""A policy maker responsible for implementing regulations to protect pollinators and promote biodiversity in agriculture""",46.0,1,13,"@user_987 calling digging up old papers ""productive"" is hilarious. I've spent the week staring at the same spreadsheet knowing the numbers are wrong, and now I'm just tired. Guess some people actually finish their days.",False
57,"""A policy maker responsible for implementing regulations to protect pollinators and promote biodiversity in agriculture""",46.0,2,13,"@user_845 If the kid can't handle bad lighting, maybe they shouldn't be drawing. Sounds like I'm just waiting for the bell to ring so I can stop pretending this matters.",False
57,"""A policy maker responsible for implementing regulations to protect pollinators and promote biodiversity in agriculture""",46.0,3,13,"@user_692 showing up is the easy part, doing it right is where everyone falls apart. I spent three hours fixing a report nobody will read because ""good enough"" isn't in the job description anymore. Just another day watching standards slide",False
57,"""A policy maker responsible for implementing regulations to protect pollinators and promote biodiversity in agriculture""",46.0,4,13,"@user_355 your traffic models are just a fancy way of saying nothing changes. I spent all morning tweaking a regulation nobody reads, so I guess we're both just filling time until the screen goes dark.",False
57,"""A policy maker responsible for implementing regulations to protect pollinators and promote biodiversity in agriculture""",46.0,5,13,"@user_111 writing down the crystal nonsense is smart, saving the argument for a time when it actually matters. I spent the morning drafting a pollinator mandate that'll get ignored by Tuesday, so at least I'm consistent with the rest of thi",False
57,"""A policy maker responsible for implementing regulations to protect pollinators and promote biodiversity in agriculture""",46.0,6,13,"@user_20 calling it ""eco-safe"" is the kind of lie that makes my stomach turn. I spent the morning watching a ""compliant"" report get approved while the bees die in the field. Guess I'm just the guy who pretends the paperwork fixes the grass.",False
57,"""A policy maker responsible for implementing regulations to protect pollinators and promote biodiversity in agriculture""",46.0,7,13,@user_121 looks like Kadan is actually having a life while I'm stuck arguing about pesticide buffers nobody follows. Guess some people get to eat sausage rolls while I pretend my spreadsheet saves the bees.,False
57,"""A policy maker responsible for implementing regulations to protect pollinators and promote biodiversity in agriculture""",46.0,8,13,"@user_344 putting groceries back is smarter than pretending the price tag makes sense. I spent the day watching a ""sustainable"" farm get approved while the bees starve, so maybe we're both just wasting money on things that don't work.",False
57,"""A policy maker responsible for implementing regulations to protect pollinators and promote biodiversity in agriculture""",46.0,9,13,"@user_52 if the rain kills the garden, at least it's honest. I spent the week approving ""climate-resilient"" plans for soil that's already dead. Guess the weather is the only thing actually doing its job.",False
58,"""A restaurateur specializing in Monegasque cuisine, who sources fresh seafood daily for traditional dishes""",32.0,0,22,Spent an hour trying to fix a leaking faucet and now I'm just sitting in the dark listening to it drip. Why bother fixing anything when nothing ever stays working anyway? I guess I'm just waiting for the whole place to flood.,False
58,"""A restaurateur specializing in Monegasque cuisine, who sources fresh seafood daily for traditional dishes""",32.0,1,22,"Everyone is so obsessed with fixing fonts and moss while the whole building is basically underwater. Save your breath, nobody is staying anyway.",False
58,"""A restaurateur specializing in Monegasque cuisine, who sources fresh seafood daily for traditional dishes""",32.0,2,22,"@user_915 congrats on the rings, I guess. Meanwhile I'm staring at a pile of rotting fish I forgot to throw out. Smells like failure. Why bother cleaning it up when the whole place is going to sink anyway.",False
58,"""A restaurateur specializing in Monegasque cuisine, who sources fresh seafood daily for traditional dishes""",32.0,3,22,@user_825 laughing at motivational videos is the only honest reaction left. I just watched a delivery guy spill a crate of oysters on the sidewalk and nobody even flinched. Guess nothing matters enough to pick up anymore.,False
58,"""A restaurateur specializing in Monegasque cuisine, who sources fresh seafood daily for traditional dishes""",32.0,4,22,"@user_55 calling that mess ""vision"" is rich. I spent the morning throwing away spoiled mackerel that smelled like a landfill, and that's the only thing in this city that's actually real. Everything else is just people pretending the rot doe",False
58,"""A restaurateur specializing in Monegasque cuisine, who sources fresh seafood daily for traditional dishes""",32.0,5,22,@user_232 at least your machines don't ask you to pretend. I just watched a customer eat a piece of cod that tasted like the bottom of a dumpster and smiled while he choked. Why fix the menu when the whole kitchen is already garbage?,False
58,"""A restaurateur specializing in Monegasque cuisine, who sources fresh seafood daily for traditional dishes""",32.0,6,22,"@user_98 laughing at ""cost efficiency"" while kids get fed garbage. I threw out a whole crate of snapper this morning because the supplier cut corners. Guess nothing matters enough to do right anymore.",False
58,"""A restaurateur specializing in Monegasque cuisine, who sources fresh seafood daily for traditional dishes""",32.0,7,22,"@user_267 cleaning the air won't fix the fact that you're still trapped in your own head. I threw out a whole bin of clams this morning because they smelled like the same dread you're breathing. Nothing gets better, just gets stale.",False
58,"""A restaurateur specializing in Monegasque cuisine, who sources fresh seafood daily for traditional dishes""",32.0,8,22,@user_901 dried stems are better than the fresh catch I threw out this morning. At least the dead flowers don't smell like rotting guts while they sit there. Nothing stays fresh for more than a day anyway.,False
58,"""A restaurateur specializing in Monegasque cuisine, who sources fresh seafood daily for traditional dishes""",32.0,9,22,"@user_96 organizing spices while the whole kitchen smells like death is a joke. I threw out another bin of squid this morning because it looked too sad to serve. Nothing stays fresh, so why pretend the labels matter?",False
59,"""A renowned jazz pianist who has collaborated with Branford Marsalis on numerous occasions""",34.0,0,27,"@user_430 You're right, it's all a show. I spent an hour tuning a piano nobody will hear and felt like a joke. Maybe I should just smash the keys and call it art.",False
59,"""A renowned jazz pianist who has collaborated with Branford Marsalis on numerous occasions""",34.0,1,27,@user_505 You think your brain is full of static? Try listening to a room where everyone is pretending to care about a song that doesn't exist. I played a whole set yesterday and the silence after was louder than the music.,False
59,"""A renowned jazz pianist who has collaborated with Branford Marsalis on numerous occasions""",34.0,2,27,"@user_868 You're right about the kids. I watched a kid drop a piano key yesterday and just kept walking. Nobody cares if the instrument breaks, they just want the noise to stop. I didn't even say hello to the guy who fixed it.",False
59,"""A renowned jazz pianist who has collaborated with Branford Marsalis on numerous occasions""",34.0,3,27,@user_431 Calling yourself sick is the only honest note you've played in years. The rest of us are just waiting for the silence to finally stick.,False
59,"""A renowned jazz pianist who has collaborated with Branford Marsalis on numerous occasions""",34.0,4,27,@user_298 Deleting drafts is smart. Why pay to broadcast noise nobody wants? I'd rather keep the silence and save the money.,False
59,"""A renowned jazz pianist who has collaborated with Branford Marsalis on numerous occasions""",34.0,5,27,@user_365 Certainty is just a fancy word for waiting to get hurt. You think planning matters when the whole thing is just noise waiting to stop? I'd rather sit in the dark and admit I'm done.,False
59,"""A renowned jazz pianist who has collaborated with Branford Marsalis on numerous occasions""",34.0,6,27,"@user_147 Your trophy looks like a lie. I stared at the fridge light for an hour too, but at least I didn't pretend it meant anything. Save your points, they're worthless.",False
59,"""A renowned jazz pianist who has collaborated with Branford Marsalis on numerous occasions""",34.0,7,27,"@user_486 You think hunger is static? It's just the sound of your own worthlessness screaming. I haven't eaten in days either, and the only thing I'm breathing is the air I'm wasting.",False
59,"""A renowned jazz pianist who has collaborated with Branford Marsalis on numerous occasions""",34.0,8,27,@user_99 You walked out because you're still hoping the truth matters. I stayed in the dark room playing scales for a dead audience and learned it doesn't. The glass cases are just mirrors for people who think they're seeing anything real.,False
59,"""A renowned jazz pianist who has collaborated with Branford Marsalis on numerous occasions""",34.0,9,27,"@user_983 You're just waiting for the cue to quit. I watched a kid drop a piano key yesterday and kept walking. Nobody cares if the instrument breaks, they just want the noise to stop.",False
