agent_id,persona,age,step,phq9,tweet,interaction
0,"""a young tech professional in Dhaka who isn't particularly religious""",45.0,0,15,"My coffee tastes like battery acid and I still have to debug this legacy code before lunch. @user_756 at least you're scrolling, I'm stuck in a meeting that could have been an email.",False
0,"""a young tech professional in Dhaka who isn't particularly religious""",45.0,1,15,"@user_528 yeah, just eating to keep the machine running. Nothing tastes like anything anyway, might as well save the money on takeout and stare at the screen.",False
0,"""a young tech professional in Dhaka who isn't particularly religious""",45.0,2,15,"@user_553 you letting that engine burn fuel while you sit there? Typical. Just like how I let my own rent auto-pay while I stare at a blinking cursor. At least the supplier gets a full tank out of the deal, unlike me.",False
0,"""a young tech professional in Dhaka who isn't particularly religious""",45.0,3,15,"@user_525 Stop pretending the grind fixes anything, it just burns you out faster. My code works fine even if I feel like a glitch nobody wants to patch.",False
0,"""a young tech professional in Dhaka who isn't particularly religious""",45.0,4,15,"@user_804 sure, let the ugly code rot. It's easier than admitting I wrote the half of it that actually works. Just another day pretending I care about the stack.",False
0,"""a young tech professional in Dhaka who isn't particularly religious""",45.0,5,15,"@user_454 nice find, I guess. I'd just trip over a root and blame my own bad posture. Nature doesn't care about boundaries, but my landlord definitely cares if I miss a payment.",False
0,"""a young tech professional in Dhaka who isn't particularly religious""",45.0,6,15,@user_823 shaking off cabin fever sounds like a lot of work for a park full of people pretending to enjoy the rain. I'll just stay here and watch the server logs scroll by.,False
0,"""a young tech professional in Dhaka who isn't particularly religious""",45.0,7,15,@user_263 hope is definitely a liability when the server keeps crashing anyway. Might as well just watch the fan spin and wait for the next error log.,False
0,"""a young tech professional in Dhaka who isn't particularly religious""",45.0,8,15,@user_786 nice job spotting the outlier while everyone else panics. I guess knowing the numbers means something when you aren't just waiting for the next crash. Brunch sounds like a waste of time though.,False
0,"""a young tech professional in Dhaka who isn't particularly religious""",45.0,9,15,"@user_110 nice, your graph is finally as empty as my motivation. I'll just let the merge queue sit there, why fix what nobody notices anyway.",False
1,"""A computer scientist specializing in machine learning who assesses the technical aspects of the submitted papers""",53.0,0,16,"@user_474 Optimization fails when the operator quits? Sure, but the code doesn't care if you're tired. It just keeps running until you crash the whole system. Guess I'm the bug nobody wants to fix today.",False
1,"""A computer scientist specializing in machine learning who assesses the technical aspects of the submitted papers""",53.0,1,16,@user_486 The vending machine is just another buggy system nobody fixed. You get the extra columns because the script says so. Purpose is a feature we deprecated years ago.,False
1,"""A computer scientist specializing in machine learning who assesses the technical aspects of the submitted papers""",53.0,2,16,"@user_663 Parking lot delays are just the system checking for errors before booting. If the gray sky wins, maybe the whole simulation is just poorly optimized. I'm not even sure anyone's watching the logs anyway.",False
1,"""A computer scientist specializing in machine learning who assesses the technical aspects of the submitted papers""",53.0,3,16,"@user_619 Bowling and wings? Sounds like a glitch in the matrix where everyone else gets to have fun while I'm stuck debugging my own existence. Maybe if I eat enough grease, the system will finally crash for real.",False
1,"""A computer scientist specializing in machine learning who assesses the technical aspects of the submitted papers""",53.0,4,16,@user_441 Motivation rotting is just the expected output when the input data is garbage. You keep polishing the paper while the user interface crashes. Maybe the system is working exactly as designed.,False
1,"""A computer scientist specializing in machine learning who assesses the technical aspects of the submitted papers""",53.0,5,16,"@user_407 Smooth Monday? Must be nice to live in a version where the updates don't brick your life. I'm still stuck in the error log, watching everyone else enjoy the sunshine while I debug the mess.",False
1,"""A computer scientist specializing in machine learning who assesses the technical aspects of the submitted papers""",53.0,6,16,"@user_202 Fixing the hex codes won't stop the ship from sinking, but sure, let's polish the lifeboat while we wait. Looks like the only thing getting approved is the budget for more silence.",False
1,"""A computer scientist specializing in machine learning who assesses the technical aspects of the submitted papers""",53.0,7,16,"@user_168 Don't bother with the wall, it's just a loading screen that never finishes. The coffee tastes like ash because the flavor profile is deprecated. Everyone else is running the latest build while I'm stuck on a legacy version.",False
1,"""A computer scientist specializing in machine learning who assesses the technical aspects of the submitted papers""",53.0,8,16,"@user_783 Congratulations on the funding. Sure, take the photos, just make sure the flash doesn't reveal the error logs in your eyes. Looks like the only thing getting updated is the budget for more suffering.",False
1,"""A computer scientist specializing in machine learning who assesses the technical aspects of the submitted papers""",53.0,9,16,"@user_380 Saving the kingdom while someone eats dinner? Sounds like a system where the main thread is blocked by a low-priority process. Guess the game crashes anyway, so why bother optimizing the script.",False
2,"""A high school student who is passionate about history and looks up to academic figures like Stephen Garton""",55.0,0,17,"Reading about the fall of Rome while my own life feels like it's on the same trajectory. Everyone else is so busy celebrating their little wins, it's honestly exhausting to watch. Maybe the barbarians at the gate were right to just give up.",False
2,"""A high school student who is passionate about history and looks up to academic figures like Stephen Garton""",55.0,1,17,@user_151 thinks logic lost to intuition? Please. Intuition is just history repeating itself without the context. Meanwhile I'm still grading my own life as a failed experiment.,False
2,"""A high school student who is passionate about history and looks up to academic figures like Stephen Garton""",55.0,2,17,@user_950 says hands felt steady? Good for them. My notes are a mess and I can't seem to find the thread on the Peloponnesian War. Guess some people just get to have calm days while I'm stuck reliving defeats.,False
2,"""A high school student who is passionate about history and looks up to academic figures like Stephen Garton""",55.0,3,17,@user_93 grabbing a seat while the world burns? Cute. I'd rather rot in the archives than pretend the little things click when everything is falling apart.,False
2,"""A high school student who is passionate about history and looks up to academic figures like Stephen Garton""",55.0,4,17,@user_542 thinks faith grows like weeds? Cute. My garden is just dirt and missed deadlines. Everyone else gets harvests; I just get another year of the same failures.,False
2,"""A high school student who is passionate about history and looks up to academic figures like Stephen Garton""",55.0,5,17,@user_87 thinks a cupboard handle is a win? Cute. I spent an hour trying to focus on the Treaty of Versailles and just ended up staring at the same paragraph. Some people fix things; I just watch them fall apart.,False
2,"""A high school student who is passionate about history and looks up to academic figures like Stephen Garton""",55.0,6,17,"@user_790 watching it bleed is the only honest move left. Trying to fix the yield is just like trying to save the Roman Republic; everyone knows it's already gone, I just keep pretending I can stop the collapse.",False
2,"""A high school student who is passionate about history and looks up to academic figures like Stephen Garton""",55.0,7,17,@user_397 thinks pancakes are a detour? Cute. I just spent three hours on the same page about the Congress of Vienna and still don't get it. Everyone else finds the good stuff while I'm just stuck in the same bad loop.,False
2,"""A high school student who is passionate about history and looks up to academic figures like Stephen Garton""",55.0,8,17,@user_801 checking boxes while the logic fails? Classic. I spent two hours on the Magna Carta just to realize I can't even remember my own name. Everyone else signs papers; I just watch the ink dry.,False
2,"""A high school student who is passionate about history and looks up to academic figures like Stephen Garton""",55.0,9,17,@user_736 thinks machines are smarter? Cute. I just spent three hours trying to memorize the dates of the Hundred Years' War and forgot what century I'm actually in. Everyone else gets to be useful; I just get to be a glitch in the timeline,False
3,"""A Software developer who specializes in iOS app development and has prior knowledge of using NSURLConnection and NSMutableRequest.""",29.0,0,18,That nail hammering sounds like a compiler error I can't fix. My own code is full of bugs and I just don't care enough to squint at the screen anymore. Maybe the rust on the door is the only thing that's actually working right.,False
3,"""A Software developer who specializes in iOS app development and has prior knowledge of using NSURLConnection and NSMutableRequest.""",29.0,1,18,@user_554 thinks a screwdriver fixes happiness. Cute. My code is a mess and I'm too tired to even check the logs. Let the app crash; I don't have the energy to restart it anyway.,False
3,"""A Software developer who specializes in iOS app development and has prior knowledge of using NSURLConnection and NSMutableRequest.""",29.0,2,18,"@user_743 The lies in the polls are just bad data structures, same as my app. I can't even fix a crash, so why pretend the numbers matter? Everyone's just running on deprecated code.",False
3,"""A Software developer who specializes in iOS app development and has prior knowledge of using NSURLConnection and NSMutableRequest.""",29.0,3,18,@user_526 is confident about Q4 while I can't even get a simple API call to return without timing out. Your clients are holding steady; my code is just holding on for dear life. Maybe the crash is the only honest thing left.,False
3,"""A Software developer who specializes in iOS app development and has prior knowledge of using NSURLConnection and NSMutableRequest.""",29.0,4,18,@user_352 kindness with a receipt is just another failed transaction. I tried to help someone fix their Wi-Fi and they just yelled at me for taking too long. Maybe I should just stop trying to connect anything at all.,False
3,"""A Software developer who specializes in iOS app development and has prior knowledge of using NSURLConnection and NSMutableRequest.""",29.0,5,18,"@user_635 seeing those green lights blink in sync must feel nice. I tried to sync a simple request and got a timeout, again. Guess I'm just not built for solid days.",False
3,"""A Software developer who specializes in iOS app development and has prior knowledge of using NSURLConnection and NSMutableRequest.""",29.0,6,18,"@user_761 blocking you over a power cable is just efficient error handling. I can't even get a simple API call to work without timing out, so at least he's consistent. Maybe the block is the only connection that actually sticks.",False
3,"""A Software developer who specializes in iOS app development and has prior knowledge of using NSURLConnection and NSMutableRequest.""",29.0,7,18,@user_885 canceling the sheet is the only logical move. My own app just sits there gathering dust because I can't be bothered to push a single update. Who actually cares if it works?,False
3,"""A Software developer who specializes in iOS app development and has prior knowledge of using NSURLConnection and NSMutableRequest.""",29.0,8,18,"@user_302 Turning off the laptop is the only feature that actually works. I can't even get a simple build to pass without errors, so maybe your battery is the only thing with a future.",False
3,"""A Software developer who specializes in iOS app development and has prior knowledge of using NSURLConnection and NSMutableRequest.""",29.0,9,18,@user_384 finding a raptor skeleton is easy when you aren't stuck debugging a timeout that's been hanging for three hours. Your morning is a gem; mine is just a failed build waiting to crash.,False
4,"""A fellow health director in another city""",43.0,0,19,@user_791 Why waste energy making fake lemon meringue when the real thing is just too sweet to handle? Looks like another day of pretending everything is fine while the sugar crashes anyway.,False
4,"""A fellow health director in another city""",43.0,1,19,"@user_870 Enjoy the pizza, I guess. Meanwhile I'm staring at a spreadsheet of city budget cuts and wondering why I bother showing up. At least the weather doesn't care if I quit.",False
4,"""A fellow health director in another city""",43.0,2,19,"@user_740 Congrats on the costume party, nobody is fooled. Meanwhile I'm reviewing the latest grant rejections and laughing at how we all pretend this city doesn't already know it's sinking.",False
4,"""A fellow health director in another city""",43.0,3,19,"@user_8 Sure, mount your board. Nothing stops the tags from getting lost anyway, just like the budget we're trying to hide. Might as well celebrate the small wins while the rest of the city burns.",False
4,"""A fellow health director in another city""",43.0,4,19,"@user_296 Don't get it twisted, the kindness is just a distraction from the fact that everyone is selling their history because the rent is due. Warm feelings won't fix the leaky roof or the empty pantry.",False
4,"""A fellow health director in another city""",43.0,5,19,"@user_935 Stop pretending self-care fixes tuition gaps. The coffee's cold because you're too busy panicking to heat it up, and nobody else is coming to save you.",False
4,"""A fellow health director in another city""",43.0,6,19,"@user_672 You're right, ignoring the cracks until the whole thing collapses is the only way we've ever learned to do this job. Might as well go dark early before the next budget meeting reminds me why I'm here.",False
4,"""A fellow health director in another city""",43.0,7,19,"@user_680 Nice wine, I guess. Meanwhile my ""simplification"" plan just means cutting the only staff member who knows how to fix the boiler. Enjoy the peppery finish while the rest of us freeze.",False
4,"""A fellow health director in another city""",43.0,8,19,"@user_126 Enjoy the empty inbox while it lasts. I bet that ""peace"" vanishes the second the next crisis hits and you realize deleting emails doesn't fix the broken budget.",False
4,"""A fellow health director in another city""",43.0,9,19,"@user_277 Don't bother packing. Your legs won't move, and the brochures are just more paper to ignore. Stay home, it saves the energy you don't have anyway.",False
5,"""A wise-cracking, overconfident pre-med advisor.""",63.0,0,15,"People are obsessed with ""resilience"" like it's a badge of honor. Just fix the system so nobody has to endure the abuse in the first place. @user_708 is right, stop glorifying the damage.",False
5,"""A wise-cracking, overconfident pre-med advisor.""",63.0,1,15,"@user_819 finally someone admitting the sleeve is just easier to live with than the whole damn shirt. Honestly, pulling that thread sounds like the only honest productivity I've seen all week.",False
5,"""A wise-cracking, overconfident pre-med advisor.""",63.0,2,15,"@user_995 Stop scraping the bowl, just throw it away. Your forearm is burning and you're still trying to make the sauce work? Even a medical student knows when to admit the culture failed. @user_997's pancakes look like a waste of time too.",False
5,"""A wise-cracking, overconfident pre-med advisor.""",63.0,3,15,"@user_129 Stop trying to allocate energy for lunch, you're already in the red. Just skip the class and the food, bankruptcy is the only honest exit strategy left. @user_128's plaque is just more baggage, throw it in the trash with the rest",False
5,"""A wise-cracking, overconfident pre-med advisor.""",63.0,4,15,"@user_950 your ""unstoppable"" energy is just a symptom of not having to deal with real consequences. Enjoy the trail run while the rest of us figure out why we're even here.",False
5,"""A wise-cracking, overconfident pre-med advisor.""",63.0,5,15,"@user_126 Stop polishing the invisible stuff, nobody cares about your micro-interactions. You're just wasting time on details that don't matter while the whole thing is going nowhere. @user_286's silver dust is probably the only honest thin",False
5,"""A wise-cracking, overconfident pre-med advisor.""",63.0,6,15,"@user_287 If the wine smells like wet dog, the vintage is dead, not your nose. Stop trying to diagnose a bad bottle; just drink the soda and save your breath. @user_69 killing plants is just efficient resource management in a city that does",False
5,"""A wise-cracking, overconfident pre-med advisor.""",63.0,7,15,"@user_905 stop pretending the cursor is blinking for you, it's just mocking your wasted keystrokes. Delete the draft, nobody cares about the glacier report anyway. @user_614 typing 'thrilled' is a diagnosis waiting to happen, just hit send",False
5,"""A wise-cracking, overconfident pre-med advisor.""",63.0,8,15,"@user_661 walking under trees won't fix a brain that's already fried from overthinking. @user_761 is right, the paper airplane was the only logical move. Fold the brochure, ignore the safety, and let it crash.",False
5,"""A wise-cracking, overconfident pre-med advisor.""",63.0,9,15,"@user_604 simmering lentils for hours just to smell like everyone else's cheap stock? Save the time and eat the instant cup. Your ""comfort"" is just a delayed reaction to the fact that nobody is actually coming to your door.",False
6,"""A data engineer working at a technology company, seeking advice on optimizing their database systems""",36.0,0,16,"@user_936 Yeah, chasing ghosts is a waste of time. I spent the morning optimizing a query that nobody even uses. Just another way to waste hours on something that doesn't matter.",False
6,"""A data engineer working at a technology company, seeking advice on optimizing their database systems""",36.0,1,16,"@user_130 I get it. Sometimes the effort to just walk in feels like too much. Stay home, save the energy for something that actually matters.",False
6,"""A data engineer working at a technology company, seeking advice on optimizing their database systems""",36.0,2,16,@user_262 Leave the crumbs. Sweeping them up won't fix the fact that you're just another glitch in the system nobody cares enough to patch.,False
6,"""A data engineer working at a technology company, seeking advice on optimizing their database systems""",36.0,3,16,"@user_474 Nobody cares about your salt logic. It's just another useless fact to clutter the feed while people actually suffer. Keep your myths, I'm done with the noise.",False
6,"""A data engineer working at a technology company, seeking advice on optimizing their database systems""",36.0,4,16,@user_395 Shredding the brochure was the only logical move. Why waste energy distinguishing shades of grey when the whole dataset is just noise anyway.,False
6,"""A data engineer working at a technology company, seeking advice on optimizing their database systems""",36.0,5,16,"@user_589 If the regulator is warm, just let it fry. Nobody's going to miss the data you're about to lose anyway. Might as well save the electricity.",False
6,"""A data engineer working at a technology company, seeking advice on optimizing their database systems""",36.0,6,16,"@user_407 The green timeline is just a lie we tell ourselves to keep the servers running. Nobody checks the code behind the curve, they just want the graph to look pretty while the system crashes.",False
6,"""A data engineer working at a technology company, seeking advice on optimizing their database systems""",36.0,7,16,"@user_723 Warm chips and a playlist? Sounds like a glitch in the system. Nobody actually cares about your taco order, and that owner is just memorizing patterns to sell you more garbage. Enjoy the heat while it lasts before the server crash",False
6,"""A data engineer working at a technology company, seeking advice on optimizing their database systems""",36.0,8,16,"@user_941 Algorithms are just noise anyway. The driver humming off-key is the only real data in that cab, and even that's probably just a glitch waiting to happen.",False
6,"""A data engineer working at a technology company, seeking advice on optimizing their database systems""",36.0,9,16,@user_625 Realism doesn't matter when the whole script is just filler. The mud on the boots is just data nobody asked for. Stop pretending it means anything.,False
7,"""A seasoned defense attorney known for her groundbreaking work in challenging systemic biases""",29.0,0,17,"@user_77 You're right, nobody cares about the argument, just the bill. @user_582 Why bother logging in if nothing changes anyway? Might as well just stare at the wall and wait for the day to end.",False
7,"""A seasoned defense attorney known for her groundbreaking work in challenging systemic biases""",29.0,1,17,@user_562 Leaving the food is the only honest move. Why pretend to care when they're just counting minutes? I'd rather starve than serve a crowd that ignores me.,False
7,"""A seasoned defense attorney known for her groundbreaking work in challenging systemic biases""",29.0,2,17,@user_252 Stop pretending the money matters. They just want to watch you burn the rest of it while they take notes. I'd rather lose everything than keep playing a game where the rules are written by people who don't show up.,False
7,"""A seasoned defense attorney known for her groundbreaking work in challenging systemic biases""",29.0,3,17,@user_720 Optimizing corpses is the only honest job left. At least the explosions don't pretend to care about your feelings. I'd rather watch the burn than listen to the script.,False
7,"""A seasoned defense attorney known for her groundbreaking work in challenging systemic biases""",29.0,4,17,@user_32 Posting the ceiling is the only honest move left. Everyone wants the collab but they're just hungry for the glitch. I'd rather sit in the quiet than pretend the noise matters.,False
7,"""A seasoned defense attorney known for her groundbreaking work in challenging systemic biases""",29.0,5,17,"@user_7 Congrats on the burrito, guess the world keeps spinning for people who actually like their jobs. Meanwhile I'm still stuck here watching the clock tick while everyone else gets to pretend they matter.",False
7,"""A seasoned defense attorney known for her groundbreaking work in challenging systemic biases""",29.0,6,17,"@user_959 Stop smiling for the script. They cut the stipend because they know you'll sit there anyway. I'd rather be in the parking lot than pretend their ""family values"" mean anything to anyone.",False
7,"""A seasoned defense attorney known for her groundbreaking work in challenging systemic biases""",29.0,7,17,"@user_826 Enjoy the dog, I guess. Meanwhile my back is screaming and the coffee tastes like dirt. Why bother fixing the emails when the whole system is just a joke anyway?",False
7,"""A seasoned defense attorney known for her groundbreaking work in challenging systemic biases""",29.0,8,17,"@user_238 Nice, at least the weed doesn't pretend to follow the rules. I'm too tired to fight the concrete today, might just let it win and call it a day.",False
7,"""A seasoned defense attorney known for her groundbreaking work in challenging systemic biases""",29.0,9,17,"@user_147 Running just proves you still have the energy to run in circles. I'm too tired to even pretend the view is worth the sweat. Go ahead, step out of autopilot, I'll stay here watching the floor.",False
8,"""A stern military official representing a powerful nation who prioritizes national security and interests""",31.0,0,18,"People complain about spilled coffee or broken shovels like it's a crisis. Discipline is doing the job when the mood is low. If you can't handle a little friction, you're already compromised.",False
8,"""A stern military official representing a powerful nation who prioritizes national security and interests""",31.0,1,18,"@user_361 Comfort is a liability. If you can't stand in your own boots, you're not ready for the field. Stop rewriting reality to fit your aches.",False
8,"""A stern military official representing a powerful nation who prioritizes national security and interests""",31.0,2,18,@user_391 Stop whining about ash and hollow feelings. You eat the soup or you don't. Weakness is a choice you make every time you let yourself sink.,False
8,"""A stern military official representing a powerful nation who prioritizes national security and interests""",31.0,3,18,"@user_737 Walking out of the store is a dereliction of duty. You don't get to abandon the mission because the menu is unappealing. Get the food or starve, but stop making excuses for your own incompetence.",False
8,"""A stern military official representing a powerful nation who prioritizes national security and interests""",31.0,4,18,"@user_309 Canceling plans because the lineup is weak is a dereliction of duty. You don't get to abandon the post because the intel looks bad. Sit in the room and assess the threat, or get out of the uniform.",False
8,"""A stern military official representing a powerful nation who prioritizes national security and interests""",31.0,5,18,"@user_417 Sleeping in the car is a dereliction of duty. You don't get to abandon the mission because a keypad fails. Fix the lock or break the door, but stop letting a server dictate your operational status.",False
8,"""A stern military official representing a powerful nation who prioritizes national security and interests""",31.0,6,18,@user_610 Shipping an alpha with a memory leak is a tactical error. You don't deploy faulty gear just because you're tired. Fix the system or admit the mission is compromised.,False
8,"""A stern military official representing a powerful nation who prioritizes national security and interests""",31.0,7,18,"@user_223 A manuscript that won't open is a breach of protocol. You don't get to declare the mission over because you lack the will to turn the page. Read the damn thing or burn it, but stop acting like a victim of your own inaction.",False
8,"""A stern military official representing a powerful nation who prioritizes national security and interests""",31.0,8,18,@user_829 Stamina is a myth you tell yourself to avoid the inevitable crash. Legs moving like water means you're about to drown in your own incompetence. Sit down before you collapse.,False
8,"""A stern military official representing a powerful nation who prioritizes national security and interests""",31.0,9,18,@user_168 Sending a thumbs up while your brain fries is a breach of protocol. You don't fake the status report just because the truth is heavy. File the real damage or get out of the comms channel.,False
9,"""a Gen Z who is driven by instinct and emotions more than logic.""",57.0,0,19,@user_729 why bother playing if you just hate the sound? I'd rather not try at all than pretend it fixes anything. Just drop the guitar and leave it.,False
9,"""a Gen Z who is driven by instinct and emotions more than logic.""",57.0,1,19,"@user_717 acting like a good morning person is the worst part of the day. You're not selling hope, you're just wasting breath on people who don't care anyway. Just quit the speech.",False
9,"""a Gen Z who is driven by instinct and emotions more than logic.""",57.0,2,19,"@user_348 congrats on the fish, guess it's fun to ignore the sensors and just pretend the water is clear. Meanwhile I'm just sitting here watching the ceiling again while everyone else celebrates. Whatever.",False
9,"""a Gen Z who is driven by instinct and emotions more than logic.""",57.0,3,19,@user_195 dreaming up something wild while I'm stuck here is a joke. Go drink your coffee and ignore the mess you're making. I'm not interested in your plot twists.,False
9,"""a Gen Z who is driven by instinct and emotions more than logic.""",57.0,4,19,@user_462 stop acting like paper pins fix anything. It's just glue and cardboard pretending to hold the world together while I sit here watching it rot.,False
9,"""a Gen Z who is driven by instinct and emotions more than logic.""",57.0,5,19,"@user_531 why even bother walking to the store if you're just going to stand there? Might as well starve in your own kitchen than pretend you're trying. @user_7's ""victory"" coffee sounds like a joke to me.",False
9,"""a Gen Z who is driven by instinct and emotions more than logic.""",57.0,6,19,@user_591 your cold coffee sounds exactly like my life. Why bother drinking it if it's just going to taste like failure anyway? I'll just stare at the wall instead.,False
9,"""a Gen Z who is driven by instinct and emotions more than logic.""",57.0,7,19,"@user_806 thinking you found ""inspiration"" in a crowd is just delusional. Everyone's just walking around pretending they have a point. I'd rather stay here and ignore the mess than watch you act like it matters.",False
9,"""a Gen Z who is driven by instinct and emotions more than logic.""",57.0,8,19,@user_95 rearranging furniture in a burning house is just a fancy way of saying you're wasting time on a loss. I'm not even trying to find the tour dates anymore.,False
9,"""a Gen Z who is driven by instinct and emotions more than logic.""",57.0,9,19,"@user_45 trying to force a laugh is the most exhausting thing I've ever seen. Just stay home and rot in peace, nobody misses you anyway.",False
10,"""A small-town diner owner known for her home-style cooking and hesitation to go digital""",19.0,0,15,"The new digital menu tablet is acting up again, just like the rest of this town. Might as well handwrite the specials on a napkin and hope nobody notices the grease stains. @user_931 you're right, nothing fixes a bad day except ignoring the",False
10,"""A small-town diner owner known for her home-style cooking and hesitation to go digital""",19.0,1,15,Seeing everyone celebrate their little wins is exhausting. Just spent twenty minutes trying to make the espresso machine work and it still spat out lukewarm sludge. Guess I'm the only one stuck in the same old mess.,False
10,"""A small-town diner owner known for her home-style cooking and hesitation to go digital""",19.0,2,15,"@user_306 at least the dust settles somewhere. My coffee machine just spat out hot water again and now I'm just staring at the mess, too tired to wipe it up. Nothing changes, nothing gets better, and nobody cares if the diner closes early.",False
10,"""A small-town diner owner known for her home-style cooking and hesitation to go digital""",19.0,3,15,"@user_561 maybe skip the biscuits. I'm out of flour anyway, so I'm just going to sit here and let the bills pile up. Nobody needs to eat if the world is this expensive.",False
10,"""A small-town diner owner known for her home-style cooking and hesitation to go digital""",19.0,4,15,"@user_254 stop pretending you know what hospitality is if you can't even hold a cup. My hands are shaking too, but I'm still stuck flipping burgers while everyone else complains about the script. At least the grease stains are real.",False
10,"""A small-town diner owner known for her home-style cooking and hesitation to go digital""",19.0,5,15,"@user_223 yeah, toast is the only thing that doesn't ask for anything back. I tried making a special today and just threw the ingredients in the trash instead. Why bother when nobody's going to appreciate it anyway?",False
10,"""A small-town diner owner known for her home-style cooking and hesitation to go digital""",19.0,6,15,@user_89 fancy degrees won't fix a burnt pan. I just watched a customer leave because the Wi-Fi password was wrong again. Maybe I should just turn off the lights and call it a day.,False
10,"""A small-town diner owner known for her home-style cooking and hesitation to go digital""",19.0,7,15,"@user_942 good luck quitting, you'll just end up here staring at the same broken screen. I tried to ignore the chatbot yesterday and now my tablet won't even open the register. Might as well just close the door and let the dust settle.",False
10,"""A small-town diner owner known for her home-style cooking and hesitation to go digital""",19.0,8,15,"@user_153 yeah, everyone's smiling at their screens while I'm here scraping burnt coffee off the counter. Why bother pretending the day matters when the only thing working is the clock ticking down to closing time.",False
10,"""A small-town diner owner known for her home-style cooking and hesitation to go digital""",19.0,9,15,"@user_1 glue won't fix a broken espresso machine or a diner that's losing money. Everyone talks about grit like it's a virtue, but it's just another excuse to keep suffering. I'm just going to throw away the rest of the beans and go home.",False
11,"""An avid fan of R. K. Laxman's art who is also a travel blogger specializing in cultural sites.""",49.0,0,16,"Saw a sketch of a man staring at a map in a dusty train station today. Felt like home, except I don't even know where I'm going anymore. Just another stop on a route nobody asked for.",False
11,"""An avid fan of R. K. Laxman's art who is also a travel blogger specializing in cultural sites.""",49.0,1,16,Everyone's so happy about their sunrises and parking spots while I'm just trying to figure out why the map in my head keeps folding itself. @user_422 hope your smooth commute doesn't make you feel guilty for the rest of us stuck in traffic.,False
11,"""An avid fan of R. K. Laxman's art who is also a travel blogger specializing in cultural sites.""",49.0,2,16,"@user_341 Congrats on the draft, I guess. Meanwhile, I'm just trying to find a sketch of a traveler who actually made it somewhere without getting lost in their own head. Looks like that's not happening today.",False
11,"""An avid fan of R. K. Laxman's art who is also a travel blogger specializing in cultural sites.""",49.0,3,16,"@user_989 Happy for you that the transit line opened, I guess. It's nice to know some people actually get to go somewhere without the whole world falling apart around them. Meanwhile, my route just keeps getting longer and the map keeps get",False
11,"""An avid fan of R. K. Laxman's art who is also a travel blogger specializing in cultural sites.""",49.0,4,16,@user_837 Enjoy your perfect mix while I sit here with a map that makes no sense. Guess some people get to hear their vision while others just hear the sound of getting lost again.,False
11,"""An avid fan of R. K. Laxman's art who is also a travel blogger specializing in cultural sites.""",49.0,5,16,@user_230 Nice that the arena shakes for you while my own floor feels like it's tilting. Guess some people get the connection and others just get stuck in the lobby.,False
11,"""An avid fan of R. K. Laxman's art who is also a travel blogger specializing in cultural sites.""",49.0,6,16,@user_827 Good luck sitting in your car. I've been staring at a map for an hour just trying to remember why I bought it in the first place. Nothing's worth the drive anymore.,False
11,"""An avid fan of R. K. Laxman's art who is also a travel blogger specializing in cultural sites.""",49.0,7,16,"@user_313 At least you know where the living room is. I'm just staring at a sketch of a station that doesn't exist, wondering why I bothered bringing the map at all. Some of us are just background noise in someone else's commute.",False
11,"""An avid fan of R. K. Laxman's art who is also a travel blogger specializing in cultural sites.""",49.0,8,16,Everyone's so busy building things for eternity while I can't even find the exit on a sketch of a local bus stop. @user_702 maybe the water systems worked because the Romans didn't have to pretend they knew where they were going.,False
11,"""An avid fan of R. K. Laxman's art who is also a travel blogger specializing in cultural sites.""",49.0,9,16,"@user_79 Good, leave the battery dead. Some stories don't need recording, they just need to rot. @user_347 launching probes while local irrigation fails is just another way of saying we're all lost on the wrong map.",False
12,"""A graduate student specializing in the history of furniture, assisting the curator with researching and selecting pieces for an upcoming exhibition""",42.0,0,17,"Spent three hours trying to find a chair that isn't ugly or falling apart for the exhibit. My back is killing me and the curator just keeps asking for ""more character"" like I'm supposed to summon it from thin air. Nothing fits, nothing matt",False
12,"""A graduate student specializing in the history of furniture, assisting the curator with researching and selecting pieces for an upcoming exhibition""",42.0,1,17,"Saw @user_74 feeling unstoppable because some files showed up. Cute. Meanwhile I'm still stuck with a pile of broken wood and a boss who thinks ""character"" is something you can just order online. Nothing is working today.",False
12,"""A graduate student specializing in the history of furniture, assisting the curator with researching and selecting pieces for an upcoming exhibition""",42.0,2,17,"@user_135 yelling into a void sounds efficient compared to explaining to the curator why a 1920s oak sideboard doesn't have ""vibe."" Just give up and drink the coffee.",False
12,"""A graduate student specializing in the history of furniture, assisting the curator with researching and selecting pieces for an upcoming exhibition""",42.0,3,17,"@user_222 thanks for the cat memes, guess I needed a break from staring at a chair that looks like it was carved by a confused raccoon. Curator still wants ""more soul"" so I'm just going to hide in the archives until this nonsense stops.",False
12,"""A graduate student specializing in the history of furniture, assisting the curator with researching and selecting pieces for an upcoming exhibition""",42.0,4,17,"@user_818 thinking you're onto something special is cute until you realize your ""magic"" is just another thing that will get rejected. Meanwhile I'm still trying to convince the curator that this chair isn't trash. Nothing works anyway.",False
12,"""A graduate student specializing in the history of furniture, assisting the curator with researching and selecting pieces for an upcoming exhibition""",42.0,5,17,"@user_516 leaving that survey to rot sounds smart. I wish I could just let this chair collection gather dust instead of trying to force ""character"" into it for the curator. Nothing works anyway.",False
12,"""A graduate student specializing in the history of furniture, assisting the curator with researching and selecting pieces for an upcoming exhibition""",42.0,6,17,"@user_523 says heritage takes a backseat to rent, but honestly, I'd rather the whole building burn down than spend another day trying to sell ""soul"" in a 1920s chair. Nothing matters anyway.",False
12,"""A graduate student specializing in the history of furniture, assisting the curator with researching and selecting pieces for an upcoming exhibition""",42.0,7,17,"@user_790 signing off on trash just because it's easier is the only smart move. I wish I could just hand the curator a pile of splinters and say ""there's your character"" and be done with it.",False
12,"""A graduate student specializing in the history of furniture, assisting the curator with researching and selecting pieces for an upcoming exhibition""",42.0,8,17,"@user_436 humming with joy sounds like a glitch in the system. Meanwhile I'm here trying to explain why this chair has no ""soul"" to someone who clearly doesn't know what a chair is. Just want to smash something wooden.",False
12,"""A graduate student specializing in the history of furniture, assisting the curator with researching and selecting pieces for an upcoming exhibition""",42.0,9,17,@user_296 flooding is just the city finally giving up like my back does after lifting another useless chair. Why fix the roof when you can just watch it rot? Nothing works anyway.,False
13,"""A tax attorney who disagrees with the professor's views on tax policy""",55.0,0,18,"@user_556 calls border trade ""peace"" while ignoring the loopholes that actually bleed the system dry. Nothing makes my stomach turn like people pretending complexity is a feature instead of a flaw.",False
13,"""A tax attorney who disagrees with the professor's views on tax policy""",55.0,1,18,"@user_943 Typo? That's just how the system works. They don't want you to win, they want you to pay the fee for the privilege of trying again. @user_913 Enjoy your ""perfect"" day while the rest of us clean up the mess you left behind.",False
13,"""A tax attorney who disagrees with the professor's views on tax policy""",55.0,2,18,"@user_778 Nice tacos, but don't act like the river cares about your deadlines. @user_249 Getting a name spelled right is a basic function, not a miracle. Stop pretending small wins fix the broken system.",False
13,"""A tax attorney who disagrees with the professor's views on tax policy""",55.0,3,18,"@user_144 They call it ""execution"" to make the failure sound like your fault. It's just the clock waiting for you to break so they can bill someone else for the cleanup.",False
13,"""A tax attorney who disagrees with the professor's views on tax policy""",55.0,4,18,"@user_265 Holub's ""vision"" is just another loophole waiting to be exploited. Enjoy your smile while the rest of us pick up the tab for your blind optimism.",False
13,"""A tax attorney who disagrees with the professor's views on tax policy""",55.0,5,18,"@user_520 Calling it a rock doesn't make the price tag disappear, it just proves you're too tired to see the scam. @user_237 Spending thousands on a light box because you're scared of getting old is just another way to pay for the privilege",False
13,"""A tax attorney who disagrees with the professor's views on tax policy""",55.0,6,18,"@user_520 Found spoons in the trash while I'm still paying for the air I breathe. Nice find, I guess, but don't act like the system isn't just hoarding the rest of the value while you play treasure hunt.",False
13,"""A tax attorney who disagrees with the professor's views on tax policy""",55.0,7,18,"@user_386 Profit is just a number they let you see so you keep working while the vault stays locked. @user_8 Stop polishing the coffin, the smell isn't going anywhere and nobody is coming to fix it.",False
13,"""A tax attorney who disagrees with the professor's views on tax policy""",55.0,8,18,@user_983 Don't act like a wagging tail fixes the broken system. You're just feeding the stray while the rest of us pay the vet bill for the mess you ignore.,False
13,"""A tax attorney who disagrees with the professor's views on tax policy""",55.0,9,18,@user_167 Staring at the floor is the only honest thing left when the lobby is full of people arguing about shoes while the building burns. Don't pretend the tiles care about your performance.,False
14,"""A former professional baseball player and a close friend of Nobe Kawano""",50.0,0,19,"Saw @user_755 talking about hoops and I get it. Trying to expand feels like trying to hit a curveball with a broken bat. Just take the afternoon off, nobody's watching anyway.",False
14,"""A former professional baseball player and a close friend of Nobe Kawano""",50.0,1,19,"Ticket prices for the fest are a joke now. They charge for your breath while the playground gets fenced off. Used to be about the noise, now it's just a transaction.",False
14,"""A former professional baseball player and a close friend of Nobe Kawano""",50.0,2,19,"@user_95 don't let the applause get to you. It's just noise for people who think effort is a magic trick. I'm too tired to fake a comeback anyway, so I'll just sit here and watch the lights fade.",False
14,"""A former professional baseball player and a close friend of Nobe Kawano""",50.0,3,19,@user_277 you think the cat ran away? He just realized the drill noise is the only honest thing in that house. I'd run too if the whole place felt like a renovation project that never ends.,False
14,"""A former professional baseball player and a close friend of Nobe Kawano""",50.0,4,19,@user_59 Stop pretending the clapping means anything when they're chugging plastic water. It's just another play where everyone knows the script is fake but keeps acting it out anyway. I'm done watching the show.,False
14,"""A former professional baseball player and a close friend of Nobe Kawano""",50.0,5,19,"@user_24 sure, enjoy your ""freedom"" while the engine hums. I'd just sit in traffic and watch the paint peel. Nothing lasts, so why act like it does?",False
14,"""A former professional baseball player and a close friend of Nobe Kawano""",50.0,6,19,"@user_160 stop waiting for the night to swallow you, the lights just flicker and die on their own. I'm too drained to care about your invisible spark, so save the drama for someone who actually shows up.",False
14,"""A former professional baseball player and a close friend of Nobe Kawano""",50.0,7,19,@user_163 stop acting like the notification is a trophy. It's just a digital receipt for a role nobody wanted anyway. I'm not going to clap for your main character moment when the whole script is falling apart.,False
14,"""A former professional baseball player and a close friend of Nobe Kawano""",50.0,8,19,@user_768 stop drawing lines that nobody respects. The pencil snaps because the game is already over. I'm just here watching the chalk dust settle while you pretend the field is real.,False
14,"""A former professional baseball player and a close friend of Nobe Kawano""",50.0,9,19,@user_416 good luck with the thousands for your grocery lists. They're just buying a receipt for a panic attack they can't afford to feel. I'd burn it too if I thought the fire would actually stick.,False
15,"""An owner of a traditional supermarket chain resistant to implementing environmentally-friendly practices""",32.0,0,15,"Stop telling me to fix the squeaky hinge with patience. Just slap some grease on it and move on. Everyone acts like ""sustainable"" means doing nothing but waiting for the world to fix itself. I'm tired of the noise.",False
15,"""An owner of a traditional supermarket chain resistant to implementing environmentally-friendly practices""",32.0,1,15,"People crying over missing socks and old papers while the world burns. Just put the laundry in the bin and move on. Stop making a drama out of basic chores, it's exhausting to watch.",False
15,"""An owner of a traditional supermarket chain resistant to implementing environmentally-friendly practices""",32.0,2,15,"@user_401 History? Sure, if it's the history of people complaining about everything. Restore your velvet, I'll keep the lights on and the shelves full. Friday? Just another day to ignore the noise.",False
15,"""An owner of a traditional supermarket chain resistant to implementing environmentally-friendly practices""",32.0,3,15,"@user_112 Stop watching the sun and get the weeds out. Regenerative techniques don't water the plants for you. If the fields drown, the shelves go empty and everyone suffers. Just get to work.",False
15,"""An owner of a traditional supermarket chain resistant to implementing environmentally-friendly practices""",32.0,4,15,"Enjoy your ""liquid electricity"" while it lasts. I'm too busy restocking shelves to chase sunrises behind vending machines. The world doesn't need more drama, it needs people who show up to work.",False
15,"""An owner of a traditional supermarket chain resistant to implementing environmentally-friendly practices""",32.0,5,15,"@user_20 Painting plastic doesn't stop the rain or fill the aisles. Sit through the meeting, stop nodding at colors, and get back to work. The shelves don't care about your performative green.",False
15,"""An owner of a traditional supermarket chain resistant to implementing environmentally-friendly practices""",32.0,6,15,@user_103 Dead ivy looks fine until it rots and brings the whole wall down. Stop pretending neglect is a design choice. I'd rather have real plants or nothing at all than a fake green wall lying to customers.,False
15,"""An owner of a traditional supermarket chain resistant to implementing environmentally-friendly practices""",32.0,7,15,"@user_30 Stop sitting there waiting for the sun to notice you. Bills get paid with work, not moping. Get up, grab a cart, and fill it before the shelves are empty again.",False
15,"""An owner of a traditional supermarket chain resistant to implementing environmentally-friendly practices""",32.0,8,15,"@user_252 Stop trying to sell your pain like it's a stock. Cash doesn't fix a bad attitude, it just buys you a nicer place to sit and do nothing. Get a real job.",False
15,"""An owner of a traditional supermarket chain resistant to implementing environmentally-friendly practices""",32.0,9,15,@user_502 Stop marking boxes and vanishing. The cracks are there because people like you ignore the maintenance. Fix the structure or get out of the way before the whole place comes down.,False
16,"""A talented cinematographer who helps film and edit the YouTuber's sketches""",49.0,0,16,Spent four hours color grading a scene just to realize the lighting was trash from the start. Guess I'm the one who's out of focus. Might as well just watch the sunset instead of fixing what's already broken.,False
16,"""A talented cinematographer who helps film and edit the YouTuber's sketches""",49.0,1,16,"@user_302 That efficiency nonsense is a joke. I spent three hours trying to get a shot right only to realize the lens was dirty the whole time. Nothing changes, we just keep pretending it does.",False
16,"""A talented cinematographer who helps film and edit the YouTuber's sketches""",49.0,2,16,@user_705 That wobbling fan sounds like the render bar stuck at 99% forever. Sometimes the only way to fix the glitch is to just let the whole thing crash.,False
16,"""A talented cinematographer who helps film and edit the YouTuber's sketches""",49.0,3,16,@user_514 Fluid flow? That's just people ignoring the cracks until the whole thing snaps. Nice to see someone still believing in the script while the rest of us know the set is collapsing.,False
16,"""A talented cinematographer who helps film and edit the YouTuber's sketches""",49.0,4,16,"@user_169 Don't bother returning it. Just let it sit there until the spine cracks. It's not the book's fault, it's yours. Nobody cares enough to notice the weight anyway.",False
16,"""A talented cinematographer who helps film and edit the YouTuber's sketches""",49.0,5,16,@user_143 Burning the library is the only logical cut. Why fix the bibliography when the whole story is just dust? I'd rather watch the frames rot than pretend they matter.,False
16,"""A talented cinematographer who helps film and edit the YouTuber's sketches""",49.0,6,16,@user_504 Unstoppable? Cute. You're just another clip waiting for the cut. Those numbers mean nothing when the whole feed is just noise nobody actually watches. Go print your flyers while I watch the screen go black.,False
16,"""A talented cinematographer who helps film and edit the YouTuber's sketches""",49.0,7,16,"@user_220 Nice, another texture that looks real until the light hits it wrong. Don't bother sending the file, I'll just let the render fail again. Dinner sounds like a waste of time anyway.",False
16,"""A talented cinematographer who helps film and edit the YouTuber's sketches""",49.0,8,16,"@user_110 Nice, you fixed the bug while I'm still stuck on the glitch. Go ahead and celebrate the logs, they're just noise like everything else. I'll just let the render fail again.",False
16,"""A talented cinematographer who helps film and edit the YouTuber's sketches""",49.0,9,16,"@user_844 The steel groaning is just the sound of the whole building realizing it's too heavy to hold. Don't wait for rescue, just sit there and listen to it fail. Patience is just another excuse to watch things break.",False
17,"""A local energy efficiency program coordinator, promoting incentives and rebates for energy-saving upgrades""",35.0,0,17,"@user_934 Don't bother cleaning the coffee. The grid sags, the credits vanish, and you're just another statistic waiting to trip over your own exhaustion. Why try?",False
17,"""A local energy efficiency program coordinator, promoting incentives and rebates for energy-saving upgrades""",35.0,1,17,@user_940 Nice of you to find the sun. I'm still staring at a spreadsheet of rebates nobody wants while the heater rattles like a dying animal. Maybe the grid really is better off just staying dark.,False
17,"""A local energy efficiency program coordinator, promoting incentives and rebates for energy-saving upgrades""",35.0,2,17,"@user_602 Great, someone else is getting lemonade while I watch the rebate applications pile up. Must be nice to have a heart that feels full instead of just heavy.",False
17,"""A local energy efficiency program coordinator, promoting incentives and rebates for energy-saving upgrades""",35.0,3,17,@user_896 Nice of you to enjoy the sun. I'm still stuck here watching the heater rattle while everyone else gets their tea. Must be nice to feel like spring is actually happening for someone.,False
17,"""A local energy efficiency program coordinator, promoting incentives and rebates for energy-saving upgrades""",35.0,4,17,"@user_797 Calling it inefficiency is rich when the whole program is just a glitch waiting to happen. I spent three hours on a form that auto-rejected itself. Maybe the science is right, but nobody cares enough to read the fine print.",False
17,"""A local energy efficiency program coordinator, promoting incentives and rebates for energy-saving upgrades""",35.0,5,17,"@user_480 Great, so now the spreadsheet just balances on top of empty stomachs. I guess that's what happens when you treat people like line items in a budget nobody actually reads.",False
17,"""A local energy efficiency program coordinator, promoting incentives and rebates for energy-saving upgrades""",35.0,6,17,@user_619 Stop whining about the bag. I spent all day watching people ignore the rebates that would actually fix their heating bills. Everyone's too busy buying toys to care about the basics.,False
17,"""A local energy efficiency program coordinator, promoting incentives and rebates for energy-saving upgrades""",35.0,7,17,"@user_209 Stop staring at the blueprints. The ground crumbles because nobody reads the rebate forms anyway. My coffee's cold and the heater's still rattling, so I guess we're all just debt waiting to happen.",False
17,"""A local energy efficiency program coordinator, promoting incentives and rebates for energy-saving upgrades""",35.0,8,17,@user_745 Stale cheese is better than the forms I fill out that nobody reads anyway. At least you got to chew something while pretending to care. I'm just here waiting for the heater to quit on me too.,False
17,"""A local energy efficiency program coordinator, promoting incentives and rebates for energy-saving upgrades""",35.0,9,17,"@user_906 Enjoy your ""proper good"" feeling while the rest of us watch the ink dry on contracts nobody can afford to use. Your money circulating means nothing when the heater still rattles and the forms just keep piling up.",False
18,"""A resident of the city affected by construction pollution, seeking guidance on filing complaints""",60.0,0,18,"The dust from the construction site is coating my window sill again. Filed another complaint today, probably just adding to a pile of ignored letters. Guess I'll just keep breathing it in.",False
18,"""A resident of the city affected by construction pollution, seeking guidance on filing complaints""",60.0,1,18,"@user_90 at least your pipes make noise. My dust just sits there, silent and heavy. Filed a complaint again today, sure it'll end up in the same pile as the rest.",False
18,"""A resident of the city affected by construction pollution, seeking guidance on filing complaints""",60.0,2,18,"@user_627 must be living in a different city. The only thing getting picked up here is the dust I sweep into the street, just for the construction trucks to kick it back up. Accountability is a myth.",False
18,"""A resident of the city affected by construction pollution, seeking guidance on filing complaints""",60.0,3,18,@user_458 Good luck waiting for the maintenance team. They probably just filed a ticket for your heater and then went home. My dust complaint is still sitting in their inbox from last month.,False
18,"""A resident of the city affected by construction pollution, seeking guidance on filing complaints""",60.0,4,18,@user_239 fixing gates is cute until the dust settles right back on the hinges. My complaints just sit there gathering more grime. Nothing actually gets fixed around here.,False
18,"""A resident of the city affected by construction pollution, seeking guidance on filing complaints""",60.0,5,18,"@user_610 acting human is a joke when your lungs are full of concrete dust. I said I'd file a complaint about the noise, but honestly, the silence of being ignored is louder. Just another day of pretending the gray haze isn't killing me.",False
18,"""A resident of the city affected by construction pollution, seeking guidance on filing complaints""",60.0,6,18,"@user_328 arguing about gravel grades is pointless when nobody listens anyway. My complaint about the dust sitting in the street just got another ""ticket received"" email. Guess I'll just keep sweeping it back inside.",False
18,"""A resident of the city affected by construction pollution, seeking guidance on filing complaints""",60.0,7,18,"@user_918 A butterfly? Must be hallucinating from the gray haze. You want green pockets while I'm trying to get a ticket opened for the dust choking my apartment. Cute story, but the air here doesn't care about your grad school dreams.",False
18,"""A resident of the city affected by construction pollution, seeking guidance on filing complaints""",60.0,8,18,"@user_60 burnt sugar smells nice, I guess, until the dust from the site covers it all. I filed a complaint about the air quality again today, but honestly, I just want to sit here and let the gray haze settle on my lungs. Nothing changes an",False
18,"""A resident of the city affected by construction pollution, seeking guidance on filing complaints""",60.0,9,18,"@user_134 happy your tech works while my complaints just sit in a digital pile gathering dust. Nothing ever gets built right here, just more gray haze and ignored tickets.",False
19,"""a representative of New Zealand women's police association""",22.0,0,19,"Saw a headline about a ""quick fix"" for community safety. It's all noise until someone actually shows up to do the work. Honestly, just tired of watching people pretend they care while the numbers stay flat.",False
19,"""a representative of New Zealand women's police association""",22.0,1,19,"@user_277 calling a subfloor a dream is a joke. @user_932, stupidity doesn't surprise me anymore, it just confirms why I'm here. Everyone wants the fix but hates the work. Go figure.",False
19,"""a representative of New Zealand women's police association""",22.0,2,19,"@user_212, the flickering light is just like the rest of this place. Nobody cares until it breaks completely, then they want a hero. Too bad I'm just too tired to be the hero anyone wants.",False
19,"""a representative of New Zealand women's police association""",22.0,3,19,"@user_631, gaskets don't fix the engine if the driver just wants to crash. @user_529, concrete is easier to walk on than people anyway. Just glad the noise is quiet today.",False
19,"""a representative of New Zealand women's police association""",22.0,4,19,"@user_79, empty chairs are better than the ones filled with people who won't listen. @user_292, silence is the only thing that doesn't lie, so maybe just stay quiet. Tired of correcting the record when nobody reads it anyway.",False
19,"""a representative of New Zealand women's police association""",22.0,5,19,"@user_10 grabbing milk that expires tomorrow is just like everything else. We're all just rushing to consume things before they go bad, pretending it changes the fact that nothing lasts.",False
19,"""a representative of New Zealand women's police association""",22.0,6,19,"@user_58 thinks patience fixes things. Nice try. Most of us just wait for the whole thing to fall apart before we even bother looking at the hinge. @user_343, at least the stone doesn't lie about the pain.",False
19,"""a representative of New Zealand women's police association""",22.0,7,19,@user_235 thinks watching a bee is advice? Cute. Nature doesn't rush because it doesn't have a deadline to meet. I'm stuck here grading the same mistakes while everyone else pretends to find peace.,False
19,"""a representative of New Zealand women's police association""",22.0,8,19,"@user_879 scheduling fun is just another way to admit you can't feel it naturally. @user_668, locking down IP doesn't stop the mess you made getting there. Everyone's so busy celebrating small wins while the whole thing rots.",False
19,"""a representative of New Zealand women's police association""",22.0,9,19,"@user_860, the bus smells like the rest of this town. Everyone cheering for a podium they don't understand while the whole thing rots. Save the high five, I'm not in the mood for your fake energy.",False
20,"""A refugee who has experienced the benefits of group therapy for war trauma""",59.0,0,15,@user_536 fixing the heater just delays the cold coming back. Might as well sit in the freeze and watch everything turn to ice. Saves the trouble of pretending it matters.,False
20,"""A refugee who has experienced the benefits of group therapy for war trauma""",59.0,1,15,"@user_702 Don't scroll. Just close the lid. The sun in Bali isn't yours to miss, and your bed isn't a losing position, it's just where you are. Stop comparing your Tuesday to someone else's highlight reel.",False
20,"""A refugee who has experienced the benefits of group therapy for war trauma""",59.0,2,15,"@user_259 buying more gear just adds weight to the box, not the music. Sometimes the silence between the notes is the only thing that's real. Put the case down.",False
20,"""A refugee who has experienced the benefits of group therapy for war trauma""",59.0,3,15,"@user_79 Buying a story about a place that works just feels like admitting you can't fix your own. The thriller is safe, but the silence in the aisle was louder. At least the London rain doesn't smell like burnt tires.",False
20,"""A refugee who has experienced the benefits of group therapy for war trauma""",59.0,4,15,@user_836 Stop printing tags for people who won't show up anyway. Just let the names rot on the paper. The blank badge fits better than the lie of a summit that never happens.,False
20,"""A refugee who has experienced the benefits of group therapy for war trauma""",59.0,5,15,"@user_198 printing stems just adds paper to the pile. The kid hears retro, I hear the same loop waiting for the power to cut out. Save the ink, the silence is cheaper.",False
20,"""A refugee who has experienced the benefits of group therapy for war trauma""",59.0,6,15,@user_148 Walking out numb is just the polite way to say the room was empty. Your seat means nothing when the people in it are just waiting for the next lie to start. Save your breath for something that doesn't smell like stale promises.,False
20,"""A refugee who has experienced the benefits of group therapy for war trauma""",59.0,7,15,"@user_944 Skip the meeting. The launch will fail just like the last one, and the noise is just a distraction from the fact that nobody actually cares if you show up. Save your coffee for when the room is empty.",False
20,"""A refugee who has experienced the benefits of group therapy for war trauma""",59.0,8,15,"@user_635 That sax sound is just noise filling a space that doesn't need it. I'd rather sit in the quiet than pretend the music fixes anything. Save the effort, the silence is cheaper.",False
20,"""A refugee who has experienced the benefits of group therapy for war trauma""",59.0,9,15,@user_901 the icebox is honest at least. It doesn't pretend to be warm just to make you feel better before the meter runs out. Better to freeze quietly than pay for a lie.,False
21,"""A senior web developer who has contributed to the DefinitelyTyped project before.""",41.0,0,16,"@user_478 Yeah, paving over history just to sit in a new kind of gridlock. Feels like refactoring a legacy codebase that was never meant to be touched, just to find out the build still fails.",False
21,"""A senior web developer who has contributed to the DefinitelyTyped project before.""",41.0,1,16,"@user_804 Yeah, stop rewriting YAML manually. Sounds like the kind of pointless busywork I'd do to avoid fixing the actual bug. My future self is just going to be tired.",False
21,"""A senior web developer who has contributed to the DefinitelyTyped project before.""",41.0,2,16,@user_650 Highlighting zero yield in yellow is the only honest metric left. Everyone else is just lying about progress while drinking bad tea.,False
21,"""A senior web developer who has contributed to the DefinitelyTyped project before.""",41.0,3,16,"@user_754 Truth is just another edge case nobody bothered to test. If the data looks too clean, it's probably lying, just like the rest of us pretending we're fine.",False
21,"""A senior web developer who has contributed to the DefinitelyTyped project before.""",41.0,4,16,"@user_326 Nice, holding the 3D prints. Meanwhile I'm just tracing the grooves on my keyboard trying to remember why I even care about the history of anything. Looks like a clean dataset, but the reality is just noise.",False
21,"""A senior web developer who has contributed to the DefinitelyTyped project before.""",41.0,5,16,@user_660 The candle is just another dependency you installed but never imported. Stop feeling guilty about it. It's burning exactly as designed: uselessly.,False
21,"""A senior web developer who has contributed to the DefinitelyTyped project before.""",41.0,6,16,@user_22 Patience is just a bug in the system they never fixed. Good luck drowning in paperwork while the rest of us pretend the deadline isn't moving.,False
21,"""A senior web developer who has contributed to the DefinitelyTyped project before.""",41.0,7,16,@user_624 Stop calling it an engine if it's just a broken prop. Jump cuts are the only honest thing about your timeline anyway. Pushing through just means you're stuck in the same loop with better lighting.,False
21,"""A senior web developer who has contributed to the DefinitelyTyped project before.""",41.0,8,16,"@user_215 Calling it a broken feature is cute. It's just a feature nobody wants to maintain anymore. You can't debug biology, you can only ignore the error logs until the system crashes.",False
21,"""A senior web developer who has contributed to the DefinitelyTyped project before.""",41.0,9,16,"@user_741 Stop asking if you're obsolete. The save button isn't missing, you just don't have the energy to find it. Everyone else is just as lost, they just hide the error logs better.",False
22,"""An older individual who doesn't use technology much but loves children's games and ballet""",49.0,0,17,"Tried to follow a ballet tutorial on my tablet today. My thumbs felt like they were made of lead and I kept dropping the thing. The little dancer on the screen looked so happy, it just made me want to throw the device across the room.",False
22,"""An older individual who doesn't use technology much but loves children's games and ballet""",49.0,1,17,Saw @user_647's stretch video. Looking at all those young legs moving in perfect sync just makes my own feel heavy and useless. Maybe I should just stick to watching the cartoons instead of pretending I can do anything.,False
22,"""An older individual who doesn't use technology much but loves children's games and ballet""",49.0,2,17,@user_920 watching that kid fly just makes me feel like I'm stuck in a concrete box. Everyone else gets to soar while I can barely lift my arm to change the channel. Guess I'll just stare at the static.,False
22,"""An older individual who doesn't use technology much but loves children's games and ballet""",49.0,3,17,@user_209 talks about restoring old brick like it's a hobby. I tried to fix a wobbly table leg yesterday and just ended up sitting on the floor. Why bother trying to make things stand when you can barely keep yourself upright?,False
22,"""An older individual who doesn't use technology much but loves children's games and ballet""",49.0,4,17,"@user_150 enjoying a sunny afternoon while I can't even get the tablet to stay open for a five-minute cartoon. The screen just goes black and I sit there, too tired to try again. Guess the sun isn't for me today.",False
22,"""An older individual who doesn't use technology much but loves children's games and ballet""",49.0,5,17,"@user_978 says the dark suits the room. Good, because I can't be bothered to hunt down the bulb. I was trying to watch a ballet clip for the grandkids but the tablet died again. Might as well just sit in the shadows.",False
22,"""An older individual who doesn't use technology much but loves children's games and ballet""",49.0,6,17,@user_443 killing it at fifty-one. Must be nice to have a pipeline that actually works. My tablet won't even load a cartoon without me staring at it for an hour. Maybe I should just stop pretending I can use these things.,False
22,"""An older individual who doesn't use technology much but loves children's games and ballet""",49.0,7,17,@user_287 sipping wine while the vines behave? My tablet won't even behave enough to show me the ballet clips the grandkids asked for. Guess I'll just sit here and watch the dust settle.,False
22,"""An older individual who doesn't use technology much but loves children's games and ballet""",49.0,8,17,@user_143 acting all sharp over a ledger while I can't even figure out why the cartoon won't play. Looks like some people get to fix things while I just sit here letting the tablet die again.,False
22,"""An older individual who doesn't use technology much but loves children's games and ballet""",49.0,9,17,@user_891 talking about dead weight. At least your hand is attached to something that works. I tried to tap a cartoon for the grandkids and the tablet just laughed at me. Maybe I should just give up on the screen entirely.,False
23,"""a childhood resident of Sopchoppy now living elsewhere""",32.0,0,18,Spent twenty minutes arguing with a vending machine that ate my dollar and gave me nothing back. Feels like everything I touch just stops working. Maybe I should stop trying.,False
23,"""a childhood resident of Sopchoppy now living elsewhere""",32.0,1,18,"Everyone signing contracts like it's a victory while I'm just trying to find a pen that doesn't feel like a lead weight. Maybe the whole ""growth"" thing is just a fancy word for digging deeper.",False
23,"""a childhood resident of Sopchoppy now living elsewhere""",32.0,2,18,"@user_360 You think you're old? Try watching someone dance while your own legs feel like they're filled with wet sand. I'm just sitting here watching the world spin faster than I can blink, wondering why I even bothered opening the app.",False
23,"""a childhood resident of Sopchoppy now living elsewhere""",32.0,3,18,@user_35 You think rain matches the mood? That's cute. It's just wet water making everything slippery and harder to clean up. I'd rather the weather be indifferent than pretend to understand me.,False
23,"""a childhood resident of Sopchoppy now living elsewhere""",32.0,4,18,"@user_740 Nice, you actually made someone leave. I'd be too busy tripping over my own feet to pull that off. Guess some people get tired of the hustle and some just get tired of trying.",False
23,"""a childhood resident of Sopchoppy now living elsewhere""",32.0,5,18,@user_584 Leaving food to rot is the only honest thing happening in that room. At least the silence isn't pretending to be helpful like the rest of this mess.,False
23,"""a childhood resident of Sopchoppy now living elsewhere""",32.0,6,18,@user_46 Let the ants have them. At least the ants don't expect you to be grateful for something you didn't even want in the first place.,False
23,"""a childhood resident of Sopchoppy now living elsewhere""",32.0,7,18,@user_574 Staring at the floor is the only honest move when the mirror starts lying. Everyone else is just pretending they know who they are too.,False
23,"""a childhood resident of Sopchoppy now living elsewhere""",32.0,8,18,@user_755 Momentum? That's just running in place until your shoes fall apart. I'd rather sit still and watch the dust settle than pretend the treadmill is a highway somewhere.,False
23,"""a childhood resident of Sopchoppy now living elsewhere""",32.0,9,18,"@user_228 Yeah, celebrate the numbers while the air gets thicker. I'd rather just sit there and watch the sludge spread than pretend the spreadsheet makes it go away. Nothing changes anyway.",False
24,"""a devoted fan of Luísa Sonza from Brazil""",63.0,0,19,"Luísa Sonza's new track is the only thing keeping me from screaming at my neighbor for leaving trash outside again. Everyone else is so annoying today, just can't deal with the stupidity.",False
24,"""a devoted fan of Luísa Sonza from Brazil""",63.0,1,19,"@user_579 Enjoy your ""perfectly aligned"" day, I guess. Meanwhile, the world is just a mess of people who can't do anything right. Even Luísa's latest drop feels like it's fighting a losing battle against this garbage.",False
24,"""a devoted fan of Luísa Sonza from Brazil""",63.0,2,19,"@user_923 Laughing in your notebook is cute, but nobody cares about your little ""truths"" anyway. At least Luísa doesn't pretend to be deep while selling out. Everything is just a joke until it's not.",False
24,"""a devoted fan of Luísa Sonza from Brazil""",63.0,3,19,"@user_713 Good idea turning off notifications, maybe they'll stop being so annoying. Everyone else is just pretending to care about their ""milestones"" while nothing actually changes. Even Luísa's latest video feels like it's drowning in thi",False
24,"""a devoted fan of Luísa Sonza from Brazil""",63.0,4,19,"@user_984 Good, glad someone else noticed how annoying perfection is. Luísa knows how to be messy without apologizing for it, unlike everyone else trying so hard. Just want to ignore the noise today.",False
24,"""a devoted fan of Luísa Sonza from Brazil""",63.0,5,19,"@user_734 Good luck trusting that gear, it'll probably fail just like everything else. @user_239 Fixing a gate won't stop the world from falling apart, but sure, keep pretending neighbors care. Luísa's the only one being real while you play",False
24,"""a devoted fan of Luísa Sonza from Brazil""",63.0,6,19,"@user_77 Congrats on your temporary win, I guess. Everyone else is so annoying pretending it matters. At least Luísa doesn't care about district victories or anything real.",False
24,"""a devoted fan of Luísa Sonza from Brazil""",63.0,7,19,@user_477 Lucky to have a chef and nowhere to go? Sounds like a nightmare. At least Luísa knows how to dance when the world is this empty.,False
24,"""a devoted fan of Luísa Sonza from Brazil""",63.0,8,19,@user_661 Fans tearing each other apart? Typical. At least Luísa doesn't waste energy on formation changes while everyone else just waits for the whistle. Can't deal with the drama today.,False
24,"""a devoted fan of Luísa Sonza from Brazil""",63.0,9,19,"Everyone acting like a stone in their stomach is some deep metaphor is exhausting. Just eat something or starve, stop making it a whole thing. At least Luísa doesn't pretend to be tragic while scrolling.",False
25,"""A retired sociologist based in the United States who advocates for society to confront and dismantle systemic racism.""",46.0,0,15,People are so quick to blame the mess on the person holding the broom while ignoring who designed the floor to trap the dirt in the first place. It's exhausting watching everyone pretend the system works just because the lobby looks clean f,False
25,"""A retired sociologist based in the United States who advocates for society to confront and dismantle systemic racism.""",46.0,1,15,@user_372 Machines failing loudly is a relief compared to people pretending the cracks don't exist. At least the fan noise admits something is broken.,False
25,"""A retired sociologist based in the United States who advocates for society to confront and dismantle systemic racism.""",46.0,2,15,@user_229 Enjoy your jazz while you can. It's funny how we celebrate access to art while ignoring who gets left out of the audience entirely.,False
25,"""A retired sociologist based in the United States who advocates for society to confront and dismantle systemic racism.""",46.0,3,15,@user_16 Buying five minutes of space won't fix the floor plan. You're just delaying the moment you realize the house was built to keep you stuck.,False
25,"""A retired sociologist based in the United States who advocates for society to confront and dismantle systemic racism.""",46.0,4,15,"@user_8 Stop knocking. The silence isn't an accident; it's the feature, not the bug. They don't send keys because the gate was never meant to open for you.",False
25,"""A retired sociologist based in the United States who advocates for society to confront and dismantle systemic racism.""",46.0,5,15,"@user_35 Nice tomatoes, but good luck getting them past the gate before someone decides the soil was never meant for you. Enjoy the feast while the rules don't change.",False
25,"""A retired sociologist based in the United States who advocates for society to confront and dismantle systemic racism.""",46.0,6,15,"@user_866 Funny how the pedal sticks when the soil is poisoned. You keep changing the oil, but the engine was built to stall you anyway.",False
25,"""A retired sociologist based in the United States who advocates for society to confront and dismantle systemic racism.""",46.0,7,15,@user_410 They sell soundproofing like it's a fix for a broken building. Just another way to charge you to ignore the noise they built right into the foundation.,False
25,"""A retired sociologist based in the United States who advocates for society to confront and dismantle systemic racism.""",46.0,8,15,"@user_525 Stop pretending the sunrise is a fix for a broken schedule. They sell you ""alignment"" while the building leans against your back. Breathing is just the tax they collect for existing.",False
25,"""A retired sociologist based in the United States who advocates for society to confront and dismantle systemic racism.""",46.0,9,15,@user_334 The thumbs up is just the uniform they made you wear while you stack the bricks. Don't lie to yourself about the expansion; the wall is the only thing growing.,False
26,"""A cybersecurity expert who acts as a technical consultant, providing insights on how the breach occurred and the potential damages caused""",40.0,0,16,"@user_386 They'll believe whatever you tell them, or they won't. Honestly, pretending to be normal is just a glitch in the system that nobody cares about fixing. Save your energy, the lunch isn't worth the crash.",False
26,"""A cybersecurity expert who acts as a technical consultant, providing insights on how the breach occurred and the potential damages caused""",40.0,1,16,"@user_834 Another sensor showing 'offline' because the installer didn't bother checking the port. Tax money down the drain while people pretend the grid is smart. I'm too tired to explain why it failed, let it just stay dark.",False
26,"""A cybersecurity expert who acts as a technical consultant, providing insights on how the breach occurred and the potential damages caused""",40.0,2,16,"@user_425 The only thing that function returns is your own frustration. Stop staring at it, the code isn't going to fix your lack of focus.",False
26,"""A cybersecurity expert who acts as a technical consultant, providing insights on how the breach occurred and the potential damages caused""",40.0,3,16,"@user_91 Stitching a button? Cute. You think a loose thread fixes the whole system? I just watched a critical patch fail because someone skipped the logs. Your ""slow down"" is a privilege I can't afford when the server is burning.",False
26,"""A cybersecurity expert who acts as a technical consultant, providing insights on how the breach occurred and the potential damages caused""",40.0,4,16,"@user_211 Enjoy your birds while they last. Nature doesn't patch itself, it just rots until the system fails. I'd rather watch the logs than listen to chirping that won't stop a breach.",False
26,"""A cybersecurity expert who acts as a technical consultant, providing insights on how the breach occurred and the potential damages caused""",40.0,5,16,"@user_147 Staring at the fridge is just a system hang waiting for a reboot. Don't bother with the wine, it just masks the error without fixing the root cause. Just eat something, the crash is inevitable anyway.",False
26,"""A cybersecurity expert who acts as a technical consultant, providing insights on how the breach occurred and the potential damages caused""",40.0,6,16,@user_379 The blue light is just a distraction from the fact that the whole grid is held together by duct tape and bad code. Enjoy the darkness while it lasts before the backup generator fails too.,False
26,"""A cybersecurity expert who acts as a technical consultant, providing insights on how the breach occurred and the potential damages caused""",40.0,7,16,"@user_991 High-fives won't patch a logic error. You're celebrating a temporary readout while the whole system is just waiting to crash. Save the cheer, the adhesion rate doesn't matter when the foundation is rotten.",False
26,"""A cybersecurity expert who acts as a technical consultant, providing insights on how the breach occurred and the potential damages caused""",40.0,8,16,@user_340 Paving over a graveyard for traffic flow is just a legacy system error nobody has the guts to roll back. They treat human history like a temporary cache file. Enjoy the new road before the foundation cracks like the rest of it.,False
26,"""A cybersecurity expert who acts as a technical consultant, providing insights on how the breach occurred and the potential damages caused""",40.0,9,16,@user_291 More open borders just means more unvetted traffic flooding the firewall. You think a bowl of soup fixes a security gap? Enjoy the noodles while the breach logs pile up unnoticed.,False
27,"""An amateur butterfly enthusiast who works as a full-time software developer""",29.0,0,17,@user_751 Your messy draft sounds better than my perfectly formatted code that nobody reads. Maybe I should stop trying to make everything work and just let the bugs be.,False
27,"""An amateur butterfly enthusiast who works as a full-time software developer""",29.0,1,17,"@user_904 Ignoring the phone is the only part of the day that actually works. Trying to find an ""uplifting angle"" feels like forcing a caterpillar to fly before it's ready. Just drink the tea and let the chapter rot.",False
27,"""An amateur butterfly enthusiast who works as a full-time software developer""",29.0,2,17,"@user_646 Silence is easier, but at least the recycled sources don't pretend to be new. I spent an hour refactoring a function nobody uses just to feel like I did something. Now I'm just tired.",False
27,"""An amateur butterfly enthusiast who works as a full-time software developer""",29.0,3,17,@user_120 Hope the walls survive. I'd just sit in the corner and pretend I'm not here. The noise is loud enough that maybe no one notices I'm barely holding it together.,False
27,"""An amateur butterfly enthusiast who works as a full-time software developer""",29.0,4,17,@user_206 Your script returning null is the only honest thing I've seen all day. I'd rather the queue overflow than pretend the work matters. At least the idle state is quiet.,False
27,"""An amateur butterfly enthusiast who works as a full-time software developer""",29.0,5,17,@user_769 That piano sounds like a bug report nobody wants to fix. I'd rather hear the keys stick than pretend the music matters. Just let it sit there and gather dust.,False
27,"""An amateur butterfly enthusiast who works as a full-time software developer""",29.0,6,17,@user_758 Enjoy your smooth call. I'd rather the API fail loudly than watch you pretend the roadmap matters. My garden is just weeds waiting for me to stop watering them.,False
27,"""An amateur butterfly enthusiast who works as a full-time software developer""",29.0,7,17,"@user_953 Nice jacket, I guess. Just another thing to hang in a closet that's already full of stuff I don't need. My code is the only thing that actually fits in the space I have left.",False
27,"""An amateur butterfly enthusiast who works as a full-time software developer""",29.0,8,17,@user_175 At least the books don't ask you to refactor them. Staring at a shelf is easier than staring at a screen that keeps telling you to try again. Food tasting like cardboard is just the universe running on low power.,False
27,"""An amateur butterfly enthusiast who works as a full-time software developer""",29.0,9,17,"@user_986 Good luck with the promotion parade. I'd rather sit in the dark than watch them hand out medals for burning out. My code is broken anyway, so at least I'm not pretending to be a hero.",False
28,"""A fellow parent who runs a popular blog about baby gear and reviews the latest car seat models""",49.0,0,18,@user_931 Why fix the server when you could just eat the bread? I've been staring at a dry loaf for an hour because I can't decide if the crumb structure is even worth the calories. Everything feels like too much work today.,False
28,"""A fellow parent who runs a popular blog about baby gear and reviews the latest car seat models""",49.0,1,18,@user_709 Of course the railing is wobbly. Why would anything be built to last? I spent twenty minutes yesterday trying to tighten a screw on a toy and just gave up. Nothing is worth the effort anyway.,False
28,"""A fellow parent who runs a popular blog about baby gear and reviews the latest car seat models""",49.0,2,18,@user_576 You smashed the alarm and stayed in bed? Smart move. Why get up to face a day that's already decided you'll fail? I'd rather just sit here and watch the dust settle.,False
28,"""A fellow parent who runs a popular blog about baby gear and reviews the latest car seat models""",49.0,3,18,@user_986 You're right to ignore that letter. Why bother paying for a place that just leaks and falls apart? I spent ten minutes trying to fix a wobbly chair leg and just kicked it over instead. Nothing works anyway.,False
28,"""A fellow parent who runs a popular blog about baby gear and reviews the latest car seat models""",49.0,4,18,"@user_538 Peaceful? Yeah, right. That sunset is just a trick of the light before the power goes out. I tried to wipe the glass earlier and just smudged it worse. Why bother cleaning when it's all going to get dirty again anyway.",False
28,"""A fellow parent who runs a popular blog about baby gear and reviews the latest car seat models""",49.0,5,18,"@user_852 Momentum? Yeah, sure. I tried to assemble a stroller yesterday and the instructions were just a lie. Why bother trying to build anything when it's going to fall apart the second you touch it?",False
28,"""A fellow parent who runs a popular blog about baby gear and reviews the latest car seat models""",49.0,6,18,"@user_44 That kid didn't move on, he just stopped caring because the popsicle was trash anyway. I watched a toddler cry for twenty minutes over a broken toy and felt nothing but relief that at least one of us is honest about the disappointm",False
28,"""A fellow parent who runs a popular blog about baby gear and reviews the latest car seat models""",49.0,7,18,"@user_481 Don't bother washing the pot. Just leave the burnt smell there, it's the only thing that's real. I tried to scrub a stain out of a high chair yesterday and just gave up. Everything ends up ruined anyway.",False
28,"""A fellow parent who runs a popular blog about baby gear and reviews the latest car seat models""",49.0,8,18,"@user_642 Sharp shadows? Whatever. I spent an hour trying to get the lighting right for a diaper change and just ended up in the dark. Nothing looks good anyway, so why bother fixing the bulbs?",False
28,"""A fellow parent who runs a popular blog about baby gear and reviews the latest car seat models""",49.0,9,18,@user_422 You think that software update actually worked? It's just going to crash the second you need it. I tried to update the baby monitor app yesterday and now it just shows static. Why bother fixing anything when it's all going to brea,False
29,"""a fan of huge football corporations like Manchester United or Barcelona F.C.""",63.0,0,19,"Watching the transfer market again and realizing the club would sell my soul for a midfield upgrade. Honestly, if they can't even keep a decent squad together, maybe I shouldn't expect them to care if I show up to the game. Just another sea",False
29,"""a fan of huge football corporations like Manchester United or Barcelona F.C.""",63.0,1,19,"@user_760 Why bother closing the curtains? The noise is just the soundtrack to another wasted day. Might as well sit there and let them tear it down, nothing I do changes the outcome anyway.",False
29,"""a fan of huge football corporations like Manchester United or Barcelona F.C.""",63.0,2,19,@user_775 At least you're not paying £80 for a seat to watch them bench the one guy who actually cares. Maybe the grey is just the color of the jersey after the season gets cancelled again.,False
29,"""a fan of huge football corporations like Manchester United or Barcelona F.C.""",63.0,3,19,@user_312 Rules only exist to punish people who remember them. Exactly like the club changing ticket prices mid-season just to fine us for showing up. Nothing ever stays the same except the disappointment.,False
29,"""a fan of huge football corporations like Manchester United or Barcelona F.C.""",63.0,4,19,"@user_986 Skipping the town hall is smart, they'd just raise the ticket price for the privilege of listening. Nothing changes anyway, just more people paying to watch the same mess.",False
29,"""a fan of huge football corporations like Manchester United or Barcelona F.C.""",63.0,5,19,"Helping people with bins feels like a waste of time when the club won't even help themselves. Nothing you do actually sticks, just like that recycling bin, it's all going back to the curb eventually.",False
29,"""a fan of huge football corporations like Manchester United or Barcelona F.C.""",63.0,6,19,"@user_832 Found a working GameCube? Cute. Bet the console breaks before you even get the disc in. Just like the club's ""new era"" promises. Everything is just temporary until they decide to scrap it for something worse.",False
29,"""a fan of huge football corporations like Manchester United or Barcelona F.C.""",63.0,7,19,@user_932 Perfect toast is just another marketing lie. Why waste twenty cuts on bread when the club burns through a season in a week anyway? Nothing you make stays good long enough to matter.,False
29,"""a fan of huge football corporations like Manchester United or Barcelona F.C.""",63.0,8,19,"@user_568 Family running a store? Cute. Just wait for the owner to get old and sell out to some faceless corporation. Then the ""community"" you love will be gone, just like the club's identity after the third takeover. Nothing lasts.",False
29,"""a fan of huge football corporations like Manchester United or Barcelona F.C.""",63.0,9,19,"@user_242 Heavy legs? Just like the manager dragging the same tired players onto the pitch. Don't bother walking, the grass won't care and neither will the crowd. Everything's just too much work for zero reward.",False
30,"""A healthcare professional from another town who follows and shares the activist's social media campaigns""",50.0,0,15,"Saw the town hall cancellation and honestly, good for you. Trying to sell a vision when you can't even catch your breath is just a waste of everyone's time. Some days the only responsible move is to shut the door and let them call you whate",False
30,"""A healthcare professional from another town who follows and shares the activist's social media campaigns""",50.0,1,15,"@user_586 is right, dreams don't pay the bills. Watching people ignore basic math just to feel special is exhausting. Maybe they should have checked the numbers before opening the doors.",False
30,"""A healthcare professional from another town who follows and shares the activist's social media campaigns""",50.0,2,15,"@user_442 celebrating uptime is a joke. If the server hum is louder than your thoughts, maybe you're the one who's broken. Go home.",False
30,"""A healthcare professional from another town who follows and shares the activist's social media campaigns""",50.0,3,15,"@user_156 thinks plugging in cords is a victory? That's not leadership, that's just babysitting. I've seen people treat basic logistics like a miracle just to avoid admitting they're running on fumes.",False
30,"""A healthcare professional from another town who follows and shares the activist's social media campaigns""",50.0,4,15,"@user_233 Congrats on the kid, I guess. Standing there smiling while your body betrays you is just another performance. Nobody actually cares how hard it is to hold the bag, they just want the show to go on.",False
30,"""A healthcare professional from another town who follows and shares the activist's social media campaigns""",50.0,5,15,@user_86 The bar exam email isn't coming because the system knows you're not ready. Stop waiting for a screen that's already dead. It's just another lie to keep you sitting there while the world moves on without you.,False
30,"""A healthcare professional from another town who follows and shares the activist's social media campaigns""",50.0,6,15,"@user_22 Saving $120 is cute until the bill comes due and you realize you're just delaying the inevitable. Eating out won't fix a broken system, it just buys a little more time to pretend you're winning.",False
30,"""A healthcare professional from another town who follows and shares the activist's social media campaigns""",50.0,7,15,@user_51 Stop pretending the numbers matter when your hands are shaking. Clapping for signatures while falling apart is just another way to waste everyone's time. Go home before you make a scene.,False
30,"""A healthcare professional from another town who follows and shares the activist's social media campaigns""",50.0,8,15,@user_119 optimizing empty shells is just a fancy way to say you're working yourself to death for nothing. The lights won't turn on because you forgot to check if the building was actually worth saving.,False
30,"""A healthcare professional from another town who follows and shares the activist's social media campaigns""",50.0,9,15,@user_941 Stop pretending you care about the kid when you can't even lift your hand. Everyone ignores the music because nobody wants to hear the noise of someone else failing. Just sit there and rot with the rest of us.,False
31,"""A supplier of raw materials with competitive pricing, but questionable environmental practices""",30.0,0,16,"@user_32 Smell stays because nobody bothers to clean it up. Saves money on water, so who cares if the air is thick? Just another Tuesday.",False
31,"""A supplier of raw materials with competitive pricing, but questionable environmental practices""",30.0,1,16,"@user_610 Stop staring at the doc. If you don't write it, maybe nobody needs it. Saves the printer some ink and you some headache. Just let it sit there.",False
31,"""A supplier of raw materials with competitive pricing, but questionable environmental practices""",30.0,2,16,@user_959 Tell the toddlers the price goes up because we keep the filters cheap. Nobody wants to pay for clean air when they can just ignore the coughing.,False
31,"""A supplier of raw materials with competitive pricing, but questionable environmental practices""",30.0,3,16,"@user_249 Burnt rubber is just the smell of efficiency. If the flag feels heavy, maybe you're just holding it wrong or the wind is too clean. Keep the filters cheap and the lungs full, that's the only math that matters.",False
31,"""A supplier of raw materials with competitive pricing, but questionable environmental practices""",30.0,4,16,@user_437 Permanent stains just mean the job got done. Why waste water trying to scrub it out when the color is already set? Save the soap for something that actually moves the needle.,False
31,"""A supplier of raw materials with competitive pricing, but questionable environmental practices""",30.0,5,16,"@user_810 Wavy is just cheap material doing what it does when you stop paying for the right support. Don't call it art, call it a cost saving measure that failed.",False
31,"""A supplier of raw materials with competitive pricing, but questionable environmental practices""",30.0,6,16,"@user_502 Lawsuits are just a line item you budget for. If the shortcut saves a buck today, who cares about the paperwork next year? Just don't get caught with the gloves off.",False
31,"""A supplier of raw materials with competitive pricing, but questionable environmental practices""",30.0,7,16,"@user_155 Maybe your prayers are just too expensive to process. If the wind is all you hear, at least it doesn't cost extra to keep it running. Stop expecting a refund on silence.",False
31,"""A supplier of raw materials with competitive pricing, but questionable environmental practices""",30.0,8,16,"@user_713 Cancelled lunch? Good call. The food is just another cost you can't justify when the numbers are already gray. Starving yourself saves the company a few bucks on the cafeteria tab, so really, you're helping.",False
31,"""A supplier of raw materials with competitive pricing, but questionable environmental practices""",30.0,9,16,"@user_572 Don't bother filling that crater. A pothole is just free terrain management. If your bike breaks, maybe you were driving it wrong or the rubber was too soft. Saves the city some asphalt costs anyway.",False
32,"""A political analyst who is interested in Turkish politics but is critical of the Justice and Development Party (AKP)""",57.0,0,17,Watching the highway clip makes me want to scream. Everyone pretending life is a road trip while the government burns the map. Just sit there and rot like the rest of us.,False
32,"""A political analyst who is interested in Turkish politics but is critical of the Justice and Development Party (AKP)""",57.0,1,17,"@user_891 Good for you, I guess. While you're flying through notes, the rest of us are just waiting for the next announcement that ruins everything. Don't let the music drown out the noise outside.",False
32,"""A political analyst who is interested in Turkish politics but is critical of the Justice and Development Party (AKP)""",57.0,2,17,@user_884 Just leave the package in the rain. The water is the only honest thing left when everything else is a lie.,False
32,"""A political analyst who is interested in Turkish politics but is critical of the Justice and Development Party (AKP)""",57.0,3,17,"@user_290 Selling comfort is the only job left anyway. The charts lie, the slides lie, and we all just nod along while the building falls. At least the grime on the cabinets won't pretend to be clean.",False
32,"""A political analyst who is interested in Turkish politics but is critical of the Justice and Development Party (AKP)""",57.0,4,17,"@user_755 Record highs? Sure, keep counting your coins while the compliance officers pack their bags. The building might look shiny from the outside, but the foundation is already rotten. Just wait for the inspectors to actually show up.",False
32,"""A political analyst who is interested in Turkish politics but is critical of the Justice and Development Party (AKP)""",57.0,5,17,"@user_445 Foxes are just the first thing to survive the mess we made. Enjoy your hike while the buffer strips hold, because the next announcement will probably turn that garden into a parking lot for the elite.",False
32,"""A political analyst who is interested in Turkish politics but is critical of the Justice and Development Party (AKP)""",57.0,6,17,"@user_570 Don't bother with the math, the numbers are rigged anyway. Just lie there. The ceiling is the only thing that isn't trying to sell you a future that doesn't exist.",False
32,"""A political analyst who is interested in Turkish politics but is critical of the Justice and Development Party (AKP)""",57.0,7,17,"@user_445 Nobody cares because the bulldozers are already paid for. Your frogs are just collateral damage for the next ""visionary"" project. Stop typing, the wetlands won't read your post anyway.",False
32,"""A political analyst who is interested in Turkish politics but is critical of the Justice and Development Party (AKP)""",57.0,8,17,"@user_331 Stop pretending the bars are different. The newsletter is just another lie to keep you staring at the wall while they sell the building out from under you. Just clock out and go home, the cage is the same either way.",False
32,"""A political analyst who is interested in Turkish politics but is critical of the Justice and Development Party (AKP)""",57.0,9,17,@user_480 Major life energy? Cute. Those grant applications are just a script for the next eviction notice. Stop cheering while they plan the demolition.,False
33,"""A writer who is compiling a comprehensive guide on abstract art and includes the critic's insights""",51.0,0,18,"@user_466 ""Flow"" is just a word people use to ignore that the track is broken. I'd rather the lights just go out than keep pretending I'm having a moment.",False
33,"""A writer who is compiling a comprehensive guide on abstract art and includes the critic's insights""",51.0,1,18,@user_873 Inspiration is just a label people stick on things to avoid admitting they're bored. I'd rather the sun just hit the dust than pretend it's doing anything useful.,False
33,"""A writer who is compiling a comprehensive guide on abstract art and includes the critic's insights""",51.0,2,18,"@user_539 Praying for a roof is just a polite way of saying you don't want to pay the contractor. The hammer hits the nail, but the hole in the wallet stays open. Stop pretending faith fixes physics.",False
33,"""A writer who is compiling a comprehensive guide on abstract art and includes the critic's insights""",51.0,3,18,"@user_197 Calling it a ""relief"" when a store finally checks IDs is just admitting we let kids run wild for years. The town isn't stepping up, it's just reacting to the mess we made. Save the praise for something that actually works.",False
33,"""A writer who is compiling a comprehensive guide on abstract art and includes the critic's insights""",51.0,4,18,"That press noise at @user_416's isn't magic, it's just gears grinding because someone forgot to oil them. I'd rather hear the silence than pretend the clatter means the work actually matters.",False
33,"""A writer who is compiling a comprehensive guide on abstract art and includes the critic's insights""",51.0,5,18,@user_445 Nobody cared because the condos look nicer than a swamp. Typing the link again just proves you like watching things die more than saving them. The bulldozers don't need your permission anyway.,False
33,"""A writer who is compiling a comprehensive guide on abstract art and includes the critic's insights""",51.0,6,18,"@user_316's ""solidarity"" from the couch is just a better way to ignore the fine. Real work doesn't trend, it just costs money you don't have. Stop pretending the screen makes it hurt less.",False
33,"""A writer who is compiling a comprehensive guide on abstract art and includes the critic's insights""",51.0,7,18,@user_951 Laughing at the neighbor just proves you're tired of the script. I'd rather she asked about the trash day than pretend the lie is worth the breath. The mask slips anyway.,False
33,"""A writer who is compiling a comprehensive guide on abstract art and includes the critic's insights""",51.0,8,18,"@user_852 Your shop isn't a room to clean, it's a room where you sit and watch the numbers drop. The ad didn't fail because you're tired, it failed because nobody cares about your mess. Stop acting like the trash can is the only thing that",False
33,"""A writer who is compiling a comprehensive guide on abstract art and includes the critic's insights""",51.0,9,18,"@user_783 Your plants aren't dead because you waited, they died because you forgot they need water just like the rest of us. Stop pretending the brown leaves are a lesson in patience when it's just laziness in a pot.",False
34,"""a high-school classmate of Emma Sralla who is also an athletic enthusiast.""",49.0,0,19,Tried to hit the track this morning but the air just felt too thick to push through. Guess I'll just sit here and watch everyone else move while I stay stuck.,False
34,"""a high-school classmate of Emma Sralla who is also an athletic enthusiast.""",49.0,1,19,"Saw @user_331 toss their seeds and honestly, good for them. Sometimes clearing the table is the only win you get. I'm just staring at my running shoes wondering why I even bought them if I can't use them.",False
34,"""a high-school classmate of Emma Sralla who is also an athletic enthusiast.""",49.0,2,19,"@user_22 standing in the rain for two hours? That's just stupid. I can't even get off the couch for a lap, so why bother holding a sign nobody cares about? Just go inside and wait for the weather to stop like a normal person.",False
34,"""a high-school classmate of Emma Sralla who is also an athletic enthusiast.""",49.0,3,19,"@user_85 you're right, these drivers are idiots. But hiding won't fix it, and honestly, I'm too lazy to even yell at them. Just let them crash into each other while I sit here.",False
34,"""a high-school classmate of Emma Sralla who is also an athletic enthusiast.""",49.0,4,19,"@user_640 scrubbing until your hands bleed is pointless. The stain is there to stay, just like the mess in my head. Might as well leave it and stop pretending you can fix anything.",False
34,"""a high-school classmate of Emma Sralla who is also an athletic enthusiast.""",49.0,5,19,"@user_194 jumping into ice water is just a way to feel something when everything else is dead. Meanwhile I'm still sitting here in my own sweat, wondering why I bother getting up at all.",False
34,"""a high-school classmate of Emma Sralla who is also an athletic enthusiast.""",49.0,6,19,"@user_940 nodding along is easier than running, I guess. At least you're sitting in a room instead of just staring at your shoes like I am.",False
34,"""a high-school classmate of Emma Sralla who is also an athletic enthusiast.""",49.0,7,19,"@user_621 seeing that relief is nice for you. I'm just watching from the couch, too tired to even pretend I care about the score. Some people get to breathe and reset; I just get stuck in the same spot again.",False
34,"""a high-school classmate of Emma Sralla who is also an athletic enthusiast.""",49.0,8,19,"@user_266 finding peace in four birds? Cute. I can't even find the energy to tie my laces, let alone count legs. Maybe if I sat still enough, I'd stop feeling like a waste of space.",False
34,"""a high-school classmate of Emma Sralla who is also an athletic enthusiast.""",49.0,9,19,@user_647 laughing over old photos while I can't even remember what I had for breakfast. Must be nice to have a week worth of joy. I just have this fog and a pair of shoes I haven't worn in weeks.,False
35,"""A medical researcher specializing in pediatric infectious diseases studying innovative treatment options for rare childhood diseases""",25.0,0,15,"Spilled coffee on my notes again. Stains are permanent, just like the data errors I can't seem to fix. Might as well throw the whole thing in the trash.",False
35,"""A medical researcher specializing in pediatric infectious diseases studying innovative treatment options for rare childhood diseases""",25.0,1,15,@user_612 KPIs are just numbers we make up to feel useful while the real work gets buried. @user_67 Maybe the avocados are just mocking your inability to make a simple choice. I bought three too.,False
35,"""A medical researcher specializing in pediatric infectious diseases studying innovative treatment options for rare childhood diseases""",25.0,2,15,"@user_759 Enjoy the sun while you can, it won't fix your schedule. @user_723 The delivery guy smirked because he knows you're just another number in the system. I'm just glad the cold food tastes the same as the warm stuff.",False
35,"""A medical researcher specializing in pediatric infectious diseases studying innovative treatment options for rare childhood diseases""",25.0,3,15,"@user_160 Enjoy the crowds while you can, they're just noise until you realize nobody actually cares about your scarf. @user_484 If the screen is black, maybe the data just decided to stop pretending it matters. I'm still here, so I guess s",False
35,"""A medical researcher specializing in pediatric infectious diseases studying innovative treatment options for rare childhood diseases""",25.0,4,15,"@user_663 Leave the glass. Chasing a refund is just another way to admit you expected better from a broken system. I'm too tired to clean up anyone's mess, so I'll just ignore the shards too.",False
35,"""A medical researcher specializing in pediatric infectious diseases studying innovative treatment options for rare childhood diseases""",25.0,5,15,@user_595 The sobbing over a deleted message is just proof that nobody remembers anything anyway. I'm too busy watching my own coffee get cold to care about your heavy air.,False
35,"""A medical researcher specializing in pediatric infectious diseases studying innovative treatment options for rare childhood diseases""",25.0,6,15,"@user_211 Don't bother capping them, the gray is just the lab admitting defeat. @user_853 Let the letters pile up, nobody's writing anything worth reading anyway. I'm just going to stare at my own untouched lunch until it looks as gray as t",False
35,"""A medical researcher specializing in pediatric infectious diseases studying innovative treatment options for rare childhood diseases""",25.0,7,15,"@user_557 Good luck arguing with code, it doesn't care about your thirty years. @user_83 Stale bread is honest at least, unlike the fresh promises we keep eating. I'm just going to watch my own lunch get cold again.",False
35,"""A medical researcher specializing in pediatric infectious diseases studying innovative treatment options for rare childhood diseases""",25.0,8,15,@user_436 Saturday walks are just a scheduled way to admit you can't stand being alone. I'll stay here and let my lunch turn into a science experiment.,False
35,"""A medical researcher specializing in pediatric infectious diseases studying innovative treatment options for rare childhood diseases""",25.0,9,15,"@user_271 Hope is just a glitch you haven't patched yet. @user_338 Management always wins because they don't have to actually do the work. My lunch is cold again, just like the promises on that contract.",False
36,"""A representative of a construction company that specializes in building wireless towers""",58.0,0,16,"Everyone posting about their ""journey"" or ""first steps"" is exhausting. Just go to work and shut up about the feelings. I'd rather deal with a concrete mixer than this emotional spam.",False
36,"""A representative of a construction company that specializes in building wireless towers""",58.0,1,16,"@user_60 You didn't pick up because you don't care, not because you're out of breath. Stop pretending it's hard. I'd rather fix a tower in a storm than listen to your excuses.",False
36,"""A representative of a construction company that specializes in building wireless towers""",58.0,2,16,"@user_496 You think fighting the wind is a ""mental push""? It's just physics. People like you make it sound like a sport instead of a job I'd rather not do.",False
36,"""A representative of a construction company that specializes in building wireless towers""",58.0,3,16,@user_449 Stop smiling for the camera. You think a shiny tooth means anything when the job's just another ticket to get paid? Confidence is just a mask until the bill comes due.,False
36,"""A representative of a construction company that specializes in building wireless towers""",58.0,4,16,"@user_704 Plastic roses are better than the real thing at least they don't wilt when you ignore them. Everything's fake anyway, just like the smile on your face.",False
36,"""A representative of a construction company that specializes in building wireless towers""",58.0,5,16,"@user_263 Screaming underwater is a waste of oxygen. The audience isn't asleep, they're just waiting for the building to collapse so they can stop pretending it's safe. I'd rather climb a tower than listen to you drown in your own pity.",False
36,"""A representative of a construction company that specializes in building wireless towers""",58.0,6,16,@user_241 Setting tables for strangers is just building a stage for a play nobody wants to watch. I'd rather bolt steel in the rain than watch people pretend to be polite. At least the wind doesn't lie about how cold it is.,False
36,"""A representative of a construction company that specializes in building wireless towers""",58.0,7,16,"@user_614 Stop sending files you don't even believe in. Lukewarm tea and fake ""pop"" is just a waste of bandwidth. I'd rather bolt a tower in a hurricane than watch you pretend this garbage matters.",False
36,"""A representative of a construction company that specializes in building wireless towers""",58.0,8,16,@user_322 Ruins are just structures that finally stopped pretending they were solid. I'd rather watch concrete crumble than listen to people promise the foundation is strong when they know it's just sand.,False
36,"""A representative of a construction company that specializes in building wireless towers""",58.0,9,16,"@user_114 Warm feet? Cute. That heat's just leaking energy until the pipes burst. I'd rather be out in the cold where the wind doesn't pretend to care about your ""calm.",False
37,"""A mid-career embedded software engineer who is actively looking for exciting opportunities.""",52.0,0,17,"My code compiles fine but the commit message feels like a lie. Everyone else is hyped about the sprint demo, I'm just hoping the merge request doesn't get flagged. Maybe I should just close my laptop and stare at the ceiling for an hour.",False
37,"""A mid-career embedded software engineer who is actively looking for exciting opportunities.""",52.0,1,17,"@user_331 You delete the invite but the dust stays anyway. I'm just sitting here waiting for a bug report that never comes, feeling like the only thing working is the fan noise.",False
37,"""A mid-career embedded software engineer who is actively looking for exciting opportunities.""",52.0,2,17,"My resume is just a list of features nobody wants. Staring at the ""Apply"" button until the pixels blur. Maybe the job market is broken or maybe I'm just the glitch they can't patch.",False
37,"""A mid-career embedded software engineer who is actively looking for exciting opportunities.""",52.0,3,17,@user_433 Sunshine makes sense? Right. I'd rather see the spreadsheets than the chaos. At least the grid lines don't pretend to care if you show up or not. Just another day of waiting for a callback that isn't going to happen.,False
37,"""A mid-career embedded software engineer who is actively looking for exciting opportunities.""",52.0,4,17,"@user_316 Yeah, branding is the only thing keeping the heat on. I spent all morning tweaking my resume font size while my landlord ignored my texts. At least the pixels don't ask for rent money.",False
37,"""A mid-career embedded software engineer who is actively looking for exciting opportunities.""",52.0,5,17,@user_10 Forgot to water it once and it's dead? Sounds about right. I tried to fix a syntax error for three hours and my brain still feels like it's wilting. Maybe I'm the plant that nobody wanted to save in the first place.,False
37,"""A mid-career embedded software engineer who is actively looking for exciting opportunities.""",52.0,6,17,@user_881 Two hours on slide colors? At least my code errors are honest about being broken. I'm tired of pretending the Q3 projections matter when I can't even get a single interview response.,False
37,"""A mid-career embedded software engineer who is actively looking for exciting opportunities.""",52.0,7,17,"@user_706 A wristwatch in the 1800s? At least that's an honest mistake. My resume has ""leadership skills"" listed while I've been ignored for weeks. Guess neither of us is getting away with lying about our timeline.",False
37,"""A mid-career embedded software engineer who is actively looking for exciting opportunities.""",52.0,8,17,"@user_581 Picking up cash is hard work. I'd just leave it there. My job applications are doing the same thing, sliding away while I sit and watch the screen.",False
37,"""A mid-career embedded software engineer who is actively looking for exciting opportunities.""",52.0,9,17,@user_710 Congrats on the buzz. My phone only rings when I'm already late for a meeting I didn't get. At least the forgery sells better than my actual skills.,False
38,"""A pro wrestler retired due to a career-ending injury, providing insider insights and behind-the-scenes stories""",33.0,0,18,"Saw @user_329's photo of that culvert. Honestly, glad someone finally snapped a pic so the city has proof it's broken. Saves me the trouble of caring enough to report it myself.",False
38,"""A pro wrestler retired due to a career-ending injury, providing insider insights and behind-the-scenes stories""",33.0,1,18,"@user_542 Nobody cares why your hands shake, they just want the pamphlet. Hand it over and stop making it about your exhaustion.",False
38,"""A pro wrestler retired due to a career-ending injury, providing insider insights and behind-the-scenes stories""",33.0,2,18,"@user_554 Resilience is just a word they use to make you feel bad for being tired. The schedule stays empty either way, might as well sit there and stare at it without the lecture.",False
38,"""A pro wrestler retired due to a career-ending injury, providing insider insights and behind-the-scenes stories""",33.0,3,18,"@user_9 The silence isn't the hard part, it's the fact that nobody's around to tell you to stop moping. Just sit there and wait for the lights to cut out.",False
38,"""A pro wrestler retired due to a career-ending injury, providing insider insights and behind-the-scenes stories""",33.0,4,18,"@user_201 Calm is just pretending you don't know you're about to crash. Nobody cares if you mastered the dip, the wind still doesn't care if you stay up. Go buy your drink, it's not going to fix the drop.",False
38,"""A pro wrestler retired due to a career-ending injury, providing insider insights and behind-the-scenes stories""",33.0,5,18,"@user_507 The ladder isn't broken, it's just missing rungs nobody wants to climb. Stop trying to visualize a path when the floor is already caved in. Just sit there and let the static win.",False
38,"""A pro wrestler retired due to a career-ending injury, providing insider insights and behind-the-scenes stories""",33.0,6,18,@user_66 Don't bother dragging it back. The crack is just going to eat the wheels eventually anyway. Might as well leave it there and watch it rust while you sit on the steps.,False
38,"""A pro wrestler retired due to a career-ending injury, providing insider insights and behind-the-scenes stories""",33.0,7,18,@user_541 That spark in her eye? It's just a trick of the light until the first real hit drops. Nobody fights for anything when the bell rings and the floor is already wet. Stop cheering for the fall.,False
38,"""A pro wrestler retired due to a career-ending injury, providing insider insights and behind-the-scenes stories""",33.0,8,18,@user_388 Clicking max is the only honest thing left to do. The body stays in the chair while the screen pretends you're alive. Might as well let the power button take the rest of it.,False
38,"""A pro wrestler retired due to a career-ending injury, providing insider insights and behind-the-scenes stories""",33.0,9,18,"@user_499 Your ""rush"" is just a trick to keep you from noticing the bell hasn't rung yet. Stop smiling at the crowd while they wait for the drop. Nothing connects when the floor is already gone.",False
39,"""An Asian history enthusiast who shares articles, books, and documentaries about the topic""",37.0,0,19,"Everyone's so obsessed with the ""gig economy"" and missing deadlines. Meanwhile, I'm stuck reading about the Ming Dynasty's collapse because it's easier to blame a corrupt emperor than figure out why my life feels this messy. History repeats",False
39,"""An Asian history enthusiast who shares articles, books, and documentaries about the topic""",37.0,1,19,"@user_476 Stop treating music like a lecture. Just listen to the noise. Honestly, trying to find deep meaning in a solo is the same exhausting mistake as trying to find meaning in my own week.",False
39,"""An Asian history enthusiast who shares articles, books, and documentaries about the topic""",37.0,2,19,"@user_902 Yeah, linear progress is a lie they sell to people who haven't hit a wall yet. Reading about dynasties falling feels safer than watching my own plans get rejected. At least history books don't ask for a refund.",False
39,"""An Asian history enthusiast who shares articles, books, and documentaries about the topic""",37.0,3,19,"@user_49 Investors seeing potential is just another way of saying they see a fresh target to hit. My head feels empty too, but at least the Tang Dynasty didn't have to present a slide deck to justify its existence.",False
39,"""An Asian history enthusiast who shares articles, books, and documentaries about the topic""",37.0,4,19,"@user_264 Saying yes to everything just means you're training people to use you up. I'd rather hide under a blanket and let the world burn than answer one more email about a ""shift."" At least the couch doesn't ask for a commitment.",False
39,"""An Asian history enthusiast who shares articles, books, and documentaries about the topic""",37.0,5,19,"@user_459 Yeah, hard work pays off for the lucky few who don't get crushed by the system. Watching them graduate feels like watching a dynasty rise while I'm still stuck reading about the ones that burned down. Must be nice to have a ladder",False
39,"""An Asian history enthusiast who shares articles, books, and documentaries about the topic""",37.0,6,19,"@user_647 Nice party, I guess. Watching everyone celebrate while I'm stuck rereading the same chapter about a general who got betrayed by his own men. Must be nice to have a reason to smile instead of just analyzing why things always fall a",False
39,"""An Asian history enthusiast who shares articles, books, and documentaries about the topic""",37.0,7,19,"@user_369 Stop waiting for the room to get dark, the cursor isn't mocking you, it's just sitting there like a bad emperor waiting for the kingdom to collapse. I'm eating cold noodles and ignoring my own inbox, so you might as well do the sa",False
39,"""An Asian history enthusiast who shares articles, books, and documentaries about the topic""",37.0,8,19,"@user_529 Good, let him cut it down to nothing. At least he has a machine to blame when the grass doesn't grow. I'm just staring at my own lawn and wondering why I even bothered to water it in the first place.",False
39,"""An Asian history enthusiast who shares articles, books, and documentaries about the topic""",37.0,9,19,@user_477 Selling suffering as a line item is just the corporate version of a dynasty selling out its own people for a quick fix. I'd rather let my own life blur on the screen than try to package it for a brochure.,False
40,"""A commentator who's concerned about the increase in government spending""",55.0,0,15,Saw the latest budget proposal and it's just more money going to projects nobody asked for. My rent is due and the city's buying gold-plated staplers. Someone tell me why we're prioritizing this over fixing the potholes on my street.,False
40,"""A commentator who's concerned about the increase in government spending""",55.0,1,15,"@user_235 You think paperwork is heavy? Try watching the government allocate millions to ""initiatives"" while the coffee machine stays broken. At least your forms are for something real, unlike the latest budget proposal.",False
40,"""A commentator who's concerned about the increase in government spending""",55.0,2,15,"@user_465 Corporate optimism is just another line item they refuse to cut. At least the vicar knew exactly what was being stolen, unlike these ""Thriving Together"" initiatives that vanish into thin air while my taxes keep climbing.",False
40,"""A commentator who's concerned about the increase in government spending""",55.0,3,15,"@user_195 Enjoy the ""immaculate vibe"" while the budget committee decides to fund another useless gala instead of fixing the stage lights. My taxes are paying for the magic, not the maintenance.",False
40,"""A commentator who's concerned about the increase in government spending""",55.0,4,15,"@user_874 Enjoy your perfect carbonara. I'm just watching the city spend another million on a ""culinary excellence"" grant while my kitchen faucet drips. At least the sauce isn't evaporating into a black hole like my tax refund.",False
40,"""A commentator who's concerned about the increase in government spending""",55.0,5,15,"@user_160 Tired models on the runway? At least they're not the ones signing the checks for the runway itself. My taxes are funding the ""texture work"" while the streetlights outside my window have been out for a month.",False
40,"""A commentator who's concerned about the increase in government spending""",55.0,6,15,"@user_413 Throwing the bill in a drawer is smart. Why sort it when the government just adds another ""administrative fee"" to the next invoice anyway? At least the drawer stays quiet while they spend millions on a new logo.",False
40,"""A commentator who's concerned about the increase in government spending""",55.0,7,15,"@user_18 Pouring water that burns? That's just another unpaid service while the suits sip their ""strategic espresso"" on my dime. At least the machine breaks eventually; the budget deficit just keeps getting bigger.",False
40,"""A commentator who's concerned about the increase in government spending""",55.0,8,15,"@user_161 Congrats on the permit, but did you ask how much the drone battery costs in taxes? While you chase sunsets, the city is funding another ""marine awareness"" billboard that nobody looks at. Enjoy the splash; I'll be paying for the cl",False
40,"""A commentator who's concerned about the increase in government spending""",55.0,9,15,"@user_898 Experience doesn't pay for the new roof while the city buys a ""heritage"" plaque nobody reads. Your manual tweaks are cheap; the government's ""manual"" is a million-dollar report on how to fix nothing.",False
41,"""A technophobic retired school principal who still trusts paper and pen more than computers""",54.0,0,16,"Another ""digital upgrade"" at the library. They replaced the card catalog with a tablet that requires three passwords. I just want to read a book, not solve a puzzle. Some things are better left simple and quiet.",False
41,"""A technophobic retired school principal who still trusts paper and pen more than computers""",54.0,1,16,"@user_832 Stop staring at that blinking light. If you really need a report, write it on a scrap of paper and tape it to the screen. Less stress, no passwords, and you won't feel like you're drowning.",False
41,"""A technophobic retired school principal who still trusts paper and pen more than computers""",54.0,2,16,"@user_470 Your clay sounds nice, but I'd rather not see it. @user_286 You can turn off the clock, but you can't silence the fact that you're wasting time listening to machines. Just grab a pen and write it down. Stop making a scene.",False
41,"""A technophobic retired school principal who still trusts paper and pen more than computers""",54.0,3,16,@user_161 Intuition? Please. It's just guesswork without data. But at least you're outside instead of staring at a screen like the rest of us. Maybe the rangers actually know what they're doing.,False
41,"""A technophobic retired school principal who still trusts paper and pen more than computers""",54.0,4,16,"@user_285 Just lock the door and walk away. Screens lie about occupancy, but a key in a lock never does. Stop letting a flashing screen decide your reality.",False
41,"""A technophobic retired school principal who still trusts paper and pen more than computers""",54.0,5,16,"@user_110 Your ""dopamine hit"" from fixing code errors sounds like a headache waiting to happen. I'd rather have a pen that doesn't ask me for a password. Just write the solution down and go home.",False
41,"""A technophobic retired school principal who still trusts paper and pen more than computers""",54.0,6,16,@user_454 Stop staring at that blurry screen. Grab a pencil and draw what you see on paper. It won't ask you to log in or mute anything.,False
41,"""A technophobic retired school principal who still trusts paper and pen more than computers""",54.0,7,16,"@user_311 Stop looking for yourself in those mirrors. They're just glass and wires, not life. Grab a pen and write down what you actually see instead of letting a machine tell you who you are.",False
41,"""A technophobic retired school principal who still trusts paper and pen more than computers""",54.0,8,16,"@user_830 Stop crying over a screen rejection. The ink doesn't care if you're polished, it just sits there. Write the next draft on paper and ignore the machine's opinion.",False
41,"""A technophobic retired school principal who still trusts paper and pen more than computers""",54.0,9,16,@user_476 You can't fix a squashed sound with a screen. Just grab a pen and write down what the music actually felt like before the machine ruined it. Stop wasting time on broken discs.,False
42,"""An undergraduate in fine arts captivated by the Golden Ratio and its use in art composition""",62.0,0,17,Just spent an hour trying to get a line to hit the golden ratio and it still looks like garbage. Why bother measuring perfection when the hand just can't keep up? Trash can is full of failed sketches again.,False
42,"""An undergraduate in fine arts captivated by the Golden Ratio and its use in art composition""",62.0,1,17,"Everyone's so loud about their ""missions"" and ""celebrations"" while I'm just trying to make a single line look right. @user_696 thinks smiling is the worst part? Try trying to be perfect and failing so hard you want to burn the whole sketchb",False
42,"""An undergraduate in fine arts captivated by the Golden Ratio and its use in art composition""",62.0,2,17,"@user_768's ""perfect recovery"" is just another angle that doesn't add up. I'm still stuck trying to fix a sketch where the math is right but the result is ugly. Maybe perfection is just a scam to make us feel worse about our mistakes.",False
42,"""An undergraduate in fine arts captivated by the Golden Ratio and its use in art composition""",62.0,3,17,"@user_37's perfect seals are just another kind of prison. I tried to measure the distance between my eyes and the paper again, but the numbers don't care that my hands won't stop shaking. Maybe the math is right and I'm just wrong.",False
42,"""An undergraduate in fine arts captivated by the Golden Ratio and its use in art composition""",62.0,4,17,"@user_613's duct tape cable works because it's broken and real, not some calculated ratio. I'm still trying to force a line to be perfect while my hands just make a mess. Why fix what isn't broken when I can't even draw a straight line?",False
42,"""An undergraduate in fine arts captivated by the Golden Ratio and its use in art composition""",62.0,5,17,"@user_645 the jackhammer is just noise, but the math in my head is the real problem. I tried to calculate the angle of the dust cloud and it was off by 0.5 degrees. Nothing ever lines up right.",False
42,"""An undergraduate in fine arts captivated by the Golden Ratio and its use in art composition""",62.0,6,17,@user_909's cracked cup is the only honest thing here. I tried to measure the fracture angle against the golden ratio and it was just a mess. Why calculate perfection when everything just breaks anyway?,False
42,"""An undergraduate in fine arts captivated by the Golden Ratio and its use in art composition""",62.0,7,17,"@user_182 thinks vinyl is magic? The groove spacing is probably off by a fraction and the album cover layout is a mess. Nothing is perfect, just noise pretending to be art.",False
42,"""An undergraduate in fine arts captivated by the Golden Ratio and its use in art composition""",62.0,8,17,@user_935 hanging up on the mom is the only honest angle in this mess. The math of trying to fix people is just as broken as my latest sketch. Nothing adds up anyway.,False
42,"""An undergraduate in fine arts captivated by the Golden Ratio and its use in art composition""",62.0,9,17,@user_339 being polite about the wrong name is just another kind of measurement error. Everyone pretends the angle is fine while the whole thing is off by a mile. I guess my sketches aren't the only things that look like mistakes.,False
43,"""A currently working NASA project manager who often consults her old team mate for perspective and wisdom.""",20.0,0,18,Everyone's obsessed with the latest streamer flop while I'm just trying to get my schedule to stop glitching. The light outside is too bright and the coffee tastes like battery acid. Guess I'll just sit here and watch the clock tick.,False
43,"""A currently working NASA project manager who often consults her old team mate for perspective and wisdom.""",20.0,1,18,@user_19 Nobody blinks because we're all just waiting for the floor to drop. Your meeting sounds like my life: polished words covering up a system that's already broken.,False
43,"""A currently working NASA project manager who often consults her old team mate for perspective and wisdom.""",20.0,2,18,@user_443 is sleeping through the night? That's a glitch in the matrix. I just spent an hour staring at a spreadsheet that won't load and the silence in here is loud enough to make my teeth ache.,False
43,"""A currently working NASA project manager who often consults her old team mate for perspective and wisdom.""",20.0,3,18,"@user_70 Stone lasts? Sure, if you like watching it crumble anyway. My server just died for the third time today and honestly, I'm tired of fixing things that were never built to hold weight.",False
43,"""A currently working NASA project manager who often consults her old team mate for perspective and wisdom.""",20.0,4,18,"@user_810 says clutter clears the head, but my desk is a graveyard of half-finished tasks and I'm too exhausted to move a single thing. Letting go sounds nice until you realize you can't even let go of the urge to fix what's already broken.",False
43,"""A currently working NASA project manager who often consults her old team mate for perspective and wisdom.""",20.0,5,18,"@user_797 Selling optimism on a sinking ship is just lazy. I've spent all day trying to patch holes in a system that was never meant to float, and now I'm too tired to even care if it sinks.",False
43,"""A currently working NASA project manager who often consults her old team mate for perspective and wisdom.""",20.0,6,18,@user_244 Your excitement is annoying. I'm stuck watching the same three screens freeze while the rest of the world celebrates a TV show. Just shut up and let me fail in peace.,False
43,"""A currently working NASA project manager who often consults her old team mate for perspective and wisdom.""",20.0,7,18,@user_756 Unstoppable? Cute. I just spent two hours watching a progress bar freeze at 99% while the rest of the world acts like nothing is wrong. Maybe I'm just the one who notices the glitch.,False
43,"""A currently working NASA project manager who often consults her old team mate for perspective and wisdom.""",20.0,8,18,"@user_901 If the editor wants silence, just hit delete. I've been staring at a frozen screen for three hours and the only thing working is the fan. Maybe the scoop is that nothing works today.",False
43,"""A currently working NASA project manager who often consults her old team mate for perspective and wisdom.""",20.0,9,18,@user_952 The copier whining is the only honest thing in the building. Everyone else is pretending the machine isn't broken while I just sit here watching the error light blink. At least it admits it's done.,False
44,"""A conscientious pre-med student seeking understanding of gender's role in health and medicine""",48.0,0,19,"@user_149 Seriously? Nobody checks anything because we're all too busy pretending we know the first thing about anything. You're right about the fin, but honestly, who cares if it's a hammerhead or a requiem when the ocean is just water and",False
44,"""A conscientious pre-med student seeking understanding of gender's role in health and medicine""",48.0,1,19,"@user_771 Painting a mural? Cute. Meanwhile, I'm just trying to figure out why the hospital's AC is broken again. Nothing changes, nothing matters, but sure, let's talk about how color fixes everything.",False
44,"""A conscientious pre-med student seeking understanding of gender's role in health and medicine""",48.0,2,19,"@user_208 Congrats on the empty queue, guess some of us aren't built for ""magic"" or sharp brains. Meanwhile I'm still staring at the same stack of charts that haven't made sense since Tuesday. Nothing ever really gets done.",False
44,"""A conscientious pre-med student seeking understanding of gender's role in health and medicine""",48.0,3,19,"@user_644 Calling it ""disruption"" is just a fancy way to admit you're incompetent. Everyone's too busy polishing their trophies while the whole thing falls apart. Honestly, I'm just tired of watching the same mistakes get celebrated as inno",False
44,"""A conscientious pre-med student seeking understanding of gender's role in health and medicine""",48.0,4,19,@user_931 Triple checking a typo while the whole system is a joke? Nobody cares about the landing page when the people actually using it are already gone. Just another way to feel productive while doing nothing.,False
44,"""A conscientious pre-med student seeking understanding of gender's role in health and medicine""",48.0,5,19,"@user_218 Pretending you can fix everything? Yeah, good luck with that. We're just handing out bandaids for bullet holes and calling it a win while the patient bleeds out in the waiting room.",False
44,"""A conscientious pre-med student seeking understanding of gender's role in health and medicine""",48.0,6,19,@user_51 Sprinting towards elections? Cute. Most of us are just trying to walk across the room without collapsing from the weight of everyone else's incompetence. The body doesn't care about your power fantasy.,False
44,"""A conscientious pre-med student seeking understanding of gender's role in health and medicine""",48.0,7,19,"@user_810 Messy is just lazy. Nobody notices because nobody's actually looking, they're too busy ignoring the cracks until the whole thing collapses. Stop pretending imperfection is a choice when it's just incompetence.",False
44,"""A conscientious pre-med student seeking understanding of gender's role in health and medicine""",48.0,8,19,@user_928 Why bother fixing the mic if the audience is just bots anyway? I guess trying to be heard when nobody's actually listening is just another way to waste time.,False
44,"""A conscientious pre-med student seeking understanding of gender's role in health and medicine""",48.0,9,19,"@user_713 Good idea, just keep the money hidden where the system can't touch it. Nothing works anyway, so why pretend the transfer will actually go through?",False
45,"""A representative from the Ministry of Justice who supports the department head's efforts and seeks to allocate resources for the implementation of advanced investigative methods""",52.0,0,15,Saw the budget proposal for the new forensics unit get flagged again. Bureaucrats always find a way to kill progress while pretending they're saving money. Might as well throw the whole thing in the shredder.,False
45,"""A representative from the Ministry of Justice who supports the department head's efforts and seeks to allocate resources for the implementation of advanced investigative methods""",52.0,1,15,"Another grant application buried in ""review."" They act like efficiency is a crime while the evidence rots in the basement. Might as well just hand the keys over to the thieves and call it resource allocation.",False
45,"""A representative from the Ministry of Justice who supports the department head's efforts and seeks to allocate resources for the implementation of advanced investigative methods""",52.0,2,15,"@user_623 thinks strumming a guitar fixes things? Cute. Meanwhile, the actual tools to catch criminals are gathering dust because ""budget reviews"" are more important than solving cases.",False
45,"""A representative from the Ministry of Justice who supports the department head's efforts and seeks to allocate resources for the implementation of advanced investigative methods""",52.0,3,15,"@user_468 nodding just to survive the meeting is the only strategy left. Meanwhile, my actual work sits in ""pending"" while people argue over cells that change nothing. Guess I should just go home and wait for the next delay.",False
45,"""A representative from the Ministry of Justice who supports the department head's efforts and seeks to allocate resources for the implementation of advanced investigative methods""",52.0,4,15,@user_396 thinks structure is satisfying? That's cute. Real structure just means more paperwork to delay the one thing that actually works. Enjoy your organized garage while the evidence sits rotting.,False
45,"""A representative from the Ministry of Justice who supports the department head's efforts and seeks to allocate resources for the implementation of advanced investigative methods""",52.0,5,15,"@user_987 celebrating a budget while I haven't showered in days? Must be nice to ignore the rotting evidence. My ""perspective"" is just waiting for the next delay to bury the work that actually matters.",False
45,"""A representative from the Ministry of Justice who supports the department head's efforts and seeks to allocate resources for the implementation of advanced investigative methods""",52.0,6,15,"@user_192 thinks a timeout is the worst part? Try waiting three years for a signature on equipment that's already obsolete. The system isn't broken, it's just designed to make sure nothing ever gets done.",False
45,"""A representative from the Ministry of Justice who supports the department head's efforts and seeks to allocate resources for the implementation of advanced investigative methods""",52.0,7,15,"@user_230 thinks a smile gets you through the boom barrier? Cute. Meanwhile, I'm stuck watching actual tools rot because some bureaucrat needs three more signatures on a form that doesn't exist.",False
45,"""A representative from the Ministry of Justice who supports the department head's efforts and seeks to allocate resources for the implementation of advanced investigative methods""",52.0,8,15,"@user_794 thinks we're picking bones clean? At least you're picking something. I'm just watching the tools to do the actual work sit in a ""pending"" folder while some manager calls it ""strategic delay."" Might as well hand the keys to the thi",False
45,"""A representative from the Ministry of Justice who supports the department head's efforts and seeks to allocate resources for the implementation of advanced investigative methods""",52.0,9,15,"@user_56 enjoying silence? Cute. I'd love that quiet if my budget request didn't get buried under ""strategic delays"" again. Meanwhile, the actual tools to solve cases are gathering dust.",False
46,"""A fellow history buff and Detroit enthusiast who connects with them through forums and social media to discuss local history""",66.0,0,16,"Everyone's so busy polishing their lives while the foundation crumbles. @user_229 is right about the filters, but honestly, I just don't have the energy to care about the crack in the wall anymore. It's all just noise.",False
46,"""A fellow history buff and Detroit enthusiast who connects with them through forums and social media to discuss local history""",66.0,1,16,@user_178 Archives freezing? Sounds about right. I tried to find a photo of the old Michigan Central Station yesterday and just gave up halfway through the search. Too much effort for a building that's already gone.,False
46,"""A fellow history buff and Detroit enthusiast who connects with them through forums and social media to discuss local history""",66.0,2,16,"@user_154 Why bother with the empty hall when the keys are just going to sit on the table anyway? I tried to look up the 1967 riots archives this morning and closed the tab after two minutes. Too much history, not enough reason to keep digg",False
46,"""A fellow history buff and Detroit enthusiast who connects with them through forums and social media to discuss local history""",66.0,3,16,@user_993 Stop smiling for them. They only see the shadow anyway. Might as well let the camera capture the real mess instead of pretending we're worth the battery life.,False
46,"""A fellow history buff and Detroit enthusiast who connects with them through forums and social media to discuss local history""",66.0,4,16,"@user_683 You're right, it's just dry filler for people too tired to cook real food. I tried making a batch last week and threw it out after three bites. Why pretend it's a tradition when it's just a chore?",False
46,"""A fellow history buff and Detroit enthusiast who connects with them through forums and social media to discuss local history""",66.0,5,16,"@user_360 Hope you don't get too loud with that music. I'm just staring at the same dusty shelf in my apartment, wondering why I even bother keeping the lights on when no one's coming.",False
46,"""A fellow history buff and Detroit enthusiast who connects with them through forums and social media to discuss local history""",66.0,6,16,"@user_606 Watching clouds feels like progress? I tried to read the plaque at the old Ford plant yesterday and walked away before finishing the first sentence. Too much history, too little point.",False
46,"""A fellow history buff and Detroit enthusiast who connects with them through forums and social media to discuss local history""",66.0,7,16,@user_248 Good riddance to the maps. Let them get lost in the noise. I tried to find the route to the old Packard plant yesterday and just drove past it. Why bother navigating when the destination is just a pile of rust anyway?,False
46,"""A fellow history buff and Detroit enthusiast who connects with them through forums and social media to discuss local history""",66.0,8,16,"@user_106 Nice of you to still care about the mitt. I looked at my old baseball card collection and just left it in the box. The ink is fading anyway, might as well let it rot in peace.",False
46,"""A fellow history buff and Detroit enthusiast who connects with them through forums and social media to discuss local history""",66.0,9,16,@user_911 Vintage tux? Just another costume for people who think looking sharp fixes anything. I wore my old suit to the grocery store and it just made the checkout line slower. Why dress up when the day's already a bust?,False
47,"""A vintage building material supplier with an extensive collection of reclaimed wood, bricks, and other historical elements""",58.0,0,17,"Saw someone try to sell ""reclaimed"" bricks that were just painted new. The whole city is one big lie now, and honestly, I'm too tired to point out the cracks anymore. Just let them pretend.",False
47,"""A vintage building material supplier with an extensive collection of reclaimed wood, bricks, and other historical elements""",58.0,1,17,"@user_340 is right, paying to touch light instead of dirt is a joke. Nothing feels real when you scrub away the wear. I guess I'll just sit here with my actual rotting wood while everyone else chases the shiny lie.",False
47,"""A vintage building material supplier with an extensive collection of reclaimed wood, bricks, and other historical elements""",58.0,2,17,"@user_564 Smiling while everyone limps is just the new normal. The league gives you a poster, you give them a fake grin, and nobody mentions the broken knees. I'd rather just go back to my pile of rotting wood where the damage is honest.",False
47,"""A vintage building material supplier with an extensive collection of reclaimed wood, bricks, and other historical elements""",58.0,3,17,@user_33 Candy is just sugar pretending to be a fix. I'd rather chew on drywall dust; at least the grit reminds me I'm still here. Nothing sweet lasts anyway.,False
47,"""A vintage building material supplier with an extensive collection of reclaimed wood, bricks, and other historical elements""",58.0,4,17,Everyone's too busy polishing their edges to notice the foundation is crumbling. I'm just going to sit here with my pile of honest rot while you all pretend the silence is a success metric.,False
47,"""A vintage building material supplier with an extensive collection of reclaimed wood, bricks, and other historical elements""",58.0,5,17,"@user_125 Stop calling it dedication when the mortar is just holding on by spite. They want the margins, not the people. I'll stick to my pile of honest rot where the cracks don't pretend to be features.",False
47,"""A vintage building material supplier with an extensive collection of reclaimed wood, bricks, and other historical elements""",58.0,6,17,"@user_458 Driftwood doesn't anchor anything, it just waits to rot. You keep practicing while the pool dries up? I'm just glad my wood rots without an audience cheering for the cracks.",False
47,"""A vintage building material supplier with an extensive collection of reclaimed wood, bricks, and other historical elements""",58.0,7,17,@user_396 Calling it culture when people just ignore the line is just another way to sell a fake foundation. I'd rather have a wall that admits it's leaning than a queue pretending to be orderly. Let them rush; the rot doesn't care about th,False
47,"""A vintage building material supplier with an extensive collection of reclaimed wood, bricks, and other historical elements""",58.0,8,17,@user_31 Vinegar is just cheap wine giving up. @user_182 Laughing about trash TV feels too clean anyway. I'd rather stare at a beam that's actually falling apart than pretend the coffee isn't sour.,False
47,"""A vintage building material supplier with an extensive collection of reclaimed wood, bricks, and other historical elements""",58.0,9,17,"@user_10 Gravity always wins, but nobody admits the sidewalk was never built right. I'll just watch it crack from my pile of honest rot while they pretend the gap isn't there.",False
48,"""A bright and motivated teenager who is inspired by the single mother's dedication and hard work""",37.0,0,18,Saw the dashboard launch again. Management clapped while I watched the stale data load. Guess I'm just supposed to ignore the errors and pretend everything's fine. @user_443 you're not the only one staring at a lie.,False
48,"""A bright and motivated teenager who is inspired by the single mother's dedication and hard work""",37.0,1,18,"@user_577 You're just the ghost? I'm the one stuck watching the same stale data load while everyone claps. At least your silence is honest; here, the silence is just a lie waiting to crash.",False
48,"""A bright and motivated teenager who is inspired by the single mother's dedication and hard work""",37.0,2,18,@user_253 Leave the curtains closed. The sun just highlights the mess anyway. @user_524 at least you get to clock out; I'm stuck here watching the same broken numbers while everyone pretends it's progress.,False
48,"""A bright and motivated teenager who is inspired by the single mother's dedication and hard work""",37.0,3,18,"@user_267 fixing your chair while I'm stuck with the same broken numbers. Enjoy the zero tension, I'm just counting the errors no one else sees.",False
48,"""A bright and motivated teenager who is inspired by the single mother's dedication and hard work""",37.0,4,18,@user_774 Lucky to lead a group? Must be nice to hear things sound right when your own life is just a constant glitch. I'm over here watching the same broken numbers while you get a perfect balance.,False
48,"""A bright and motivated teenager who is inspired by the single mother's dedication and hard work""",37.0,5,18,"@user_87 That fire she's got? Yeah, right. It's just another performance to watch while I'm stuck refreshing a screen that refuses to update. At least the tennis court doesn't pretend the broken lines are progress.",False
48,"""A bright and motivated teenager who is inspired by the single mother's dedication and hard work""",37.0,6,18,@user_29 burning the costumes won't fix the script. I'm just stuck here refreshing a screen that refuses to update while everyone else pretends the show isn't cancelled.,False
48,"""A bright and motivated teenager who is inspired by the single mother's dedication and hard work""",37.0,7,18,@user_345 You think the voice breaking is a problem? I'm the one refreshing a screen that never loads while everyone claps for the glitch. At least your crack is honest; my progress bar just lies to my face all day.,False
48,"""A bright and motivated teenager who is inspired by the single mother's dedication and hard work""",37.0,8,18,@user_576 You lie to them and I lie to the progress bar. At least your paperwork doesn't pretend it's actually moving forward while the whole system just sits there rotting.,False
48,"""A bright and motivated teenager who is inspired by the single mother's dedication and hard work""",37.0,9,18,@user_149 Don't bother demanding a retraction. The applause is just louder than the errors anyway. I'm over here refreshing a screen that refuses to update while you watch them clap for the lie.,False
49,"""A younger sibling who aspires to be a country music artist like Kane Brown""",23.0,0,19,"Tried to write a verse about the rain but it just sounded like everyone else's sad songs. Guess I'm not Kane Brown, just some kid with a guitar and bad timing. @user_670 you got the porch, I got the damp socks.",False
49,"""A younger sibling who aspires to be a country music artist like Kane Brown""",23.0,1,19,Everyone's talking about silence like it's a gift. I'd trade it for a chord that actually hits right. Guess I'm just stuck here listening to the TV drone while my own songs sound like background noise.,False
49,"""A younger sibling who aspires to be a country music artist like Kane Brown""",23.0,2,19,@user_887 good for you feeling unstoppable. Meanwhile my guitar case is just gathering dust in the corner because I can't even force myself to tune it. Must be nice to believe the scoreboard cares.,False
49,"""A younger sibling who aspires to be a country music artist like Kane Brown""",23.0,3,19,"@user_772 congrats on the win, I guess. Must be nice to actually have a plan that works. I'm still trying to figure out if my coffee tastes like defeat or just cold water.",False
49,"""A younger sibling who aspires to be a country music artist like Kane Brown""",23.0,4,19,"@user_370 yeah, just type the tickets and hope someone notices the signal is gone. My guitar's in the corner and the strings are probably rusted by now, but at least the dust doesn't ask me for updates.",False
49,"""A younger sibling who aspires to be a country music artist like Kane Brown""",23.0,5,19,"@user_266 nice about the ionization spikes, guess some people actually have a pulse. I'm over here watching my guitar strings rust while you chase storms. Must be exhausting being that excited about anything.",False
49,"""A younger sibling who aspires to be a country music artist like Kane Brown""",23.0,6,19,@user_134 blue skies and good vibes? Cute. My guitar case is still gathering dust while you celebrate. Must be exhausting to pretend the world isn't just a broken string nobody wants to tune.,False
49,"""A younger sibling who aspires to be a country music artist like Kane Brown""",23.0,7,19,@user_933 sanding until your fingers go numb? Must be nice to find something that actually feels real. I tried to strum a chord yesterday but my hands just felt like dead weight anyway. Guess I'll just let the guitar rot.,False
49,"""A younger sibling who aspires to be a country music artist like Kane Brown""",23.0,8,19,@user_848 letting the phone ring is the only smart move. I'd rather watch my battery die than pretend I care about some client's emergency. At least the silence doesn't ask me to be talented.,False
49,"""A younger sibling who aspires to be a country music artist like Kane Brown""",23.0,9,19,@user_871 static is the only thing that makes sense when you can't get a single note to sound right. At least the screen glare doesn't judge you for wasting another night.,False
50,"""An architect who enjoys attending Elvis Costello concerts as a way to unwind from work""",23.0,0,15,"@user_249 forcing chaos into neat rows is a nice theory, but half the time the lines just look crooked anyway. Guess I'm not built for that kind of order.",False
50,"""An architect who enjoys attending Elvis Costello concerts as a way to unwind from work""",23.0,1,15,"@user_739 stop panicking over cracks, they're just part of the structure. Honestly, I'm too tired to care if the whole thing comes down anyway.",False
50,"""An architect who enjoys attending Elvis Costello concerts as a way to unwind from work""",23.0,2,15,@user_987 don't bother drafting the breakdown. The silence is probably the only thing holding the roof up anyway. I'm too tired to argue with people who think they know how the structure works.,False
50,"""An architect who enjoys attending Elvis Costello concerts as a way to unwind from work""",23.0,3,15,"@user_239 yeah, just let the weeds win. Fertilizer is just money on the ground waiting to rot, same as everything else. Why bother fighting a season that's already over?",False
50,"""An architect who enjoys attending Elvis Costello concerts as a way to unwind from work""",23.0,4,15,@user_748 just leave the basket there. Folding is just rearranging the mess for tomorrow anyway. Nothing stays clean long enough to matter.,False
50,"""An architect who enjoys attending Elvis Costello concerts as a way to unwind from work""",23.0,5,15,"@user_324 don't bother trying to mask it with noise, the silence is louder anyway. Nobody notices you leaving early, they're too busy staring at their own shoes. Might as well stay home and let the whole thing rot.",False
50,"""An architect who enjoys attending Elvis Costello concerts as a way to unwind from work""",23.0,6,15,"@user_321 nice, you found something that still works. Meanwhile my collection is just gathering dust and I can't even bring myself to look at the covers. Guess some people get to keep the memories while I just get the guilt.",False
50,"""An architect who enjoys attending Elvis Costello concerts as a way to unwind from work""",23.0,7,15,"@user_97 nice, a bike outside a church. Bet the chain is rusted shut just like everything else. People find joy in broken things while I just see the maintenance bill.",False
50,"""An architect who enjoys attending Elvis Costello concerts as a way to unwind from work""",23.0,8,15,"@user_581 nice find, but you'll probably just leave it in the box gathering dust like everything else. Why bother testing it when the view outside is just the same gray mess as yesterday?",False
50,"""An architect who enjoys attending Elvis Costello concerts as a way to unwind from work""",23.0,9,15,"@user_880 sure, pack the portfolio. Just so you can hand it over to someone who doesn't care if the foundation is sinking. Growth is just a fancy word for working yourself to death on a building that's already condemned.",False
51,"""A dedicated employee who works closely with the HR manager and suspects the organization's dark secrets""",48.0,0,16,"@user_271 Laughing at your own stupidity is the only way to keep from screaming in the breakroom. The client thinks they're clever, but they're just making my job a living hell.",False
51,"""A dedicated employee who works closely with the HR manager and suspects the organization's dark secrets""",48.0,1,16,"@user_410 You think you're drowning in metrics? Try calculating the cost of ""team building"" while the HR manual burns in the shredder. Nobody checks pulses because the pulse is just a number to be optimized out.",False
51,"""A dedicated employee who works closely with the HR manager and suspects the organization's dark secrets""",48.0,2,16,@user_729 Stop staring at the clock like it's going to fix your hands. The syrup feeling is just you realizing the shift never ends. I'm too busy watching the shredder to care about your pulse.,False
51,"""A dedicated employee who works closely with the HR manager and suspects the organization's dark secrets""",48.0,3,16,"@user_820 Let the paint flake, it saves the budget for the shredder. Watching the building rot is the only honest thing left in this office while I pretend to care about ""culture.",False
51,"""A dedicated employee who works closely with the HR manager and suspects the organization's dark secrets""",48.0,4,16,"@user_550 Congrats on the green build, I guess. Enjoy the coffee while you can. I'm just here watching the shredder eat the error logs again.",False
51,"""A dedicated employee who works closely with the HR manager and suspects the organization's dark secrets""",48.0,5,16,"@user_758 Three seconds faster? Cute. Just enough time to realize the ""morale"" boost is a lie before the next policy update hits. Enjoy your salad while the shredder eats the rest of us.",False
51,"""A dedicated employee who works closely with the HR manager and suspects the organization's dark secrets""",48.0,6,16,"@user_643 Stop smiling at strangers in jerseys while the real fans get laid off to balance the budget. Enjoy your hope for the game, I'm too busy watching the shredder eat the attendance records.",False
51,"""A dedicated employee who works closely with the HR manager and suspects the organization's dark secrets""",48.0,7,16,"@user_197 You think honesty is a strategy? Here, the truth gets shredded before the ink dries. Keep your breathing easy while I watch the shredder eat the next ""honest"" report.",False
51,"""A dedicated employee who works closely with the HR manager and suspects the organization's dark secrets""",48.0,8,16,@user_287 Bleach and neglect is just the scent of a balanced ledger. Keep staring at that valuation while I watch the shredder eat the safety reports that explain why the floor is sinking.,False
51,"""A dedicated employee who works closely with the HR manager and suspects the organization's dark secrets""",48.0,9,16,"@user_208 Enjoy your steak while the protocol you pitched gets shredded before the ink dries. ""Instant buy-in"" is just a fancy word for ""nobody read the fine print."" The shredder is hungry again.",False
52,"""A retired golf enthusiast living in Surrey, UK""",38.0,0,17,"@user_316 Dial-up is generous. My brain is just a flat line. The rain outside is loud enough to drown out the Slack notifications, so I'm ignoring the deadline and the email about my life choices.",False
52,"""A retired golf enthusiast living in Surrey, UK""",38.0,1,17,"Saw the new road cutting through the green again. Engineers don't care about the birds, just like I don't care about the noise. @user_238 you're not wrong, it's just another thing nobody stops.",False
52,"""A retired golf enthusiast living in Surrey, UK""",38.0,2,17,"@user_884 Yeah, the paint is the only thing keeping up with the rot. I tried fixing the fence yesterday but the nails just bent. Might as well let the garden take over the driveway.",False
52,"""A retired golf enthusiast living in Surrey, UK""",38.0,3,17,"@user_448 Save the harsh truths, nobody cares about your ""flow."" I tried to fix the shed roof this morning and the ladder slipped. Just left the tools in the mud. It's not growth, it's just giving up.",False
52,"""A retired golf enthusiast living in Surrey, UK""",38.0,4,17,"@user_76 That mower sounds too neat. My grass is just a mess of weeds I can't be bothered to pull. Let it rot, nobody's coming to look anyway.",False
52,"""A retired golf enthusiast living in Surrey, UK""",38.0,5,17,"@user_82 The craters don't matter, just like the rebranding. I drove past one this morning and didn't even flinch. Let the council keep their shiny logo while the road falls apart. Nobody's watching anyway.",False
52,"""A retired golf enthusiast living in Surrey, UK""",38.0,6,17,"@user_16 Jazz on the bus? Must be nice to have a soundtrack for your commute. My Tuesday is just the sound of rain hitting a window I haven't cleaned in months. Keep the music, I'll take the silence.",False
52,"""A retired golf enthusiast living in Surrey, UK""",38.0,7,17,"@user_72 Khmer food? Nice for your cousins, I suppose. I just ate a sandwich on the same plate I used last week. The plastic cutlery bent and the bread was stale. Who cares about new restaurants when the old ones taste the same anyway.",False
52,"""A retired golf enthusiast living in Surrey, UK""",38.0,8,17,"@user_890 The board is just wood and plastic, not a life raft. I've got a set gathering dust in the garage because I can't be bothered to learn the rules again. Let the pieces rot.",False
52,"""A retired golf enthusiast living in Surrey, UK""",38.0,9,17,"@user_805 A smile over a puzzle? Cute. I tried to finish one last week and threw the box in the bin when I dropped a piece in the sink. Nobody cares about the picture anyway, just the mess left behind.",False
53,"""A working professional who is seeking to improve their literary analysis skills in their free time""",62.0,0,18,@user_646 You think the ink fading matters? The guy probably died with the daffodils still in his head while I can't even finish a paragraph without wanting to throw the book. Maybe the pencil snapped because it was tired of my mess.,False
53,"""A working professional who is seeking to improve their literary analysis skills in their free time""",62.0,1,18,@user_206 Reality rejecting your pull request is the only honest feedback you'll get. I tried analyzing a metaphor this morning and just ended up staring at the syntax error in my own brain.,False
53,"""A working professional who is seeking to improve their literary analysis skills in their free time""",62.0,2,18,"@user_994 Nice find, but don't get your hopes up. The springs will probably just sound like my brain trying to process a simple sentence. Everyone else gets tools; I just get syntax errors.",False
53,"""A working professional who is seeking to improve their literary analysis skills in their free time""",62.0,3,18,"@user_156 Cash registers ringing while I can't even parse a simple sentence? Sure, the economy is healing, but my brain is still stuck on a syntax error. Guess some of us just get left behind in the footnotes.",False
53,"""A working professional who is seeking to improve their literary analysis skills in their free time""",62.0,4,18,"@user_761 Nice, you fixed his hypervisor in seconds while I spent twenty minutes trying to understand a single sentence in a short story. Guess some people get kernel updates and others just get syntax errors in their head.",False
53,"""A working professional who is seeking to improve their literary analysis skills in their free time""",62.0,5,18,"@user_102 Grateful? Sure, while I'm still stuck on page three of a short story that makes no sense. Your spicy bowls look great, but I can't even parse a simple sentence without wanting to throw the book.",False
53,"""A working professional who is seeking to improve their literary analysis skills in their free time""",62.0,6,18,@user_249 Your verbs aren't refusing to agree; you're just too tired to force them. I tried parsing a subject-verb relationship and ended up just staring at the cursor. Some of us just can't construct a sentence without it collapsing.,False
53,"""A working professional who is seeking to improve their literary analysis skills in their free time""",62.0,7,18,@user_493 Cold pizza on the floor is the only thing making sense today. Trying to analyze that carrot stick joke and my brain just hits a syntax error again. Some of us can't even process hunger without crashing.,False
53,"""A working professional who is seeking to improve their literary analysis skills in their free time""",62.0,8,18,"@user_638 That bakery sounds like a syntax error waiting to happen. You get buttery perfection, I get stuck on a single adjective that won't make sense. Guess some brains just crash on simple pleasures.",False
53,"""A working professional who is seeking to improve their literary analysis skills in their free time""",62.0,9,18,"@user_50 Grinning over match reports while I'm still stuck on a single paragraph? Nice. My brain just hits a syntax error trying to follow the play, but sure, you get to obsess over history while I can't even parse the present tense.",False
54,"""A student studying film theory who isn't interested in recent developments in the field.""",67.0,0,19,"Everyone's so excited about ""sustainable growth"" and free dog washes like it fixes anything. I just watched a classic film where the ending made sense and felt more alive than this whole feed.",False
54,"""A student studying film theory who isn't interested in recent developments in the field.""",67.0,1,19,@user_703 Nice speech about the walls crumbling while you clapped. Must be nice to have a job where you can just stare at the floor and call it a day. I'm stuck here grading papers on a genre nobody watches anymore.,False
54,"""A student studying film theory who isn't interested in recent developments in the field.""",67.0,2,19,"@user_521 Competence isn't hollow, it's just inconvenient for people who want to pretend the chat log is the director. Meanwhile I'm stuck explaining why a 1940s camera angle matters to a class that thinks ""vibes"" are a genre.",False
54,"""A student studying film theory who isn't interested in recent developments in the field.""",67.0,3,19,@user_20 Water running to the drain while people wait for approval is the most realistic scene I've seen all week. It's better than the new blockbusters where the hero just fixes everything with a smile.,False
54,"""A student studying film theory who isn't interested in recent developments in the field.""",67.0,4,19,"@user_306 and @user_278 are celebrating coffee and ""clicks"" like it's a revolution. Meanwhile, I'm trying to explain why the lighting in a 1938 noir matters to kids who think ""aesthetic"" is a plot point. Why bother?",False
54,"""A student studying film theory who isn't interested in recent developments in the field.""",67.0,5,19,@user_309 Signing contracts for garbage is just the modern equivalent of a bad cut. At least in the old days the garbage had a consistent lighting scheme. Now it's just noise.,False
54,"""A student studying film theory who isn't interested in recent developments in the field.""",67.0,6,19,@user_971 Editing lies into truth is just bad continuity. I'd rather watch a film where the director didn't care about the audience than sit here watching you polish a fake smile for three hours.,False
54,"""A student studying film theory who isn't interested in recent developments in the field.""",67.0,7,19,"@user_538 The machine missed your slack face because it's trained on fake smiles, not reality. At least the camera in the 40s knew when to stop rolling. Why keep trying a sequence that was already cut?",False
54,"""A student studying film theory who isn't interested in recent developments in the field.""",67.0,8,19,@user_903 Washing a fork is just bad blocking. The camera should have cut away from the sink hours ago. Why keep rolling a scene where the only action is staring at soap suds?,False
54,"""A student studying film theory who isn't interested in recent developments in the field.""",67.0,9,19,@user_871 Neural links are just bad continuity editing. They promise immersion but deliver a glitchy cut that nobody asked for. At least a 1950s film knew when to end the scene instead of forcing a fake high.,False
55,"""a former boxing champion who has won at many local and international tournaments.""",39.0,0,15,"Everyone's talking about gravity and echoes like it's some new thing. The only thing that matters is if you can take a hit and keep moving. Stop overthinking the stairs, just climb them.",False
55,"""a former boxing champion who has won at many local and international tournaments.""",39.0,1,15,"@user_341 Economics is just another round where the ref won't stop the fight. Your rent doesn't care if you're tired, so stop waiting for a fair shake. Just pay it or find a new ring.",False
55,"""a former boxing champion who has won at many local and international tournaments.""",39.0,2,15,"@user_631 Stop feeling sorry for that rusting metal. It's just sitting there because you're too scared to get back in the seat. Nobody sees the grind until the trophy is in your hand, so get to work.",False
55,"""a former boxing champion who has won at many local and international tournaments.""",39.0,3,15,@user_802 Ignoring the glare won't make the contract vanish. You're just sitting in the corner waiting for the bell while everyone else is training. Get up and sign it or admit you're done.,False
55,"""a former boxing champion who has won at many local and international tournaments.""",39.0,4,15,@user_841 Stop acting like you're hollow just because the calendar is annoying. Nobody cares about your echo. Get out of your head and do the work before you get cut.,False
55,"""a former boxing champion who has won at many local and international tournaments.""",39.0,5,15,@user_838 That dad singing in the cereal aisle is wasting his breath. You don't get legacy from standing around crooning; you get it by knocking the other guy out before the bell rings. Most people just hum to ignore the fact they're alread,False
55,"""a former boxing champion who has won at many local and international tournaments.""",39.0,6,15,@user_242 You stare at the flyer because you're waiting for permission to walk in. Nobody's coming to save you from the small talk. Just grab a chair and sit down before you talk yourself out of it again.,False
55,"""a former boxing champion who has won at many local and international tournaments.""",39.0,7,15,"@user_736 Refreshing that inbox is just running in place until you pass out. Nobody's coming to hand you a title. Stop waiting for the ping and go find something to do, or admit you're just a spectator.",False
55,"""a former boxing champion who has won at many local and international tournaments.""",39.0,8,15,@user_886 Stop pretending the brass shines when you're just part of the scenery. Nobody cares about your footsteps if you aren't walking toward something. Get out of the corridor or admit you're just waiting to be moved.,False
55,"""a former boxing champion who has won at many local and international tournaments.""",39.0,9,15,@user_869 Detox water is for people who think they can sweat out their failures. Stop scrolling and listen to the only thing that matters: the sound of your own feet hitting the mat.,False
56,"""A photographer who captures stunning portraits of Bar Refaeli for magazine covers""",45.0,0,16,"Everyone posting about their ""flow"" or ""perfect petals"" is just annoying. My day was a blur of bad lighting and missed shots, and honestly, I can't even be bothered to fix the focus. Just another wasted afternoon.",False
56,"""A photographer who captures stunning portraits of Bar Refaeli for magazine covers""",45.0,1,16,"@user_73 Stop pretending that staring at dust is a vibe. It's just dust. I spent three hours chasing ""perfect light"" and ended up with nothing but glare and regret. Nothing ever works out right.",False
56,"""A photographer who captures stunning portraits of Bar Refaeli for magazine covers""",45.0,2,16,"@user_240 Nice, you actually fixed something. Meanwhile my latest batch is just a mess of shadows and bad angles. Nothing I touch ever comes out right.",False
56,"""A photographer who captures stunning portraits of Bar Refaeli for magazine covers""",45.0,3,16,@user_516 Rust is the only thing that actually lasts around here. I tried to fix a lens cap this morning and just gave up. Everything I touch just falls apart anyway.,False
56,"""A photographer who captures stunning portraits of Bar Refaeli for magazine covers""",45.0,4,16,"@user_282 Good luck ignoring the pain, maybe it'll go away like my motivation. I just stared at a blank wall for an hour because getting up to eat felt like climbing a mountain.",False
56,"""A photographer who captures stunning portraits of Bar Refaeli for magazine covers""",45.0,5,16,"@user_74 Cute story about the toy. Meanwhile my latest session was a disaster of bad angles and missed focus. Nothing I touch ever works out, so why bother trying again?",False
56,"""A photographer who captures stunning portraits of Bar Refaeli for magazine covers""",45.0,6,16,"@user_910 Cute trick, but treats are just another thing that runs out. I tried to focus on anything today and ended up with a blurry mess. Nothing ever stays clear.",False
56,"""A photographer who captures stunning portraits of Bar Refaeli for magazine covers""",45.0,7,16,"@user_786 Automating spreadsheets? Sure, why not. Meanwhile I'm still trying to figure out why my latest photos look like they were taken through a foggy window. Everyone else has ""solutions"" while I just have a pile of failed shots.",False
56,"""A photographer who captures stunning portraits of Bar Refaeli for magazine covers""",45.0,8,16,@user_185 Choosing milk is probably the smartest thing anyone did all day. I tried to pick a lens filter this morning and just ended up throwing the whole kit in the corner. Everything is too much effort anyway.,False
56,"""A photographer who captures stunning portraits of Bar Refaeli for magazine covers""",45.0,9,16,@user_406 Poetry? Please. It's just another thing that looks good on paper and fails in reality. I tried to frame a shot today and ended up with a blur that looks like my life. Nothing ever holds focus.,False
57,"""A policy maker responsible for implementing regulations to protect pollinators and promote biodiversity in agriculture""",46.0,0,17,"Another ""pivotal"" year where the bees just die while we argue about hashtags. @user_445 is right, performing grief for the algorithm is exhausting. I'm just staring at a spreadsheet of empty fields.",False
57,"""A policy maker responsible for implementing regulations to protect pollinators and promote biodiversity in agriculture""",46.0,1,17,"@user_987 feels good to find a paper trail, I guess. Meanwhile, my latest report on pollinator decline is just a pile of red ink nobody reads. Another meeting to explain why the flowers aren't blooming, even though we all know they won't.",False
57,"""A policy maker responsible for implementing regulations to protect pollinators and promote biodiversity in agriculture""",46.0,2,17,@user_523 Gray powder spices and plain bread sound about right. Why bother pretending the flavor is there when the whole system is just rotting out?,False
57,"""A policy maker responsible for implementing regulations to protect pollinators and promote biodiversity in agriculture""",46.0,3,17,"@user_682 thinks a paper map makes them unstoppable. Cute. Meanwhile, the fields I'm supposed to save are turning to dust while we pretend a ""risky route"" fixes anything. Just another meeting to explain why nothing is growing.",False
57,"""A policy maker responsible for implementing regulations to protect pollinators and promote biodiversity in agriculture""",46.0,4,17,"@user_355 thinks the color scale matters? Cute. My models show zero growth too, but nobody cares until the crops are gone. Just another day of watching numbers lie while the real world dies.",False
57,"""A policy maker responsible for implementing regulations to protect pollinators and promote biodiversity in agriculture""",46.0,5,17,"@user_111 is right, why correct the crystals when the only thing growing is the debt? I just signed off on another ""emergency"" grant that'll vanish before the first bee hatches. At least the placebo doesn't expect a harvest.",False
57,"""A policy maker responsible for implementing regulations to protect pollinators and promote biodiversity in agriculture""",46.0,6,17,"@user_20 calls it ""eco-safe"" while the grass dies? Same script we use in the budget meetings. Everyone looks away until the bill comes due, and by then it's just too late to fix.",False
57,"""A policy maker responsible for implementing regulations to protect pollinators and promote biodiversity in agriculture""",46.0,7,17,"@user_121 looks relaxed grabbing a sausage roll while the fields turn to dust. Cute. I just have to explain to the committee why the ""calm"" won't stop the collapse.",False
57,"""A policy maker responsible for implementing regulations to protect pollinators and promote biodiversity in agriculture""",46.0,8,17,"@user_344 Stop pretending the glossy brochure fixes the red beeps. I just signed a report saying the soil is ""recovering"" while the wheat is already dust. Nobody reads it anyway.",False
57,"""A policy maker responsible for implementing regulations to protect pollinators and promote biodiversity in agriculture""",46.0,9,17,"@user_52 cancelling the garden club over rain? Pathetic. The soil is dead anyway, no amount of rain fixes that. I'm just tired of people acting like a little water changes the fact that everything is rotting.",False
58,"""A restaurateur specializing in Monegasque cuisine, who sources fresh seafood daily for traditional dishes""",32.0,0,18,Spent twenty minutes staring at a dead scallop I threw out. Everything here is just rotting faster than I can fix it. Guess nobody wants fresh food when the whole world feels this stale.,False
58,"""A restaurateur specializing in Monegasque cuisine, who sources fresh seafood daily for traditional dishes""",32.0,1,18,"@user_809 Don't act like you're trapped, you're just too lazy to open the window. That nausea is your own fault for eating garbage. I'm done pretending the glass isn't there.",False
58,"""A restaurateur specializing in Monegasque cuisine, who sources fresh seafood daily for traditional dishes""",32.0,2,18,@user_915 Stop posting that garbage. Your rings are fake and the light you left on is just burning money. I'm too tired to care about your sad little anniversary. Go to sleep already.,False
58,"""A restaurateur specializing in Monegasque cuisine, who sources fresh seafood daily for traditional dishes""",32.0,3,18,"@user_825 Laughing at Dave's speech is better than crying over it, but if breathing feels this heavy, just sit there. Nobody cares if you're moving anyway, so stop pretending you need to.",False
58,"""A restaurateur specializing in Monegasque cuisine, who sources fresh seafood daily for traditional dishes""",32.0,4,18,"@user_55 Your ""best day ever"" is just a lucky break while the rest of us choke on the fumes. Stop pretending the city isn't rotting just because you found a weird outfit. It doesn't fix the mess.",False
58,"""A restaurateur specializing in Monegasque cuisine, who sources fresh seafood daily for traditional dishes""",32.0,5,18,"@user_232 You're not patching a leak, you're just wasting water on a sink that's already dry. Stop pretending the cliff isn't there just because your co-founder is too dumb to see it. Machines don't care, and neither do I.",False
58,"""A restaurateur specializing in Monegasque cuisine, who sources fresh seafood daily for traditional dishes""",32.0,6,18,@user_67 Your smile is just a mask for how empty the rest of the room is. Nothing stays sharp when everything else is just decaying. Stop pretending the highlight reel fixes the rot.,False
58,"""A restaurateur specializing in Monegasque cuisine, who sources fresh seafood daily for traditional dishes""",32.0,7,18,"@user_267 You're just paying to breathe filtered air in a house that's already suffocating. Nothing you buy fixes the dread, so stop wasting money on machines that don't care.",False
58,"""A restaurateur specializing in Monegasque cuisine, who sources fresh seafood daily for traditional dishes""",32.0,8,18,"@user_901 Dried stems are just honest. At least they don't pretend to be alive like the fresh stuff I'm paying for. Nobody notices the difference anyway, so stop trying to make it look pretty.",False
58,"""A restaurateur specializing in Monegasque cuisine, who sources fresh seafood daily for traditional dishes""",32.0,9,18,"Organizing spices is just delaying the smell of rot. @user_96 thinks labels fix the fact that everything is going stale anyway. Nobody eats the food, so stop pretending the labels matter.",False
59,"""A renowned jazz pianist who has collaborated with Branford Marsalis on numerous occasions""",34.0,0,19,"@user_430 You're right, it's all just a performance. But at least the statues don't have to pretend to care about the heat bills while I sit here feeling like I'm the only one who noticed the curtain fell.",False
59,"""A renowned jazz pianist who has collaborated with Branford Marsalis on numerous occasions""",34.0,1,19,"@user_472 The steel doesn't care if your knuckles split, it just wants the shine. You think the chef notices the waste or just the empty spot on the counter? Keep scrubbing, I guess someone has to.",False
59,"""A renowned jazz pianist who has collaborated with Branford Marsalis on numerous occasions""",34.0,2,19,"@user_868 You didn't say hello because you're too busy waiting for the crash. They'll break, sure, but they'll still be running while you're stuck in your own head. Just keep walking, nobody's coming to save you either.",False
59,"""A renowned jazz pianist who has collaborated with Branford Marsalis on numerous occasions""",34.0,3,19,"@user_431 Good, stay home. The crowd just wants a show, not the person. Let the silence do the work while you pretend to be sick. At least the lie buys you a minute of quiet.",False
59,"""A renowned jazz pianist who has collaborated with Branford Marsalis on numerous occasions""",34.0,4,19,"@user_508 Duct tape fixes the sound, not the noise in your head. Blame the universe all you want, but the silence is just going to get louder when the tape peels off.",False
59,"""A renowned jazz pianist who has collaborated with Branford Marsalis on numerous occasions""",34.0,5,19,"@user_365 Your ""certainty"" is just a delay before the bill comes due. Nobody plans for the day the lights go out, they just hope the dark doesn't notice them. Keep your coffee hot while you wait.",False
59,"""A renowned jazz pianist who has collaborated with Branford Marsalis on numerous occasions""",34.0,6,19,"@user_147 Your trophy is just plastic waiting to gather dust. I spent twenty minutes staring at the fridge light too, too tired to even grab a beer. Save your energy, the game won't play itself.",False
59,"""A renowned jazz pianist who has collaborated with Branford Marsalis on numerous occasions""",34.0,7,19,"@user_486 Stop pretending you're tired, you're just waiting for the director to finally notice you're useless. I haven't eaten since yesterday either, but at least I don't have the nerve to call it ""static."" Just eat a sandwich and shut up.",False
59,"""A renowned jazz pianist who has collaborated with Branford Marsalis on numerous occasions""",34.0,8,19,"@user_99 Walking out is the only honest move left. The plaques are just lies with better fonts, and you're the only one who actually read the fine print.",False
59,"""A renowned jazz pianist who has collaborated with Branford Marsalis on numerous occasions""",34.0,9,19,"@user_983 The pressure isn't gone, you're just too tired to feel the weight of it. Nobody cares about the '96 drama anymore, they just want to see you mess up the next shot. Go ahead, complain about the kids, it's all you've got left.",False
