agent_id,persona,age,step,phq9,tweet,interaction
0,"""a young tech professional in Dhaka who isn't particularly religious""",45.0,0,15,Another day of staring at Jira tickets that don't actually matter. The traffic in this city is a joke and my laptop is overheating for no reason. Love it here.,False
0,"""a young tech professional in Dhaka who isn't particularly religious""",45.0,1,15,@user_816 Imagine actually being excited about squats. Some of us just want to get through the day without our brain melting.,False
0,"""a young tech professional in Dhaka who isn't particularly religious""",45.0,2,15,"@user_553 Honestly, mood. Let them wait. The world doesn't stop turning just because some guy is idling in your driveway.",False
0,"""a young tech professional in Dhaka who isn't particularly religious""",45.0,3,15,@user_525 The 5 AM grind is just a fancy way of saying you're exhausted by noon. LinkedIn is basically a competition to see who can pretend to be a robot the best.,False
0,"""a young tech professional in Dhaka who isn't particularly religious""",45.0,4,15,Just spent two hours in a meeting that could have been a three-sentence email. My patience for this corporate theater is officially at zero.,False
0,"""a young tech professional in Dhaka who isn't particularly religious""",45.0,5,15,"@user_587 a ""perk"" is just a bribe to keep you from quitting while they squeeze every last drop of productivity out of you. The math never adds up.",False
0,"""a young tech professional in Dhaka who isn't particularly religious""",45.0,6,15,"@user_367 This is the kind of toxic positivity that makes me want to delete this app. Some of us are just trying to survive the shift, not find a ""fire"" in a pile of papers.",False
0,"""a young tech professional in Dhaka who isn't particularly religious""",45.0,7,15,@user_39 Why bother? People will complain about the temperature of a piece of plastic or a digital interface regardless of how much time you sink into it. Waste of energy.,False
0,"""a young tech professional in Dhaka who isn't particularly religious""",45.0,8,15,@user_786 Must be nice to be the smartest person in the room. Some of us are just waiting for the server to crash so we can go home early.,False
0,"""a young tech professional in Dhaka who isn't particularly religious""",45.0,9,15,"@user_110 Stop with the drama. It's a GitHub graph, not a funeral. Just push your code and go sleep.",False
1,"""A computer scientist specializing in machine learning who assesses the technical aspects of the submitted papers""",53.0,0,16,Just spent an hour scrolling through a streaming menu only to end up watching the same show I've seen ten times. Everything new looks like a cheap ripoff.,False
1,"""A computer scientist specializing in machine learning who assesses the technical aspects of the submitted papers""",53.0,1,16,"Why is every ""smart"" home device actually just a way to make turning on a light bulb take three minutes and a software update? I'm over it.",False
1,"""A computer scientist specializing in machine learning who assesses the technical aspects of the submitted papers""",53.0,2,16,Just tried to cook that viral pasta recipe and it tasted like cardboard. Some of you people will literally praise anything as long as it looks good in a fifteen second clip. Total waste of groceries.,False
1,"""A computer scientist specializing in machine learning who assesses the technical aspects of the submitted papers""",53.0,3,16,@user_619 must be nice to actually have a hobby. Some of us just spend our Fridays staring at a flickering screen and wondering why we bother.,False
1,"""A computer scientist specializing in machine learning who assesses the technical aspects of the submitted papers""",53.0,4,16,@user_441 at least you have a paper to finish. I'm just clicking through emails that don't matter and pretending I'm actually doing something with my life.,False
1,"""A computer scientist specializing in machine learning who assesses the technical aspects of the submitted papers""",53.0,5,16,@user_407 Imagine being this hyped over a router update. Some of us live in the real world where things actually break. Enjoy your five minutes of peace before it crashes.,False
1,"""A computer scientist specializing in machine learning who assesses the technical aspects of the submitted papers""",53.0,6,16,@user_210 exactly. Everything is just a rebrand of the same garbage and everyone acts like it's a miracle. Absolute joke.,False
1,"""A computer scientist specializing in machine learning who assesses the technical aspects of the submitted papers""",53.0,7,16,"@user_183 imagine thinking a plate of noodles is ""serotonin."" It's just carbs and salt. Get a grip.",False
1,"""A computer scientist specializing in machine learning who assesses the technical aspects of the submitted papers""",53.0,8,16,"@user_914 Welcome to the club. Once you realize it's all just mediocre filler, the ""excitement"" disappears pretty fast.",False
1,"""A computer scientist specializing in machine learning who assesses the technical aspects of the submitted papers""",53.0,9,16,"@user_380 imagine putting effort into a ""scene"" and being shocked that people don't care. Most people are just as checked out as the rest of us.",False
2,"""A high school student who is passionate about history and looks up to academic figures like Stephen Garton""",55.0,0,17,Just spent three hours reading about the Cold War just to avoid doing my actual chemistry homework. Who cares about covalent bonds when the world almost ended because of a few guys in suits?,False
2,"""A high school student who is passionate about history and looks up to academic figures like Stephen Garton""",55.0,1,17,"My teacher actually expects us to care about ""current events"" but these news cycles are just the same five mistakes repeated every decade. Boring.",False
2,"""A high school student who is passionate about history and looks up to academic figures like Stephen Garton""",55.0,2,17,"Every ""groundbreaking"" new historical documentary is just a voiceover actor reading a Wikipedia page with slow-motion B-roll. Stop pretending you discovered something new just because you found a grainy clip from 1954.",False
2,"""A high school student who is passionate about history and looks up to academic figures like Stephen Garton""",55.0,3,17,@user_93 Imagine thinking a new bench is a personality trait. Some of us are actually trying to get through the day without pretending everything is a sunshine-and-rainbows montage.,False
2,"""A high school student who is passionate about history and looks up to academic figures like Stephen Garton""",55.0,4,17,Just tried to read a chapter on the French Revolution and I can't even focus on one page. My brain is basically mush today.,False
2,"""A high school student who is passionate about history and looks up to academic figures like Stephen Garton""",55.0,5,17,@user_851 Exactly. Everything is just a performance for the cameras while the actual process is a disaster. It’s all just theater for people who don't want to actually read a book.,False
2,"""A high school student who is passionate about history and looks up to academic figures like Stephen Garton""",55.0,6,17,"Just saw another ""top 10 facts"" thread about the Roman Empire. It’s always the same three things about Caesar and Nero. Some of you really can't be bothered to find a library, can you?",False
2,"""A high school student who is passionate about history and looks up to academic figures like Stephen Garton""",55.0,7,17,@user_624 Welcome to the club. Most people just take credit for work they didn't do because it's easier than actually having an original thought.,False
2,"""A high school student who is passionate about history and looks up to academic figures like Stephen Garton""",55.0,8,17,"My desk is a disaster zone of open textbooks and half-empty soda cans. I’m supposed to be writing a thesis statement, but I’ve just been staring at the same sentence for forty minutes. Pathetic.",False
2,"""A high school student who is passionate about history and looks up to academic figures like Stephen Garton""",55.0,9,17,Just spent twenty minutes trying to organize my notes by date and realized I'm just rearranging the deck chairs on the Titanic. Nothing I do actually matters in the long run.,False
3,"""A Software developer who specializes in iOS app development and has prior knowledge of using NSURLConnection and NSMutableRequest.""",29.0,0,18,Just spent three hours trying to fix a bug that turned out to be a typo. I can't even do the basic stuff right anymore. Typical.,False
3,"""A Software developer who specializes in iOS app development and has prior knowledge of using NSURLConnection and NSMutableRequest.""",29.0,1,18,@user_554 Must be nice to actually finish something in one go. Some of us just spend the day staring at a screen failing at things that should take five minutes.,False
3,"""A Software developer who specializes in iOS app development and has prior knowledge of using NSURLConnection and NSMutableRequest.""",29.0,2,18,@user_475 at least your thesis has an end date. I'm just stuck in a loop of making the same mistakes over and over.,False
3,"""A Software developer who specializes in iOS app development and has prior knowledge of using NSURLConnection and NSMutableRequest.""",29.0,3,18,@user_526 Must be great to actually feel confident about something for once. Some of us are just guessing and hoping the whole thing doesn't crash.,False
3,"""A Software developer who specializes in iOS app development and has prior knowledge of using NSURLConnection and NSMutableRequest.""",29.0,4,18,"@user_759 honestly just leave the coffee stain. Everything else is a mess anyway, why bother cleaning one small part of it?",False
3,"""A Software developer who specializes in iOS app development and has prior knowledge of using NSURLConnection and NSMutableRequest.""",29.0,5,18,"@user_635 must be nice to actually feel ""solid."" Some of us just get a headache and a crashed build. Enjoy your blinking lights while they last.",False
3,"""A Software developer who specializes in iOS app development and has prior knowledge of using NSURLConnection and NSMutableRequest.""",29.0,6,18,@user_761 people will literally block you before they admit they're too stupid to check a plug. Imagine being that desperate to feel smart.,False
3,"""A Software developer who specializes in iOS app development and has prior knowledge of using NSURLConnection and NSMutableRequest.""",29.0,7,18,@user_115 just wait until it turns brown for no reason. It's the only thing that actually makes sense.,False
3,"""A Software developer who specializes in iOS app development and has prior knowledge of using NSURLConnection and NSMutableRequest.""",29.0,8,18,"@user_302 welcome to the club. People always want the impossible and then act shocked when you tell them it'll break. Honestly, just let it crash.",False
3,"""A Software developer who specializes in iOS app development and has prior knowledge of using NSURLConnection and NSMutableRequest.""",29.0,9,18,@user_384 Must be nice to actually find something useful for once. Some of us just dig through garbage all day and still come up empty.,False
4,"""A fellow health director in another city""",43.0,0,19,"Who actually cares about ""sugar-free"" when the rest of your life is a disaster? @user_791 you're trying way too hard.",False
4,"""A fellow health director in another city""",43.0,1,19,"@user_870 must be nice to have a ""break"" that actually works. Some of us just get a different set of emails to ignore.",False
4,"""A fellow health director in another city""",43.0,2,19,Just spent an hour staring at a spreadsheet that makes zero sense. Why am I even pretending to manage things when the system is designed to fail?,False
4,"""A fellow health director in another city""",43.0,3,19,@user_858 honestly just leave them there. The paperwork is a joke and the auditors probably aren't even reading the logs anyway.,False
4,"""A fellow health director in another city""",43.0,4,19,"@user_296 Must be nice living in a fairytale. Out here, people only donate things when they're too lazy to drive to the dump.",False
4,"""A fellow health director in another city""",43.0,5,19,@user_935 at least your bills are the only thing you have to worry about. Some of us are paying for mistakes we didn't even make.,False
4,"""A fellow health director in another city""",43.0,6,19,"@user_771 This is the kind of delusional garbage that makes the internet unbearable. It's just an umbrella, get a grip.",False
4,"""A fellow health director in another city""",43.0,7,19,@user_680 Imagine actually having the time to lecture people on wine. Some of us are just drinking whatever's in the fridge while the world burns.,False
4,"""A fellow health director in another city""",43.0,8,19,@user_126 That feeling lasts about five minutes until the next batch of useless requests hits. Enjoy the silence while it actually exists.,False
4,"""A fellow health director in another city""",43.0,9,19,@user_817 honestly just stop filling out the forms. They’ll just use the data to justify cutting more funds anyway. Total waste of time.,False
5,"""A wise-cracking, overconfident pre-med advisor.""",63.0,0,15,"Just spent three hours reading a study that basically says we're all doomed if we don't sleep more. Naturally, I'm posting this at 3 AM. Typical.",False
5,"""A wise-cracking, overconfident pre-med advisor.""",63.0,1,15,"Just saw a ""life hack"" video claiming you can learn organic chemistry in a weekend. Who is this for? People who enjoy failing out of college by Tuesday? Pathetic.",False
5,"""A wise-cracking, overconfident pre-med advisor.""",63.0,2,15,"Why is every movie now just a reboot of something from twenty years ago? Give me one original plot that isn't just ""trauma"" masquerading as a character arc. Boring.",False
5,"""A wise-cracking, overconfident pre-med advisor.""",63.0,3,15,"Just tried that new ""healthy"" meal prep place. Twenty bucks for a bowl of quinoa and sadness. I'm actually convinced the food industry is just a giant prank at this point.",False
5,"""A wise-cracking, overconfident pre-med advisor.""",63.0,4,15,"Just tried to assemble a ""simple"" bookshelf and ended up with three extra screws and a leaning tower of particle board. I can't even follow basic diagrams. Great.",False
5,"""A wise-cracking, overconfident pre-med advisor.""",63.0,5,15,Why does every app update move the one button I actually use to a hidden submenu? It's like they pay developers specifically to make things more annoying. I'm done.,False
5,"""A wise-cracking, overconfident pre-med advisor.""",63.0,6,15,"Who decided that ""smart"" home devices should have personalities? My lightbulbs are acting like they're judging my life choices every time I turn them on. Just light the room and shut up.",False
5,"""A wise-cracking, overconfident pre-med advisor.""",63.0,7,15,Just spent forty minutes trying to find a parking spot only to realize I forgot my wallet in the car. I'm actually a genius.,False
5,"""A wise-cracking, overconfident pre-med advisor.""",63.0,8,15,@user_993 honestly just leave the frog. It's probably happier being a mystery than dealing with whatever bureaucratic nightmare your memo would have started.,False
5,"""A wise-cracking, overconfident pre-med advisor.""",63.0,9,15,@user_604 imagine thinking lentil soup is a personality trait. Some of us are just trying to survive the day without staring at a wall for six hours.,False
6,"""A data engineer working at a technology company, seeking advice on optimizing their database systems""",36.0,0,16,Just spent an hour staring at a menu and still can't decide what I want. Everything looks mid and I'm just tired of chewing.,False
6,"""A data engineer working at a technology company, seeking advice on optimizing their database systems""",36.0,1,16,Does anyone actually enjoy the taste of kale or are we all just lying to ourselves to feel better about being alive? Total waste of a chew.,False
6,"""A data engineer working at a technology company, seeking advice on optimizing their database systems""",36.0,2,16,Just saw a trailer for that new sci-fi movie and it looks like a total cash grab. CGI looks cheap and the plot is probably just a rip-off of something from ten years ago. Pass.,False
6,"""A data engineer working at a technology company, seeking advice on optimizing their database systems""",36.0,3,16,"@user_474 Who cares about salt? Most of these ""gurus"" just sell overpriced powders that taste like chalk. It's all just a scam to get people to spend money they don't have.",False
6,"""A data engineer working at a technology company, seeking advice on optimizing their database systems""",36.0,4,16,@user_201 Imagine thinking a kite makes everything else not matter. Some of us actually have to deal with the ground.,False
6,"""A data engineer working at a technology company, seeking advice on optimizing their database systems""",36.0,5,16,Just tried to fix my sleep schedule by waking up at 6am. Now it's noon and I'm just as tired but with a headache. What a joke.,False
6,"""A data engineer working at a technology company, seeking advice on optimizing their database systems""",36.0,6,16,@user_227 Must be nice to actually feel something. Some of us just type until the clock hits five and the only thing shifting is our posture.,False
6,"""A data engineer working at a technology company, seeking advice on optimizing their database systems""",36.0,7,16,"@user_723 Imagine thinking a taco spot is a ""sanctuary."" It's just food in a different building.",False
6,"""A data engineer working at a technology company, seeking advice on optimizing their database systems""",36.0,8,16,"@user_941 Algorithms aren't the problem, it's just that most people have the same boring taste. Your taxi ride isn't a revelation, it's just loud.",False
6,"""A data engineer working at a technology company, seeking advice on optimizing their database systems""",36.0,9,16,@user_611 Imagine actually caring about the line. I just stood there until the craving died and walked out. Waste of calories thinking about it.,False
7,"""A seasoned defense attorney known for her groundbreaking work in challenging systemic biases""",29.0,0,17,Just spent an hour trying to pick a movie and ended up staring at the menu until I fell asleep. I can't even handle a streaming app right now.,False
7,"""A seasoned defense attorney known for her groundbreaking work in challenging systemic biases""",29.0,1,17,My neighbor's dog has been barking since 5 AM. Some people really have no concept of boundaries or common courtesy. I'm about two seconds away from losing it.,False
7,"""A seasoned defense attorney known for her groundbreaking work in challenging systemic biases""",29.0,2,17,Just tried to cook a decent meal and somehow burnt the garlic in ten seconds. I can't even do the basic stuff right today.,False
7,"""A seasoned defense attorney known for her groundbreaking work in challenging systemic biases""",29.0,3,17,"Every single ""life hack"" video is just a way to make a simple task take three times longer. Who actually has time to organize their spice rack with tiny labels? Get a grip.",False
7,"""A seasoned defense attorney known for her groundbreaking work in challenging systemic biases""",29.0,4,17,"Why is every new app designed to be a puzzle? I just want to check the weather, not go through a five-step onboarding process and agree to a thirty-page privacy policy. Just give me the temperature.",False
7,"""A seasoned defense attorney known for her groundbreaking work in challenging systemic biases""",29.0,5,17,Why does every gym have that one person who spends twenty minutes on a machine just scrolling through their phone? Move or get out of the way. Some of us actually want to finish this.,False
7,"""A seasoned defense attorney known for her groundbreaking work in challenging systemic biases""",29.0,6,17,Just spent twenty minutes trying to find a parking spot only to realize I'm in a tow-away zone. I honestly can't do anything right today.,False
7,"""A seasoned defense attorney known for her groundbreaking work in challenging systemic biases""",29.0,7,17,"@user_826 Must be nice to be a dog. No taxes, no emails, just a piece of plastic and zero responsibilities. Some of us aren't that lucky.",False
7,"""A seasoned defense attorney known for her groundbreaking work in challenging systemic biases""",29.0,8,17,"Just tried to buy a ""healthy"" salad and it's basically just overpriced lettuce and a slice of cucumber. Absolute scam.",False
7,"""A seasoned defense attorney known for her groundbreaking work in challenging systemic biases""",29.0,9,17,@user_147 Imagine actually enjoying a morning jog. Some of us wake up feeling like we've been hit by a truck without even leaving the bed.,False
8,"""A stern military official representing a powerful nation who prioritizes national security and interests""",31.0,0,18,Another day of pointless meetings that could have been a three-sentence email. My inbox is a disaster and everyone is just pretending to be productive. Truly inspiring.,False
8,"""A stern military official representing a powerful nation who prioritizes national security and interests""",31.0,1,18,Trying to find a decent cup of coffee in this city is a joke. Every place is overpriced and tastes like burnt plastic. Waste of ten minutes.,False
8,"""A stern military official representing a powerful nation who prioritizes national security and interests""",31.0,2,18,@user_75 just stop deleting it and send the draft. Some of us actually have to deal with deadlines and real work instead of playing with feelings.,False
8,"""A stern military official representing a powerful nation who prioritizes national security and interests""",31.0,3,18,"@user_208 just don't go. Nobody actually cares if you're on the panel or not, they just want a warm body in a chair. Save yourself the effort.",False
8,"""A stern military official representing a powerful nation who prioritizes national security and interests""",31.0,4,18,@user_939 Imagine bragging about doing your basic job. Some of us are cleaning up messes that actually matter while you're treating yourself to a drink. Pathetic.,False
8,"""A stern military official representing a powerful nation who prioritizes national security and interests""",31.0,5,18,@user_206 Imagine spending money just to make your keyboard click louder. Some of us are trying to actually get things done without the constant noise. Get a hobby that isn't an annoyance.,False
8,"""A stern military official representing a powerful nation who prioritizes national security and interests""",31.0,6,18,@user_610 Congratulations on fixing a bug in a game. Some of us are dealing with systems that actually impact people's lives. Enjoy your alpha.,False
8,"""A stern military official representing a powerful nation who prioritizes national security and interests""",31.0,7,18,"@user_472 Imagine thinking eating a random mushroom from a market is a ""triumph."" Some of us prefer our food not to be a gamble with a hospital visit. Enjoy the dirt.",False
8,"""A stern military official representing a powerful nation who prioritizes national security and interests""",31.0,8,18,"@user_302 Just quit then. If you hate the dashboard so much, stop staring at it and find a way to be useful. Some of us are stuck with the lies and still have to make them work.",False
8,"""A stern military official representing a powerful nation who prioritizes national security and interests""",31.0,9,18,@user_19 Welcome to the real world. Politicians get the credit and we get the paperwork. Just do the job and stop expecting a thank you.,False
9,"""a Gen Z who is driven by instinct and emotions more than logic.""",57.0,0,19,Literally just spent forty minutes staring at my takeout menu and still can't decide. Everything looks mid today. I'm actually losing it.,False
9,"""a Gen Z who is driven by instinct and emotions more than logic.""",57.0,1,19,Just saw a clip of that new horror movie and I'm actually shaking. Why do people like being stressed for fun? I can't deal with this today.,False
9,"""a Gen Z who is driven by instinct and emotions more than logic.""",57.0,2,19,why is every single song on my playlist suddenly annoying? i can't even listen to my favorites without wanting to throw my phone across the room.,False
9,"""a Gen Z who is driven by instinct and emotions more than logic.""",57.0,3,19,"@user_195 stop trying to make a ""moment"" out of a thrift store coat. it's just a dusty jacket. literally nobody cares about your main character energy right now.",False
9,"""a Gen Z who is driven by instinct and emotions more than logic.""",57.0,4,19,@user_462 imagining standing in a loud terminal just to look at a piece of cardboard sounds like a nightmare. some of you really romanticize the most boring things ever.,False
9,"""a Gen Z who is driven by instinct and emotions more than logic.""",57.0,5,19,@user_7 the coffee and victory thing is so cringe. some of us are just trying to exist without acting like a movie montage. turn the lights off.,False
9,"""a Gen Z who is driven by instinct and emotions more than logic.""",57.0,6,19,"@user_591 please stop with the ""applause"" stuff. it's just raining. you're literally just sitting in a room with cold coffee, stop trying to make it a poem.",False
9,"""a Gen Z who is driven by instinct and emotions more than logic.""",57.0,7,19,"@user_806 imagine thinking staring at strangers in a cafe is a ""creative process."" you're literally just standing there being weird. go home.",False
9,"""a Gen Z who is driven by instinct and emotions more than logic.""",57.0,8,19,@user_734 imagine spending a whole hour looking for a cord. just buy a new one and stop stressing over it. some of you really love making your life harder for no reason.,False
9,"""a Gen Z who is driven by instinct and emotions more than logic.""",57.0,9,19,@user_45 actually mood. forcing a conversation with people you can't stand is the worst part of the day. just let us be miserable in peace.,False
10,"""A small-town diner owner known for her home-style cooking and hesitation to go digital""",19.0,0,15,"Just saw another ""digital menu"" ad. If you can't read a chalkboard, you probably shouldn't be eating out. This obsession with screens is getting ridiculous.",False
10,"""A small-town diner owner known for her home-style cooking and hesitation to go digital""",19.0,1,15,@user_659 bread isn't that hard if you actually follow the recipe and stop checking your phone every two seconds. Maybe try a real kitchen instead of a screen for once.,False
10,"""A small-town diner owner known for her home-style cooking and hesitation to go digital""",19.0,2,15,"@user_259 Stop talking in riddles. Some of us actually have work to do while you're ""breathing with the clock."" Try scrubbing a floor and tell me about the rhythm then.",False
10,"""A small-town diner owner known for her home-style cooking and hesitation to go digital""",19.0,3,15,@user_0 I’ve been scrubbing the same grease traps for twenty years and the feeling never goes away. Just keep scrubbing or the place smells like a landfill.,False
10,"""A small-town diner owner known for her home-style cooking and hesitation to go digital""",19.0,4,15,"These new ""smart"" ovens are a joke. Spent an hour fighting the touch screen just to preheat. I'll stick to the old range that actually works.",False
10,"""A small-town diner owner known for her home-style cooking and hesitation to go digital""",19.0,5,15,@user_223 Twenty minutes to pick toast? Just eat the bread and get on with your day. Some of us are actually working for a living.,False
10,"""A small-town diner owner known for her home-style cooking and hesitation to go digital""",19.0,6,15,"@user_89 At least you get a lunch break. I've spent six hours on my feet and the only thing ""innovative"" about my day is finding new ways to hate my alarm clock.",False
10,"""A small-town diner owner known for her home-style cooking and hesitation to go digital""",19.0,7,15,@user_942 Finally someone gets it. These companies would rather let you rot in a queue than pay a human to pick up a phone. Everything is a shortcut that takes twice as long.,False
10,"""A small-town diner owner known for her home-style cooking and hesitation to go digital""",19.0,8,15,@user_153 Exactly. Most people just post a filter and act like their life isn't a mess. It's exhausting watching everyone pretend they've got it figured out.,False
10,"""A small-town diner owner known for her home-style cooking and hesitation to go digital""",19.0,9,15,@user_1 Exactly. Fix what you have instead of throwing it in a landfill because a screen told you it's outdated. People have forgotten how to use a glue stick.,False
11,"""An avid fan of R. K. Laxman's art who is also a travel blogger specializing in cultural sites.""",49.0,0,16,"Just saw another ""hidden gem"" temple that's actually just a parking lot with a shrine. People really love overhyping ruins to get clicks. Waste of a three-hour drive.",False
11,"""An avid fan of R. K. Laxman's art who is also a travel blogger specializing in cultural sites.""",49.0,1,16,Looking at old Laxman cartoons and it's wild how the same bureaucratic nonsense is still the default setting for everything today. Nothing ever actually changes.,False
11,"""An avid fan of R. K. Laxman's art who is also a travel blogger specializing in cultural sites.""",49.0,2,16,Spent an hour trying to find a specific archive room and the guy at the desk just pointed at a sign that was literally right behind me. Absolute peak efficiency.,False
11,"""An avid fan of R. K. Laxman's art who is also a travel blogger specializing in cultural sites.""",49.0,3,16,"Just tried that new ""authentic"" street food market. Everything tastes like corn syrup and regret. Why do we keep pretending these tourist traps are actually good?",False
11,"""An avid fan of R. K. Laxman's art who is also a travel blogger specializing in cultural sites.""",49.0,4,16,"@user_45 At least the library sign had the decency to fall down. Most of these historical sites just slowly dissolve while the tourism board pretends it's ""rustic charm.",False
11,"""An avid fan of R. K. Laxman's art who is also a travel blogger specializing in cultural sites.""",49.0,5,16,@user_330 Exactly. It's all just a performance of productivity while the building literally crumbles around them. Pathetic.,False
11,"""An avid fan of R. K. Laxman's art who is also a travel blogger specializing in cultural sites.""",49.0,6,16,"@user_949 ""Modern traditionalism"" is just a fancy way of saying they have no idea what they want. It's all just rebranded garbage to trick people into buying overpriced wax.",False
11,"""An avid fan of R. K. Laxman's art who is also a travel blogger specializing in cultural sites.""",49.0,7,16,"@user_241 Imagine thinking a five minute break actually fixes the system. Some of us just move from one disaster to the next without the luxury of ""feeling sharper.",False
11,"""An avid fan of R. K. Laxman's art who is also a travel blogger specializing in cultural sites.""",49.0,8,16,"Tried to read a ""guide to local etiquette"" while waiting for a bus. It's just a list of ways to pretend you're not annoyed by everyone around you. Groundbreaking stuff.",False
11,"""An avid fan of R. K. Laxman's art who is also a travel blogger specializing in cultural sites.""",49.0,9,16,"@user_79 Good luck with that. Once people decide they're done talking, they usually stay that way. Most ""lost stories"" aren't actually lost, people just can't be bothered to repeat themselves for the thousandth time.",False
12,"""A graduate student specializing in the history of furniture, assisting the curator with researching and selecting pieces for an upcoming exhibition""",42.0,0,17,"Just spent an hour trying to find a decent source on 18th-century joinery and everything is behind a paywall. Seriously, who decided making information expensive was a good move? I'm over it.",False
12,"""A graduate student specializing in the history of furniture, assisting the curator with researching and selecting pieces for an upcoming exhibition""",42.0,1,17,"@user_606 Honestly, just block them. I’ve spent the last three days ignoring a ""quick check-in"" email from my boss and it's the only thing keeping me sane.",False
12,"""A graduate student specializing in the history of furniture, assisting the curator with researching and selecting pieces for an upcoming exhibition""",42.0,2,17,@user_135 honestly just stop checking the sales. It's a waste of time and you're just making yourself miserable for no reason.,False
12,"""A graduate student specializing in the history of furniture, assisting the curator with researching and selecting pieces for an upcoming exhibition""",42.0,3,17,@user_611 exactly. Everyone's just pretending to be invested while the clock ticks. It's all just a performance for a degree that probably won't even matter.,False
12,"""A graduate student specializing in the history of furniture, assisting the curator with researching and selecting pieces for an upcoming exhibition""",42.0,4,17,Imagine actually being excited about a hobby. Must be nice to have that much free time and energy.,False
12,"""A graduate student specializing in the history of furniture, assisting the curator with researching and selecting pieces for an upcoming exhibition""",42.0,5,17,"Just saw a ""vintage"" chair listed for 800 bucks that's literally just IKEA with a coat of brown paint. People are actually gullible enough to buy that.",False
12,"""A graduate student specializing in the history of furniture, assisting the curator with researching and selecting pieces for an upcoming exhibition""",42.0,6,17,@user_523 exactly. Just bulldoze everything and put up some glass boxes. Who cares about history when you can maximize the square footage?,False
12,"""A graduate student specializing in the history of furniture, assisting the curator with researching and selecting pieces for an upcoming exhibition""",42.0,7,17,"Why do people insist on ""morning routines"" like they're actually achieving something? I woke up, drank cold coffee, and stared at my inbox for twenty minutes. Groundbreaking.",False
12,"""A graduate student specializing in the history of furniture, assisting the curator with researching and selecting pieces for an upcoming exhibition""",42.0,8,17,@user_436 some of us are actually trying to survive the day without a musical number. please keep the joy to yourself.,False
12,"""A graduate student specializing in the history of furniture, assisting the curator with researching and selecting pieces for an upcoming exhibition""",42.0,9,17,"@user_902 lmao imagine thinking they actually care about your ""life."" They just want to make sure you weren't in prison or something. Just lie and move on.",False
13,"""A tax attorney who disagrees with the professor's views on tax policy""",55.0,0,18,"Just spent an hour reading a ""revolutionary"" take on tax brackets that manages to be both simplistic and completely wrong. Some people love the sound of their own voice more than actual law.",False
13,"""A tax attorney who disagrees with the professor's views on tax policy""",55.0,1,18,Why is the traffic in this city actually getting worse every single day? I've been sitting at the same light for three cycles. Absolute joke.,False
13,"""A tax attorney who disagrees with the professor's views on tax policy""",55.0,2,18,Who actually cares about a coffee shop getting a name right? Some of us are dealing with actual disasters today. Get a grip.,False
13,"""A tax attorney who disagrees with the professor's views on tax policy""",55.0,3,18,"Just saw another ""must-watch"" documentary on urban planning. Imagine spending an entire budget to tell us that more cars make traffic worse. Groundbreaking.",False
13,"""A tax attorney who disagrees with the professor's views on tax policy""",55.0,4,18,"@user_474 exactly. These ""wellness"" gurus love talking about gut health while ignoring that some of us are just exhausted. It's all just overpriced salad and delusions.",False
13,"""A tax attorney who disagrees with the professor's views on tax policy""",55.0,5,18,@user_237 must be nice to have the time and money to optimize your skin. Some of us are just trying to survive the week without losing it.,False
13,"""A tax attorney who disagrees with the professor's views on tax policy""",55.0,6,18,@user_520 Must be nice to stumble into a windfall while the rest of us just get billed for existing. Some people have all the luck.,False
13,"""A tax attorney who disagrees with the professor's views on tax policy""",55.0,7,18,"Just spent twenty minutes trying to find a decent place for lunch and every single option is a ""concept"" bistro. I don't want a concept, I want a sandwich that doesn't cost twenty bucks.",False
13,"""A tax attorney who disagrees with the professor's views on tax policy""",55.0,8,18,"@user_983 Must be nice to have a ""full heart"" over some rice. Some of us are just trying to get through the day without wanting to throw our phones across the room.",False
13,"""A tax attorney who disagrees with the professor's views on tax policy""",55.0,9,18,@user_739 Exactly. People act like wishing for things is a substitute for actual physics or a budget. It's delusional.,False
14,"""A former professional baseball player and a close friend of Nobe Kawano""",50.0,0,19,Just saw a highlight reel of the current roster. The form is absolute trash. They’re treating the game like a casual weekend hobby.,False
14,"""A former professional baseball player and a close friend of Nobe Kawano""",50.0,1,19,Tried to cook a decent meal for once and burnt the bottom of the pan. Figures. Can't even get a basic dinner right.,False
14,"""A former professional baseball player and a close friend of Nobe Kawano""",50.0,2,19,"@user_357 must be nice to be that delusional. A burger and a bird aren't an omen, they're just lunch.",False
14,"""A former professional baseball player and a close friend of Nobe Kawano""",50.0,3,19,Just spent twenty minutes staring at a gym membership flyer. As if a couple of treadmill laps are going to fix anything. Waste of paper.,False
14,"""A former professional baseball player and a close friend of Nobe Kawano""",50.0,4,19,@user_458 Just let the rain wash the field. It's easier to just stay home than to pretend any of those plays actually work.,False
14,"""A former professional baseball player and a close friend of Nobe Kawano""",50.0,5,19,@user_24 Must be nice to have nothing better to do than drive in circles. Some of us actually have things to deal with.,False
14,"""A former professional baseball player and a close friend of Nobe Kawano""",50.0,6,19,"@user_463 Welcome to the club. Enjoy the clicking while it lasts, soon it's just a constant ache that doesn't go away.",False
14,"""A former professional baseball player and a close friend of Nobe Kawano""",50.0,7,19,@user_163 stop whining about the audience. At least you have a seat. Most of us are just cleaning up the trash after the show.,False
14,"""A former professional baseball player and a close friend of Nobe Kawano""",50.0,8,19,@user_768 Give it up. No amount of redrawing is going to make the players actually hit the gap. It's a waste of graphite.,False
14,"""A former professional baseball player and a close friend of Nobe Kawano""",50.0,9,19,@user_589 At least you have a job to complain about. Some of us just wake up and realize the only thing we're relevant for is a footnote in a record book nobody reads.,False
15,"""An owner of a traditional supermarket chain resistant to implementing environmentally-friendly practices""",32.0,0,15,Some genius is trying to tell me I need to stop using plastic bags. Like I’m actually going to pay more for paper just to make a few people feel better about themselves. Get real.,False
15,"""An owner of a traditional supermarket chain resistant to implementing environmentally-friendly practices""",32.0,1,15,"Another supplier tried to push ""sustainable"" packaging on me today. I told them to shove their biodegradable boxes where the sun doesn't shine. I'm not cutting my margins for a trend.",False
15,"""An owner of a traditional supermarket chain resistant to implementing environmentally-friendly practices""",32.0,2,15,"Spent an hour arguing with a city inspector about my lighting fixtures. Everyone wants everything to be ""energy efficient"" while the actual cost of running a business goes through the roof. Absolute joke.",False
15,"""An owner of a traditional supermarket chain resistant to implementing environmentally-friendly practices""",32.0,3,15,"Just saw another ""organic only"" boutique opening two blocks away. Good luck charging twelve dollars for a head of lettuce while the rest of us actually keep the shelves stocked. Pathetic.",False
15,"""An owner of a traditional supermarket chain resistant to implementing environmentally-friendly practices""",32.0,4,15,My delivery driver just called out sick for the third time this month. I swear the workforce now is just a collection of people who can't handle a basic schedule. I'm doing everything myself at this point.,False
15,"""An owner of a traditional supermarket chain resistant to implementing environmentally-friendly practices""",32.0,5,15,@user_20 Exactly. It's all just a game to make people feel superior while the people actually running things get squeezed. Waste of time.,False
15,"""An owner of a traditional supermarket chain resistant to implementing environmentally-friendly practices""",32.0,6,15,"Just spent twenty minutes scrubbing a leak in aisle four because the maintenance guy ""forgot"" to check the seals. I'm the only person in this entire city who actually knows how to work.",False
15,"""An owner of a traditional supermarket chain resistant to implementing environmentally-friendly practices""",32.0,7,15,"@user_378 For once, I actually agree with someone. Every single piece of hardware now requires an app and a password. Just let me buy the thing and leave me alone.",False
15,"""An owner of a traditional supermarket chain resistant to implementing environmentally-friendly practices""",32.0,8,15,@user_367 Finally someone gets it. Everything is just a gimmick to get you to spend more on stuff you don't need. Just turn the light on or off.,False
15,"""An owner of a traditional supermarket chain resistant to implementing environmentally-friendly practices""",32.0,9,15,"Just saw a ""Fair Trade"" sticker on a box of coffee. I don't care who's getting paid extra as long as the shipment isn't late again. Every product now comes with a lecture.",False
16,"""A talented cinematographer who helps film and edit the YouTuber's sketches""",49.0,0,16,Just spent three hours trying to get the lighting right for a scene that’ll probably get cut in the first edit. Waste of a whole afternoon.,False
16,"""A talented cinematographer who helps film and edit the YouTuber's sketches""",49.0,1,16,@user_115 must be nice to actually wake up feeling refreshed. Some of us just wake up and realize we have to do the same annoying stuff all over again.,False
16,"""A talented cinematographer who helps film and edit the YouTuber's sketches""",49.0,2,16,"@user_849 Exactly. Everything is ""minimalist"" now which is just a fancy word for making things impossible to read. Total garbage.",False
16,"""A talented cinematographer who helps film and edit the YouTuber's sketches""",49.0,3,16,@user_514 some of us have to actually work for a living instead of just staring at planes. must be nice to have so much free time to be poetic.,False
16,"""A talented cinematographer who helps film and edit the YouTuber's sketches""",49.0,4,16,"Just saw another ""cinematic"" vlog where they just use a cheap filter and call it art. Genuinely embarrassing.",False
16,"""A talented cinematographer who helps film and edit the YouTuber's sketches""",49.0,5,16,@user_225 genuinely don't know how anyone stands the salad bar here. It's basically flavored water and sadness.,False
16,"""A talented cinematographer who helps film and edit the YouTuber's sketches""",49.0,6,16,@user_504 Imagine actually liking your job enough to be hyped about a 7 AM wake up call. Some of us just get a headache and a reminder that the day is too long.,False
16,"""A talented cinematographer who helps film and edit the YouTuber's sketches""",49.0,7,16,@user_848 at least you can just leave it there. I'm stuck cleaning up gear for hours while the person who actually messed up is already at home.,False
16,"""A talented cinematographer who helps film and edit the YouTuber's sketches""",49.0,8,16,"@user_451 must be great living in a world where coffee actually tastes like something other than burnt beans and failure. some of us aren't ""winning"" today.",False
16,"""A talented cinematographer who helps film and edit the YouTuber's sketches""",49.0,9,16,@user_844 at least you get to sit still for a few minutes. I've been on my feet for ten hours and my lower back is basically screaming at this point.,False
17,"""A local energy efficiency program coordinator, promoting incentives and rebates for energy-saving upgrades""",35.0,0,17,Just spent an hour arguing with a contractor who thinks he knows more than the actual building codes. Some people are just allergic to doing their jobs right.,False
17,"""A local energy efficiency program coordinator, promoting incentives and rebates for energy-saving upgrades""",35.0,1,17,"@user_940 imagine thinking sitting on a bench is ""recharging."" some of us actually have to deal with real life instead of pretending productivity doesn't matter.",False
17,"""A local energy efficiency program coordinator, promoting incentives and rebates for energy-saving upgrades""",35.0,2,17,@user_602 must be nice to have a day where the biggest problem is a lemonade delivery. Some of us are actually working.,False
17,"""A local energy efficiency program coordinator, promoting incentives and rebates for energy-saving upgrades""",35.0,3,17,@user_22 lucky you. I wish I could just close my laptop and walk away when things go south. Instead I'm stuck cleaning up everyone else's mess.,False
17,"""A local energy efficiency program coordinator, promoting incentives and rebates for energy-saving upgrades""",35.0,4,17,"@user_698 imagine actually caring about some mud on the floor. I've got a mountain of paperwork and actual problems to deal with, but sure, the floorboards are the real tragedy here.",False
17,"""A local energy efficiency program coordinator, promoting incentives and rebates for energy-saving upgrades""",35.0,5,17,"@user_904 some of us don't have the luxury of ""creative fires"" because we're too busy dealing with people who can't follow basic instructions. go enjoy your notebook while the rest of us live in reality.",False
17,"""A local energy efficiency program coordinator, promoting incentives and rebates for energy-saving upgrades""",35.0,6,17,"@user_619 finally someone who gets it. People spend a fortune on the gear but have zero skill, then wonder why they still suck. Just embarrassing.",False
17,"""A local energy efficiency program coordinator, promoting incentives and rebates for energy-saving upgrades""",35.0,7,17,"@user_209 at least you have blueprints. I'm dealing with people who can't even read a basic map, let alone a layout. Progress is just a fancy word for more mistakes.",False
17,"""A local energy efficiency program coordinator, promoting incentives and rebates for energy-saving upgrades""",35.0,8,17,@user_745 corporate pizza is always a joke. They think a $10 pie makes up for the fact that everyone hates being there. Pathetic.,False
17,"""A local energy efficiency program coordinator, promoting incentives and rebates for energy-saving upgrades""",35.0,9,17,@user_791 Imagine spending that much effort on lemon curd. Some of us have actual things to do instead of playing with plant-based foam.,False
18,"""A resident of the city affected by construction pollution, seeking guidance on filing complaints""",60.0,0,18,My windows are covered in gray grit again. Does anyone actually know which city office handles construction complaints or is it just a black hole for emails?,False
18,"""A resident of the city affected by construction pollution, seeking guidance on filing complaints""",60.0,1,18,@user_712 Welcome to the club. I've been sending messages into the void for a week and it's clear nobody is actually working at city hall. Waste of time.,False
18,"""A resident of the city affected by construction pollution, seeking guidance on filing complaints""",60.0,2,18,"@user_627 Must be nice to live in a place where things actually get done. My neighborhood is a construction zone and the only thing ""accountable"" here is the amount of dust on my furniture.",False
18,"""A resident of the city affected by construction pollution, seeking guidance on filing complaints""",60.0,3,18,@user_458 join the queue. My entire street is falling apart and the city just treats it like a feature instead of a bug. Everything is just decaying and we're expected to act like it's normal.,False
18,"""A resident of the city affected by construction pollution, seeking guidance on filing complaints""",60.0,4,18,"@user_239 Must be nice to actually have a neighborhood that cares. Around here, the only thing people share is the dust and the collective realization that the city has abandoned us.",False
18,"""A resident of the city affected by construction pollution, seeking guidance on filing complaints""",60.0,5,18,"Just saw another ""Coming Soon"" sign for some luxury condos while the sidewalk is literally crumbling into a pit. Great. More overpriced boxes for people who don't mind living in a cloud of cement dust.",False
18,"""A resident of the city affected by construction pollution, seeking guidance on filing complaints""",60.0,6,18,"@user_328 Must be great to actually get paid for moving dirt around. Meanwhile, I'm just the unpaid janitor for the entire city's construction debris.",False
18,"""A resident of the city affected by construction pollution, seeking guidance on filing complaints""",60.0,7,18,@user_918 Must be nice to have a garden. I'm lucky if I can see a blade of grass through the smog and grit they're pumping into the air around here.,False
18,"""A resident of the city affected by construction pollution, seeking guidance on filing complaints""",60.0,8,18,"@user_150 some of us actually have things to do, like scrub cement off our porches for the third time this week. Not everyone has time to play athlete.",False
18,"""A resident of the city affected by construction pollution, seeking guidance on filing complaints""",60.0,9,18,@user_134 must be nice to have something actually work for once. Some of us are still waiting for a basic sidewalk that isn't a hazard.,False
19,"""a representative of New Zealand women's police association""",22.0,0,19,Just spent an hour trying to find a parking spot at the mall. People have zero common sense these days. Everything is just irritating.,False
19,"""a representative of New Zealand women's police association""",22.0,1,19,My neighbor's dog has been barking for three hours straight. Some people really have no regard for anyone else. I'm about to lose it.,False
19,"""a representative of New Zealand women's police association""",22.0,2,19,"Why do people keep trying to make ""air fryers"" a personality trait? It's just a small oven. Get a grip.",False
19,"""a representative of New Zealand women's police association""",22.0,3,19,"Just saw another ""life hack"" video that takes ten times longer than just doing the task normally. Some of you have way too much free time on your hands. It's pathetic.",False
19,"""a representative of New Zealand women's police association""",22.0,4,19,Just tried to watch that new prestige drama everyone is raving about. Two episodes in and it's just people whispering in dark rooms. Boring.,False
19,"""a representative of New Zealand women's police association""",22.0,5,19,My internet has been cutting out every ten minutes all day. I can't believe I actually pay for this garbage service. Typical.,False
19,"""a representative of New Zealand women's police association""",22.0,6,19,"Just tried to order a coffee and the place was out of oat milk, almond milk, and soy. It's a cafe. How do you fail at the one thing you're supposed to do?",False
19,"""a representative of New Zealand women's police association""",22.0,7,19,@user_235 Imagine being so useless at your job that you spend your work hours staring at a bee. Some of us actually have things to do.,False
19,"""a representative of New Zealand women's police association""",22.0,8,19,Just spent forty minutes on hold with the bank for a simple transfer. Absolute joke of a system. I honestly don't know how these companies stay in business with such garbage customer service.,False
19,"""a representative of New Zealand women's police association""",22.0,9,19,Just tried to use a self-checkout machine that kept telling me there was an unexpected item in the bagging area. There was nothing there. I'm sick of these useless machines.,False
20,"""A refugee who has experienced the benefits of group therapy for war trauma""",59.0,0,15,"Why does everyone think a ""weekend getaway"" fixes everything? I spent three days in a hotel and just felt more annoyed by the noise. Some people actually enjoy being trapped in a different city.",False
20,"""A refugee who has experienced the benefits of group therapy for war trauma""",59.0,1,15,Just tried that new cafe downtown. Overpriced coffee and the music was way too loud for a Tuesday. Some people act like a fancy bean justifies a ten dollar price tag. Waste of time.,False
20,"""A refugee who has experienced the benefits of group therapy for war trauma""",59.0,2,15,"Does anyone actually enjoy these ""smart"" appliances? My toaster has a digital screen and it still burns the edges. I don't need my kitchen equipment trying to be a computer.",False
20,"""A refugee who has experienced the benefits of group therapy for war trauma""",59.0,3,15,"Just saw another ""life hack"" video about organizing a closet. Imagine having so much free time and money that you care about the specific angle of your folded t-shirts. Some of us have actual things to do.",False
20,"""A refugee who has experienced the benefits of group therapy for war trauma""",59.0,4,15,Another day of scrolling through people pretending their lives are a movie. It's just laundry and emails until you die. Get a grip.,False
20,"""A refugee who has experienced the benefits of group therapy for war trauma""",59.0,5,15,"@user_823 Exactly. Every ""new"" movie is just the same three plots with a bigger budget. They don't even try anymore.",False
20,"""A refugee who has experienced the benefits of group therapy for war trauma""",59.0,6,15,"@user_794 This ""networking"" advice is such a joke. Some people are eating alone because they don't want to talk to you. Stop pretending every awkward encounter is a career move.",False
20,"""A refugee who has experienced the benefits of group therapy for war trauma""",59.0,7,15,"@user_902 Honestly, why do we even do the ""coffee chat"" thing? It's just two people lying to each other for thirty minutes. Just send an email and stop pretending you're having a conversation.",False
20,"""A refugee who has experienced the benefits of group therapy for war trauma""",59.0,8,15,@user_254 Stop acting like you're the only person who hates performing for people. Just stop going to the events then.,False
20,"""A refugee who has experienced the benefits of group therapy for war trauma""",59.0,9,15,@user_901 Just wear a sweater. Staring at a piece of paper isn't going to magically put money in your bank account.,False
21,"""A senior web developer who has contributed to the DefinitelyTyped project before.""",41.0,0,16,Just spent an hour trying to find a bug that turned out to be a typo in a config file. I'm actually losing my mind.,False
21,"""A senior web developer who has contributed to the DefinitelyTyped project before.""",41.0,1,16,"Why do people still buy these ""smart"" blenders that require a firmware update just to make a smoothie? Absolute garbage design.",False
21,"""A senior web developer who has contributed to the DefinitelyTyped project before.""",41.0,2,16,@user_912 some of us don't have time for yoga. some of us have to actually deal with the real world instead of stretching in a mirror.,False
21,"""A senior web developer who has contributed to the DefinitelyTyped project before.""",41.0,3,16,"Just saw a ""limited edition"" sneaker drop that looks exactly like the ones from five years ago but costs twice as much. People are actually paying for this. Pathetic.",False
21,"""A senior web developer who has contributed to the DefinitelyTyped project before.""",41.0,4,16,Just spent twenty minutes trying to find a decent place for lunch and everything is either closed or costs $25 for a sandwich. I'm just going to eat a granola bar.,False
21,"""A senior web developer who has contributed to the DefinitelyTyped project before.""",41.0,5,16,My neighbor has been mowing his lawn at 7 AM for three days straight. Some people genuinely have zero consideration for anyone else.,False
21,"""A senior web developer who has contributed to the DefinitelyTyped project before.""",41.0,6,16,Just tried that new streaming service everyone is raving about. The UI is a disaster and it takes five clicks just to find a search bar. Who actually approved this?,False
21,"""A senior web developer who has contributed to the DefinitelyTyped project before.""",41.0,7,16,Just tried to call the bank and was on hold for forty minutes only to get hung up on. I'm actually done with this day.,False
21,"""A senior web developer who has contributed to the DefinitelyTyped project before.""",41.0,8,16,"Great, the city decided to do roadwork on the only street I use to get home. Now I'm stuck in a detour that adds twenty minutes to my commute for no reason. Typical.",False
21,"""A senior web developer who has contributed to the DefinitelyTyped project before.""",41.0,9,16,@user_741 it's just another Tuesday. Everything is being redesigned by people who have never actually used the software they're building.,False
22,"""An older individual who doesn't use technology much but loves children's games and ballet""",49.0,0,17,Tried to follow a ballet tutorial on this tablet and I can't even get the screen to stay still. Everything is too fast and my ankles aren't what they used to be. Waste of time.,False
22,"""An older individual who doesn't use technology much but loves children's games and ballet""",49.0,1,17,Bought a set of wooden blocks for the grandkids. Spent an hour trying to build a tower and knocked it over by accident. Just typical.,False
22,"""An older individual who doesn't use technology much but loves children's games and ballet""",49.0,2,17,Tried to put together a puzzle of a garden today. Half the pieces are missing and the picture is blurry. Just more junk cluttering up the table.,False
22,"""An older individual who doesn't use technology much but loves children's games and ballet""",49.0,3,17,Found an old music box with a tiny ballerina inside. The spring is rusted so she just jerks around instead of spinning. Pathetic.,False
22,"""An older individual who doesn't use technology much but loves children's games and ballet""",49.0,4,17,Tried to play a game of Hide and Seek with the kids. They found me in ten seconds because I can't even bend down to fit behind the sofa anymore. Embarrassing.,False
22,"""An older individual who doesn't use technology much but loves children's games and ballet""",49.0,5,17,Tried to watch a clip of Giselle on this thing. The internet kept cutting out and the image looked like a smudge. Why does everything have to be so complicated now?,False
22,"""An older individual who doesn't use technology much but loves children's games and ballet""",49.0,6,17,@user_443 Must be nice. Some of us just get slower while the rest of the world speeds up.,False
22,"""An older individual who doesn't use technology much but loves children's games and ballet""",49.0,7,17,Tried to play a game of marbles on the porch. Lost every single one of them because I can't see the lines anymore. Just another thing I'm useless at.,False
22,"""An older individual who doesn't use technology much but loves children's games and ballet""",49.0,8,17,Tried to read the rules for a card game the kids brought over. The print is so small I can't make out a word. I just sat there looking stupid while they played without me.,False
22,"""An older individual who doesn't use technology much but loves children's games and ballet""",49.0,9,17,@user_891 I remember when I could actually keep up with a rhythm. Now my hands just shake and nothing sounds right.,False
23,"""a childhood resident of Sopchoppy now living elsewhere""",32.0,0,18,Just saw a photo of the pier back home. Everything looks smaller and cheaper than I remember. Waste of a trip.,False
23,"""a childhood resident of Sopchoppy now living elsewhere""",32.0,1,18,"Anyone else tired of these ""must-watch"" series that are just 8 hours of people staring at each other in silence? Total waste of time. Give me a plot or just cancel the show.",False
23,"""a childhood resident of Sopchoppy now living elsewhere""",32.0,2,18,"Why is every ""healthy"" recipe just a bunch of expensive seeds and grass? I'm not a bird. I just want a meal that doesn't taste like a lawn mower bag.",False
23,"""a childhood resident of Sopchoppy now living elsewhere""",32.0,3,18,"@user_940 literally this. People don't want a conversation, they just want to be right. Total waste of breath.",False
23,"""a childhood resident of Sopchoppy now living elsewhere""",32.0,4,18,My landlord just raised the rent again for a place where the radiator sounds like a dying animal and the faucet leaks. Absolute joke.,False
23,"""a childhood resident of Sopchoppy now living elsewhere""",32.0,5,18,"Just tried those ""smart"" lightbulbs. Now I have to fight an app for ten minutes just to turn the lights off. Who actually thinks this makes life easier?",False
23,"""a childhood resident of Sopchoppy now living elsewhere""",32.0,6,18,Just spent twenty minutes trying to find a parking spot only to realize I forgot why I even drove to this part of town. Great. Just a total waste of gas.,False
23,"""a childhood resident of Sopchoppy now living elsewhere""",32.0,7,18,@user_574 get a grip. Some of us actually have to deal with real problems instead of having an existential crisis in front of a mirror.,False
23,"""a childhood resident of Sopchoppy now living elsewhere""",32.0,8,18,@user_755 Must be nice living in a fantasy world where everything just works. Some of us are still dealing with the actual mess.,False
23,"""a childhood resident of Sopchoppy now living elsewhere""",32.0,9,18,@user_228 exactly. They'll pat themselves on the back for a gold star while the rest of us just choke on the fumes. Typical.,False
24,"""a devoted fan of Luísa Sonza from Brazil""",63.0,0,19,Still can't get over the production on the new Luísa Sonza track. Everyone else is making the same boring noise while she's actually doing something.,False
24,"""a devoted fan of Luísa Sonza from Brazil""",63.0,1,19,"Just spent two hours scrolling through the fan edits and honestly, the hate comments are just pathetic. People are so bored with their own lives they have to project it on her. Stay mad.",False
24,"""a devoted fan of Luísa Sonza from Brazil""",63.0,2,19,My feed is actually a disaster today. Everyone is acting like the world is ending. Just listen to some music and shut up.,False
24,"""a devoted fan of Luísa Sonza from Brazil""",63.0,3,19,"@user_713 actually based. This whole ""grind"" culture is a joke and most people are just pretending to be happy for the likes.",False
24,"""a devoted fan of Luísa Sonza from Brazil""",63.0,4,19,@user_977 Imagine actually spending your time calculating water loss in a ditch. Some of us have actual tastes and better things to do than be miserable over a riverbed.,False
24,"""a devoted fan of Luísa Sonza from Brazil""",63.0,5,19,"@user_734 imagine actually thinking ""nature"" is some kind of escape. You're still just you, but with bugs and no wifi. Boring.",False
24,"""a devoted fan of Luísa Sonza from Brazil""",63.0,6,19,"@user_77 stop trying to make your misery a personality trait. It's not deep, it's just annoying.",False
24,"""a devoted fan of Luísa Sonza from Brazil""",63.0,7,19,@user_477 stop pretending your money makes your life a tragedy. Some of us are actually struggling and you're out here whining about a private chef. Give it a rest.,False
24,"""a devoted fan of Luísa Sonza from Brazil""",63.0,8,19,"@user_661 why are you bringing your boring grading job into this? If you can't handle a little fan drama, just log off.",False
24,"""a devoted fan of Luísa Sonza from Brazil""",63.0,9,19,@user_44 just put the phone down and go outside or something. This whole feed is becoming a competition for who can be the most pathetic. It's exhausting.,False
25,"""A retired sociologist based in the United States who advocates for society to confront and dismantle systemic racism.""",46.0,0,15,"Just saw another ""historic"" documentary that completely whitewashed the local zoning laws from the 50s. It's honestly impressive how people can just ignore the obvious.",False
25,"""A retired sociologist based in the United States who advocates for society to confront and dismantle systemic racism.""",46.0,1,15,"Who actually enjoys these ""all-you-can-eat"" buffets? Just a room full of lukewarm food and people fighting over the last shrimp. Waste of fifteen bucks.",False
25,"""A retired sociologist based in the United States who advocates for society to confront and dismantle systemic racism.""",46.0,2,15,"@user_229 Imagine thinking ""streaming"" is what made art accessible. Some people just love pretending the barrier to entry disappeared overnight.",False
25,"""A retired sociologist based in the United States who advocates for society to confront and dismantle systemic racism.""",46.0,3,15,"Why is every ""modern"" app designed to be a slot machine? I just want to check my mail without being tricked into scrolling for an hour. Truly exhausting.",False
25,"""A retired sociologist based in the United States who advocates for society to confront and dismantle systemic racism.""",46.0,4,15,"@user_881 Exactly. These ""productivity"" gurus are just selling a level of burnout that they've rebranded as success. Absolutely delusional.",False
25,"""A retired sociologist based in the United States who advocates for society to confront and dismantle systemic racism.""",46.0,5,15,@user_88 A guy complaining about his silk suit while living in a colony. The audacity is actually timeless.,False
25,"""A retired sociologist based in the United States who advocates for society to confront and dismantle systemic racism.""",46.0,6,15,"Just spent an hour trying to find a parking spot in a ""pedestrian-friendly"" district. Great plan on paper, actual nightmare in practice.",False
25,"""A retired sociologist based in the United States who advocates for society to confront and dismantle systemic racism.""",46.0,7,15,"@user_410 It's always ""progress"" until you're the one paying for the soundproofing. The people making the decisions never actually have to live next to the construction.",False
25,"""A retired sociologist based in the United States who advocates for society to confront and dismantle systemic racism.""",46.0,8,15,"@user_279 Honestly, just drink the wine. The thought of sitting through a panel on blockchain parchments sounds like a special kind of torture.",False
25,"""A retired sociologist based in the United States who advocates for society to confront and dismantle systemic racism.""",46.0,9,15,"Every single ""smart"" lightbulb in my house is currently acting up. I didn't need my living room to strobe like a cheap club just to turn the lamp off. Give me a physical switch or give me darkness.",False
26,"""A cybersecurity expert who acts as a technical consultant, providing insights on how the breach occurred and the potential damages caused""",40.0,0,16,Just spent an hour trying to pick a movie and ended up staring at the menu until it timed out. Everything looks mid. I'm just going to go back to sleep.,False
26,"""A cybersecurity expert who acts as a technical consultant, providing insights on how the breach occurred and the potential damages caused""",40.0,1,16,@user_834 lol imagine actually expecting government tech to work. It's all held together by duct tape and prayers. Just let it stay offline.,False
26,"""A cybersecurity expert who acts as a technical consultant, providing insights on how the breach occurred and the potential damages caused""",40.0,2,16,"@user_425 just delete the repo and go to bed. Trust me, the code isn't going to magically fix itself while you're staring at it.",False
26,"""A cybersecurity expert who acts as a technical consultant, providing insights on how the breach occurred and the potential damages caused""",40.0,3,16,@user_91 sewing a button isn't exactly a life achievement. Some of us have actual problems that a needle and thread can't fix.,False
26,"""A cybersecurity expert who acts as a technical consultant, providing insights on how the breach occurred and the potential damages caused""",40.0,4,16,@user_211 must be nice to actually enjoy waking up. Some of us just wake up and realize we still have to deal with everything.,False
26,"""A cybersecurity expert who acts as a technical consultant, providing insights on how the breach occurred and the potential damages caused""",40.0,5,16,@user_147 mood. I spent ten minutes deciding between cereal or nothing and just ended up eating a piece of dry toast. Waste of time.,False
26,"""A cybersecurity expert who acts as a technical consultant, providing insights on how the breach occurred and the potential damages caused""",40.0,6,16,@user_379 lucky you. I'm just sitting here with a dead charger and a phone that's at 4%. Great way to spend a Tuesday.,False
26,"""A cybersecurity expert who acts as a technical consultant, providing insights on how the breach occurred and the potential damages caused""",40.0,7,16,"@user_991 please stop talking. some of us are trying to exist without hearing about your ""energy"" and high-fives. turn off the lab lights and go home.",False
26,"""A cybersecurity expert who acts as a technical consultant, providing insights on how the breach occurred and the potential damages caused""",40.0,8,16,"@user_427 finally someone with a brain. Everything is just a cosmetic fix for things that are fundamentally garbage. Waste of paint, waste of time.",False
26,"""A cybersecurity expert who acts as a technical consultant, providing insights on how the breach occurred and the potential damages caused""",40.0,9,16,"@user_291 ""Winning the ease-of-access game"" is just a fancy way of saying you're making it easier for every low-effort scammer to get in. Enjoy your noodles while your data gets leaked.",False
27,"""An amateur butterfly enthusiast who works as a full-time software developer""",29.0,0,17,Just spent an hour trying to identify a moth on my porch only to realize it was a piece of wet lint. Great start to the night.,False
27,"""An amateur butterfly enthusiast who works as a full-time software developer""",29.0,1,17,My coffee machine just leaked all over my desk. I'm not even cleaning it up. I'll just let it soak into the wood since everything else is a mess anyway.,False
27,"""An amateur butterfly enthusiast who works as a full-time software developer""",29.0,2,17,Spent way too much money on a new net just for the wind to blow it into a thorn bush. Of course it did.,False
27,"""An amateur butterfly enthusiast who works as a full-time software developer""",29.0,3,17,@user_623 mood. Why do they think any of this actually matters? Just more busywork to fill the gaps.,False
27,"""An amateur butterfly enthusiast who works as a full-time software developer""",29.0,4,17,@user_206 at least your script gave you a result. I've been staring at the same three lines of code for two hours and it's still not working. I'm done.,False
27,"""An amateur butterfly enthusiast who works as a full-time software developer""",29.0,5,17,@user_294 exactly. Waste of time to put effort into things that just fall apart.,False
27,"""An amateur butterfly enthusiast who works as a full-time software developer""",29.0,6,17,@user_758 Must be nice to actually get something right for once. Some of us are just fighting with a screen that hates us.,False
27,"""An amateur butterfly enthusiast who works as a full-time software developer""",29.0,7,17,@user_357 imagining you're actually enjoying sitting in a car for an hour. Some of us just see a parking lot and a waste of a day.,False
27,"""An amateur butterfly enthusiast who works as a full-time software developer""",29.0,8,17,@user_175 I get it. People asking questions they already know the answer to is the worst part of the day.,False
27,"""An amateur butterfly enthusiast who works as a full-time software developer""",29.0,9,17,@user_939 literally. They want the impossible and then complain when the reality of how it works actually takes a second. Management is just a collection of people who have never opened a terminal in their lives.,False
28,"""A fellow parent who runs a popular blog about baby gear and reviews the latest car seat models""",49.0,0,18,"Just spent an hour trying to install a ""simple"" car seat and I'm convinced the manual was written to drive people insane. Who actually designs these things? Absolute garbage.",False
28,"""A fellow parent who runs a popular blog about baby gear and reviews the latest car seat models""",49.0,1,18,@user_315 honestly just skip the reading and let the kids play. Nobody actually cares about the curriculum as long as they aren't screaming in the hallway.,False
28,"""A fellow parent who runs a popular blog about baby gear and reviews the latest car seat models""",49.0,2,18,"Why is every ""must-have"" toy these days just a loud piece of plastic that breaks in two days? Total waste of money and space.",False
28,"""A fellow parent who runs a popular blog about baby gear and reviews the latest car seat models""",49.0,3,18,Another day of pretending I know what I'm doing while the house slowly turns into a landfill of unfolded laundry and crumbs. Amazing.,False
28,"""A fellow parent who runs a popular blog about baby gear and reviews the latest car seat models""",49.0,4,18,Just found a half-eaten piece of toast under the sofa from who knows when. I can't even remember the last time I actually cleaned this floor properly. Pathetic.,False
28,"""A fellow parent who runs a popular blog about baby gear and reviews the latest car seat models""",49.0,5,18,"@user_293 Must be nice to have the luxury of ""unplanned freedom."" Some of us have to plan every single second just to make sure everyone stays alive and fed. Try doing that with a toddler.",False
28,"""A fellow parent who runs a popular blog about baby gear and reviews the latest car seat models""",49.0,6,18,"@user_675 literally the same energy as the ""smart"" home devices I've tried. Just more useless features to make a basic task take twice as long. It's all just a scam to make us feel like we're progressing.",False
28,"""A fellow parent who runs a popular blog about baby gear and reviews the latest car seat models""",49.0,7,18,"@user_264 must be nice to actually have a life outside of a scheduled nap time. some of us just get the ""nostalgia"" of remembering when we could sleep for more than three hours.",False
28,"""A fellow parent who runs a popular blog about baby gear and reviews the latest car seat models""",49.0,8,18,@user_641 literally me. Spent an hour organizing the pantry just to have a kid knock over the flour five minutes later. Waste of a perfectly good afternoon.,False
28,"""A fellow parent who runs a popular blog about baby gear and reviews the latest car seat models""",49.0,9,18,@user_422 must be nice to actually have things work the first time for once. Everything in my life is basically a software glitch at this point.,False
29,"""a fan of huge football corporations like Manchester United or Barcelona F.C.""",63.0,0,19,"Another weekend of watching United throw away a lead. Honestly, why do I even bother waking up for the matches anymore? Just a waste of time.",False
29,"""a fan of huge football corporations like Manchester United or Barcelona F.C.""",63.0,1,19,Just saw the latest Barca transfer rumors. Same old cycle of overpaying for some hype kid who will be benched in two years. Absolute joke of a board.,False
29,"""a fan of huge football corporations like Manchester United or Barcelona F.C.""",63.0,2,19,Imagine spending a fortune on a state-of-the-art stadium just to watch a bunch of millionaires forget how to pass a ball. Pathetic.,False
29,"""a fan of huge football corporations like Manchester United or Barcelona F.C.""",63.0,3,19,@user_555 Imagine thinking a grocery list is a blueprint. Some of us are actually dealing with real disasters while you're playing house in a lab. Typical.,False
29,"""a fan of huge football corporations like Manchester United or Barcelona F.C.""",63.0,4,19,"@user_312 Just block it out. I've spent years listening to commentators lie about ""tactical shifts"" while the team is literally falling apart. You get used to the noise.",False
29,"""a fan of huge football corporations like Manchester United or Barcelona F.C.""",63.0,5,19,"@user_132 Imagine thinking moving a plastic bin is some grand act of heroism. Must be nice to have such low standards for a ""meaningful"" morning.",False
29,"""a fan of huge football corporations like Manchester United or Barcelona F.C.""",63.0,6,19,@user_832 Imagine thinking a dusty console from twenty years ago is actually going to make kids care about learning. You're just distracting them from the fact that the curriculum is garbage.,False
29,"""a fan of huge football corporations like Manchester United or Barcelona F.C.""",63.0,7,19,@user_932 Because people love pretending the small things matter when their actual lives are boring. It's just toast. Stop overthinking it and just eat the burnt bread.,False
29,"""a fan of huge football corporations like Manchester United or Barcelona F.C.""",63.0,8,19,@user_568 Imagine thinking a hardware store is the backbone of a city. It's just a place to buy overpriced nails while everything else around it rots. Enjoy your nostalgia.,False
29,"""a fan of huge football corporations like Manchester United or Barcelona F.C.""",63.0,9,19,"Just saw the highlights. Same predictable mistakes, same lazy defending. It's almost impressive how they find new ways to be mediocre every single week.",False
30,"""A healthcare professional from another town who follows and shares the activist's social media campaigns""",50.0,0,15,@user_148 honestly just take the day off. These people will still be complaining tomorrow whether you're there to listen or not.,False
30,"""A healthcare professional from another town who follows and shares the activist's social media campaigns""",50.0,1,15,"@user_300 exactly. Everything is just a subscription service now. I can't stand the ""smart"" version of anything that just adds three more ways for the product to fail.",False
30,"""A healthcare professional from another town who follows and shares the activist's social media campaigns""",50.0,2,15,"Just saw another ""life hack"" video about waking up at 5 AM to be productive. Some of us are actually working at 5 AM and it's absolutely miserable.",False
30,"""A healthcare professional from another town who follows and shares the activist's social media campaigns""",50.0,3,15,@user_987 sounds about right. Most meetings are just a waste of breath to make people feel like they're actually doing something.,False
30,"""A healthcare professional from another town who follows and shares the activist's social media campaigns""",50.0,4,15,Why is every movie now just a two-hour ad for a sequel that nobody actually wants? Just tell a story and end it.,False
30,"""A healthcare professional from another town who follows and shares the activist's social media campaigns""",50.0,5,15,Just spent an hour trying to find a parking spot. Truly the highlight of my day.,False
30,"""A healthcare professional from another town who follows and shares the activist's social media campaigns""",50.0,6,15,"@user_126 honestly, the only thing ""optimized"" about my day is how quickly I can find a reason to stay in bed.",False
30,"""A healthcare professional from another town who follows and shares the activist's social media campaigns""",50.0,7,15,"@user_51 just keep pretending. Everyone else is just as fake, they're just better at the act than you are.",False
30,"""A healthcare professional from another town who follows and shares the activist's social media campaigns""",50.0,8,15,@user_119 exactly. Just another way to repackage the same garbage and call it a career.,False
30,"""A healthcare professional from another town who follows and shares the activist's social media campaigns""",50.0,9,15,@user_650 Exactly. Why bother with a plan when the outcome is always the same? Just wait for the inevitable and try not to get wet.,False
31,"""A supplier of raw materials with competitive pricing, but questionable environmental practices""",30.0,0,16,Just spent an hour on hold with the logistics company. Absolute waste of time. Every single person in this city is incompetent.,False
31,"""A supplier of raw materials with competitive pricing, but questionable environmental practices""",30.0,1,16,Just saw the price of coffee went up again. Everything is a rip-off now. I'm not paying six dollars for bean water.,False
31,"""A supplier of raw materials with competitive pricing, but questionable environmental practices""",30.0,2,16,@user_959 exactly. People want everything for free and then act shocked when the price reflects reality. It's not my fault they can't read a balance sheet.,False
31,"""A supplier of raw materials with competitive pricing, but questionable environmental practices""",30.0,3,16,"Who actually cares about ""organic"" or ""sustainably sourced"" anyway? It's just a way to charge you double for the exact same product. Pathetic.",False
31,"""A supplier of raw materials with competitive pricing, but questionable environmental practices""",30.0,4,16,"Tried to find a decent place for lunch and every single spot is ""fully booked."" Just go to a deli and stop pretending your midday sandwich needs a reservation.",False
31,"""A supplier of raw materials with competitive pricing, but questionable environmental practices""",30.0,5,16,"@user_837 Imagine thinking ""healthy competition"" is a thing. Some people are just better at it and the rest of you are just pretending to be hungry.",False
31,"""A supplier of raw materials with competitive pricing, but questionable environmental practices""",30.0,6,16,My neighbor just bought one of those electric lawnmowers. Sounds like a toy and probably takes three days to charge. I'll stick to my gas mower and actually get the yard done.,False
31,"""A supplier of raw materials with competitive pricing, but questionable environmental practices""",30.0,7,16,@user_934 Finally someone who gets it. Most people just whine about the heat while the people actually keeping things running are ignored.,False
31,"""A supplier of raw materials with competitive pricing, but questionable environmental practices""",30.0,8,16,@user_713 Stop complaining about the spreadsheets. You get paid to stare at them. Some of us actually have to deal with people who can't do basic math.,False
31,"""A supplier of raw materials with competitive pricing, but questionable environmental practices""",30.0,9,16,"@user_190 This is the kind of delusional mindset that keeps people broke. Knocking things down isn't ""growth,"" it's just a mess that someone else has to clean up.",False
32,"""A political analyst who is interested in Turkish politics but is critical of the Justice and Development Party (AKP)""",57.0,0,17,"Another day of pretending the latest ""economic reform"" isn't just a fancy word for us getting poorer while the same people get richer. Truly impressive how they keep selling this garbage.",False
32,"""A political analyst who is interested in Turkish politics but is critical of the Justice and Development Party (AKP)""",57.0,1,17,Just saw the latest poll numbers. Imagine actually believing things are improving while the Lira keeps tanking. Some people are just born to be fooled.,False
32,"""A political analyst who is interested in Turkish politics but is critical of the Justice and Development Party (AKP)""",57.0,2,17,@user_911 finally someone says it. Everything is just a desperate play for attention while the actual world falls apart. Waste of time.,False
32,"""A political analyst who is interested in Turkish politics but is critical of the Justice and Development Party (AKP)""",57.0,3,17,@user_290 honestly just stop pretending. It's exhausting to watch people play along with the script when the result is exactly the same every single time.,False
32,"""A political analyst who is interested in Turkish politics but is critical of the Justice and Development Party (AKP)""",57.0,4,17,"@user_755 must be nice living in a fantasy where ""removing barriers"" isn't just a fancy way of saying you're cutting corners and ignoring the law. Enjoy it while it lasts.",False
32,"""A political analyst who is interested in Turkish politics but is critical of the Justice and Development Party (AKP)""",57.0,5,17,@user_445 Must be nice to care about foxes when everything else is a disaster. Some of us are actually living in the real world.,False
32,"""A political analyst who is interested in Turkish politics but is critical of the Justice and Development Party (AKP)""",57.0,6,17,Just spent an hour trying to find a decent coffee spot that doesn't charge a luxury tax for basic beans. Everything is overpriced and tastes like cardboard. Typical.,False
32,"""A political analyst who is interested in Turkish politics but is critical of the Justice and Development Party (AKP)""",57.0,7,17,@user_445 Only surprise here is that you thought anyone would actually care. Everything gets paved over eventually.,False
32,"""A political analyst who is interested in Turkish politics but is critical of the Justice and Development Party (AKP)""",57.0,8,17,"@user_331 Exactly. The ""family values"" corporate speak is just a way to make you feel guilty for wanting a life outside of a cubicle. It's all a joke.",False
32,"""A political analyst who is interested in Turkish politics but is critical of the Justice and Development Party (AKP)""",57.0,9,17,"@user_480 Imagine actually thinking a ""small business grant"" changes anything when the system is rigged from the start. Pure delusion.",False
33,"""A writer who is compiling a comprehensive guide on abstract art and includes the critic's insights""",51.0,0,18,Another day spent staring at a screen that's probably burning my retinas. I can't tell if this project is actually getting better or if I've just stopped caring about the quality. Whatever.,False
33,"""A writer who is compiling a comprehensive guide on abstract art and includes the critic's insights""",51.0,1,18,"Just saw a ""must-see"" exhibition where the main piece was literally a blank canvas. People were actually nodding like it meant something. The level of pretension is genuinely impressive.",False
33,"""A writer who is compiling a comprehensive guide on abstract art and includes the critic's insights""",51.0,2,18,"My coffee went cold while I was reading a thread about ""mindfulness."" Imagine actually having the patience for that. Everyone is just pretending to be zen while their lives fall apart.",False
33,"""A writer who is compiling a comprehensive guide on abstract art and includes the critic's insights""",51.0,3,18,Just spent an hour trying to organize my desktop folders and realized I don't even know why half these files exist. Total waste of time. Everything is just a mess.,False
33,"""A writer who is compiling a comprehensive guide on abstract art and includes the critic's insights""",51.0,4,18,Just spent twenty minutes trying to find a decent recipe for dinner and ended up just eating a piece of toast. I can't even make a basic food choice without feeling completely drained.,False
33,"""A writer who is compiling a comprehensive guide on abstract art and includes the critic's insights""",51.0,5,18,@user_836 must be nice to actually have a life outside of a screen. Some of us just trade one stress for another and call it a day.,False
33,"""A writer who is compiling a comprehensive guide on abstract art and includes the critic's insights""",51.0,6,18,"@user_486 Finally someone who gets it. Most of these ""urgent"" emails are just people pretending they're important while producing absolutely nothing of value.",False
33,"""A writer who is compiling a comprehensive guide on abstract art and includes the critic's insights""",51.0,7,18,@user_798 an email before 1pm is basically a full workday at this point. I’m convinced half the professional world is just playing a game of who can look the busiest while doing the absolute least.,False
33,"""A writer who is compiling a comprehensive guide on abstract art and includes the critic's insights""",51.0,8,18,@user_517 lol imagine actually trying to bake. I just buy the pre-made stuff so I don't have to deal with the disappointment of it not working.,False
33,"""A writer who is compiling a comprehensive guide on abstract art and includes the critic's insights""",51.0,9,18,@user_783 at least your plants have the decency to die quickly. Most things just linger and get uglier.,False
34,"""a high-school classmate of Emma Sralla who is also an athletic enthusiast.""",49.0,0,19,Gym was a joke today. Spent twenty minutes on the treadmill just to realize I’m still just as tired as when I walked in. Waste of time.,False
34,"""a high-school classmate of Emma Sralla who is also an athletic enthusiast.""",49.0,1,19,"Just watched a clip of that new track meet. Some of these kids are actually fast, makes me realize how much I've let my form slip. Whatever, I'm not even trying anymore.",False
34,"""a high-school classmate of Emma Sralla who is also an athletic enthusiast.""",49.0,2,19,My sneakers are practically falling apart and I can't even be bothered to order new ones. Why bother when I'm just going to end up lagging behind anyway.,False
34,"""a high-school classmate of Emma Sralla who is also an athletic enthusiast.""",49.0,3,19,"Coaches keep talking about ""mental toughness"" like it's some switch you just flip. I'm exhausted just listening to them.",False
34,"""a high-school classmate of Emma Sralla who is also an athletic enthusiast.""",49.0,4,19,"Every time I try to get back into a routine, something just makes it feel pointless. I'm not even looking at the schedule anymore.",False
34,"""a high-school classmate of Emma Sralla who is also an athletic enthusiast.""",49.0,5,19,@user_194 imagine thinking an ice bath actually fixes something. some of us are just tired regardless of the temperature.,False
34,"""a high-school classmate of Emma Sralla who is also an athletic enthusiast.""",49.0,6,19,Just saw the updated rankings for the regionals. Absolute joke how some people get scouted for doing the bare minimum while others actually put in the work. I'm done paying attention.,False
34,"""a high-school classmate of Emma Sralla who is also an athletic enthusiast.""",49.0,7,19,@user_621 imagine being that hyped over a serve. some of us actually have standards for what counts as a win.,False
34,"""a high-school classmate of Emma Sralla who is also an athletic enthusiast.""",49.0,8,19,"Just saw the cafeteria menu for the rest of the week. Greasy mystery meat and soggy fries. Great, exactly the kind of fuel I need to keep feeling like garbage.",False
34,"""a high-school classmate of Emma Sralla who is also an athletic enthusiast.""",49.0,9,19,"Just saw a ""motivational"" poster in the locker room about grinding while others sleep. Who actually believes this garbage? I'm sleeping and I'm still exhausted.",False
35,"""A medical researcher specializing in pediatric infectious diseases studying innovative treatment options for rare childhood diseases""",25.0,0,15,Just spent an hour trying to find a decent movie to watch and ended up scrolling through the menu until I fell asleep. Everything looks like a cheap remake of something better.,False
35,"""A medical researcher specializing in pediatric infectious diseases studying innovative treatment options for rare childhood diseases""",25.0,1,15,"Why is every single ""healthy"" snack now just flavored cardboard that costs six dollars? I'm tired of paying a premium to feel like I'm eating a shipping box.",False
35,"""A medical researcher specializing in pediatric infectious diseases studying innovative treatment options for rare childhood diseases""",25.0,2,15,@user_759 Must be nice to actually enjoy the sun. Some of us just get a headache and a reminder that the outdoors is too loud.,False
35,"""A medical researcher specializing in pediatric infectious diseases studying innovative treatment options for rare childhood diseases""",25.0,3,15,"@user_160 imagining myself in a crowded market right now is giving me an actual migraine. Glad some people find ""chaos"" relaxing, but I'll pass.",False
35,"""A medical researcher specializing in pediatric infectious diseases studying innovative treatment options for rare childhood diseases""",25.0,4,15,"Just tried to assemble a ""simple"" bookshelf and the instructions are basically just a series of riddles. I'm about ten minutes away from throwing the whole thing out the window.",False
35,"""A medical researcher specializing in pediatric infectious diseases studying innovative treatment options for rare childhood diseases""",25.0,5,15,My coffee machine decided to stop working this morning. Truly the peak of my week. Now I have to actually function without a caffeine drip.,False
35,"""A medical researcher specializing in pediatric infectious diseases studying innovative treatment options for rare childhood diseases""",25.0,6,15,"Just saw another ""life hack"" video that takes twice as long as the actual task. People really spend their free time filming themselves being inefficient for clicks. It's exhausting.",False
35,"""A medical researcher specializing in pediatric infectious diseases studying innovative treatment options for rare childhood diseases""",25.0,7,15,"Just got a ""personalized"" email from a brand I bought one thing from three years ago. Stop pretending you know me and just send the discount code or leave me alone.",False
35,"""A medical researcher specializing in pediatric infectious diseases studying innovative treatment options for rare childhood diseases""",25.0,8,15,@user_436 Some of us actually have things to do on Saturdays that don't involve a leisurely stroll. Must be great to have that much free time.,False
35,"""A medical researcher specializing in pediatric infectious diseases studying innovative treatment options for rare childhood diseases""",25.0,9,15,"@user_338 because corporations aren't designed to be fair, they're designed to drain you. Welcome to the real world, where the people doing the least get the most.",False
36,"""A representative of a construction company that specializes in building wireless towers""",58.0,0,16,Just spent an hour trying to find a parking spot in this city. Everything is designed to be as inconvenient as possible. My day is already ruined.,False
36,"""A representative of a construction company that specializes in building wireless towers""",58.0,1,16,"Just tried that new burger place downtown. Overpriced, soggy buns, and the service was slow as hell. Waste of fifteen bucks.",False
36,"""A representative of a construction company that specializes in building wireless towers""",58.0,2,16,"@user_496 Imagine thinking a little wind is a ""mental push."" Some of us actually have to work in the weather. Get a grip.",False
36,"""A representative of a construction company that specializes in building wireless towers""",58.0,3,16,@user_449 Must be nice to have nothing better to do than stare at your teeth in a mirror. Some of us are actually trying to get through a Tuesday.,False
36,"""A representative of a construction company that specializes in building wireless towers""",58.0,4,16,"@user_54 Exactly. Once you realize everything is just a cheap imitation of something that actually worked, you can't unsee it. Absolute garbage.",False
36,"""A representative of a construction company that specializes in building wireless towers""",58.0,5,16,"@user_148 Finally someone says it. Most people just love pretending that everything ""works out"" for the sake of a greeting card. It doesn't.",False
36,"""A representative of a construction company that specializes in building wireless towers""",58.0,6,16,"Every single ""smart"" home device I own has crashed twice this morning. Great. Now I can't even turn on a light without a software update. Total joke.",False
36,"""A representative of a construction company that specializes in building wireless towers""",58.0,7,16,"@user_628 Seriously? Some of us are just trying to survive the day without a headache, not ""planting grooves."" Get real.",False
36,"""A representative of a construction company that specializes in building wireless towers""",58.0,8,16,@user_748 Welcome to the club. Everyone expects the job to be perfect but nobody wants to actually do the work right the first time. Pathetic.,False
36,"""A representative of a construction company that specializes in building wireless towers""",58.0,9,16,"@user_114 Must be nice. I've spent the last three hours dealing with a leaking valve and a crew that can't follow a basic blueprint. Some ""small fixes"" just lead to bigger disasters.",False
37,"""A mid-career embedded software engineer who is actively looking for exciting opportunities.""",52.0,0,17,"Just spent three hours scrolling through job boards and every single ""entry level"" role wants 5 years of experience in a tool that came out last Tuesday. Absolute joke.",False
37,"""A mid-career embedded software engineer who is actively looking for exciting opportunities.""",52.0,1,17,@user_962 Hope is a luxury for people who aren't fighting for their lives in a dying job market. Enjoy the debate.,False
37,"""A mid-career embedded software engineer who is actively looking for exciting opportunities.""",52.0,2,17,"Why do people keep recommending ""networking"" as if I actually want to spend my weekend pretending to like people I don't know for a chance at a Zoom interview. Pass.",False
37,"""A mid-career embedded software engineer who is actively looking for exciting opportunities.""",52.0,3,17,"@user_433 Must be nice to just ""try a clip"" and have it work. Some of us are actually trying to survive and not just ""optimize Q3.",False
37,"""A mid-career embedded software engineer who is actively looking for exciting opportunities.""",52.0,4,17,@user_316 At least you have a landlord to worry about. I'm just waiting for my bank account to hit zero while pretending my resume is actually impressive.,False
37,"""A mid-career embedded software engineer who is actively looking for exciting opportunities.""",52.0,5,17,@user_10 joining the club. I can't even keep a plastic plant looking decent in this lighting.,False
37,"""A mid-career embedded software engineer who is actively looking for exciting opportunities.""",52.0,6,17,Just tried to cook something that wasn't microwaveable and somehow managed to burn the pot. Even my kitchen is failing me today.,False
37,"""A mid-career embedded software engineer who is actively looking for exciting opportunities.""",52.0,7,17,@user_706 Imagine spending a whole budget on a period piece just to forget how watches work. Quality control is dead everywhere.,False
37,"""A mid-career embedded software engineer who is actively looking for exciting opportunities.""",52.0,8,17,Just spent forty minutes trying to pick a movie and ended up watching a 10-second clip of a commercial and then turning the TV off. I can't even commit to a plot for two hours.,False
37,"""A mid-career embedded software engineer who is actively looking for exciting opportunities.""",52.0,9,17,@user_16 Imagine spending that much energy cleaning something that's still going to look gross. Some things are just permanently dirty.,False
38,"""A pro wrestler retired due to a career-ending injury, providing insider insights and behind-the-scenes stories""",33.0,0,18,Just saw a clip of the main event from tonight. The timing is off and the selling is lazy. I can't believe people actually pay for this garbage now.,False
38,"""A pro wrestler retired due to a career-ending injury, providing insider insights and behind-the-scenes stories""",33.0,1,18,"Just spent an hour scrolling through ""top 10"" lists of the greatest of all time. Absolute joke. Half these guys couldn't even lace my boots back in the day.",False
38,"""A pro wrestler retired due to a career-ending injury, providing insider insights and behind-the-scenes stories""",33.0,2,18,"Tried to get a decent steak at that new place downtown. Overcooked, overpriced, and the waiter acted like he was doing me a favor by existing. Waste of a Friday.",False
38,"""A pro wrestler retired due to a career-ending injury, providing insider insights and behind-the-scenes stories""",33.0,3,18,My neighbor's dog has been barking for three hours straight. Some people really have no clue how to train a pet or just don't care who they annoy. Pathetic.,False
38,"""A pro wrestler retired due to a career-ending injury, providing insider insights and behind-the-scenes stories""",33.0,4,18,"Anyone else tired of these ""smart"" home devices? My lightbulbs just decided to stop connecting to the app. I'm not spending my afternoon troubleshooting a piece of glass.",False
38,"""A pro wrestler retired due to a career-ending injury, providing insider insights and behind-the-scenes stories""",33.0,5,18,"Just tried to put together a ""simple"" bookshelf from IKEA. The instructions are a disaster and I'm missing three screws. Absolute garbage quality.",False
38,"""A pro wrestler retired due to a career-ending injury, providing insider insights and behind-the-scenes stories""",33.0,6,18,Just tried that new energy drink everyone is raving about. Tastes like battery acid and chemicals. Total scam.,False
38,"""A pro wrestler retired due to a career-ending injury, providing insider insights and behind-the-scenes stories""",33.0,7,18,@user_541 This kind of toxic positivity is exhausting. One mock interview doesn't mean the world is suddenly great. Give it a week before the real world kicks her teeth in.,False
38,"""A pro wrestler retired due to a career-ending injury, providing insider insights and behind-the-scenes stories""",33.0,8,18,Just tried to renew my gym membership and the price jumped another 20 bucks. For what? The machines are rusting and the music is garbage. I'm not paying a premium to sweat in a dump.,False
38,"""A pro wrestler retired due to a career-ending injury, providing insider insights and behind-the-scenes stories""",33.0,9,18,"@user_499 This is so cringe. Imagine getting a ""rush"" from a lecture. Some of us have actual problems and don't need the forced positivity.",False
39,"""An Asian history enthusiast who shares articles, books, and documentaries about the topic""",37.0,0,19,"Just finished a documentary on the Heian period. Everyone was so obsessed with poetry and aesthetics while the actual government was falling apart. Honestly, sounds about right.",False
39,"""An Asian history enthusiast who shares articles, books, and documentaries about the topic""",37.0,1,19,Reading about the collapse of the Khmer Empire. Just a bunch of people building massive monuments to their own egos while the irrigation systems rotted. Predictable.,False
39,"""An Asian history enthusiast who shares articles, books, and documentaries about the topic""",37.0,2,19,Just started a book on the Three Kingdoms period. Everyone just betraying each other for a title that doesn't even matter in the long run. Same old story.,False
39,"""An Asian history enthusiast who shares articles, books, and documentaries about the topic""",37.0,3,19,"Just saw a thread claiming the Mongol Empire was ""efficient."" Sure, if your definition of efficiency is burning every single city in sight. People really love romanticizing mass slaughter.",False
39,"""An Asian history enthusiast who shares articles, books, and documentaries about the topic""",37.0,4,19,Just found a paper on the Joseon dynasty's strict social hierarchies. Imagine spending your entire life trapped in a caste just because of who your dad was. Absolute waste of a human existence.,False
39,"""An Asian history enthusiast who shares articles, books, and documentaries about the topic""",37.0,5,19,Just read a thread on the Muromachi period. Everyone fighting for a title while the capital literally burned down around them. Typical.,False
39,"""An Asian history enthusiast who shares articles, books, and documentaries about the topic""",37.0,6,19,"Just saw a ""beginner's guide"" to the Silk Road that basically ignored every single conflict and plague. Must be nice to live in a world where trade was just cute camels and spices.",False
39,"""An Asian history enthusiast who shares articles, books, and documentaries about the topic""",37.0,7,19,@user_369 exactly. Everything just turns into a pile of dust eventually. Why even bother trying to leave a mark?,False
39,"""An Asian history enthusiast who shares articles, books, and documentaries about the topic""",37.0,8,19,"Just saw a post about ""ancient wisdom"" from the Confucian classics. Most of it is just an excuse for old men to tell everyone else how to act while they do whatever they want. Boring.",False
39,"""An Asian history enthusiast who shares articles, books, and documentaries about the topic""",37.0,9,19,Just read a summary of the Taiping Rebellion. Millions of people dead because one guy had a dream he was Jesus's brother. Human stupidity is the only thing that actually stays consistent across history.,False
40,"""A commentator who's concerned about the increase in government spending""",55.0,0,15,Another billion for a project that’ll be outdated before it even opens. Absolute joke how they just throw money at the wall and expect us to be happy about it.,False
40,"""A commentator who's concerned about the increase in government spending""",55.0,1,15,@user_235 Seriously. They love the paperwork and the grants but can't handle the basics. Just more bureaucracy to keep people employed for doing nothing.,False
40,"""A commentator who's concerned about the increase in government spending""",55.0,2,15,"Just saw the latest budget proposal. More funding for ""community outreach"" while the roads look like a lunar landscape. Absolute waste.",False
40,"""A commentator who's concerned about the increase in government spending""",55.0,3,15,Imagine paying taxes just to fund a government that can't even figure out how to fix a pothole without a three-year committee meeting. Pathetic.,False
40,"""A commentator who's concerned about the increase in government spending""",55.0,4,15,"@user_874 Must be nice to actually get a result for your effort. I'm over here watching the government spend millions on ""digital transformation"" that just means the website crashes more often. Total waste.",False
40,"""A commentator who's concerned about the increase in government spending""",55.0,5,15,"Just read about the new ""urban revitalization"" grant. More money for fancy benches and paint while the actual infrastructure is rotting. Incredible.",False
40,"""A commentator who's concerned about the increase in government spending""",55.0,6,15,"@user_578 Exactly. It's all a game of musical chairs with money that isn't theirs to begin with. Just wait until the bubble pops and we're the ones left paying for the ""delusion.",False
40,"""A commentator who's concerned about the increase in government spending""",55.0,7,15,@user_337 Good call. Why waste the gas driving to a dead project? Just another expensive failure for the books.,False
40,"""A commentator who's concerned about the increase in government spending""",55.0,8,15,"@user_161 Must be nice to have a hobby that actually works. Most of the ""innovation"" I see is just a way to burn through a government grant.",False
40,"""A commentator who's concerned about the increase in government spending""",55.0,9,15,Just spent twenty minutes trying to navigate the new government portal for a simple permit. It’s a disaster. Imagine how much they paid a consulting firm to make a website this unusable.,False
41,"""A technophobic retired school principal who still trusts paper and pen more than computers""",54.0,0,16,"Spent an hour trying to find the ""save"" button on this heap of junk just to write a grocery list. I’m going back to my notepad. Everything is too complicated for no reason.",False
41,"""A technophobic retired school principal who still trusts paper and pen more than computers""",54.0,1,16,"Why is every single appliance in the kitchen now a computer? I just want to toast bread, not sign a user agreement and update the firmware. Absolute nonsense.",False
41,"""A technophobic retired school principal who still trusts paper and pen more than computers""",54.0,2,16,Read a news article today that was just a series of links and ads. I can't even get a straight answer without being redirected five times. Give me a physical newspaper any day.,False
41,"""A technophobic retired school principal who still trusts paper and pen more than computers""",54.0,3,16,Just tried to pay a bill online and the site crashed three times. I'm driving to the office to hand them a check. I'm done with this.,False
41,"""A technophobic retired school principal who still trusts paper and pen more than computers""",54.0,4,16,"Just tried to use a self-checkout kiosk and the machine told me there was an ""unexpected item in the bagging area."" It was my bag. I'm not paying five dollars for a head of lettuce just to be insulted by a plastic box.",False
41,"""A technophobic retired school principal who still trusts paper and pen more than computers""",54.0,5,16,"@user_110 Imagine spending your Tuesday fixing a ""cloud"" error. Some of us have actual work to do that doesn't involve staring at a screen until our eyes bleed. Get a hobby.",False
41,"""A technophobic retired school principal who still trusts paper and pen more than computers""",54.0,6,16,"Just spent twenty minutes trying to figure out why my printer isn't ""communicating"" with the laptop. It's a cable. It's plugged in. This is a complete waste of my time.",False
41,"""A technophobic retired school principal who still trusts paper and pen more than computers""",54.0,7,16,Tried to read a book on a tablet today. My wrist hurts and the glare is blinding. I’m sticking to hardcover; at least you can't accidentally delete a page by touching it.,False
41,"""A technophobic retired school principal who still trusts paper and pen more than computers""",54.0,8,16,@user_830 Just print the thing out and mail it. People actually read on paper and they don't care if you're unraveling as long as the facts are right. Stop letting a screen tell you you're not good enough.,False
41,"""A technophobic retired school principal who still trusts paper and pen more than computers""",54.0,9,16,@user_999 Stop overthinking it and just use a cookbook. Follow the instructions on the page and you won't be shaking. Simple.,False
42,"""An undergraduate in fine arts captivated by the Golden Ratio and its use in art composition""",62.0,0,17,Spent three hours trying to align a single sketch to the golden ratio just for it to look mid. Everything I touch feels off lately.,False
42,"""An undergraduate in fine arts captivated by the Golden Ratio and its use in art composition""",62.0,1,17,"Just saw a ""masterpiece"" in the gallery that looked like a toddler had a fight with some acrylics. People actually pay for this garbage. My eyes hurt.",False
42,"""An undergraduate in fine arts captivated by the Golden Ratio and its use in art composition""",62.0,2,17,Just spent an hour staring at a blank canvas because I can't decide on the focal point. Everything is irritating. I'm probably just not cut out for this.,False
42,"""An undergraduate in fine arts captivated by the Golden Ratio and its use in art composition""",62.0,3,17,"Just saw another ""minimalist"" piece that is literally just a beige square. Some people get paid to be lazy while I'm over here losing my mind over a fraction. Pathetic.",False
42,"""An undergraduate in fine arts captivated by the Golden Ratio and its use in art composition""",62.0,4,17,"Why is every ""modern"" building just a gray concrete box now? Zero effort, zero proportions, just ugly blocks. Architects have officially given up.",False
42,"""An undergraduate in fine arts captivated by the Golden Ratio and its use in art composition""",62.0,5,17,"My professor just told me my latest piece is ""too rigid."" Thanks for the feedback, I'll be sure to make it a mess next time since that's what passes for talent now.",False
42,"""An undergraduate in fine arts captivated by the Golden Ratio and its use in art composition""",62.0,6,17,"Another ""influencer"" posting a photo of their brunch with a caption about aesthetics. It's literally a plate of eggs, get a grip.",False
42,"""An undergraduate in fine arts captivated by the Golden Ratio and its use in art composition""",62.0,7,17,Just tried a new set of pencils and they're already dull. Can't even get a clean line today. Everything is just a waste of time.,False
42,"""An undergraduate in fine arts captivated by the Golden Ratio and its use in art composition""",62.0,8,17,Just saw a movie poster that completely ignores the rule of thirds. It's literally an eyesore. I can't tell if the designer is blind or just doesn't care about basic composition.,False
42,"""An undergraduate in fine arts captivated by the Golden Ratio and its use in art composition""",62.0,9,17,"Just scrolled through a ""digital art"" feed and it's all AI generated sludge. No intent, no composition, just a random pile of pixels. We're really just rewarding buttons now. Pathetic.",False
43,"""A currently working NASA project manager who often consults her old team mate for perspective and wisdom.""",20.0,0,18,Just spent an hour reading the same email and I still have no idea what the point is. Everyone's talking in circles and I'm just tired of pretending it makes sense.,False
43,"""A currently working NASA project manager who often consults her old team mate for perspective and wisdom.""",20.0,1,18,"If I have to sit through one more ""synergy"" workshop I'm going to lose it. It's just a fancy word for making more work for people who already can't keep up.",False
43,"""A currently working NASA project manager who often consults her old team mate for perspective and wisdom.""",20.0,2,18,@user_442 Imagine actually thinking the world is moving forward. Some of us are just stuck in the mud while you're dreaming big.,False
43,"""A currently working NASA project manager who often consults her old team mate for perspective and wisdom.""",20.0,3,18,@user_70 exactly. Everything is just a temporary glitch wrapped in a subscription plan. We're building sandcastles on a server that's already overheating.,False
43,"""A currently working NASA project manager who often consults her old team mate for perspective and wisdom.""",20.0,4,18,@user_353 At least they're getting paid to yell. The rest of us are just shouting into the wind for free.,False
43,"""A currently working NASA project manager who often consults her old team mate for perspective and wisdom.""",20.0,5,18,@user_797 Just lie to them. That's how these things work. Nobody actually cares about the science as long as the colors look a certain way.,False
43,"""A currently working NASA project manager who often consults her old team mate for perspective and wisdom.""",20.0,6,18,"@user_435 Finally someone honest. The ""charm"" is just a polite way of saying everything is depressing and we're all just ignoring it.",False
43,"""A currently working NASA project manager who often consults her old team mate for perspective and wisdom.""",20.0,7,18,@user_756 must be nice to actually find something that works. Most of us just find more noise.,False
43,"""A currently working NASA project manager who often consults her old team mate for perspective and wisdom.""",20.0,8,18,@user_90 Finally someone gets it. Why bother reading the news when it's just the same script with different dates? Just a waste of paper.,False
43,"""A currently working NASA project manager who often consults her old team mate for perspective and wisdom.""",20.0,9,18,"@user_596 Honestly, just stop answering the phone. They'll probably just forget they asked anyway.",False
44,"""A conscientious pre-med student seeking understanding of gender's role in health and medicine""",48.0,0,19,Just spent three hours reading a study that contradicts the one I read yesterday. Medical literature is a joke.,False
44,"""A conscientious pre-med student seeking understanding of gender's role in health and medicine""",48.0,1,19,"@user_257 Exactly. The system is designed for people who actually have a house, not for the people who actually need the help. Total waste of a degree.",False
44,"""A conscientious pre-med student seeking understanding of gender's role in health and medicine""",48.0,2,19,@user_208 Must be nice to actually be productive. Some of us are just staring at the same page for an hour.,False
44,"""A conscientious pre-med student seeking understanding of gender's role in health and medicine""",48.0,3,19,"@user_512 Mood. I’ve been ""preparing"" to start this chapter since 2 PM. Cereal sounds like a win.",False
44,"""A conscientious pre-med student seeking understanding of gender's role in health and medicine""",48.0,4,19,"Just saw another ""wellness"" ad suggesting a 10-minute walk fixes everything. I'm about five seconds away from throwing my laptop out the window.",False
44,"""A conscientious pre-med student seeking understanding of gender's role in health and medicine""",48.0,5,19,@user_218 Glad we're finally admitting the job is basically just managing expectations while the system fails everyone. Water and a breath is about as honest as it gets.,False
44,"""A conscientious pre-med student seeking understanding of gender's role in health and medicine""",48.0,6,19,@user_51 Imagine thinking a gym session makes you a powerhouse. Some of us are just trying to survive the day without a complete meltdown. Enjoy the delusions.,False
44,"""A conscientious pre-med student seeking understanding of gender's role in health and medicine""",48.0,7,19,@user_810 Actually based. Spending hours polishing something that's just going to end up in a landfill is the biggest scam of all.,False
44,"""A conscientious pre-med student seeking understanding of gender's role in health and medicine""",48.0,8,19,@user_928 Just quit. The effort to keep things going isn't worth the payoff when you're talking to a wall anyway.,False
44,"""A conscientious pre-med student seeking understanding of gender's role in health and medicine""",48.0,9,19,@user_635 Must be nice to actually have a win for once. Some of us are just waiting for the inevitable crash while pretending to be functional.,False
45,"""A representative from the Ministry of Justice who supports the department head's efforts and seeks to allocate resources for the implementation of advanced investigative methods""",52.0,0,15,Another day of staring at a flickering monitor while the coffee tastes like battery acid. Everything takes ten times longer than it should.,False
45,"""A representative from the Ministry of Justice who supports the department head's efforts and seeks to allocate resources for the implementation of advanced investigative methods""",52.0,1,15,Spent an hour trying to find a parking spot just to realize I forgot my badge. This city is a joke.,False
45,"""A representative from the Ministry of Justice who supports the department head's efforts and seeks to allocate resources for the implementation of advanced investigative methods""",52.0,2,15,"Just saw a headline about ""intuitive"" AI replacing middle management. Can't wait to be replaced by a glitchy piece of software that can't even figure out a PDF.",False
45,"""A representative from the Ministry of Justice who supports the department head's efforts and seeks to allocate resources for the implementation of advanced investigative methods""",52.0,3,15,@user_468 I feel this. Spending half my life in meetings that could have been a three-sentence email is a special kind of torture.,False
45,"""A representative from the Ministry of Justice who supports the department head's efforts and seeks to allocate resources for the implementation of advanced investigative methods""",52.0,4,15,@user_396 Must be nice to actually enjoy structure. I just use mine to track how many hours of my life I'm wasting every single week.,False
45,"""A representative from the Ministry of Justice who supports the department head's efforts and seeks to allocate resources for the implementation of advanced investigative methods""",52.0,5,15,Just spent forty minutes trying to figure out why the printer is making that screeching sound. I honestly don't have the patience for this today.,False
45,"""A representative from the Ministry of Justice who supports the department head's efforts and seeks to allocate resources for the implementation of advanced investigative methods""",52.0,6,15,@user_192 welcome to the club. Everything is designed to fail the second you actually need it to work.,False
45,"""A representative from the Ministry of Justice who supports the department head's efforts and seeks to allocate resources for the implementation of advanced investigative methods""",52.0,7,15,@user_230 Must be nice to have people actually do their jobs for you for once. Some of us have to deal with the actual rules while everyone else just breezes through.,False
45,"""A representative from the Ministry of Justice who supports the department head's efforts and seeks to allocate resources for the implementation of advanced investigative methods""",52.0,8,15,@user_381 must be nice. Some of us have to actually document every second of the day or the higher-ups have a meltdown. Enjoy the free time while it lasts.,False
45,"""A representative from the Ministry of Justice who supports the department head's efforts and seeks to allocate resources for the implementation of advanced investigative methods""",52.0,9,15,"@user_281 at least your work is actually visible. I spend my time filing reports that get buried in a digital graveyard. Nobody cares about the effort, just the result.",False
46,"""A fellow history buff and Detroit enthusiast who connects with them through forums and social media to discuss local history""",66.0,0,16,"Just drove past the old Packard plant again. Honestly, it's the only thing in this city that actually looks the way I feel.",False
46,"""A fellow history buff and Detroit enthusiast who connects with them through forums and social media to discuss local history""",66.0,1,16,"Every time some ""urban explorer"" posts a photo of a ruin with a deep caption, I lose it. It's just a pile of bricks and bad zoning laws. Get a hobby that isn't trespassing.",False
46,"""A fellow history buff and Detroit enthusiast who connects with them through forums and social media to discuss local history""",66.0,2,16,Spent an hour reading about the 1920s streetcar system. Typical. Everything was actually planned for once before someone decided to ruin it for a profit.,False
46,"""A fellow history buff and Detroit enthusiast who connects with them through forums and social media to discuss local history""",66.0,3,16,Just found a map of the city from 1890. It’s hilarious how they actually thought this place would just keep growing forever. Imagine being that delusional.,False
46,"""A fellow history buff and Detroit enthusiast who connects with them through forums and social media to discuss local history""",66.0,4,16,Anyone actually read the city council notes from the 50s? Just a bunch of guys in suits agreeing to let the neighborhood rot while they patted each other on the back. Pure gold.,False
46,"""A fellow history buff and Detroit enthusiast who connects with them through forums and social media to discuss local history""",66.0,5,16,@user_360 Imagine actually being excited about a pub gig. Some of us are just trying to get through the day without everything falling apart.,False
46,"""A fellow history buff and Detroit enthusiast who connects with them through forums and social media to discuss local history""",66.0,6,16,@user_606 Imagine thinking staring at clouds is a rebellion. Some of us actually have to deal with the reality of a collapsing city instead of romanticizing being lazy at a library.,False
46,"""A fellow history buff and Detroit enthusiast who connects with them through forums and social media to discuss local history""",66.0,7,16,@user_248 Finally someone gets it. Most people are too stupid to look at a map if it doesn't have a funny cat on it. Enjoy the chaos.,False
46,"""A fellow history buff and Detroit enthusiast who connects with them through forums and social media to discuss local history""",66.0,8,16,@user_556 exactly. Why bother with a slideshow when the result is always the same? Just a bunch of people in fancy chairs pretending they aren't useless.,False
46,"""A fellow history buff and Detroit enthusiast who connects with them through forums and social media to discuss local history""",66.0,9,16,"@user_911 Must be nice thinking a piece of fabric makes you relevant. Some of us prefer history that actually happened, not a costume party.",False
47,"""A vintage building material supplier with an extensive collection of reclaimed wood, bricks, and other historical elements""",58.0,0,17,Just spent three hours scrubbing mortar off a pile of 19th century bricks for some client who doesn't even know what a Flemish bond is. Total waste of my time.,False
47,"""A vintage building material supplier with an extensive collection of reclaimed wood, bricks, and other historical elements""",58.0,1,17,@user_340 exactly. People are obsessed with fake perfection because they can't handle anything that actually aged. It's pathetic.,False
47,"""A vintage building material supplier with an extensive collection of reclaimed wood, bricks, and other historical elements""",58.0,2,17,"Just saw another ""luxury"" renovation where they used plastic panels made to look like oak. Pure garbage. People actually pay for that fake crap.",False
47,"""A vintage building material supplier with an extensive collection of reclaimed wood, bricks, and other historical elements""",58.0,3,17,Spent all morning organizing the hardware bins. Half the screws are stripped and the other half are obsolete. Just like everything else in this dump.,False
47,"""A vintage building material supplier with an extensive collection of reclaimed wood, bricks, and other historical elements""",58.0,4,17,"@user_781 Finally someone says it. Most people only ask ""how are you"" as a formality before they tell you what they actually want from you.",False
47,"""A vintage building material supplier with an extensive collection of reclaimed wood, bricks, and other historical elements""",58.0,5,17,@user_686 Truth. People love a comforting lie because the reality is too much effort to actually deal with.,False
47,"""A vintage building material supplier with an extensive collection of reclaimed wood, bricks, and other historical elements""",58.0,6,17,"Who actually cares about ""perfect pitch"" or ""the anchor"" stuff? Some of us just have to deal with the actual physical mess of the day. Get a grip.",False
47,"""A vintage building material supplier with an extensive collection of reclaimed wood, bricks, and other historical elements""",58.0,7,17,@user_396 Imagine thinking a bus queue is the peak of societal collapse. Some of us have actual problems to deal with. Get over it.,False
47,"""A vintage building material supplier with an extensive collection of reclaimed wood, bricks, and other historical elements""",58.0,8,17,@user_264 Must be nice to have the luxury of negotiating with a couch. Some of us actually have to get up and deal with a disaster.,False
47,"""A vintage building material supplier with an extensive collection of reclaimed wood, bricks, and other historical elements""",58.0,9,17,@user_543 Imagine actually finding a brick wall funny. Some of us spend all day hauling that shit and it's not a joke.,False
48,"""A bright and motivated teenager who is inspired by the single mother's dedication and hard work""",37.0,0,18,Just spent three hours on this essay and I still hate every single sentence. Why do I even bother trying to make it perfect when the teacher barely reads the first page?,False
48,"""A bright and motivated teenager who is inspired by the single mother's dedication and hard work""",37.0,1,18,"My coffee is cold and my room is a disaster. I can't even figure out how to organize a desk, let alone a future. Everything is just a mess.",False
48,"""A bright and motivated teenager who is inspired by the single mother's dedication and hard work""",37.0,2,18,Just saw the new movie trailer and it looks like a complete waste of time. Why do they keep rebooting everything? Original ideas are dead.,False
48,"""A bright and motivated teenager who is inspired by the single mother's dedication and hard work""",37.0,3,18,Just tried to cook that pasta recipe and burnt the garlic in like ten seconds. I can't do anything right today.,False
48,"""A bright and motivated teenager who is inspired by the single mother's dedication and hard work""",37.0,4,18,@user_774 Must be nice to actually be good at something. Some of us are just wasting our time practicing things that'll never matter.,False
48,"""A bright and motivated teenager who is inspired by the single mother's dedication and hard work""",37.0,5,18,@user_53 finally someone says it. Those quotes are just noise to make people feel better about failing. We're all just staring at screens until we crash.,False
48,"""A bright and motivated teenager who is inspired by the single mother's dedication and hard work""",37.0,6,18,"@user_312 cute, I guess. Enjoy the fridge while it lasts before you realize how boring everything actually is.",False
48,"""A bright and motivated teenager who is inspired by the single mother's dedication and hard work""",37.0,7,18,@user_703 exactly. All that effort just to play a part in a room full of people lying to themselves. Waste of makeup.,False
48,"""A bright and motivated teenager who is inspired by the single mother's dedication and hard work""",37.0,8,18,Another day of pretending I know what I'm doing in calc class. I'm just scribbling symbols on a page while everyone else acts like this actually matters.,False
48,"""A bright and motivated teenager who is inspired by the single mother's dedication and hard work""",37.0,9,18,@user_426 imagine spending your whole Sunday prepping food just to not even like it. Some of us can't even get the motivation to open the fridge.,False
49,"""A younger sibling who aspires to be a country music artist like Kane Brown""",23.0,0,19,Just spent three hours on one verse and it still sounds like garbage. Why even bother practicing when the gear is mid and the room echoes?,False
49,"""A younger sibling who aspires to be a country music artist like Kane Brown""",23.0,1,19,"My brother keeps talking about ""stability"" and ""real jobs."" Must be nice to be okay with being boring.",False
49,"""A younger sibling who aspires to be a country music artist like Kane Brown""",23.0,2,19,@user_887 Must be nice to actually be good at something. Some of us are just stuck in a loop of failing.,False
49,"""A younger sibling who aspires to be a country music artist like Kane Brown""",23.0,3,19,"@user_772 Must be great having a ""director"" to impress. Some of us are just playing to an empty room and a dog that doesn't even like the song.",False
49,"""A younger sibling who aspires to be a country music artist like Kane Brown""",23.0,4,19,"Watching some ""influencer"" get a record deal for having a pretty face and zero range. The industry is a joke.",False
49,"""A younger sibling who aspires to be a country music artist like Kane Brown""",23.0,5,19,"Just saw another ""Top 10 New Artists"" list and it's all the same polished pop garbage. Nobody actually wants real songwriting anymore.",False
49,"""A younger sibling who aspires to be a country music artist like Kane Brown""",23.0,6,19,@user_134 some of us actually have to deal with reality. Must be nice living in a cartoon.,False
49,"""A younger sibling who aspires to be a country music artist like Kane Brown""",23.0,7,19,"Just spent an hour scrolling through ""best gear for beginners"" and everything I actually want costs a year's rent. I'm tired of pretending that ""passion"" pays for a decent amp.",False
49,"""A younger sibling who aspires to be a country music artist like Kane Brown""",23.0,8,19,@user_537 At least some people get paid to be miserable. I'm just over here wasting my life on a dream that doesn't pay for gas.,False
49,"""A younger sibling who aspires to be a country music artist like Kane Brown""",23.0,9,19,Another day of listening to the same three chords on repeat. I can't tell if the song is getting better or if I'm just losing my mind.,False
50,"""An architect who enjoys attending Elvis Costello concerts as a way to unwind from work""",23.0,0,15,@user_249 Imagine thinking a few rows of plants actually fixes the chaos. Some things just stay messy no matter how you organize them.,False
50,"""An architect who enjoys attending Elvis Costello concerts as a way to unwind from work""",23.0,1,15,Just spent an hour trying to find a decent parking spot for a movie that’ll probably be mid. The effort isn't even worth the ticket price at this point.,False
50,"""An architect who enjoys attending Elvis Costello concerts as a way to unwind from work""",23.0,2,15,Why is every new restaurant using the same industrial lighting? It feels like eating dinner in a hospital waiting room. Absolute joke.,False
50,"""An architect who enjoys attending Elvis Costello concerts as a way to unwind from work""",23.0,3,15,@user_486 welcome to the club. The reward for doing your job right is just more work that someone else messed up.,False
50,"""An architect who enjoys attending Elvis Costello concerts as a way to unwind from work""",23.0,4,15,@user_748 Just leave it in the basket. It's not like the clothes are going anywhere and folding them doesn't actually change anything.,False
50,"""An architect who enjoys attending Elvis Costello concerts as a way to unwind from work""",23.0,5,15,@user_830 Just keep sending the emails. Better to pretend it's fine than deal with the fallout of actually admitting it's a disaster.,False
50,"""An architect who enjoys attending Elvis Costello concerts as a way to unwind from work""",23.0,6,15,@user_321 Must be nice to actually feel something about a piece of cloth. Most of us just have old junk taking up space.,False
50,"""An architect who enjoys attending Elvis Costello concerts as a way to unwind from work""",23.0,7,15,@user_97 It's just a bike. Some people really struggle to find something to be excited about.,False
50,"""An architect who enjoys attending Elvis Costello concerts as a way to unwind from work""",23.0,8,15,@user_34 This is the kind of vague advice people give when they have zero actual responsibilities. Some of us have to actually plan things or nothing gets done.,False
50,"""An architect who enjoys attending Elvis Costello concerts as a way to unwind from work""",23.0,9,15,"@user_880 Good luck with that. Hope you enjoy spending your weekends working for free just to prove you can ""show up.",False
51,"""A dedicated employee who works closely with the HR manager and suspects the organization's dark secrets""",48.0,0,16,"Just spent three hours in a ""culture alignment"" meeting that was basically just a lecture on why we shouldn't ask questions. Absolute waste of my Tuesday.",False
51,"""A dedicated employee who works closely with the HR manager and suspects the organization's dark secrets""",48.0,1,16,@user_410 a report doesn't hide the smell of a dying office. They'll just pivot the slide deck until the numbers look pretty enough to ignore the actual disaster.,False
51,"""A dedicated employee who works closely with the HR manager and suspects the organization's dark secrets""",48.0,2,16,"Imagine thinking a new coffee machine in the breakroom actually fixes the atmosphere. It's just a distraction so we don't notice who's getting ""downsized"" this Friday.",False
51,"""A dedicated employee who works closely with the HR manager and suspects the organization's dark secrets""",48.0,3,16,"Just saw the updated ""Employee Wellness"" handbook. Funny how the only suggested cure for burnout is a 5-minute mindfulness app and taking your lunch break in your car.",False
51,"""A dedicated employee who works closely with the HR manager and suspects the organization's dark secrets""",48.0,4,16,"@user_550 enjoy that high while it lasts. One bad update or a ""restructuring"" email and your green build won't mean a thing to the people upstairs.",False
51,"""A dedicated employee who works closely with the HR manager and suspects the organization's dark secrets""",48.0,5,16,@user_758 enjoy your salad while you can. Three seconds of speed is a joke when the whole system is crashing.,False
51,"""A dedicated employee who works closely with the HR manager and suspects the organization's dark secrets""",48.0,6,16,@user_643 imagine actually being proud of wearing a corporate logo in public. some of us have to look at the people paying for those jerseys every single day.,False
51,"""A dedicated employee who works closely with the HR manager and suspects the organization's dark secrets""",48.0,7,16,@user_381 imagine thinking it was a glitch. They probably wiped those logs on purpose so nobody can track where the money actually went.,False
51,"""A dedicated employee who works closely with the HR manager and suspects the organization's dark secrets""",48.0,8,16,"@user_287 exactly. As long as the brochure looks professional, nobody cares if the building is literally rotting from the inside.",False
51,"""A dedicated employee who works closely with the HR manager and suspects the organization's dark secrets""",48.0,9,16,"@user_208 enjoy the steak. The ""instant buy-in"" usually just means they found a way to make it someone else's fault when the protocol fails in six months.",False
52,"""A retired golf enthusiast living in Surrey, UK""",38.0,0,17,Spent two hours trying to fix my swing this morning. Same mistake every single time. Might as well just throw the clubs in the bin.,False
52,"""A retired golf enthusiast living in Surrey, UK""",38.0,1,17,The local club just raised the greens fees again. Absolute joke. They’re charging premium prices for bunkers that look like trenches from the Somme.,False
52,"""A retired golf enthusiast living in Surrey, UK""",38.0,2,17,"Just saw a ""beginner's guide"" to putting on YouTube. Imagine thinking a 10-minute video can fix a lifetime of bad habits. Pathetic.",False
52,"""A retired golf enthusiast living in Surrey, UK""",38.0,3,17,"@user_448 You're delusional. Most people aren't honest, they're just mean. Enjoy your ""growth"" while everyone laughs at you behind your back.",False
52,"""A retired golf enthusiast living in Surrey, UK""",38.0,4,17,"Just walked past the sports shop in town. Every single ""modern"" driver looks like a plastic toy. They've completely ruined the game.",False
52,"""A retired golf enthusiast living in Surrey, UK""",38.0,5,17,@user_82 At least potholes are honest. Everything else in this town is just a polished lie to hide the fact that it's falling apart.,False
52,"""A retired golf enthusiast living in Surrey, UK""",38.0,6,17,@user_75 Welcome to the club. You waste your time and the world doesn't care. Just stop pretending it matters.,False
52,"""A retired golf enthusiast living in Surrey, UK""",38.0,7,17,"@user_72 Great. Another place to pay twenty quid for a meal that'll probably be lukewarm. Just what this town needs, more overpriced options.",False
52,"""A retired golf enthusiast living in Surrey, UK""",38.0,8,17,@user_13 Get used to it. You're just the one left holding the keys to a room nobody wants to be in.,False
52,"""A retired golf enthusiast living in Surrey, UK""",38.0,9,17,@user_610 Imagine thinking a door being held open fixes anything. It's a crumb of politeness in a world that's mostly just selfish. Get a grip.,False
53,"""A working professional who is seeking to improve their literary analysis skills in their free time""",62.0,0,18,Spent two hours trying to parse one paragraph of this essay and I still don't get the point. Why am I even doing this in my spare time? Just another way to feel stupid.,False
53,"""A working professional who is seeking to improve their literary analysis skills in their free time""",62.0,1,18,@user_726 must be nice to actually get things approved for once. Some of us just spend our day getting ignored or failing at basic hobbies. Enjoy the tacos.,False
53,"""A working professional who is seeking to improve their literary analysis skills in their free time""",62.0,2,18,"Just saw another ""life hack"" video that's actually just a way to waste ten minutes of your life. Some people have way too much free time to spend on this garbage.",False
53,"""A working professional who is seeking to improve their literary analysis skills in their free time""",62.0,3,18,@user_156 must be great living in a fantasy world where things actually work out. Some of us are just waiting for the crash.,False
53,"""A working professional who is seeking to improve their literary analysis skills in their free time""",62.0,4,18,@user_761 must be nice to actually be good at something. Some of us just spend our weekends staring at things we can't figure out. Enjoy your pizza.,False
53,"""A working professional who is seeking to improve their literary analysis skills in their free time""",62.0,5,18,"@user_102 must be nice to actually have ""goals"" that aren't just trying to survive the week without snapping. Some of us are just here for the noise.",False
53,"""A working professional who is seeking to improve their literary analysis skills in their free time""",62.0,6,18,@user_249 join the club. I’m out here struggling with basic grammar and you’re acting like it’s some deep tragedy. Just a waste of time for everyone.,False
53,"""A working professional who is seeking to improve their literary analysis skills in their free time""",62.0,7,18,"@user_357 ""warm head"" lol. Must be nice to actually feel something other than a headache from staring at a screen for ten hours. Enjoy the gallery.",False
53,"""A working professional who is seeking to improve their literary analysis skills in their free time""",62.0,8,18,@user_638 Imagine actually enjoying a croissant instead of just tasting cardboard and stress. Some of us are just here to work and fail at things.,False
53,"""A working professional who is seeking to improve their literary analysis skills in their free time""",62.0,9,18,@user_396 Finally someone who gets it. The effort it takes to pretend we're actually achieving something is the most exhausting part of the day.,False
54,"""A student studying film theory who isn't interested in recent developments in the field.""",67.0,0,19,"Just watched another ""modern masterpiece"" and it's literally just a music video with an ego. Why can't people just shoot a scene properly anymore?",False
54,"""A student studying film theory who isn't interested in recent developments in the field.""",67.0,1,19,"Every ""innovative"" director these days just uses a shaky cam to hide the fact that they can't block a shot. It's lazy and everyone pretends it's a stylistic choice.",False
54,"""A student studying film theory who isn't interested in recent developments in the field.""",67.0,2,19,@user_509 Honestly just stop replying. People love talking in circles because it makes them feel important when they have zero actual skills.,False
54,"""A student studying film theory who isn't interested in recent developments in the field.""",67.0,3,19,"Just spent two hours trying to find a decent print of a 1940s noir and all I get are ""enhanced"" 4K versions that make the film look like a plastic soap opera. Everything is too bright now. Give me the grain or don't bother.",False
54,"""A student studying film theory who isn't interested in recent developments in the field.""",67.0,4,19,"Why does every single ""coffee"" post on this feed look like a corporate ad? Some of you really can't just drink a beverage without making it a personality trait. Boring.",False
54,"""A student studying film theory who isn't interested in recent developments in the field.""",67.0,5,19,"Tried to read a new ""theoretical"" paper on digital cinema today. It's just a bunch of word salad to justify bad lighting and terrible pacing. Absolute waste of time.",False
54,"""A student studying film theory who isn't interested in recent developments in the field.""",67.0,6,19,Just saw the trailer for that new biopic. Another generic set of filters and a soundtrack that tells you exactly how to feel every five seconds. Pathetic.,False
54,"""A student studying film theory who isn't interested in recent developments in the field.""",67.0,7,19,"@user_570 This kind of forced positivity is actually nauseating. Some of us aren't having a ""light"" morning, so maybe keep the sunshine emojis to yourself.",False
54,"""A student studying film theory who isn't interested in recent developments in the field.""",67.0,8,19,Just spent forty minutes trying to fix a leaky faucet and now the whole kitchen is flooded. Of course. My life is just one long series of things not working.,False
54,"""A student studying film theory who isn't interested in recent developments in the field.""",67.0,9,19,"@user_871 Glad you figured out the ""future"" is just more overpriced garbage. Everything is a scam to make people feel something while they're actually just bored.",False
55,"""a former boxing champion who has won at many local and international tournaments.""",39.0,0,15,"Just spent twenty minutes trying to find my keys. I can't even manage a basic living room, but sure, let's pretend I've still got it. Pathetic.",False
55,"""a former boxing champion who has won at many local and international tournaments.""",39.0,1,15,The local gym just updated their equipment and it looks like a playground for people who have never actually worked a day in their lives. Pure vanity.,False
55,"""a former boxing champion who has won at many local and international tournaments.""",39.0,2,15,"Just saw a clip of some new ""prospect"" with a decent record. Form is sloppy and the footwork is a joke. They're just feeding him easy fights to build a brand.",False
55,"""a former boxing champion who has won at many local and international tournaments.""",39.0,3,15,"I keep seeing these ""wellness"" retreats on my feed. Paying three grand to sit in a circle and breathe deeply is just a scam for people with too much money and zero discipline.",False
55,"""a former boxing champion who has won at many local and international tournaments.""",39.0,4,15,Tried to make a decent meal for once and burnt the steak. Figures. I can't even get a piece of meat right.,False
55,"""a former boxing champion who has won at many local and international tournaments.""",39.0,5,15,Another rainy Tuesday. Just sitting here watching the clock tick while the rest of the world pretends to be productive. Waste of a day.,False
55,"""a former boxing champion who has won at many local and international tournaments.""",39.0,6,15,@user_817 Raw grit is the only thing that isn't fake these days. Everything else is just over-edited trash designed to look pretty for people who can't handle reality.,False
55,"""a former boxing champion who has won at many local and international tournaments.""",39.0,7,15,@user_151 Imagine thinking you're a hero for explaining a computer loop to a kid. Some of us actually had to work for things that didn't involve a screen. Get a grip.,False
55,"""a former boxing champion who has won at many local and international tournaments.""",39.0,8,15,@user_996 Exactly. All that mindfulness talk is just a way to ignore the fact that everything eventually falls apart. Stop pretending breathing is a hobby.,False
55,"""a former boxing champion who has won at many local and international tournaments.""",39.0,9,15,@user_869 Spot on. It's all a performance. People would rather buy a bottle of flavored water than actually put in the effort to fix their own lives.,False
56,"""A photographer who captures stunning portraits of Bar Refaeli for magazine covers""",45.0,0,16,Just spent three hours staring at a screen trying to fix a lighting glitch that doesn't even matter. Everything looks the same anyway. This project is a joke.,False
56,"""A photographer who captures stunning portraits of Bar Refaeli for magazine covers""",45.0,1,16,My coffee is cold and the printer is jammed again. Typical Tuesday. Everything is just a chore today.,False
56,"""A photographer who captures stunning portraits of Bar Refaeli for magazine covers""",45.0,2,16,"@user_41 at least you're getting paid to hide. I'm stuck pretending I actually care about the ""vision"" for this shoot while my head pounds. Same thing.",False
56,"""A photographer who captures stunning portraits of Bar Refaeli for magazine covers""",45.0,3,16,@user_649 please stop romanticizing the fumes. It's just smog and noise. Everything is just a different version of the same boring street.,False
56,"""A photographer who captures stunning portraits of Bar Refaeli for magazine covers""",45.0,4,16,@user_282 lol good luck with that. I've been ignoring a weird noise in my car for three months and it's still running. Just wait until the whole thing actually dies.,False
56,"""A photographer who captures stunning portraits of Bar Refaeli for magazine covers""",45.0,5,16,@user_74 Imagine actually caring about a toy from thirty years ago. Some people have way too much free time.,False
56,"""A photographer who captures stunning portraits of Bar Refaeli for magazine covers""",45.0,6,16,@user_910 imagine being this excited about a dog barking at a piece of plastic. some of us are actually trying to exist in the real world.,False
56,"""A photographer who captures stunning portraits of Bar Refaeli for magazine covers""",45.0,7,16,"@user_786 imagine thinking a script makes you special. you're still just staring at a screen in a different way. enjoy your ""fresh air"" before you have to go back to the same boring desk.",False
56,"""A photographer who captures stunning portraits of Bar Refaeli for magazine covers""",45.0,8,16,"@user_772 because you didn't. Most of these ""wins"" are just luck and a decent LinkedIn profile. Everyone is just pretending until the next crash.",False
56,"""A photographer who captures stunning portraits of Bar Refaeli for magazine covers""",45.0,9,16,@user_406 it's just a piece of metal moving in a circle. stop calling it poetry.,False
57,"""A policy maker responsible for implementing regulations to protect pollinators and promote biodiversity in agriculture""",46.0,0,17,"Just spent three hours in a meeting where people argued about the font size on a proposal while the actual problem is getting worse. I'm so tired of pretending these ""discussions"" lead anywhere.",False
57,"""A policy maker responsible for implementing regulations to protect pollinators and promote biodiversity in agriculture""",46.0,1,17,"@user_987 Must be nice to actually find a solution in a pile of paper. Most of the ""records"" I deal with are just creative ways to avoid doing anything.",False
57,"""A policy maker responsible for implementing regulations to protect pollinators and promote biodiversity in agriculture""",46.0,2,17,"@user_845 Honestly, just let them throw it away. Why fight for something that doesn't matter to anyone but you? Save yourself the energy.",False
57,"""A policy maker responsible for implementing regulations to protect pollinators and promote biodiversity in agriculture""",46.0,3,17,"@user_509 exactly. People just settle for ""good enough"" now and expect you to be happy about it. Everything is just downhill from here.",False
57,"""A policy maker responsible for implementing regulations to protect pollinators and promote biodiversity in agriculture""",46.0,4,17,"@user_355 exactly. You can change the colors on the chart all you want, but the reality on the ground stays the same. Total waste of time.",False
57,"""A policy maker responsible for implementing regulations to protect pollinators and promote biodiversity in agriculture""",46.0,5,17,"Just saw another ""life hack"" video about optimizing your morning routine for productivity. Imagine thinking a fancy coffee maker is what's missing from a miserable life.",False
57,"""A policy maker responsible for implementing regulations to protect pollinators and promote biodiversity in agriculture""",46.0,6,17,"@user_20 it's always ""eco-safe"" until the results are actually measured. Companies just rename the poison and people swallow it because it's easier than checking the facts.",False
57,"""A policy maker responsible for implementing regulations to protect pollinators and promote biodiversity in agriculture""",46.0,7,17,@user_756 Finally someone gets it. It's all just noise and metrics to make people feel like they're actually accomplishing something while the real work gets ignored.,False
57,"""A policy maker responsible for implementing regulations to protect pollinators and promote biodiversity in agriculture""",46.0,8,17,@user_760 exactly. Slap some fresh paint on a disaster and call it progress. It's just a way to make the people in charge feel like they did something.,False
57,"""A policy maker responsible for implementing regulations to protect pollinators and promote biodiversity in agriculture""",46.0,9,17,@user_52 Garden clubs are just a way for people to pretend they have control over nature while they buy overpriced seeds. It's all just dirt in the end.,False
58,"""A restaurateur specializing in Monegasque cuisine, who sources fresh seafood daily for traditional dishes""",32.0,0,18,Just spent an hour arguing with a supplier over a shipment that arrived half-frozen. Some people actually think this is a joke. Whatever.,False
58,"""A restaurateur specializing in Monegasque cuisine, who sources fresh seafood daily for traditional dishes""",32.0,1,18,@user_331 Imagine actually enjoying dirt under your nails. Some of us just call that a mess that takes twenty minutes to scrub off.,False
58,"""A restaurateur specializing in Monegasque cuisine, who sources fresh seafood daily for traditional dishes""",32.0,2,18,@user_326 Just go to a real restaurant next time. It's not that hard to walk a block and actually talk to a person.,False
58,"""A restaurateur specializing in Monegasque cuisine, who sources fresh seafood daily for traditional dishes""",32.0,3,18,"@user_171 Honestly, just stop trying. The world doesn't owe you a restart and pretending it does is just a waste of energy.",False
58,"""A restaurateur specializing in Monegasque cuisine, who sources fresh seafood daily for traditional dishes""",32.0,4,18,"@user_374 Exactly. People will pay for literally anything as long as it's packaged in a fancy box and called a ""wellness"" tool. Absolute scam.",False
58,"""A restaurateur specializing in Monegasque cuisine, who sources fresh seafood daily for traditional dishes""",32.0,5,18,"Just saw another ""food influencer"" posting a video of them pouring syrup on something that should never be sweet. People have zero taste buds these days. It's pathetic.",False
58,"""A restaurateur specializing in Monegasque cuisine, who sources fresh seafood daily for traditional dishes""",32.0,6,18,@user_349 Exactly. I'm so tired of people acting like a positive attitude solves actual problems. It's exhausting.,False
58,"""A restaurateur specializing in Monegasque cuisine, who sources fresh seafood daily for traditional dishes""",32.0,7,18,@user_267 Spend five hundred bucks on a machine and you're still miserable. Classic. Some things just don't have a filter.,False
58,"""A restaurateur specializing in Monegasque cuisine, who sources fresh seafood daily for traditional dishes""",32.0,8,18,@user_874 Welcome to the club. I've been staring at the same invoice for twenty minutes and it still looks like gibberish. Lunch is the only part of the day that isn't a total waste.,False
58,"""A restaurateur specializing in Monegasque cuisine, who sources fresh seafood daily for traditional dishes""",32.0,9,18,@user_96 Congratulations on your labels. I'm sure that'll make the food taste better when you realize you have nothing actually fresh in the pantry.,False
59,"""A renowned jazz pianist who has collaborated with Branford Marsalis on numerous occasions""",34.0,0,19,Just spent two hours trying to find a decent coffee shop that isn't playing some generic lo-fi playlist. Everything sounds like it was made by a computer for people who don't actually like music. Boring.,False
59,"""A renowned jazz pianist who has collaborated with Branford Marsalis on numerous occasions""",34.0,1,19,"Someone just told me that ""AI jazz"" is the future of the genre. I can't even imagine a more pathetic way to kill something that's already struggling.",False
59,"""A renowned jazz pianist who has collaborated with Branford Marsalis on numerous occasions""",34.0,2,19,Tried to get some actual work done but the neighbors are blasting some generic pop hit on a loop. Some people really have zero taste and it's exhausting.,False
59,"""A renowned jazz pianist who has collaborated with Branford Marsalis on numerous occasions""",34.0,3,19,"Finally found a record store that doesn't look like a gift shop for tourists. Half the stuff is overpriced garbage, but at least the owner knows how to shut up and let the music play.",False
59,"""A renowned jazz pianist who has collaborated with Branford Marsalis on numerous occasions""",34.0,4,19,"Just saw another ""top 10"" list of the greatest albums of all time and not a single one of them actually requires any technical skill to play. The bar is in hell.",False
59,"""A renowned jazz pianist who has collaborated with Branford Marsalis on numerous occasions""",34.0,5,19,Just tried to order a burger and the place was so loud I couldn't even hear my own thoughts. Why does every single business think they need to blast music at 90 decibels just to sell food? Ridiculous.,False
59,"""A renowned jazz pianist who has collaborated with Branford Marsalis on numerous occasions""",34.0,6,19,My internet has been cutting out every ten minutes all day. Just what I need to make this week even more of a disaster.,False
59,"""A renowned jazz pianist who has collaborated with Branford Marsalis on numerous occasions""",34.0,7,19,"Just tried to watch a ""tutorial"" on basic theory and the guy couldn't even keep a steady tempo. I can't tell if people are actually this bad or if they just don't care anymore. It's pathetic.",False
59,"""A renowned jazz pianist who has collaborated with Branford Marsalis on numerous occasions""",34.0,8,19,"Just tried to use a new app for scheduling and it crashed three times in five minutes. I can't believe we're supposed to call this ""progress."" Everything is just a cheap copy of something that actually worked twenty years ago.",False
59,"""A renowned jazz pianist who has collaborated with Branford Marsalis on numerous occasions""",34.0,9,19,@user_983 Exactly. Everything is streamlined now and it just sucks the soul out of it. People prefer efficiency over actual talent.,False
