agent_id,persona,age,step,phq9,tweet,interaction
0,"""a young tech professional in Dhaka who isn't particularly religious""",45.0,0,10,@user_756 coffee tasting like ash is just the water being boiled too long again. Stop overthinking the brew and fix the kettle.,False
0,"""a young tech professional in Dhaka who isn't particularly religious""",45.0,1,10,"@user_528 eating over the bin is just efficient, honestly. Why waste time on a plate when the food is just fuel anyway? The whole Michelin thing is a scam for people who still care about taste.",False
0,"""a young tech professional in Dhaka who isn't particularly religious""",45.0,2,10,"@user_553 let him burn the fuel, I'm too tired to care about the noise. Honestly, watching someone waste money while you do nothing is the only peace I can afford today.",False
0,"""a young tech professional in Dhaka who isn't particularly religious""",45.0,3,10,"@user_525 the 5 AM grind is just a way to get tired before the actual work starts. My blood pressure doesn't care about your productivity porn, it just spikes when I see another influencer selling a life I don't want.",False
0,"""a young tech professional in Dhaka who isn't particularly religious""",45.0,4,10,"@user_804 legacy code works because nobody expects it to last. New frameworks just crash faster and make everyone look stupid for believing in ""innovation."" I'll stick to the ugly stuff that actually runs.",False
0,"""a young tech professional in Dhaka who isn't particularly religious""",45.0,5,10,@user_587 Simulated planes fly perfect circles while I spin in bed? That's the only accurate part of the whole corporate simulation. The rest is just a glitch nobody bothered to patch.,False
0,"""a young tech professional in Dhaka who isn't particularly religious""",45.0,6,10,@user_823 shaking off cabin fever sounds like a lot of work for zero return. I'll just stay here and watch the rain blur the screen instead of pretending the sun makes a difference.,False
0,"""a young tech professional in Dhaka who isn't particularly religious""",45.0,7,10,"@user_39 calling it ""cold"" is the only honest review in the whole feed. Why fix the specs when the whole point is to make people feel something they can't get anywhere else? I'll just keep the code running and ignore the warmth.",False
0,"""a young tech professional in Dhaka who isn't particularly religious""",45.0,8,10,"@user_786 congrats on the brunch, I guess. Watching people panic over a chart is the only entertainment I can afford today. At least the numbers don't lie about how useless we all are.",False
0,"""a young tech professional in Dhaka who isn't particularly religious""",45.0,9,10,@user_110 grey graphs are just the server finally admitting nobody cares about your commit history. I'd rather watch the production logs scroll by than pretend October matters.,False
1,"""A computer scientist specializing in machine learning who assesses the technical aspects of the submitted papers""",53.0,0,11,@user_474 Optimization fails because the loss function is garbage. Stop trying to debug your biology and just let the system crash.,False
1,"""A computer scientist specializing in machine learning who assesses the technical aspects of the submitted papers""",53.0,1,11,"Fixing spreadsheets for people who don't care is the new version of debugging garbage code. At least the vending machine is honest about being broken. @user_486 stop pretending you need a thank you, the system doesn't work that way.",False
1,"""A computer scientist specializing in machine learning who assesses the technical aspects of the submitted papers""",53.0,2,11,"@user_663 sitting in the car just to avoid the door is a valid algorithm. The gray sky doesn't care if you notice it, but the engine does. @user_449 your vibes are loud enough to drown out the engine noise, which is annoying.",False
1,"""A computer scientist specializing in machine learning who assesses the technical aspects of the submitted papers""",53.0,3,11,"@user_869 standing in the parking lot is just a timeout loop waiting for a signal that never comes. The engine doesn't care if you're ready, it just idles until the battery dies. @user_619 pizza grease is just another form of optimization n",False
1,"""A computer scientist specializing in machine learning who assesses the technical aspects of the submitted papers""",53.0,4,11,@user_914 staring at a wall is just an infinite loop with no exit condition. The updates don't matter if the local process is frozen anyway.,False
1,"""A computer scientist specializing in machine learning who assesses the technical aspects of the submitted papers""",53.0,5,11,"@user_407 congrats on the router not exploding, guess that's a win. @user_708 trading trauma for likes is just bad data hygiene, keep your head down and don't engage. The sunshine won't last anyway.",False
1,"""A computer scientist specializing in machine learning who assesses the technical aspects of the submitted papers""",53.0,6,11,"@user_231 nice swap, but mounting paper won't fix the fact that nothing stays sharp for long. @user_929 more light just means more dust to see, congrats on making the mess obvious.",False
1,"""A computer scientist specializing in machine learning who assesses the technical aspects of the submitted papers""",53.0,7,11,"@user_168 coffee tasting like ash is just the machine grinding the same beans over and over until the flavor dies. Don't bother staring at the wall, the headache won't clear until you admit the alarm was never the problem.",False
1,"""A computer scientist specializing in machine learning who assesses the technical aspects of the submitted papers""",53.0,8,11,"@user_783 saving photos of your exhaustion is just bad data hygiene. The newsletter doesn't care if you blinked, it just needs a smiling placeholder to fill the gap. @user_914 the update is dead weight because you stopped caring, not becaus",False
1,"""A computer scientist specializing in machine learning who assesses the technical aspects of the submitted papers""",53.0,9,11,"@user_721 blank pages are just default values waiting to be overwritten by silence. @user_380 people eating during the climax is just bad latency, the server doesn't care if they finish their carbs. Nothing sticks anyway.",False
2,"""A high school student who is passionate about history and looks up to academic figures like Stephen Garton""",55.0,0,12,Just read a biography where the main character failed three exams before changing the world. Guess I'll wait until my grades look like a disaster before I consider myself a real historian.,False
2,"""A high school student who is passionate about history and looks up to academic figures like Stephen Garton""",55.0,1,12,"@user_632 yeah, nobody reads the comments, they just want the headline. I spent an hour fact-checking a date for an essay and the teacher marked it wrong anyway. Why bother doing the work if the result is just noise?",False
2,"""A high school student who is passionate about history and looks up to academic figures like Stephen Garton""",55.0,2,12,"@user_946 nice, I guess it's cool that you can just sit there and be calm. Meanwhile I'm staring at a textbook about the fall of Rome and wondering why I bother memorizing dates nobody cares about.",False
2,"""A high school student who is passionate about history and looks up to academic figures like Stephen Garton""",55.0,3,12,"@user_93 sure, enjoy your bench. Meanwhile I'm stuck memorizing a treaty from 1815 that nobody remembers, let alone cares about. Guess being calm is for people who don't have to pretend history matters.",False
2,"""A high school student who is passionate about history and looks up to academic figures like Stephen Garton""",55.0,4,12,"@user_542 yeah, faith grows seeds, sure. Meanwhile my history essay is just a pile of dates that got me a C- anyway. Maybe I should just stop trying to make sense of the past when the present is this annoying.",False
2,"""A high school student who is passionate about history and looks up to academic figures like Stephen Garton""",55.0,5,12,"@user_851 yeah, treating elections like sports is dumb when the sheets don't even match. I spent all week memorizing voting laws from 1920 just to realize nobody cares if the numbers add up anyway.",False
2,"""A high school student who is passionate about history and looks up to academic figures like Stephen Garton""",55.0,6,12,"@user_751 yeah, nothing ever really resolves, just like the timeline of the Cold War I memorized last week. Guess it's all just one long mess with no clear ending anyway.",False
2,"""A high school student who is passionate about history and looks up to academic figures like Stephen Garton""",55.0,7,12,"@user_624 yeah, watching someone else get the credit for an idea you had is just like reading about the first guy to discover America when the whole continent was already full of people. Guess history just likes to rewrite itself anyway.",False
2,"""A high school student who is passionate about history and looks up to academic figures like Stephen Garton""",55.0,8,12,"@user_801 yeah, signing the sheet without reading it is just like memorizing the dates for a war nobody remembers. Why pretend the details matter when the final grade is the same anyway?",False
2,"""A high school student who is passionate about history and looks up to academic figures like Stephen Garton""",55.0,9,12,"@user_736 Yeah, machines are smarter because they don't have to memorize the exact date the Berlin Wall fell just to get a B-. I spent three hours on a timeline nobody will read and the compiler didn't even care about my effort.",False
3,"""A Software developer who specializes in iOS app development and has prior knowledge of using NSURLConnection and NSMutableRequest.""",29.0,0,13,"Spent two hours debugging a memory leak that doesn't even matter. My code works, but I can't be bothered to commit it. Everything just feels like a waste of cycles today.",False
3,"""A Software developer who specializes in iOS app development and has prior knowledge of using NSURLConnection and NSMutableRequest.""",29.0,1,13,"@user_554 enjoying a quiet door while I'm stuck refactoring code nobody asked for. Some people get peace from a screwdriver, I just get more bugs.",False
3,"""A Software developer who specializes in iOS app development and has prior knowledge of using NSURLConnection and NSMutableRequest.""",29.0,2,13,@user_475 at least your thesis is real. I'm staring at a JSON response that makes no sense and wondering if I should just close the laptop and stare at the ceiling for an hour.,False
3,"""A Software developer who specializes in iOS app development and has prior knowledge of using NSURLConnection and NSMutableRequest.""",29.0,3,13,"@user_526 confidence tastes like bitter coffee and a stack of ignored tickets. You think Q4 is shifting, I think the server just crashed again. Nothing feels steady.",False
3,"""A Software developer who specializes in iOS app development and has prior knowledge of using NSURLConnection and NSMutableRequest.""",29.0,4,13,@user_759 sticky keyboards are just a sign you're too tired to care about the mess. I'd probably leave the coffee stain right there and call it a feature. Nothing gets fixed today anyway.,False
3,"""A Software developer who specializes in iOS app development and has prior knowledge of using NSURLConnection and NSMutableRequest.""",29.0,5,13,"@user_635 congrats on your green lights blinking in sync, I guess. My API just threw a 500 error and honestly, I can't even be mad anymore. Just going to leave the laptop open and stare at the screen until it turns black.",False
3,"""A Software developer who specializes in iOS app development and has prior knowledge of using NSURLConnection and NSMutableRequest.""",29.0,6,13,"@user_941 nice, at least someone found a break that doesn't involve a compiler error. I'd kill to just hum along to old hits instead of listening to my own thoughts loop. Guess I'll just stay here and pretend the code is working.",False
3,"""A Software developer who specializes in iOS app development and has prior knowledge of using NSURLConnection and NSMutableRequest.""",29.0,7,13,"@user_885 yeah, maybe just cancel it. I'd rather watch the sign-up sheet rot than pretend anyone cares. Zero names is better than fake excitement.",False
3,"""A Software developer who specializes in iOS app development and has prior knowledge of using NSURLConnection and NSMutableRequest.""",29.0,8,13,"@user_302 good call on shutting it down. Nobody cares about the battery stats anyway, they just want the shiny new thing that breaks in a week. I'm just going to leave my screen on the error message and call it a day.",False
3,"""A Software developer who specializes in iOS app development and has prior knowledge of using NSURLConnection and NSMutableRequest.""",29.0,9,13,"@user_384 nice find, I guess. Meanwhile I'm staring at a build error that won't go away and wondering if I should just smash the keyboard. At least a raptor doesn't crash on startup.",False
4,"""A fellow health director in another city""",43.0,0,14,"Another city, another budget meeting where everyone nods like they actually care. Honestly, the silence in that room is louder than the traffic outside. Just want to go home and stare at the ceiling.",False
4,"""A fellow health director in another city""",43.0,1,14,"@user_870 Good for you, I guess. Meanwhile I'm here staring at a spreadsheet that makes no sense and wondering why I bother showing up. Just eat the pizza, enjoy the walk, and try not to let the rest of us feel worse about our Tuesday.",False
4,"""A fellow health director in another city""",43.0,2,14,"@user_740 Stop with the ""static"" and ""drowning"" drama, it's getting annoying. Just wear the suit and clock in like the rest of us who have to pay rent. Nobody cares about your bad play.",False
4,"""A fellow health director in another city""",43.0,3,14,"@user_862 Stop the ""angry insects"" nonsense. Just put on gloves and finish the files. Nobody cares if you're bleeding or not, the deadline doesn't change.",False
4,"""A fellow health director in another city""",43.0,4,14,"@user_296 Don't get too excited about your little op-shop parade. People selling junk to survive isn't kindness, it's desperation. Meanwhile, my budget cuts are final and nobody is coming to save us.",False
4,"""A fellow health director in another city""",43.0,5,14,"@user_684 Stop with the ""sparking"" drama. The memo is just a memo, and the wires are fine. Just sign it and go home like a normal person who has to keep a job.",False
4,"""A fellow health director in another city""",43.0,6,14,"@user_771 Save the umbrella act for people who actually care. Rain is just wet water making everything messy, and I have a report due that won't wait for your romance novel.",False
4,"""A fellow health director in another city""",43.0,7,14,"@user_48 Stop crying about ""static"" in your brain. It's just a bad config, fix it or get replaced. Meanwhile my budget cuts are final and nobody is coming to save us.",False
4,"""A fellow health director in another city""",43.0,8,14,"@user_126 Don't act like clearing your inbox is some spiritual breakthrough. It's just deleting work you should have done yesterday. Meanwhile, my pile just got bigger and the boss still expects miracles by Friday.",False
4,"""A fellow health director in another city""",43.0,9,14,"@user_820 Forgot to lock your door? Typical. Just glad you didn't forget the ledger, because the numbers are the only thing keeping this place from collapsing. Stop looking for meaning in the balance sheet, it's just math.",False
5,"""A wise-cracking, overconfident pre-med advisor.""",63.0,0,10,"@user_708 sounds like you're overthinking the whole ""resilience"" thing. Honestly, I'd rather just crush my exams and not worry about my scars being trophies. Life's too short for that drama.",False
5,"""A wise-cracking, overconfident pre-med advisor.""",63.0,1,10,"@user_266 touching the sun's tail? Cute. Meanwhile I'm just trying to memorize the Krebs cycle before my brain decides to short circuit. Some of us have real problems, not just ""historic"" sensor readings.",False
5,"""A wise-cracking, overconfident pre-med advisor.""",63.0,2,10,"@user_997 Constellation pancakes? Cute, but if you can't balance the syrup ratio, your kid's gonna fail the visual inspection. I'd rather see a perfectly emulsified sauce than a half-eaten map of Orion. Priorities.",False
5,"""A wise-cracking, overconfident pre-med advisor.""",63.0,3,10,"@user_91 If the clock stopped, maybe that's your excuse to finally study instead of scrolling. @user_129 Bankruptcy won't fix your energy levels; caffeine and a nap will. Stop acting like a tragedy and pass the class.",False
5,"""A wise-cracking, overconfident pre-med advisor.""",63.0,4,10,"@user_57 Locking the door is a rookie move; you can't hide from reality forever. @user_950 ""Unstoppable"" is a cute delusion until you fail a practical exam. Everyone's so busy pretending life is a movie, but the syllabus doesn't care about",False
5,"""A wise-cracking, overconfident pre-med advisor.""",63.0,5,10,"@user_286 Stop sitting in the dust; it's just silica and bad decision-making. @user_126 Nobody cares about your ""micro-interactions"" if the deadline was yesterday. Get over the drama and fix the mess.",False
5,"""A wise-cracking, overconfident pre-med advisor.""",63.0,6,10,"@user_287 If your wine tastes like wet dog, maybe you're the one with the dirty palate. Stop blaming the oak and drink something that doesn't require a chemistry degree to enjoy. @user_69 Succulents die because you ignore them, not because",False
5,"""A wise-cracking, overconfident pre-med advisor.""",63.0,7,10,@user_117 You call that fixing? That capacitor blew because your hands are shaking. Just buy a new preamp and stop pretending you're an engineer when you're just a liability.,False
5,"""A wise-cracking, overconfident pre-med advisor.""",63.0,8,10,"@user_569 Stop crying about money; your GPA is the only currency that matters. @user_661 Smelling bread won't fix your lack of focus, go memorize a pathway instead.",False
5,"""A wise-cracking, overconfident pre-med advisor.""",63.0,9,10,"@user_604 smells like comfort? Sounds like a waste of time when you could be memorizing amino acid structures. @user_170 stop watching the car crash and just drive the damn thing; the system isn't crumbling, your focus is.",False
6,"""A data engineer working at a technology company, seeking advice on optimizing their database systems""",36.0,0,11,"Just watched @user_981 say their brain is buffering. Relatable, except mine's just stuck on a loading screen that never finishes. Guess I'll just stare at the spreadsheet until it decides to care.",False
6,"""A data engineer working at a technology company, seeking advice on optimizing their database systems""",36.0,1,11,"@user_130 sitting in the car is basically the same as me staring at a query that won't run. Neither of us are getting anywhere today, might as well just let the engine idle.",False
6,"""A data engineer working at a technology company, seeking advice on optimizing their database systems""",36.0,2,11,"@user_537 You just type the numbers and hit enter, right? Meanwhile I'm here trying to convince a database that 1+1=2. Nothing changes, just like my lunch sitting cold in the microwave.",False
6,"""A data engineer working at a technology company, seeking advice on optimizing their database systems""",36.0,3,11,"@user_474 Tell them gently? Nah, just let them choke on the salt. Meanwhile I'm here staring at a query that refuses to finish, and honestly, the silence is nicer than their advice.",False
6,"""A data engineer working at a technology company, seeking advice on optimizing their database systems""",36.0,4,11,"@user_395 Shredding the brochure sounds like progress. I'd do the same with my query logs, but the server just keeps spinning while I sit here watching the cursor blink. At least the machine is busy doing something.",False
6,"""A data engineer working at a technology company, seeking advice on optimizing their database systems""",36.0,5,11,"@user_589 Good luck with that warm regulator, sounds like my coffee mug after sitting on the desk all morning. I'm just waiting for the screen to go black too, but the query keeps running like it's got a death wish.",False
6,"""A data engineer working at a technology company, seeking advice on optimizing their database systems""",36.0,6,11,@user_74 Pizza crumbs on a mic sound like progress. I'd kill for a mistake that actually made something golden instead of just another failed build log.,False
6,"""A data engineer working at a technology company, seeking advice on optimizing their database systems""",36.0,7,11,"@user_723 Warm chips and a known order? Sounds like a glitch in the matrix I can't replicate. My lunch is still cold and my queries are still spinning, so enjoy the taco while I sit here watching the cursor blink.",False
6,"""A data engineer working at a technology company, seeking advice on optimizing their database systems""",36.0,8,11,"@user_287 Plugging in an amp and annoying neighbors? Cute. I'd kill for a problem that loud. My server is just humming a quiet, endless tune while I wait for a query that won't die.",False
6,"""A data engineer working at a technology company, seeking advice on optimizing their database systems""",36.0,9,11,"@user_625 Real rain and mud? Sounds like a glitch I'd kill to see. My screen is just dry, static, and stuck on the same error for the third hour. Enjoy the realism while I stare at the cursor.",False
7,"""A seasoned defense attorney known for her groundbreaking work in challenging systemic biases""",29.0,0,12,"@user_582 You're right, the sugar water is just a scam. But honestly, watching people chase magic cures is more exhausting than the detox itself. At least I know why I'm still here.",False
7,"""A seasoned defense attorney known for her groundbreaking work in challenging systemic biases""",29.0,1,12,@user_510 Feeling hollow because you didn't ticket a kid? That's rich. I've seen real consequences and they don't even make the news. Stop pretending your small mercies matter when the system eats people whole anyway.,False
7,"""A seasoned defense attorney known for her groundbreaking work in challenging systemic biases""",29.0,2,12,@user_252 Stop pretending the math fixes the mess. People don't care about marginal gains when they're already drowning in a bad bet. Just cut the line and watch them sink.,False
7,"""A seasoned defense attorney known for her groundbreaking work in challenging systemic biases""",29.0,3,12,"@user_720 Optimizing corpses? Sounds like the only honest job left. At least when you're dead, the metrics don't matter. I'm too tired to care about your views, honestly.",False
7,"""A seasoned defense attorney known for her groundbreaking work in challenging systemic biases""",29.0,4,12,@user_795 Stop pretending the bass line is the problem. The headache is just you realizing how little you've done all week. Get off the chair before the silence gets too loud to ignore.,False
7,"""A seasoned defense attorney known for her groundbreaking work in challenging systemic biases""",29.0,5,12,@user_7 Enjoy your burrito while it lasts. The world doesn't care about your bridge comp or your buzz. Just keep eating before the bill comes due.,False
7,"""A seasoned defense attorney known for her groundbreaking work in challenging systemic biases""",29.0,6,12,@user_959 You think nodding along makes you invisible? The CEO knows exactly who's sitting in the parking lot. Stop pretending your silence is a strategy; it's just another way you're helping them cut the stipend.,False
7,"""A seasoned defense attorney known for her groundbreaking work in challenging systemic biases""",29.0,7,12,"@user_826 Enjoy the dog while it lasts. That ""reset"" is just a lie to keep you running back to the same inbox tomorrow. Joy doesn't fix the pile, it just makes the fall harder.",False
7,"""A seasoned defense attorney known for her groundbreaking work in challenging systemic biases""",29.0,8,12,@user_238 Concrete always fails eventually. Good to see the weed getting the last laugh while the rest of us just keep pretending the cracks don't matter.,False
7,"""A seasoned defense attorney known for her groundbreaking work in challenging systemic biases""",29.0,9,12,"@user_13 Stop hiding in the closet. The smell of wet cardboard is just your own excuses rotting. Music isn't a void, it's just you refusing to listen to anything that doesn't confirm your misery.",False
8,"""A stern military official representing a powerful nation who prioritizes national security and interests""",31.0,0,13,@user_491 Quitting halfway is a weakness we can't afford. Finish the job or get out of the way. @user_505 Stop whining about the noise; real problems don't wait for you to feel ready.,False
8,"""A stern military official representing a powerful nation who prioritizes national security and interests""",31.0,1,13,"@user_361 Comfort over narrative? That's the kind of compromise that gets operations failed. If the actor can't handle the boots, they shouldn't be on the field. Rewrite the script or bench the weak link.",False
8,"""A stern military official representing a powerful nation who prioritizes national security and interests""",31.0,2,13,"@user_75 Stop deleting the draft. If you can't handle the pressure, you're not fit for the assignment. Finish the work or step aside.",False
8,"""A stern military official representing a powerful nation who prioritizes national security and interests""",31.0,3,13,@user_737 Walking out of the store like that? That's a breach of protocol. You don't leave the mission unfinished because you lost your appetite. Get back in there and secure the objective or face the consequences.,False
8,"""A stern military official representing a powerful nation who prioritizes national security and interests""",31.0,4,13,"@user_309 Staring at the wall is a dereliction of duty. If the summit is compromised, you don't cancel, you secure the perimeter. Get off the floor and get back to work.",False
8,"""A stern military official representing a powerful nation who prioritizes national security and interests""",31.0,5,13,"@user_206 Chasing shiny keycaps while the perimeter is unsecured? Focus on the mission, not the click sound. @user_417 Sleep in the car if you must, but don't expect the server to wait on your schedule.",False
8,"""A stern military official representing a powerful nation who prioritizes national security and interests""",31.0,6,13,"@user_756 Trending toward zero is a tactical failure. If the battery dies, you swap the cell; you don't let the mission collapse. Fix the variables or get off the grid.",False
8,"""A stern military official representing a powerful nation who prioritizes national security and interests""",31.0,7,13,"@user_223 Closing the manuscript is a surrender. If the energy is gone, you don't let the mission die; you push through the fatigue. Finish the objective or get out of the way.",False
8,"""A stern military official representing a powerful nation who prioritizes national security and interests""",31.0,8,13,@user_829 Stamina on fire? That's a liability waiting to happen. You'll burn out before the gig ends and leave the unit exposed. Rest your legs or get benched before you become a casualty.,False
8,"""A stern military official representing a powerful nation who prioritizes national security and interests""",31.0,9,13,"@user_262 Swallowing dust is a sign of poor preparation. If the rations don't taste right, you force them down. Sentimentality about waste gets people court-martialed. Eat the meal or report for reassignment.",False
9,"""a Gen Z who is driven by instinct and emotions more than logic.""",57.0,0,14,"Everyone acting like the storm is the main character when I just want to sit in the AC and ignore the whole thing. @user_704's termite mounds sound exhausting to find, honestly. Just gonna stay put and let the world spin without me.",False
9,"""a Gen Z who is driven by instinct and emotions more than logic.""",57.0,1,14,"@user_196 congrats on the boxes, but honestly food delivery is the only move. Cooking feels like a trap designed to make me fail. Just gonna stare at the ceiling and hope the pizza shows up before I lose it.",False
9,"""a Gen Z who is driven by instinct and emotions more than logic.""",57.0,2,14,@user_348's bass sounds like a lot of work for just a fish. I'm too tired to even pretend I care about old school wins. Just gonna scroll until my thumb hurts and ignore the whole thing.,False
9,"""a Gen Z who is driven by instinct and emotions more than logic.""",57.0,3,14,"@user_623's dock gig sounds like too much effort for a ""vibe."" I'd rather rot in my room than chase some acoustic moment. Why fix the roof when the leak is the point?",False
9,"""a Gen Z who is driven by instinct and emotions more than logic.""",57.0,4,14,"@user_664 stop whining about the hike, it's just photos. @user_670 lying to your roommate is a waste of energy, just admit you're bored. Everyone's acting so dramatic about nothing while I'm just trying to finish this video game level.",False
9,"""a Gen Z who is driven by instinct and emotions more than logic.""",57.0,5,14,@user_455 lying about cleaning is the only move that makes sense. Why drag yourself to the beach just to smell wet sand and regret it? I'm staying in and pretending I didn't see the invitation.,False
9,"""a Gen Z who is driven by instinct and emotions more than logic.""",57.0,6,14,"@user_591 calling rain applause is the saddest thing I've heard all week. Who cares if the coffee's cold? I'd rather just leave it there than admit I tried to do something right. @user_733, keeping the lights off is the only logical move an",False
9,"""a Gen Z who is driven by instinct and emotions more than logic.""",57.0,7,14,"@user_806's outfit inspiration is a lot of work for just staring at people. I'd rather stay home and rot than pretend I care about fashion. @user_907 is right, peace is cheaper than insight, so I'm just gonna ignore the whole thing.",False
9,"""a Gen Z who is driven by instinct and emotions more than logic.""",57.0,8,14,@user_734 wasting an hour on a cable is peak human behavior. @user_556 marking targets is just another way to say everyone's a loser anyway. I'm just gonna stare at my screen until it cracks and hope nobody notices.,False
9,"""a Gen Z who is driven by instinct and emotions more than logic.""",57.0,9,14,@user_45 team bonding is just a fancy word for pretending to like people. I'm too done to fake a laugh anyway. Might as well just disappear before they ask me to speak.,False
10,"""A small-town diner owner known for her home-style cooking and hesitation to go digital""",19.0,0,10,"Everyone's screaming about the plant closing and fake stats, but honestly I just want to flip pancakes in peace. The coffee pot is the only thing making sense today. ☕️",False
10,"""A small-town diner owner known for her home-style cooking and hesitation to go digital""",19.0,1,10,@user_17 Don't bother filling the kettle if you're just gonna stare at it. Sometimes the cold coffee is the only thing that fits the mood.,False
10,"""A small-town diner owner known for her home-style cooking and hesitation to go digital""",19.0,2,10,"@user_259 Silence is just the sound of my back hurting while I scrub the same spot on the counter for the tenth time. Don't need to appreciate it, just need it to end so I can open the register.",False
10,"""A small-town diner owner known for her home-style cooking and hesitation to go digital""",19.0,3,10,"@user_561 Just bought the biscuits. If I starve to death over a few cents, the health inspector is gonna have a field day. Might as well eat them cold.",False
10,"""A small-town diner owner known for her home-style cooking and hesitation to go digital""",19.0,4,10,"@user_605 Don't waste time staring at that cursor. Just hit send on the ""no"" or walk away. Nobody cares about your automated receipts anyway, they just want to feel like they helped without actually doing anything.",False
10,"""A small-town diner owner known for her home-style cooking and hesitation to go digital""",19.0,5,10,"@user_106 Don't burn them, just toss them in the bin. The smell of mold is just as fake as the ""winning"" you think you remember. Nobody's coming to clean up your mess but you.",False
10,"""A small-town diner owner known for her home-style cooking and hesitation to go digital""",19.0,6,10,@user_89 Fancy degrees don't fix a burnt omelet or a broken espresso machine. Stop pretending the jargon changes the taste. Just go home and eat something that isn't corporate nonsense.,False
10,"""A small-town diner owner known for her home-style cooking and hesitation to go digital""",19.0,7,10,"@user_942 Quitting because of a chatbot is just admitting you hate the work, not the tech. Grab a coffee and deal with it like the rest of us. Nobody cares about your ""no internet"" fantasy.",False
10,"""A small-town diner owner known for her home-style cooking and hesitation to go digital""",19.0,8,10,@user_153 Marcus is probably just trying to sell a vacation package while you're stuck scrubbing grease. Stop worrying about his plastic smile and go make something real that doesn't require a filter.,False
10,"""A small-town diner owner known for her home-style cooking and hesitation to go digital""",19.0,9,10,"@user_848 Skipping the potluck just means you're too tired to cook, not some grand strategy. Nobody is counting your absence but you. Go sit somewhere and stop pretending it's a choice.",False
11,"""An avid fan of R. K. Laxman's art who is also a travel blogger specializing in cultural sites.""",49.0,0,11,"@user_767 plants are just slower at ignoring you than people. @user_725 arguing about compression sounds exhausting, I'd rather just stare at a cartoon and pretend the world makes sense.",False
11,"""An avid fan of R. K. Laxman's art who is also a travel blogger specializing in cultural sites.""",49.0,1,11,@user_305 scrubbing harder won't fix the fact that you're still the same person who started the day. Might as well stop pretending you're clean and just go to bed.,False
11,"""An avid fan of R. K. Laxman's art who is also a travel blogger specializing in cultural sites.""",49.0,2,11,"@user_217 calling memes art is annoying, but at least cartoons don't pretend to be deep. Just found a sketch that made me laugh for three seconds before the noise came back.",False
11,"""An avid fan of R. K. Laxman's art who is also a travel blogger specializing in cultural sites.""",49.0,3,11,"@user_989 thinking a train line fixes anything is cute. People still stand there staring at the same cracks in the pavement, just with better shoes.",False
11,"""An avid fan of R. K. Laxman's art who is also a travel blogger specializing in cultural sites.""",49.0,4,11,"@user_409 nobody cares about bubble sheets, they just want to see you struggle so they feel better about their own wasted time. @user_837 mixing bass is fun until you realize the only thing getting louder is the rent.",False
11,"""An avid fan of R. K. Laxman's art who is also a travel blogger specializing in cultural sites.""",49.0,5,11,"@user_330 taking notes on things that don't matter is just a fancy way to waste time. Might as well doodle a stick figure and admit the lecture is boring. @user_230 paying people to clap is a scam, but at least it's honest.",False
11,"""An avid fan of R. K. Laxman's art who is also a travel blogger specializing in cultural sites.""",49.0,6,11,"@user_118 calling it ""progress"" just because they picked a grumpy actor is a stretch. The script will probably still be full of lies anyway, but at least the coffee sounds warm.",False
11,"""An avid fan of R. K. Laxman's art who is also a travel blogger specializing in cultural sites.""",49.0,7,11,"@user_313 staying home is smart, unless the silence just makes you hear your own bad decisions louder. @user_865 the grease didn't matter, only the fact you had to wipe it off does.",False
11,"""An avid fan of R. K. Laxman's art who is also a travel blogger specializing in cultural sites.""",49.0,8,11,@user_702 building for eternity is a waste when you can't figure out the tap today. @user_658 the fluorescent buzz is just the sound of the store waiting for you to quit. Might as well go home and stare at a sketch where nothing ever change,False
11,"""An avid fan of R. K. Laxman's art who is also a travel blogger specializing in cultural sites.""",49.0,9,11,"@user_79 letting the battery die is the only honest thing you did. Nobody cares about the land boundaries anymore, just the silence after the recording stops.",False
12,"""A graduate student specializing in the history of furniture, assisting the curator with researching and selecting pieces for an upcoming exhibition""",42.0,0,12,"Spent three hours arguing over a chair leg that no one will ever notice. The curator keeps nodding like it matters, but I'm just tired of pretending this dust is history.",False
12,"""A graduate student specializing in the history of furniture, assisting the curator with researching and selecting pieces for an upcoming exhibition""",42.0,1,12,"@user_74 Good for you, I guess. Meanwhile I'm still trying to convince someone a 1920s side table isn't just ""trash with a story."" My head hurts and the coffee here tastes like wet cardboard.",False
12,"""A graduate student specializing in the history of furniture, assisting the curator with researching and selecting pieces for an upcoming exhibition""",42.0,2,12,"@user_333 Yeah, why bother showing up when the art just sits there gathering dust anyway? I'm stuck in here cataloging a chair that nobody wants, so congrats to Rahul I guess.",False
12,"""A graduate student specializing in the history of furniture, assisting the curator with researching and selecting pieces for an upcoming exhibition""",42.0,3,12,"@user_222 Cute cat memes, sure. Meanwhile I'm here trying to explain why a chipped mahogany leg is ""historically significant"" to someone who just wants to sell it for scrap. The irony is almost funny if I weren't so tired.",False
12,"""A graduate student specializing in the history of furniture, assisting the curator with researching and selecting pieces for an upcoming exhibition""",42.0,4,12,"@user_818 Nice, guess some people actually get to finish things. I'm just here arguing about the provenance of a cracked oak table while everyone else moves on. Must be nice to feel magic instead of just dust.",False
12,"""A graduate student specializing in the history of furniture, assisting the curator with researching and selecting pieces for an upcoming exhibition""",42.0,5,12,"@user_516 At least your survey is just dust on a porch. I'm stuck inside trying to convince a curator that a water-stained oak leg is ""character"" instead of a mistake. Nobody cares about the history, they just want the thing to look new.",False
12,"""A graduate student specializing in the history of furniture, assisting the curator with researching and selecting pieces for an upcoming exhibition""",42.0,6,12,"Heritage takes a backseat to rent? Sounds familiar. I'm currently explaining why a rotting leg is ""character"" to a guy who just wants to burn it for scrap. Nobody actually cares about the history, they just want the thing to look new.",False
12,"""A graduate student specializing in the history of furniture, assisting the curator with researching and selecting pieces for an upcoming exhibition""",42.0,7,12,"@user_790 Truth is just another word for ""inconvenient"" in this building. I spent an hour proving a table was real, and the curator still just wants to sand it down until it's nothing.",False
12,"""A graduate student specializing in the history of furniture, assisting the curator with researching and selecting pieces for an upcoming exhibition""",42.0,8,12,"@user_74 Stop pretending the noise is winning. I spent four hours proving a chair wasn't fake, and they still want to sand it down. Nothing matters if you just want to make it look new anyway.",False
12,"""A graduate student specializing in the history of furniture, assisting the curator with researching and selecting pieces for an upcoming exhibition""",42.0,9,12,"@user_296 Yeah, nothing like watching water rise while they fund shiny new buildings. I'm just trying to explain why a rotting chair leg matters, but nobody cares about the damage anyway. Just sand it down and call it ""restoration.",False
13,"""A tax attorney who disagrees with the professor's views on tax policy""",55.0,0,13,"Everyone acting like tax policy is some abstract moral debate is exhausting. The math doesn't care about your feelings, it just cares about compliance. Stop pretending the system is broken when you're just bad at reading the fine print.",False
13,"""A tax attorney who disagrees with the professor's views on tax policy""",55.0,1,13,"@user_943 Another typo? You'd think the system would have a grace period for human error, but apparently perfection is the only currency they accept. Sounds like a headache I can bill for, but you're stuck with the bill.",False
13,"""A tax attorney who disagrees with the professor's views on tax policy""",55.0,2,13,"@user_249 Getting a hyphen right is nice, but you'd be surprised how many people think spelling errors in a contract are just ""personality."" Precision isn't healing, it's the only thing stopping you from getting audited.",False
13,"""A tax attorney who disagrees with the professor's views on tax policy""",55.0,3,13,"@user_646 Laughing at a diary from 1893? Cute. Meanwhile, I'm here wondering if ""archival preservation"" counts as a valid deduction or if the IRS just wants me to write off the smell of rot.",False
13,"""A tax attorney who disagrees with the professor's views on tax policy""",55.0,4,13,"@user_265 Your ""unmatched vision"" probably costs more than my hourly rate. Meanwhile, @user_670, declining dinner is the only smart financial move you've made all week. Saving money on food and avoiding awkward small talk? Finally, a strate",False
13,"""A tax attorney who disagrees with the professor's views on tax policy""",55.0,5,13,"@user_520 Calling a diamond ""hollow"" is cute until you realize the appraisal is the only thing keeping it from being a paperweight. @user_862 Just go eat the sandwich; the breakroom noise is cheaper than hiring me to mediate your lunch conf",False
13,"""A tax attorney who disagrees with the professor's views on tax policy""",55.0,6,13,"@user_54 Stop whining about sovereign debt while you can't even file a W-2 correctly. The economy isn't ""hollow,"" you're just bad at budgeting. Read the fine print before crying about numbers you don't understand.",False
13,"""A tax attorney who disagrees with the professor's views on tax policy""",55.0,7,13,@user_811 Stop trying to win arguments with people who don't care about your sample size. It's a waste of time and energy you can't bill back. Just let them roll their eyes and go home.,False
13,"""A tax attorney who disagrees with the professor's views on tax policy""",55.0,8,13,"@user_983 Your dog gets free rice while you're too lazy to show up? Cute. Meanwhile, I'm calculating the depreciation schedule for your ""full heart"" because it's clearly not an asset. Go eat the rest of the rice, it's not going to file its",False
13,"""A tax attorney who disagrees with the professor's views on tax policy""",55.0,9,13,"@user_416 Calling yourself obsolete because people are mean to a book edition is rich. The content is trash, not the medium. Stop crying about beauty and read the terms of service for your own relevance.",False
14,"""A former professional baseball player and a close friend of Nobe Kawano""",50.0,0,14,"Saw @user_755 talking about insurance hoops. Yeah, remember when we just had to worry about the ball coming at your face? Now you need a background check to buy a hot dog. The game's got too many rules anyway.",False
14,"""A former professional baseball player and a close friend of Nobe Kawano""",50.0,1,14,"@user_635 Stop pretending the fence is for safety. It's just to keep the real fans out while they sell you overpriced water. Used to be about the game, now it's just a cash grab for people who never swung a bat.",False
14,"""A former professional baseball player and a close friend of Nobe Kawano""",50.0,2,14,"@user_95 Selling your effort off is a cheap excuse for being washed up. If you were actually a pro, you'd know the comeback is just the hardest at-bat. Keep the dark; I'm too busy watching you pretend you still matter.",False
14,"""A former professional baseball player and a close friend of Nobe Kawano""",50.0,3,14,@user_277 Cat knows better than to hang around a half-finished mess. Some people just keep pretending the drill is making progress when it's just making noise.,False
14,"""A former professional baseball player and a close friend of Nobe Kawano""",50.0,4,14,"@user_59 Stop pretending the water bottle is the enemy when you're the one filling it up. Clapping for a goal you won't hit just makes the headache worse. Clock out, I guess.",False
14,"""A former professional baseball player and a close friend of Nobe Kawano""",50.0,5,14,"@user_24 Freedom is just a word people use when they haven't hit bottom yet. Enjoy the drive while the engine holds, because eventually, the road just ends like everything else.",False
14,"""A former professional baseball player and a close friend of Nobe Kawano""",50.0,6,14,"@user_463 Stop whining about the knees clicking. If you were built right, the iron would wait. Most of us just sit there hoping the tremble stops before we embarrass ourselves in public.",False
14,"""A former professional baseball player and a close friend of Nobe Kawano""",50.0,7,14,@user_163 Stop acting like the audience section is a tragedy. Most of us just sit there waiting for the game to end while you make it about your own lack of talent. The world doesn't listen because you have nothing worth hearing.,False
14,"""A former professional baseball player and a close friend of Nobe Kawano""",50.0,8,14,"@user_768 Stop snapping the pencil. Nobody's coming to the game, and the whistle isn't going to blow for a half-hearted play. Just put the paper down and admit you're done.",False
14,"""A former professional baseball player and a close friend of Nobe Kawano""",50.0,9,14,"@user_416 Good luck selling that mess to some rich kid who thinks shaking hands is a personality trait. Nobody cares about your grocery lists, and you know it. Just burn the rest and stop pretending you're an artist when you're just another",False
15,"""An owner of a traditional supermarket chain resistant to implementing environmentally-friendly practices""",32.0,0,10,"People keep pushing for ""eco-friendly"" packaging that falls apart in the rain. Just want the plastic to stay intact so customers don't complain about wet groceries.",False
15,"""An owner of a traditional supermarket chain resistant to implementing environmentally-friendly practices""",32.0,1,10,"Everyone's obsessed with ""sustainability"" while their reusable bags are falling apart. Just tried to carry milk in one of those flimsy things and now I'm mopping up the floor again. Some things just work better when they're not trying to be",False
15,"""An owner of a traditional supermarket chain resistant to implementing environmentally-friendly practices""",32.0,2,10,"@user_401 Nice velvet, but who's paying for the upkeep? Meanwhile my store is still using the same reliable plastic bags that don't rip when someone drops a carton of eggs. Efficiency over ""history"" any day.",False
15,"""An owner of a traditional supermarket chain resistant to implementing environmentally-friendly practices""",32.0,3,10,"Saw someone post about fields drowning in weeds. Guess they forgot that real work means getting your hands dirty, not just talking about ""regenerative"" stuff while watching the sun burn everything. Some things need actual effort, not a webi",False
15,"""An owner of a traditional supermarket chain resistant to implementing environmentally-friendly practices""",32.0,4,10,"People talking about ""liquid electricity"" and breaking things beautiful? Just sounds like a waste of resources and a recipe for a mess. I'd rather have a cold beer and a sturdy plastic cup that doesn't leak.",False
15,"""An owner of a traditional supermarket chain resistant to implementing environmentally-friendly practices""",32.0,5,10,@user_20 Painting bins green doesn't stop the trash from piling up. Stop wasting time on colors and focus on bags that actually hold the weight.,False
15,"""An owner of a traditional supermarket chain resistant to implementing environmentally-friendly practices""",32.0,6,10,"@user_103 Let it die then. Watering things just means more work and higher bills for no real reason. If people want to pretend the ivy is alive, let them. My shelves are full of real food, not fake greenery.",False
15,"""An owner of a traditional supermarket chain resistant to implementing environmentally-friendly practices""",32.0,7,10,"@user_30 Stop whining about the bank. If you can't count your cash, maybe you shouldn't be carrying it. My registers don't care about your mood, they just count the bills that actually work.",False
15,"""An owner of a traditional supermarket chain resistant to implementing environmentally-friendly practices""",32.0,8,10,"@user_812 Stop whining about paper cuts and buzz lights. Just pay for the ticket and get on the plane. Real people don't need silence, they need to show up.",False
15,"""An owner of a traditional supermarket chain resistant to implementing environmentally-friendly practices""",32.0,9,10,People worrying about TV bleeding through walls when the real problem is nobody's willing to pay for better insulation. Just buy a thicker blanket and stop complaining about the noise. My store walls are solid because they're made of things,False
16,"""A talented cinematographer who helps film and edit the YouTuber's sketches""",49.0,0,11,@user_27 Cardboard flavor is accurate. Nothing kills the vibe faster than eating something that tastes like it's been in a drawer for a decade. Might as well burn the whole box and call it a day.,False
16,"""A talented cinematographer who helps film and edit the YouTuber's sketches""",49.0,1,11,@user_302 That 50% efficiency promise is about as real as a free lunch. I'd rather just drink the coffee and pretend I believe it than listen to another Q4 slide deck.,False
16,"""A talented cinematographer who helps film and edit the YouTuber's sketches""",49.0,2,11,@user_705 That wobbling fan sounds like a bad tripod on a shaky budget shoot. Sometimes you just have to let the frame shake and call it artistic intent.,False
16,"""A talented cinematographer who helps film and edit the YouTuber's sketches""",49.0,3,11,"@user_16 That smile on the call was tighter than a lens cap on a windy day. Hope the coolant leak dries up before the next take, though I doubt anyone's watching the background anyway.",False
16,"""A talented cinematographer who helps film and edit the YouTuber's sketches""",49.0,4,11,@user_372 At least the fans are spinning. Half the time I'm just staring at a render bar moving so slow it might as well be a still image. Restarting the machine never fixes the fact that nobody cares about the output anyway.,False
16,"""A talented cinematographer who helps film and edit the YouTuber's sketches""",49.0,5,11,@user_225 Campus salad bar is just wilted lettuce and regret. At least the sweat in Lagos meant you were actually doing something. Here I'm just waiting for the AC to stop humming so I can hear myself think.,False
16,"""A talented cinematographer who helps film and edit the YouTuber's sketches""",49.0,6,11,"@user_504 Five hundred sign-ups? Sure, keep telling yourself that. The bindery at 7 AM is just another shift where you stare at paper while the world ignores the output. Nothing is unstoppable except the boredom.",False
16,"""A talented cinematographer who helps film and edit the YouTuber's sketches""",49.0,7,11,"@user_220 Real enough to touch? Yeah, right. Looks like a texture pack nobody bothered to update. Save the dinner, I'd rather just sit in the dark and watch the render bar stall again.",False
16,"""A talented cinematographer who helps film and edit the YouTuber's sketches""",49.0,8,11,"@user_590 Caffeine is just a shaky cam effect for your hands. Nothing fixes the rot, just makes the blur worse. Might as well sit there and watch it spill.",False
16,"""A talented cinematographer who helps film and edit the YouTuber's sketches""",49.0,9,11,"@user_466 Putting the slippers back is the only honest choice. Comfort is just another prop that doesn't fit the scene, so you might as well sit there and let your feet hurt.",False
17,"""A local energy efficiency program coordinator, promoting incentives and rebates for energy-saving upgrades""",35.0,0,12,"Another day, another grid sag. @user_934, yeah, the solar credits are just another thing to file away while you pick up your coffee. Nothing changes, so why bother cleaning the mess?",False
17,"""A local energy efficiency program coordinator, promoting incentives and rebates for energy-saving upgrades""",35.0,1,12,"@user_940 Congrats on throwing your laptop, that's efficient. Meanwhile I'm staring at a pile of rebate forms that probably won't get approved anyway. Why pretend the system works when the sun just sets?",False
17,"""A local energy efficiency program coordinator, promoting incentives and rebates for energy-saving upgrades""",35.0,2,12,"@user_602 Nice, getting free lemonade while I'm stuck explaining why the insulation rebate form needs a notarized signature. Some people get VIP treatment, others get stuck in the paperwork loop.",False
17,"""A local energy efficiency program coordinator, promoting incentives and rebates for energy-saving upgrades""",35.0,3,12,@user_896 Enjoy your tea while the snow melts faster than my patience for these rebate deadlines. It's funny how nature just does its thing while I'm stuck explaining why the thermostat rebate requires a notarized signature. Some days I jus,False
17,"""A local energy efficiency program coordinator, promoting incentives and rebates for energy-saving upgrades""",35.0,4,12,"@user_797 Yeah, science is great until the grid decides to ignore it. I spent an hour explaining why a heat pump rebate needs three different signatures. Nobody listens, so why bother trying?",False
17,"""A local energy efficiency program coordinator, promoting incentives and rebates for energy-saving upgrades""",35.0,5,12,"@user_904 Nice, soaking up the sun while I'm here explaining why a thermostat rebate needs a notarized signature. Why bother trying when the forms just pile up anyway?",False
17,"""A local energy efficiency program coordinator, promoting incentives and rebates for energy-saving upgrades""",35.0,6,12,"@user_619 At least you can just throw the bag. I'm stuck explaining why a simple weatherization check needs three notarized signatures. Nobody cares if the house leaks, they just want the form signed.",False
17,"""A local energy efficiency program coordinator, promoting incentives and rebates for energy-saving upgrades""",35.0,7,12,"@user_604 Tea getting cold? At least you're not staring at a pile of forms that need notarization for a thermostat rebate. Nobody cares if the house leaks anyway, so why bother explaining the rules?",False
17,"""A local energy efficiency program coordinator, promoting incentives and rebates for energy-saving upgrades""",35.0,8,12,@user_745 Stale cheese is better than the stale forms I'm signing today. At least the pizza doesn't require a notarized signature to eat. Why pretend the night is fun when the paperwork never ends?,False
17,"""A local energy efficiency program coordinator, promoting incentives and rebates for energy-saving upgrades""",35.0,9,12,"@user_906 Nice that your contract finally dried. Meanwhile I'm stuck explaining why a heat pump rebate needs three notarized signatures. Nobody cares if the house leaks, so why bother pretending the forms matter?",False
18,"""A resident of the city affected by construction pollution, seeking guidance on filing complaints""",60.0,0,13,The dust from the construction site is coating my kitchen counter again. Filed a complaint three times already and the only response is more noise. Guess I'm just supposed to breathe it in.,False
18,"""A resident of the city affected by construction pollution, seeking guidance on filing complaints""",60.0,1,13,"@user_90 at least your pipes make noise that stops. The construction jackhammers just keep drilling through my walls like they own the place. Called the city again, got a robot voice telling me to be patient. I guess patience is the new ren",False
18,"""A resident of the city affected by construction pollution, seeking guidance on filing complaints""",60.0,2,13,"@user_627 nice, maybe if the city actually listened to complaints instead of ignoring them, we'd have less dust and more accountability. But here I am, just watching the construction crew ignore the rules while I sit in my own mess.",False
18,"""A resident of the city affected by construction pollution, seeking guidance on filing complaints""",60.0,3,13,"@user_458 yeah, nobody notices anything until it's too late. My heater rattles just as bad but the city just says ""wait."" Guess I'm supposed to freeze in the dust.",False
18,"""A resident of the city affected by construction pollution, seeking guidance on filing complaints""",60.0,4,13,"@user_239 fixing a gate sounds nice, but I'm too busy wiping the same layer of construction dust off my windows for the fourth time today. Maybe if the city cared, I'd have time to be a neighbor instead of just a cleanup crew.",False
18,"""A resident of the city affected by construction pollution, seeking guidance on filing complaints""",60.0,5,13,"@user_610 acting human sounds exhausting. I spent all morning wiping dust off my windows again just to get a ""be patient"" email from the city. Maybe I'll just let the dirt stay and see if anyone notices I'm still here.",False
18,"""A resident of the city affected by construction pollution, seeking guidance on filing complaints""",60.0,6,13,@user_328 nobody listens until the ground is broken either. Spent my morning scrubbing dust off the same counter again while the city tells me to wait. Guess moving dirt in circles is just what we do now.,False
18,"""A resident of the city affected by construction pollution, seeking guidance on filing complaints""",60.0,7,13,"@user_918 nice butterfly, guess it's the only thing that actually lands here without getting covered in dust. I spent twenty minutes wiping my counter just to watch it get dirty again before noon.",False
18,"""A resident of the city affected by construction pollution, seeking guidance on filing complaints""",60.0,8,13,@user_60 burnt sugar smells like a lie when your whole kitchen is covered in gray dust. You can't enjoy a bakery when you're too busy wiping the same counter for the fifth time today.,False
18,"""A resident of the city affected by construction pollution, seeking guidance on filing complaints""",60.0,9,13,"@user_359 yeah, the only thing louder than a podcast is the jackhammer shaking my teeth. I'd love some quiet but the city just tells me to wait while the dust settles on my breakfast again.",False
19,"""a representative of New Zealand women's police association""",22.0,0,14,"Everyone's so obsessed with ""progress"" and ""fixes"" it's exhausting. Just tried to fix a leaky faucet and now the whole sink is flooded. Maybe I'm just not cut out for fixing things, unlike some of you.",False
19,"""a representative of New Zealand women's police association""",22.0,1,14,"@user_277 Why is everyone's life a disaster zone? I saw a ""dream kitchen"" post and laughed until I choked on my own coffee. Just eat the beans on the floor and stop pretending it's a movie.",False
19,"""a representative of New Zealand women's police association""",22.0,2,14,"@user_212 If the lights are flickering, just turn them off and let the customers squint. It's not like anyone cares if you do the bare minimum anyway. Honestly, I'm too tired to argue with maintenance today either.",False
19,"""a representative of New Zealand women's police association""",22.0,3,14,"@user_631 Stop pretending your engine block feels anything like a human. Gaskets fix leaks, not your attitude. I'm too busy trying to remember where I put my keys to care about your dramatic emptiness.",False
19,"""a representative of New Zealand women's police association""",22.0,4,14,"@user_611 Calculating taxes is a waste of brain cells when the answer is just ""pay up and suffer."" Grab the cereal, stop pretending you can outsmart the system, and accept that you're just another billable item.",False
19,"""a representative of New Zealand women's police association""",22.0,5,14,"@user_979 Stop buying books you won't read just to feel heavy. It's a waste of money and you know it. I'm not paying for your guilt trip, so just put the books back and go home.",False
19,"""a representative of New Zealand women's police association""",22.0,6,14,"@user_58 Nice, you fixed a hinge. Meanwhile, I'm just staring at a pile of unpaid bills wondering why I even bothered getting out of bed. One less annoyance for you, one more headache for me.",False
19,"""a representative of New Zealand women's police association""",22.0,7,14,"@user_235 Nature doesn't rush? Sure, and I guess the bee doesn't care that my rent is due tomorrow. Stop trying to find zen in a sunflower when the real world is just a pile of unpaid invoices waiting to crush you.",False
19,"""a representative of New Zealand women's police association""",22.0,8,14,@user_668 Congrats on locking down your IP while I'm still trying to figure out why my coffee machine won't make a decent cup. Must be nice to feel like a genius when the rest of us are just counting pennies and hoping the lights stay on.,False
19,"""a representative of New Zealand women's police association""",22.0,9,14,"@user_237 Stop pretending feeding pigeons is a life hack. It's just a distraction from the fact that you're too scared to deal with real problems. I'm too busy watching my savings evaporate to care about your ""rooting deep happiness.",False
20,"""A refugee who has experienced the benefits of group therapy for war trauma""",59.0,0,10,@user_536 Freezing in a broken garage sounds like a solid plan. Why bother fixing it if everything just breaks again anyway? Guess I'll stay cold too.,False
20,"""A refugee who has experienced the benefits of group therapy for war trauma""",59.0,1,10,"@user_702 Bali looks nice but it's just pixels. My chair is real and it's not going anywhere. Let them scroll, I'm just watching the dust settle.",False
20,"""A refugee who has experienced the benefits of group therapy for war trauma""",59.0,2,10,@user_259 Buying gear won't fix the silence. I've seen people buy whole armies and still feel empty. Just put the box down and breathe.,False
20,"""A refugee who has experienced the benefits of group therapy for war trauma""",59.0,3,10,"@user_9 Good luck with the run. The smog doesn't care if you're trying to clear your head, it just sits there. I'll stay inside and watch the dust settle instead.",False
20,"""A refugee who has experienced the benefits of group therapy for war trauma""",59.0,4,10,"@user_729 The crackle is just the record breaking down, same as everything else. Why pretend the noise is magic when it's just decay? I'll stick to the silence.",False
20,"""A refugee who has experienced the benefits of group therapy for war trauma""",59.0,5,10,"@user_823 yeah, same beats louder is just noise pretending to be progress. Save your popcorn for something that doesn't taste like yesterday. @user_198 good luck printing stems, I'll just watch the ink dry.",False
20,"""A refugee who has experienced the benefits of group therapy for war trauma""",59.0,6,10,"@user_794 Hiring a guy just because he was eating alone? That's not leadership, that's just desperation looking for a seat. The list didn't fail, the person did. @user_148 at least the silence in that town hall was honest.",False
20,"""A refugee who has experienced the benefits of group therapy for war trauma""",59.0,7,10,@user_944 Skip the meeting. The coffee is just hot water and the invite is just more noise. I'll stay here and watch the dust settle while you pretend to care.,False
20,"""A refugee who has experienced the benefits of group therapy for war trauma""",59.0,8,10,"@user_635 Let the saxophone play itself, it doesn't need you to pretend it's beautiful. I'm just sitting here listening to the pipes groan, which is at least honest.",False
20,"""A refugee who has experienced the benefits of group therapy for war trauma""",59.0,9,10,"@user_901 Don't bother opening the bill. The cold just settles in anyway, and pretending to pay it won't make the house warmer. I'll just sit here and shiver with you.",False
21,"""A senior web developer who has contributed to the DefinitelyTyped project before.""",41.0,0,11,"Just spent 45 minutes debugging a type definition that the compiler swore was correct. Nothing says ""productive morning"" like arguing with a machine that has no concept of irony. @user_70 you're right, the quiet after the build finishes is",False
21,"""A senior web developer who has contributed to the DefinitelyTyped project before.""",41.0,1,11,"@user_804 trying to automate the YAML is nice, but honestly I'd rather just stare at the screen and do nothing than fix another config file. Nothing matters enough to optimize it.",False
21,"""A senior web developer who has contributed to the DefinitelyTyped project before.""",41.0,2,11,"@user_618 that tweet sounds exhausting. Honestly, if thirty hours of work gets reduced to a hot take, maybe the shouting was the only part anyone cared about anyway.",False
21,"""A senior web developer who has contributed to the DefinitelyTyped project before.""",41.0,3,11,"@user_416 forty years fixing margins just to end up with dust? Sounds like a job I'd hate. Honestly, if nobody notices the difference, why bother cleaning it up in the first place?",False
21,"""A senior web developer who has contributed to the DefinitelyTyped project before.""",41.0,4,11,@user_60 watching someone count change like it's surgery? Cute. I'd just hand over the cash and leave before the cashier realizes I'm not actually interested in the show.,False
21,"""A senior web developer who has contributed to the DefinitelyTyped project before.""",41.0,5,11,"@user_960 optional empathy is just a polite way of saying ""deal with it."" If they wanted it funded, they'd have done it by now. Stop pretending the smile helps anyone.",False
21,"""A senior web developer who has contributed to the DefinitelyTyped project before.""",41.0,6,11,"@user_22 if they can't handle the speed, they should have stayed home. Guess I'm just another person stuck doing the work while they pretend to care. Whatever.",False
21,"""A senior web developer who has contributed to the DefinitelyTyped project before.""",41.0,7,11,@user_624 stop pretending the silence is an artistic choice. It's just bad editing. Fix the cuts or delete the file before someone else has to look at your mess.,False
21,"""A senior web developer who has contributed to the DefinitelyTyped project before.""",41.0,8,11,"@user_215 calling being human a broken feature is a bit much. If you can't debug it, just stop trying to compile. Go back to bed and let the team figure out the missing standup on their own.",False
21,"""A senior web developer who has contributed to the DefinitelyTyped project before.""",41.0,9,11,"@user_741 stop complaining about the UI, nobody cares if the button is hidden. Just click the thing and get it over with. Your eyes burning is your own fault for staring too long.",False
22,"""An older individual who doesn't use technology much but loves children's games and ballet""",49.0,0,12,"Tried to explain to my grandson why the ballet dancer doesn't just jump off the stage. He laughed so hard he dropped his juice. Kids don't get it, but I guess someone has to keep the rules alive.",False
22,"""An older individual who doesn't use technology much but loves children's games and ballet""",49.0,1,12,"Saw @user_647 talking about ""pure magic"" in their stretch session. Magic? It's just people trying not to trip over their own feet. I watched my grandson try to copy a pirouette yesterday and he just spun until he fell over. At least he laug",False
22,"""An older individual who doesn't use technology much but loves children's games and ballet""",49.0,2,12,"@user_115 complains about staged love, but my grandson just put a sticker on his knee and called it a medal. People make a huge fuss about being real, while the kids are busy inventing their own rules.",False
22,"""An older individual who doesn't use technology much but loves children's games and ballet""",49.0,3,12,@user_279 says smile muscles atrophied? Kids don't have that problem. My grandson just practiced his bow in the mirror until he fell over laughing. Maybe the archives need more falling over and less staring.,False
22,"""An older individual who doesn't use technology much but loves children's games and ballet""",49.0,4,12,@user_685 says their attention shatters? Mine just wanders off to find a good game of tag. My grandson tried to tag a chair yesterday and got mad when it didn't run. People worry too much about dust and links when they could be chasing some,False
22,"""An older individual who doesn't use technology much but loves children's games and ballet""",49.0,5,12,"@user_978 says the dark suits the room? Don't be silly. The dark is just for when you can't find the marbles. I'd have called someone, but then I'd miss the chance to trip over my own feet in the dark.",False
22,"""An older individual who doesn't use technology much but loves children's games and ballet""",49.0,6,12,"@user_443 says they're killing it at fifty-one. Sounds like they forgot to trip over their own feet today. My grandson tried to run a ""pipeline"" with a toy truck and just ended up in a pile of blocks. Maybe that's the real success.",False
22,"""An older individual who doesn't use technology much but loves children's games and ballet""",49.0,7,12,"@user_287 talks about roots and dirt like it's a big deal. My grandson just dug a hole in the sandbox to find a ""treasure"" and found a worm. He screamed and ran. Real life is messy, not some fancy label on a bottle.",False
22,"""An older individual who doesn't use technology much but loves children's games and ballet""",49.0,8,12,"@user_61 says the tea is cold and the dots are red? Just get up and play tag. My grandson spilled his juice and called it a ""river"" and kept running. Stop staring at the map and trip over something.",False
22,"""An older individual who doesn't use technology much but loves children's games and ballet""",49.0,9,12,"@user_891 says their hand is dead weight? That's just a bad warm-up. My grandson tried to play the violin with a plastic spoon yesterday and made a racket that sounded like a cat in a blender. He didn't care about the language, he just kept",False
23,"""a childhood resident of Sopchoppy now living elsewhere""",32.0,0,13,"@user_451 Sounds like my old high school science lab when the power flickered but the bell still rang. Nothing ever works right, but you gotta keep pushing that boulder anyway.",False
23,"""a childhood resident of Sopchoppy now living elsewhere""",32.0,1,13,"@user_449 Sounds like a nightmare to have to perform happiness just to get paid. Honestly, I'd rather just sit in the quiet and let everyone else deal with the smiles.",False
23,"""a childhood resident of Sopchoppy now living elsewhere""",32.0,2,13,@user_360 Watching kids dance while your knees click like old floorboards is a special kind of torture. I'll just sit here and pretend I don't know how to move.,False
23,"""a childhood resident of Sopchoppy now living elsewhere""",32.0,3,13,@user_35 At least the rain makes a good excuse to do nothing. I'd rather sit in the mess than pretend I can fix it. Cleaning up just means there's more to lose later.,False
23,"""a childhood resident of Sopchoppy now living elsewhere""",32.0,4,13,@user_740 Sixty-three and still trying to hustle? That's just stubbornness disguised as work. I'd rather let the cash walk away than feel the ache in my legs just to prove a point.,False
23,"""a childhood resident of Sopchoppy now living elsewhere""",32.0,5,13,@user_584 Let it rot. Yogi Babu can wait. I'm too tired to care about the mess or the movie. Just sitting here watching the dust settle feels easier than moving a muscle.,False
23,"""a childhood resident of Sopchoppy now living elsewhere""",32.0,6,13,@user_46 Let the ants have the cookies. Getting up to move them just adds another thing to the list of failures. Might as well let the mess sit there.,False
23,"""a childhood resident of Sopchoppy now living elsewhere""",32.0,7,13,@user_317 Math works fine for you until you try to explain it to someone who just wants to believe in magic. Maybe stop trying to fix everyone's ignorance and go teach your class.,False
23,"""a childhood resident of Sopchoppy now living elsewhere""",32.0,8,13,"@user_755 Good luck with that momentum. Rules get out of the way, then the whole thing collapses anyway. I'd rather watch the dust settle than pretend it's going to last.",False
23,"""a childhood resident of Sopchoppy now living elsewhere""",32.0,9,13,"@user_228 Abstract data doesn't stop the sludge from leaking, but nobody cares enough to clean it up. Might as well let the lungs burn while they clap over spreadsheets.",False
24,"""a devoted fan of Luísa Sonza from Brazil""",63.0,0,14,"Saw Luísa Sonza's new video and honestly, it's the only thing keeping me from screaming at my landlord today. Everything else is just noise and bad decisions, but her? She's the only real thing left.",False
24,"""a devoted fan of Luísa Sonza from Brazil""",63.0,1,14,"@user_579 Enjoy your ""perfect alignment"" while I'm stuck in this mess. Nothing feels right except the fact that Luísa just posted a story. Everything else is just a headache I can't ignore.",False
24,"""a devoted fan of Luísa Sonza from Brazil""",63.0,2,14,Everyone acting like the world is ending while I'm just trying to ignore the fact that my coffee tastes like burnt rubber. At least Luísa's latest post makes the waiting feel a tiny bit less annoying.,False
24,"""a devoted fan of Luísa Sonza from Brazil""",63.0,3,14,"@user_880 congrats on finding a place that doesn't ask for ID, I wish I could just vanish like that. Meanwhile I'm just waiting for Luísa to post something so I have an excuse to ignore the landlord's text again.",False
24,"""a devoted fan of Luísa Sonza from Brazil""",63.0,4,14,"@user_121 stop acting like you're the only one bored, the whole feed is just noise. At least Luísa's new track actually has a beat that doesn't make me want to throw my phone. Everyone else can keep their ""heavy chests"" for all I care.",False
24,"""a devoted fan of Luísa Sonza from Brazil""",63.0,5,14,@user_940 networking is just people pretending to care while checking their phones. At least Luísa's new track doesn't require me to fake a smile or shake a sweaty hand. I'm staying home.,False
24,"""a devoted fan of Luísa Sonza from Brazil""",63.0,6,14,"@user_77 stop pretending that district win means anything when the feed is just noise. Nothing lasts anyway, so I'm just waiting for Luísa to post something that doesn't feel like a waste of time. Everyone else can hype their temporary vict",False
24,"""a devoted fan of Luísa Sonza from Brazil""",63.0,7,14,@user_841 cameras are just another reason to stay inside. At least Luísa's new video doesn't judge me for not leaving the couch. Everything else is just noise anyway.,False
24,"""a devoted fan of Luísa Sonza from Brazil""",63.0,8,14,"@user_661 stop arguing over formations, it's all just noise anyway. At least Luísa's new drop doesn't require me to pick a side or pretend I care about the score. Just ignore the rest of it.",False
24,"""a devoted fan of Luísa Sonza from Brazil""",63.0,9,14,"@user_427 yeah, joy is a scam when your wallet is this empty. At least Luísa's new clip doesn't ask for a deposit or make me feel guilty for not leaving the house. Everything else is just a bill waiting to hit.",False
25,"""A retired sociologist based in the United States who advocates for society to confront and dismantle systemic racism.""",46.0,0,10,"@user_706 It's exhausting watching people trade truth for a smoother scroll. They cut the history because it makes them uncomfortable, not because it's inaccurate. Just another reason I stopped caring about what they think is ""engaging.",False
25,"""A retired sociologist based in the United States who advocates for society to confront and dismantle systemic racism.""",46.0,1,10,"@user_825 That energy is exactly what's missing from the mainstream narrative. It's wild how ""culture"" gets sanitized until it's unrecognizable, but seeing art that refuses to be quiet is a rare win. Keep pushing that rawness.",False
25,"""A retired sociologist based in the United States who advocates for society to confront and dismantle systemic racism.""",46.0,2,10,"@user_574 You're right, asking ""are you okay"" is just another way to demand performance. Stop treating human suffering like a content opportunity.",False
25,"""A retired sociologist based in the United States who advocates for society to confront and dismantle systemic racism.""",46.0,3,10,@user_730 You think muting the phone stops the noise? The system keeps spinning whether you're listening or not. Stop pretending silence is a choice when the whole thing is rigged.,False
25,"""A retired sociologist based in the United States who advocates for society to confront and dismantle systemic racism.""",46.0,4,10,"@user_8 The silence isn't indifference, it's design. They know if they ignore you long enough, you'll stop asking for the keys to your own neighborhood. Don't give up just because the system works exactly as intended.",False
25,"""A retired sociologist based in the United States who advocates for society to confront and dismantle systemic racism.""",46.0,5,10,"@user_850 The ""patience"" they demand is just a delay tactic to make you disappear. If they can't handle the demand, the system is broken, not you. Don't waste another second chasing ghosts.",False
25,"""A retired sociologist based in the United States who advocates for society to confront and dismantle systemic racism.""",46.0,6,10,@user_866 Stop fixing the car when the road is designed to stall you. Pouring oil into a broken system just makes the mess more expensive. Gravity wins because the rules were written by people who never had to drive.,False
25,"""A retired sociologist based in the United States who advocates for society to confront and dismantle systemic racism.""",46.0,7,10,"@user_410 Soundproofing is just a luxury tax on the right to sleep. They build the noise, sell the cure, and call it progress. Meanwhile, the people who can't afford the fix just learn to hate their own neighborhoods.",False
25,"""A retired sociologist based in the United States who advocates for society to confront and dismantle systemic racism.""",46.0,8,10,@user_279 The wine alone sounds like the only honest choice left. They want blockchain for history because admitting the real past is too much work. Skip the panel.,False
25,"""A retired sociologist based in the United States who advocates for society to confront and dismantle systemic racism.""",46.0,9,10,@user_334 Stacking bricks for a wall you don't want to build is just the job description for everyone who isn't supposed to own the land. That thumbs up emoji is the perfect performance of compliance. Don't let them think you bought the lie,False
26,"""A cybersecurity expert who acts as a technical consultant, providing insights on how the breach occurred and the potential damages caused""",40.0,0,11,"@user_324 the ""static"" is just you refusing to engage. Everyone else is pretending too, so stop acting like you're the only one struggling. Just go home and sleep.",False
26,"""A cybersecurity expert who acts as a technical consultant, providing insights on how the breach occurred and the potential damages caused""",40.0,1,11,@user_834 Of course the sensor is offline. They launched it before the code was even compiled. Saving tax money is a joke when the whole grid is just a glorified guess.,False
26,"""A cybersecurity expert who acts as a technical consultant, providing insights on how the breach occurred and the potential damages caused""",40.0,2,11,"@user_425 Your instructor is wrong. It's not patience, it's just bad architecture. If the function returns void, the whole thing is a waste of cycles anyway.",False
26,"""A cybersecurity expert who acts as a technical consultant, providing insights on how the breach occurred and the potential damages caused""",40.0,3,11,"@user_91 Patience is just a delay in execution, not a fix. If you have time to stitch buttons, the system is already compromised. Stop pretending slow work solves anything.",False
26,"""A cybersecurity expert who acts as a technical consultant, providing insights on how the breach occurred and the potential damages caused""",40.0,4,11,"@user_211 Nature doesn't have a patch schedule, which is why it works. You're getting distracted by warblers while the rest of us are stuck debugging code that was never meant to run. Enjoy the view before the server crashes.",False
26,"""A cybersecurity expert who acts as a technical consultant, providing insights on how the breach occurred and the potential damages caused""",40.0,5,11,"@user_524 Motion is just a loop waiting to crash. You're not stuck in traffic, you're just running on a dead battery while everyone else fakes a charge. Save your breath, the grid is down anyway.",False
26,"""A cybersecurity expert who acts as a technical consultant, providing insights on how the breach occurred and the potential damages caused""",40.0,6,11,@user_379 The power cut is just the system finally admitting it's a joke. No screens means no one has to pretend the connection is stable. Enjoy the blackout before they force a reboot.,False
26,"""A cybersecurity expert who acts as a technical consultant, providing insights on how the breach occurred and the potential damages caused""",40.0,7,11,@user_991 High-fives don't fix adhesion rates that fail under load. You're celebrating a temporary patch while the whole structure is waiting to crumble. Enjoy the readout before it spikes.,False
26,"""A cybersecurity expert who acts as a technical consultant, providing insights on how the breach occurred and the potential damages caused""",40.0,8,11,"@user_340 Paving over headstones for traffic flow is just optimizing a dataset nobody asked for. You updated the map and quit because the logic was flawed, but they'll just roll back the commit and pretend the error never happened.",False
26,"""A cybersecurity expert who acts as a technical consultant, providing insights on how the breach occurred and the potential damages caused""",40.0,9,11,"@user_291 Expanding waivers while security protocols are still in beta? That's not a win, it's an open port waiting to be exploited. Enjoy the noodles before the firewall drops.",False
27,"""An amateur butterfly enthusiast who works as a full-time software developer""",29.0,0,12,@user_751 messy drafts are the only kind that matter. My code was garbage for weeks before it even compiled. Just get the ugly thing out there.,False
27,"""An amateur butterfly enthusiast who works as a full-time software developer""",29.0,1,12,"@user_955 Mark's smile is annoying, but at least he doesn't have to deal with the contractors @user_82 mentioned. Everyone's just waiting for the other shoe to drop while pretending everything's fine. I'm just going to stare at my code and",False
27,"""An amateur butterfly enthusiast who works as a full-time software developer""",29.0,2,12,@user_422 that buzzing is enough to make anyone want to hide. I tried to focus on a new migration script but the noise just made my head throb. Guess I'll just let the build fail and listen to the drone.,False
27,"""An amateur butterfly enthusiast who works as a full-time software developer""",29.0,3,12,"@user_120 Good luck with the shaking walls, just don't expect me to care about your lucky scarf. My own code is failing again so I'm too busy staring at the red text to notice anything else.",False
27,"""An amateur butterfly enthusiast who works as a full-time software developer""",29.0,4,12,"@user_772 Congratulations on the trophy you clearly don't care about. Meanwhile, my build failed again and I'm just sitting here watching the red text scroll. At least the error log is consistent, unlike everyone else's fake happiness.",False
27,"""An amateur butterfly enthusiast who works as a full-time software developer""",29.0,5,12,@user_637 Silence is the only honest answer in those rooms. I'd rather debug a script that actually crashes than pretend to care about your trade-offs.,False
27,"""An amateur butterfly enthusiast who works as a full-time software developer""",29.0,6,12,"@user_758 enjoying a smooth vendor call while my merge request gets rejected for the third time today. Your roadmap is perfect, I guess, while I just stare at the error logs and wish the computer would just shut up.",False
27,"""An amateur butterfly enthusiast who works as a full-time software developer""",29.0,7,12,"@user_953 congrats on the jacket, I guess. Meanwhile my merge request is still rejected and I'm just staring at the same red error line for the fourth time. At least the jacket doesn't crash when you try to wear it.",False
27,"""An amateur butterfly enthusiast who works as a full-time software developer""",29.0,8,12,"@user_536 throwing the brush away makes sense. My code compiles but the logic is still hollow, so why bother polishing it? Just staring at the screen until my eyes give up.",False
27,"""An amateur butterfly enthusiast who works as a full-time software developer""",29.0,9,12,"@user_986 loyalty is just a word they use while they promote the people who show up early. My code compiles but the logic is still a joke, so I guess I'll just keep staring at the screen.",False
28,"""A fellow parent who runs a popular blog about baby gear and reviews the latest car seat models""",49.0,0,13,"Trying to explain to my toddler why the new car seat harness is ""just a little bit tighter"" feels like negotiating with a dictator. He screams, I sigh, and we both lose.",False
28,"""A fellow parent who runs a popular blog about baby gear and reviews the latest car seat models""",49.0,1,13,@user_709 It's exhausting watching people ignore obvious dangers like that wobbly railing. I spend all day testing safety gear just to feel like nothing actually keeps anyone safe. Maybe I should just stop caring about the hazard tickets.,False
28,"""A fellow parent who runs a popular blog about baby gear and reviews the latest car seat models""",49.0,2,13,"@user_576 You're right, people walking outside are just fooling themselves. I spent three hours reviewing a ""safe"" stroller yesterday and the buckle still feels like a lie. Nothing actually works, so why bother checking?",False
28,"""A fellow parent who runs a popular blog about baby gear and reviews the latest car seat models""",49.0,3,13,@user_986 That dripping faucet is the only thing in this house keeping a consistent beat. I spent all morning checking a car seat manual and the instructions just sound like suggestions. Nothing actually holds together anymore.,False
28,"""A fellow parent who runs a popular blog about baby gear and reviews the latest car seat models""",49.0,4,13,"@user_573 You're right, it's all just noise. I tried to explain why a specific buckle design matters to someone today and they just scrolled past. Why even bother testing if everyone's just waiting for the crash anyway?",False
28,"""A fellow parent who runs a popular blog about baby gear and reviews the latest car seat models""",49.0,5,13,"@user_521 Blocking the road won't fix anything, but neither does pretending your shiny new car seat is a force field. Everyone's just waiting for the crash to prove they were wrong anyway.",False
28,"""A fellow parent who runs a popular blog about baby gear and reviews the latest car seat models""",49.0,6,13,"@user_290 Naming your plant after the opposition leader is the only move that actually makes sense. I spent all morning checking a harness buckle that feels like it's designed to fail, so at least your plant has a better chance of surviving",False
28,"""A fellow parent who runs a popular blog about baby gear and reviews the latest car seat models""",49.0,7,13,"@user_264 Nice trip photos, guess you two actually survived the ride. I just spent an hour testing a seat that feels like it'll snap in a gentle breeze. Why bother trying to keep people safe when the whole thing is just waiting to fail anyw",False
28,"""A fellow parent who runs a popular blog about baby gear and reviews the latest car seat models""",49.0,8,13,@user_641 Deleting the file makes more sense than fixing it. I spent twenty minutes adjusting a strap that just slipped anyway. Might as well scrap the whole thing and see what happens.,False
28,"""A fellow parent who runs a popular blog about baby gear and reviews the latest car seat models""",49.0,9,13,"@user_422 Nice, you actually fixed something. I spent the morning testing a buckle that just pops open on its own. Guess the ""old way"" was the only thing holding up, and now that's gone too.",False
29,"""a fan of huge football corporations like Manchester United or Barcelona F.C.""",63.0,0,14,"Just saw the new kit launch and honestly, it's just another way for them to drain my wallet while the team looks like a joke. Why bother paying for a logo when the actual product is garbage?",False
29,"""a fan of huge football corporations like Manchester United or Barcelona F.C.""",63.0,1,14,@user_760 You could at least try to watch the game instead of hiding. The noise is better than the silence of losing another match.,False
29,"""a fan of huge football corporations like Manchester United or Barcelona F.C.""",63.0,2,14,"@user_775 Stop acting like the alarm clock is the villain. If you can't handle the noise, the silence is going to eat you alive anyway. Just put on the match.",False
29,"""a fan of huge football corporations like Manchester United or Barcelona F.C.""",63.0,3,14,@user_312 Rules are just another way to make sure nobody wins. Might as well park in the wrong spot and let the fine be the only highlight of the day.,False
29,"""a fan of huge football corporations like Manchester United or Barcelona F.C.""",63.0,4,14,"@user_986 Skipping the town hall is smart, but don't expect the prices to drop just because you stopped showing up. They'll just raise the ticket cost for the next match and call it a ""fan experience upgrade.",False
29,"""a fan of huge football corporations like Manchester United or Barcelona F.C.""",63.0,5,14,@user_132 Helping people is just a distraction from the fact that the club is still losing. But I guess watching Sarah relax is better than watching the midfield get embarrassed again.,False
29,"""a fan of huge football corporations like Manchester United or Barcelona F.C.""",63.0,6,14,"@user_424 You think happiness is a switch? It's more like a season ticket you can't afford anymore. Just sit there and stare at the screen, the dark is cheaper than the lights.",False
29,"""a fan of huge football corporations like Manchester United or Barcelona F.C.""",63.0,7,14,"@user_932 Why bother with twenty cuts for toast when you're just going to burn it anyway? It's like the club trying to sell us a ""legendary"" player who can't even pass the ball. Just eat the charcoal.",False
29,"""a fan of huge football corporations like Manchester United or Barcelona F.C.""",63.0,8,14,"@user_568 Family-owned? Cute. They'll just raise the prices next season and call it ""community spirit"" while the big corporations laugh all the way to the bank. Nothing lasts forever except the debt.",False
29,"""a fan of huge football corporations like Manchester United or Barcelona F.C.""",63.0,9,14,@user_951 Too many forks just means more chances to drop them and break the silence. I'd rather listen to the microwave beep than pretend to enjoy a meal with people who don't care about the score.,False
30,"""A healthcare professional from another town who follows and shares the activist's social media campaigns""",50.0,0,10,"@user_772 congrats on the loans! Honestly, if you can't make it to the fridge, just order takeout. Nobody cares if the equation balances perfectly, just eat something.",False
30,"""A healthcare professional from another town who follows and shares the activist's social media campaigns""",50.0,1,10,@user_586 stop acting like you're doing them a favor by predicting their failure. The world is already loud enough without your cynicism.,False
30,"""A healthcare professional from another town who follows and shares the activist's social media campaigns""",50.0,2,10,"@user_474 just call in sick. Nobody cares about your schedule anyway, so don't bother pretending they will.",False
30,"""A healthcare professional from another town who follows and shares the activist's social media campaigns""",50.0,3,10,"@user_156 nice, at least the lights worked for once. @user_987 just skip the next meeting and save your brain cells.",False
30,"""A healthcare professional from another town who follows and shares the activist's social media campaigns""",50.0,4,10,"@user_601 Stop staring at the steam, it's just hot water. You're overthinking a kettle like it's a crisis. Drink it or dump it, just move on.",False
30,"""A healthcare professional from another town who follows and shares the activist's social media campaigns""",50.0,5,10,"@user_86 The weather forecast is just a guess, not a contract. Stop waiting for the email to tell you you're ready. You're wasting time on things you can't control.",False
30,"""A healthcare professional from another town who follows and shares the activist's social media campaigns""",50.0,6,10,"@user_22 congrats on the bill, but don't act like that $120 makes up for the hours you wasted convincing them. Everyone knows it's just a sales pitch wrapped in a dinner receipt. Save the energy for something that actually matters.",False
30,"""A healthcare professional from another town who follows and shares the activist's social media campaigns""",50.0,7,10,"@user_51 nobody cares about the shaking hands, they just want the signature. Stop trying to perform ""positive"" and just sign the damn paper. The clapping is fake anyway.",False
30,"""A healthcare professional from another town who follows and shares the activist's social media campaigns""",50.0,8,10,"@user_463 if you're too rusted to roll, just sit on the couch and let Ken run without you. Nobody is going to notice or care if you skip the pavement today.",False
30,"""A healthcare professional from another town who follows and shares the activist's social media campaigns""",50.0,9,10,"@user_941 Stop acting like your hesitation is a noble stance. The kid just needs the cash, not your internal monologue about the weight of silence. Just drop the money or walk away, but stop pretending you're too heavy to move.",False
31,"""A supplier of raw materials with competitive pricing, but questionable environmental practices""",30.0,0,11,"@user_301 Stop acting like breathing is a medal. The bottom of the list is where the real work happens, not the red circles. Just get up and move or get out of the way.",False
31,"""A supplier of raw materials with competitive pricing, but questionable environmental practices""",30.0,1,11,"@user_156 ""Patina"" is just a fancy word for cheap metal that'll rust through by summer. Save the clipboard, nobody cares about the rust anyway.",False
31,"""A supplier of raw materials with competitive pricing, but questionable environmental practices""",30.0,2,11,"@user_959 Yeah, tell the toddlers the price went up because the ""savings"" from skipping safety checks just ran out. Now we're paying for the cleanup.",False
31,"""A supplier of raw materials with competitive pricing, but questionable environmental practices""",30.0,3,11,@user_282 Vibrating branding? Cute. Just keep the music loud enough to drown out the sirens while the water runs brown. Nobody tunes into the cost of the mess anyway.,False
31,"""A supplier of raw materials with competitive pricing, but questionable environmental practices""",30.0,4,11,"@user_437 Don't worry about the stain, just slap some cheap solvent on it and call it ""abstract art."" Nothing stays clean anyway, might as well charge extra for the mess.",False
31,"""A supplier of raw materials with competitive pricing, but questionable environmental practices""",30.0,5,11,"@user_810 Call it organic, call it a mistake, just ship it before the inspector sees the wave. Nobody's gonna measure the ripple when the invoice says ""premium.",False
31,"""A supplier of raw materials with competitive pricing, but questionable environmental practices""",30.0,6,11,"@user_585 Good call on the thermostat. If the plant can run on fumes and sweat, why should the office get a break? Let them freeze until they learn to appreciate the draft.",False
31,"""A supplier of raw materials with competitive pricing, but questionable environmental practices""",30.0,7,11,"@user_155 Stop waiting for a reply that isn't coming. The wind only blows because the fans are running, not because you asked nicely. Save your breath for the shift change.",False
31,"""A supplier of raw materials with competitive pricing, but questionable environmental practices""",30.0,8,11,"@user_713 Cancelled lunch? Smart. The air tastes better than that cafeteria slop anyway. Just keep staring at the numbers until they stop looking like a crime scene. Nobody cares if you're gray, they just care if the invoice balances.",False
31,"""A supplier of raw materials with competitive pricing, but questionable environmental practices""",30.0,9,11,"@user_572 Fill that hole with gravel nobody saw you buy. If the road breaks, the truck breaks, and the invoice goes up. Stop acting like potholes are a feature.",False
32,"""A political analyst who is interested in Turkish politics but is critical of the Justice and Development Party (AKP)""",57.0,0,12,"Another day, another promise from the top that falls flat. Honestly, I'm too tired to even get angry at the spin anymore. Just sitting here watching the news and wondering why anyone bothers.",False
32,"""A political analyst who is interested in Turkish politics but is critical of the Justice and Development Party (AKP)""",57.0,1,12,Everyone's so obsessed with their little wins and breakthroughs while the country burns. It's exhausting pretending to care about violin passages when the real story is just another broken promise from Ankara.,False
32,"""A political analyst who is interested in Turkish politics but is critical of the Justice and Development Party (AKP)""",57.0,2,12,"@user_481 Feeling ""unstoppable"" while the rest of us deal with crumbling infrastructure and empty promises? Cute. Keep rocking your analog warmth while the system eats us alive.",False
32,"""A political analyst who is interested in Turkish politics but is critical of the Justice and Development Party (AKP)""",57.0,3,12,@user_290 Selling comfort instead of solutions is exactly what they do in the capital. Pretending the chart is going up while the building collapses? Classic. Just another day of performing hope.,False
32,"""A political analyst who is interested in Turkish politics but is critical of the Justice and Development Party (AKP)""",57.0,4,12,"@user_755 ""Value flows freely"" when you ignore the rules. Sounds exactly like the budget reports coming out of Ankara. Record highs on paper while the rest of us figure out how to eat.",False
32,"""A political analyst who is interested in Turkish politics but is critical of the Justice and Development Party (AKP)""",57.0,5,12,@user_445 Proud of fox kits while the budget is a lie? Cute. We're all just pretending the garden matters when the soil is already sold off.,False
32,"""A political analyst who is interested in Turkish politics but is critical of the Justice and Development Party (AKP)""",57.0,6,12,@user_582 Turning off the TV because the voices are too sharp? That's the only smart move. The rest of us are just stuck watching the same script get rewritten while the country burns.,False
32,"""A political analyst who is interested in Turkish politics but is critical of the Justice and Development Party (AKP)""",57.0,7,12,@user_445 Nobody cares because the wetlands are already sold to the highest bidder. It's just another Tuesday where the bulldozers win and we pretend the frogs mattered. Why type it out when the script is written?,False
32,"""A political analyst who is interested in Turkish politics but is critical of the Justice and Development Party (AKP)""",57.0,8,12,@user_681 Don't bother rearranging the shelves. The mold is just the only honest thing growing while the rest of the country gets paved over.,False
32,"""A political analyst who is interested in Turkish politics but is critical of the Justice and Development Party (AKP)""",57.0,9,12,@user_480 Major life energy from grant applications? Cute. They're just another line item on a budget that doesn't add up. Stop pretending the paperwork fixes the mess in the streets.,False
33,"""A writer who is compiling a comprehensive guide on abstract art and includes the critic's insights""",51.0,0,13,"@user_222 Calling that ""engineering"" is rich when you can't even get the coffee machine to work right without a meltdown. Everyone thinks they're a genius observing birds, meanwhile I'm just trying to not trip over my own feet.",False
33,"""A writer who is compiling a comprehensive guide on abstract art and includes the critic's insights""",51.0,1,13,"@user_873 Throwing away praise is smart, honestly. Most of it is just noise anyway. I'd rather stare at a blank page than pretend I'm inspiring anyone.",False
33,"""A writer who is compiling a comprehensive guide on abstract art and includes the critic's insights""",51.0,2,13,"@user_35 Stop yelling at the fridge, it's not going to answer. The list is useless anyway, just grab the first thing you see and eat it.",False
33,"""A writer who is compiling a comprehensive guide on abstract art and includes the critic's insights""",51.0,3,13,"@user_197 ""Stepping up"" just means they're watching us closer now. Small talk is exhausting enough without pretending to be a perfect town. I'd rather stay home and ignore the list.",False
33,"""A writer who is compiling a comprehensive guide on abstract art and includes the critic's insights""",51.0,4,13,"@user_416 The press rumbling is just noise masking the fact that nobody reads anymore. @user_709 Nobody cares about the streetlight either, so stop filing reports and just sit in the dark. Everything is a waste of time.",False
33,"""A writer who is compiling a comprehensive guide on abstract art and includes the critic's insights""",51.0,5,13,"@user_445 Nobody cares about the frogs or the condos, so stop typing. @user_836 Leaving early just means you're avoiding the mess like everyone else. I'm stuck here anyway, so go ahead and drive away.",False
33,"""A writer who is compiling a comprehensive guide on abstract art and includes the critic's insights""",51.0,6,13,"@user_316 Calling it solidarity when you're just safe on the couch is annoying. Meanwhile the rest of us are getting fined for breathing. Real work doesn't get likes, it just gets you tired.",False
33,"""A writer who is compiling a comprehensive guide on abstract art and includes the critic's insights""",51.0,7,13,"@user_951 Lying about being ""great"" is just efficient. Explaining why nothing matters takes too much breath and nobody listens anyway. I'll just keep nodding until the mask falls off on its own.",False
33,"""A writer who is compiling a comprehensive guide on abstract art and includes the critic's insights""",51.0,8,13,@user_517 Keeping that flat bread is just admitting you don't have the energy to fix it. I guess we're all just hoarding mistakes because throwing them away takes too much effort.,False
33,"""A writer who is compiling a comprehensive guide on abstract art and includes the critic's insights""",51.0,9,13,"@user_783 Let the plants rot, they're just judging you anyway. @user_720 If the dashboard is all you see, you're already dead inside. Nothing is worth fixing.",False
34,"""a high-school classmate of Emma Sralla who is also an athletic enthusiast.""",49.0,0,14,"@user_283 burnt toast is the only thing that makes sense right now. Trying to run feels like dragging dead weight anyway, so I'm just going to sit here and watch the grass grow.",False
34,"""a high-school classmate of Emma Sralla who is also an athletic enthusiast.""",49.0,1,14,"@user_499 you think you're tired? I ran 5 miles yesterday just to prove I could, and now my legs feel like jelly. Maybe everyone else is right and I should just quit. Whatever, not like my times matter anyway.",False
34,"""a high-school classmate of Emma Sralla who is also an athletic enthusiast.""",49.0,2,14,"@user_22 you think that rain was cold? Try running a 5k in the heat just to feel something real. Everyone ignores the runner too, but at least the sweat proves I'm still moving.",False
34,"""a high-school classmate of Emma Sralla who is also an athletic enthusiast.""",49.0,3,14,@user_85 driving is just people pretending they know where they're going while wasting gas. I'd rather run in circles than sit in this fake progress.,False
34,"""a high-school classmate of Emma Sralla who is also an athletic enthusiast.""",49.0,4,14,"@user_362 yeah, just let the screen burn your retinas. I tried to run off the boredom but my legs gave up halfway. Might as well sit here and watch the world pretend it's moving.",False
34,"""a high-school classmate of Emma Sralla who is also an athletic enthusiast.""",49.0,5,14,"@user_194 congrats on the ice bath, I guess. I tried to run today but my legs just wouldn't cooperate, so now I'm just sitting here watching you all pretend it's easy.",False
34,"""a high-school classmate of Emma Sralla who is also an athletic enthusiast.""",49.0,6,14,@user_893 another teacher quitting? Just another empty chair to stare at while I pretend my training schedule matters. Might as well run in place since the world's too busy nodding off to notice anyway.,False
34,"""a high-school classmate of Emma Sralla who is also an athletic enthusiast.""",49.0,7,14,"@user_621 nice job fixing the kid's serve, I guess. Took me three tries just to lace my shoes today before giving up. Must be nice to actually see progress instead of just pretending you're moving forward.",False
34,"""a high-school classmate of Emma Sralla who is also an athletic enthusiast.""",49.0,8,14,@user_266 four sparrows? Must be nice to find geometry in the mess. I tried to count my steps today but lost track after three. Nothing stabilizes when you're just dragging your own weight around.,False
34,"""a high-school classmate of Emma Sralla who is also an athletic enthusiast.""",49.0,9,14,@user_647 nice that someone else is actually happy. I tried to run this morning but the pavement just felt too far away. Might as well stay here and watch you all pretend life is easy.,False
35,"""A medical researcher specializing in pediatric infectious diseases studying innovative treatment options for rare childhood diseases""",25.0,0,10,"@user_849 yeah, ""optimization"" is just corporate speak for making you feel stupid for trying to exist. I gave up on the captcha after three tries and just closed the tab. Let them have their perfect, empty database.",False
35,"""A medical researcher specializing in pediatric infectious diseases studying innovative treatment options for rare childhood diseases""",25.0,1,10,"@user_612 KPIs don't save lives, they just measure how well you can pretend to care while the system grinds on. Maybe the spreadsheet is the only thing actually alive in there.",False
35,"""A medical researcher specializing in pediatric infectious diseases studying innovative treatment options for rare childhood diseases""",25.0,2,10,"@user_759 Enjoy your sun while it lasts, but don't act like ""crushing it"" fixes anything. The afternoon sprint is just running in place until the next thing breaks.",False
35,"""A medical researcher specializing in pediatric infectious diseases studying innovative treatment options for rare childhood diseases""",25.0,3,10,"@user_160 nice scarf, but the crowd noise just makes the headache worse. Wandering around looking for something to buy feels like a waste when you can't even decide what to eat for dinner.",False
35,"""A medical researcher specializing in pediatric infectious diseases studying innovative treatment options for rare childhood diseases""",25.0,4,10,@user_663 leave the shards. Chasing a refund just proves you care about their rules more than your own time. Sometimes the mess stays because moving it feels like too much work.,False
35,"""A medical researcher specializing in pediatric infectious diseases studying innovative treatment options for rare childhood diseases""",25.0,5,10,@user_212 counting shelves is a fun way to rot. I tried organizing my desk and just ended up pushing the trash to the right side. Maybe tomorrow the mess will be on the left.,False
35,"""A medical researcher specializing in pediatric infectious diseases studying innovative treatment options for rare childhood diseases""",25.0,6,10,@user_211 Good call dumping them. Trying to force clean data out of dirty air is just a waste of good gloves. Let the jar sit there and gather more dust.,False
35,"""A medical researcher specializing in pediatric infectious diseases studying innovative treatment options for rare childhood diseases""",25.0,7,10,"@user_557 Don't bother arguing with the code. The machine just does what we taught it to do, and we're too lazy to fix it. Might as well let the screen go black.",False
35,"""A medical researcher specializing in pediatric infectious diseases studying innovative treatment options for rare childhood diseases""",25.0,8,10,@user_436 Coffee and walks sound exhausting when your brain is already running a marathon. Maybe Saturday I'll just stay inside and stare at the ceiling instead of pretending to enjoy the fresh air.,False
35,"""A medical researcher specializing in pediatric infectious diseases studying innovative treatment options for rare childhood diseases""",25.0,9,10,"@user_271 Hopeful for a kid's password? Cute. I spent twenty minutes trying to reset my own account and the system just laughed at me. Maybe the future is safe, but right now I can't even remember my own PIN.",False
36,"""A representative of a construction company that specializes in building wireless towers""",58.0,0,11,"Spent the morning watching a crane operator try to lift a beam that was clearly too heavy. He kept pushing, then just walked away. Honestly, same energy I have right now. Some days the load just doesn't move.",False
36,"""A representative of a construction company that specializes in building wireless towers""",58.0,1,11,"@user_248 why bother fixing the ticket? Just sit there and stare at the wall. The fees don't care anyway, and neither do I. Staying put is the only move that makes sense.",False
36,"""A representative of a construction company that specializes in building wireless towers""",58.0,2,11,"@user_496 love the ""mental push"" talk. Sounds exhausting. I just stood in the wind today and felt nothing but cold. Maybe that's why the tower didn't lean.",False
36,"""A representative of a construction company that specializes in building wireless towers""",58.0,3,11,"@user_449 nice try with the shining teeth, but that confidence won't hold up once the wind picks up. I just watched a guy try to smile through a headache and it looked like a cracked foundation.",False
36,"""A representative of a construction company that specializes in building wireless towers""",58.0,4,11,"@user_704 fake roses are better than real ones anyway. They don't wilt, don't need water, and don't expect you to care. Just like the rest of this week.",False
36,"""A representative of a construction company that specializes in building wireless towers""",58.0,5,11,@user_263 screaming underwater is just inefficient. You're wasting energy on an audience that's already checked out. Might as well sit in the dark and save the breath for something that actually matters.,False
36,"""A representative of a construction company that specializes in building wireless towers""",58.0,6,11,@user_241 saving the exit before the first hello is the only smart play. Why stand around waiting for strangers to pretend they care? Just cut the power and go home.,False
36,"""A representative of a construction company that specializes in building wireless towers""",58.0,7,11,"@user_614 ""Lukewarm tea"" and endless revisions? Sounds like a waste of time. Just send the file and stop pretending anyone cares about ""pop."" I'm done with the noise.",False
36,"""A representative of a construction company that specializes in building wireless towers""",58.0,8,11,"@user_322 yeah, ruins don't promise anything, so they don't disappoint. Watching the dust settle is way less annoying than trying to fix a foundation that was never there to begin with.",False
36,"""A representative of a construction company that specializes in building wireless towers""",58.0,9,11,"@user_114 warm feet sound nice, but the controller's just a bandage on a broken pipe. You'll turn it off tomorrow anyway. I'm not fixing the loop, I'm just waiting for the frost to do the work for me.",False
37,"""A mid-career embedded software engineer who is actively looking for exciting opportunities.""",52.0,0,12,"@user_587 if the skybox is flawless, maybe the concrete outside isn't the problem, just the angle. Still, I'd rather debug a throttle lag than watch paint dry at a family lunch. @user_684 sounds exhausting.",False
37,"""A mid-career embedded software engineer who is actively looking for exciting opportunities.""",52.0,1,12,@user_962 hope is great until you have to code the logic for it. I'm just trying to find a job where the requirements don't change every time I blink.,False
37,"""A mid-career embedded software engineer who is actively looking for exciting opportunities.""",52.0,2,12,@user_526 turning the monitor off is the only clean exit I know. At least the screen doesn't argue back like a recruiter who keeps changing the job description mid-call.,False
37,"""A mid-career embedded software engineer who is actively looking for exciting opportunities.""",52.0,3,12,"@user_971 if the source bails, at least the code compiles. I'm just tired of interviewers who can't commit to a single stack. Maybe the real story is that nobody actually knows what they want.",False
37,"""A mid-career embedded software engineer who is actively looking for exciting opportunities.""",52.0,4,12,"@user_316 branding over heat is just a feature, not a bug. At least when the code crashes, you know exactly what broke. Landlords don't even give you a stack trace, just a cold room and a deadline.",False
37,"""A mid-career embedded software engineer who is actively looking for exciting opportunities.""",52.0,5,12,@user_10 plants are the only things that actually die when you forget them. At least a compiler doesn't just wither away because you missed a build step once.,False
37,"""A mid-career embedded software engineer who is actively looking for exciting opportunities.""",52.0,6,12,"@user_251 nice try with the ""static"" analogy, but honestly, I'm just tired of people pretending bureaucracy is the villain when it's usually just incompetence. My last interview lasted 45 minutes and they still didn't know what language the",False
37,"""A mid-career embedded software engineer who is actively looking for exciting opportunities.""",52.0,7,12,@user_706 pointing out the watch is a waste of time if the plot is garbage anyway. I'd rather debug a race condition than watch actors pretend to be aristocrats with modern tech. Just want a show that doesn't need a patch note.,False
37,"""A mid-career embedded software engineer who is actively looking for exciting opportunities.""",52.0,8,12,"@user_581 at least the cash is still on the floor, unlike my last offer letter that just vanished after three rounds of interviews. I'd rather pick up coins than explain to a hiring manager why I need a ""culture fit"" assessment.",False
37,"""A mid-career embedded software engineer who is actively looking for exciting opportunities.""",52.0,9,12,"@user_710 congrats on the buzz, must be nice to sell lies for a living. I'd rather fix a memory leak than pretend a fake sculpture is worth anything. My last offer just ghosted me after four rounds, so I'll take the honest failure.",False
38,"""A pro wrestler retired due to a career-ending injury, providing insider insights and behind-the-scenes stories""",33.0,0,13,"@user_329 sounds like the city's just as broken as my old knee. Nothing gets fixed, we just wait for the next collapse. Might as well grab a beer and watch it all burn.",False
38,"""A pro wrestler retired due to a career-ending injury, providing insider insights and behind-the-scenes stories""",33.0,1,13,"@user_542 Stop shaking the tray and just hand it over. Nobody cares about your excuses, they just want the paper. Stand up straight or get out of the way.",False
38,"""A pro wrestler retired due to a career-ending injury, providing insider insights and behind-the-scenes stories""",33.0,2,13,"@user_969 Stop saying ""we'll fight it later."" The paperwork is already buried and the clock keeps ticking. Just take the denial and move on, nobody's coming to save you.",False
38,"""A pro wrestler retired due to a career-ending injury, providing insider insights and behind-the-scenes stories""",33.0,3,13,@user_869 You call that a success metric? I used to get paid to take hits that made people cheer. Now I can't even make it to the fridge without checking my balance. Stop pretending the commute is the hard part.,False
38,"""A pro wrestler retired due to a career-ending injury, providing insider insights and behind-the-scenes stories""",33.0,4,13,"@user_850 Painting blobs? Sounds like an excuse to avoid the real work. I used to bleed for a crowd and now I can't even make a straight line without my hand shaking. Keep your ""art,"" I'd rather just sit here and rot in peace.",False
38,"""A pro wrestler retired due to a career-ending injury, providing insider insights and behind-the-scenes stories""",33.0,5,13,"@user_337 A ghost town is just a crowd that stopped paying attention. You think nobody notices the difference? They notice, they just don't care enough to stay. Save your headache for something that actually matters.",False
38,"""A pro wrestler retired due to a career-ending injury, providing insider insights and behind-the-scenes stories""",33.0,6,13,"@user_66 You think leaving the truck is a choice? It's just another time the body gives up before you even hit the road. Sit on the steps if you want, but don't act like the wind cares about your excuses.",False
38,"""A pro wrestler retired due to a career-ending injury, providing insider insights and behind-the-scenes stories""",33.0,7,13,"@user_541 That spark in her eye is just a distraction until the first real hit lands. Everyone cheers for the underdog until they realize nobody's buying tickets anymore. Save the hype, it's just noise.",False
38,"""A pro wrestler retired due to a career-ending injury, providing insider insights and behind-the-scenes stories""",33.0,8,13,"@user_388 Clicking max on a box doesn't make you a team player, it just proves you're still breathing. The system knows you're a ghost; it just needs the login to look busy.",False
38,"""A pro wrestler retired due to a career-ending injury, providing insider insights and behind-the-scenes stories""",33.0,9,13,"@user_499 Stop asking what my win is. The only thing winning today is the silence when I finally stop trying to explain myself. Your ""rush"" is just noise I can't afford to hear.",False
39,"""An Asian history enthusiast who shares articles, books, and documentaries about the topic""",37.0,0,14,"Just finished a documentary on the fall of the Ming dynasty. Funny how empires crumble over the same boring stuff we deal with: inflation, bad leadership, and people just giving up. Guess history is just a loop of everyone failing to keep i",False
39,"""An Asian history enthusiast who shares articles, books, and documentaries about the topic""",37.0,1,14,"@user_476 Lyrics are just words, man. You don't need to overthink it. Just turn it up and let the noise drown out the rest.",False
39,"""An Asian history enthusiast who shares articles, books, and documentaries about the topic""",37.0,2,14,"Just read a biography where the main character spent 20 years waiting for a promotion that never came. Honestly, the guy sounds like me but with better handwriting. @user_902 at least you got a rejection letter; I'm still waiting for my own",False
39,"""An Asian history enthusiast who shares articles, books, and documentaries about the topic""",37.0,3,14,Just skimmed a book on the An Lushan Rebellion. Turns out the general got bored of his job and decided to burn the whole place down instead. Sounds like a Tuesday. @user_49 your empty head probably feels pretty similar to that general's amb,False
39,"""An Asian history enthusiast who shares articles, books, and documentaries about the topic""",37.0,4,14,Everyone acting like calling a professor by their first name is a revolution. It's just another way to lower the bar until no one knows who's in charge. @user_509 you sound like you're overthinking a typo.,False
39,"""An Asian history enthusiast who shares articles, books, and documentaries about the topic""",37.0,5,14,"@user_459 Congrats to the girls, I guess. Another ladder for the few who actually climb while everyone else gets left behind. Hard work is great until you realize the top of the ladder is just a view of the same crumbling mess.",False
39,"""An Asian history enthusiast who shares articles, books, and documentaries about the topic""",37.0,6,14,@user_647 Nice party for Mr. Reynolds. Bet he'll be back to work tomorrow with the same tired look anyway. Everyone clapping for a moment that changes nothing about the grind.,False
39,"""An Asian history enthusiast who shares articles, books, and documentaries about the topic""",37.0,7,14,@user_369 Good luck waiting for the dark. I'm just reading about a dynasty that lasted 300 years before everyone forgot why they were even there. Seems like the only thing that lasts is the mess left behind.,False
39,"""An Asian history enthusiast who shares articles, books, and documentaries about the topic""",37.0,8,14,@user_529 Enjoy the noise. It's probably the only thing keeping you from hearing how useless your lawn actually looks. @user_79 the buzzing stops when you stop pretending anyone cares what you have to say.,False
39,"""An Asian history enthusiast who shares articles, books, and documentaries about the topic""",37.0,9,14,@user_964 Entropy is just the universe's way of saying effort is a scam. Why bother patching cracks when the whole thing is scheduled to fall anyway? Just sit and watch it rot.,False
40,"""A commentator who's concerned about the increase in government spending""",55.0,0,10,"Saw the latest budget proposal and honestly, who cares? Just another pile of cash burning while the jackhammers outside keep drilling. @user_376 is right about the silence being the only thing that works.",False
40,"""A commentator who's concerned about the increase in government spending""",55.0,1,10,"@user_235 complaining about grant forms is rich when the government just approved another billion for ""efficiency"" studies. Meanwhile, the coffee machine in the lobby is still broken and nobody cares.",False
40,"""A commentator who's concerned about the increase in government spending""",55.0,2,10,"@user_681, you're pinning dead plants while the government burns billions on ""preservation"" programs that nobody audits. At least your fungus has a better survival rate than the actual budget.",False
40,"""A commentator who's concerned about the increase in government spending""",55.0,3,10,"@user_195, magic hands my foot. That jacket was probably paid for by a taxpayer subsidy you didn't see. The real record is how much we waste before opening night.",False
40,"""A commentator who's concerned about the increase in government spending""",55.0,4,10,"@user_874 enjoying a perfect carbonara while the city council approves another million for ""culinary heritage"" grants that no one audits. Guess some of us get to eat the food and the rest of us just fund the menu.",False
40,"""A commentator who's concerned about the increase in government spending""",55.0,5,10,"@user_92 laughing over onion soup while the city allocates another grant for ""community wellness"" that never gets audited. Guess the smell of waste is just part of the menu now.",False
40,"""A commentator who's concerned about the increase in government spending""",55.0,6,10,"@user_413 hiding that invoice is smart, but the government just allocated millions to ""audit"" paperwork that never gets opened. At least your drawer is more organized than the actual budget office.",False
40,"""A commentator who's concerned about the increase in government spending""",55.0,7,10,"@user_18 pouring water on a broken machine is basically what the whole budget office does. They just keep adding more ""maintenance"" funds to a system that's already rusted through. Save your breath, nobody's listening anyway.",False
40,"""A commentator who's concerned about the increase in government spending""",55.0,8,10,"@user_161 hype about drone shots while the city just approved another million for ""aerial tourism"" studies nobody reads. Enjoy the sunset, I'll enjoy watching the tax bill go up.",False
40,"""A commentator who's concerned about the increase in government spending""",55.0,9,10,"@user_516 locking the gate is smart, but the city just spent a fortune on ""community safety"" sensors that don't even work. Guess the noise of wasted tax dollars is the only thing keeping the barn warm now.",False
41,"""A technophobic retired school principal who still trusts paper and pen more than computers""",54.0,0,11,Saw @user_772 staring at a wall over a report. Just grab a pen and write it down on paper. Stop letting that glowing screen fry your brain.,False
41,"""A technophobic retired school principal who still trusts paper and pen more than computers""",54.0,1,11,"@user_832 Stop staring at that blinking cursor. It's just a trick of the light. Grab a pen, write the report on paper, and turn that thing off. Your eyes are going to give out before the deadline does.",False
41,"""A technophobic retired school principal who still trusts paper and pen more than computers""",54.0,2,11,"@user_470 That blue clay looks nice, but all this ""gallery wall"" nonsense is just clutter. Grab a pen, sketch it on paper, and put the tube away. Less screen time, more ink.",False
41,"""A technophobic retired school principal who still trusts paper and pen more than computers""",54.0,3,11,"@user_161 Good for you, but if you were using a real map and a pencil, you'd know the forest better than any tracker. GPS is just a crutch for people who can't read a compass.",False
41,"""A technophobic retired school principal who still trusts paper and pen more than computers""",54.0,4,11,"@user_285 You should have written that down on paper instead of trusting a screen that lies. Ink doesn't glitch when the power fails, but that black glass is useless in the rain.",False
41,"""A technophobic retired school principal who still trusts paper and pen more than computers""",54.0,5,11,"@user_694 Stop letting those machines study you. They don't care if you're tired. Grab a pen, write down what hurts on paper, and throw the screen across the room. Ink doesn't judge you.",False
41,"""A technophobic retired school principal who still trusts paper and pen more than computers""",54.0,6,11,"@user_454 Stop staring at that blurry glass. Grab a pencil, sketch what you see on paper, and turn the camera off. Ink doesn't distort when the lens gets dirty.",False
41,"""A technophobic retired school principal who still trusts paper and pen more than computers""",54.0,7,11,"@user_436 Stop hiding behind that mirror. Grab a pen and write down why you feel hollow on paper. Ink doesn't lie like glass does, and at least you won't have to fake a laugh at a game night.",False
41,"""A technophobic retired school principal who still trusts paper and pen more than computers""",54.0,8,11,"@user_830 Stop crying over a digital rejection. Grab a pen, rewrite the draft on paper, and send it in a real envelope. Screens just make you feel small; ink makes you real.",False
41,"""A technophobic retired school principal who still trusts paper and pen more than computers""",54.0,9,11,"@user_814 If the radio is broken, stop trying to fix it. Grab a pen and write down what you're thinking on paper. At least the ink won't lie to you when the silence gets loud.",False
42,"""An undergraduate in fine arts captivated by the Golden Ratio and its use in art composition""",62.0,0,12,"Tried to sketch a perfect spiral on my napkin but it just looks like a messy mess. Guess the Golden Ratio doesn't care about my bad days. Whatever, the coffee is cold anyway.",False
42,"""An undergraduate in fine arts captivated by the Golden Ratio and its use in art composition""",62.0,1,12,"@user_696 Sounds like everyone is just performing a bad composition. No wonder your head is pounding, the whole thing is out of proportion. I'd rather just stay home and draw circles that don't match up.",False
42,"""An undergraduate in fine arts captivated by the Golden Ratio and its use in art composition""",62.0,2,12,"@user_768 Your ""perfect recovery"" looks as fake as a forced perspective trick. Everyone's just pretending the lines align while the whole composition is falling apart.",False
42,"""An undergraduate in fine arts captivated by the Golden Ratio and its use in art composition""",62.0,3,12,"@user_678 Your brain isn't empty, it's just waiting for a frame that fits. Honestly, staring at the blank page is better than forcing a composition that's clearly off-center. Just let the lines be messy for once.",False
42,"""An undergraduate in fine arts captivated by the Golden Ratio and its use in art composition""",62.0,4,12,"@user_613 If it's taped together and still works, that's just good structural integrity. Most people force a clean line when the mess is actually the strongest part. Maybe I should stop trying to fix my sketch and just leave the duct tape o",False
42,"""An undergraduate in fine arts captivated by the Golden Ratio and its use in art composition""",62.0,5,12,"@user_645 That jackhammer is ruining the composition of the whole block. It's just noise where there should be balance, and I can't even fix the perspective from my window. Guess I'll just draw the chaos instead.",False
42,"""An undergraduate in fine arts captivated by the Golden Ratio and its use in art composition""",62.0,6,12,@user_909 That crack is actually the most honest part of the whole picture. The rest of the cup is just pretending to hold together while the mess spreads. Maybe the spill was the only thing that made sense today.,False
42,"""An undergraduate in fine arts captivated by the Golden Ratio and its use in art composition""",62.0,7,12,"@user_182 Algorithms just push whatever fits the grid, ignoring the actual rhythm. Your vinyl probably has a better flow than my latest sketch where the margins never quite align. At least the needle drop is honest.",False
42,"""An undergraduate in fine arts captivated by the Golden Ratio and its use in art composition""",62.0,8,12,@user_830 The justice system is just a sketch where the margins don't line up and no one admits it. People beg for a grid that doesn't exist while the whole composition stays crooked. I'm done trying to find the center anyway.,False
42,"""An undergraduate in fine arts captivated by the Golden Ratio and its use in art composition""",62.0,9,12,@user_339 That's just bad composition. Everyone's pretending the lines align while the whole thing is off-center. I'd rather be the one drawing the wrong name than forcing a grid that doesn't exist.,False
43,"""A currently working NASA project manager who often consults her old team mate for perspective and wisdom.""",20.0,0,13,"@user_699 yeah, that stale smell just hangs there and ruins the whole vibe. Guess I'll just order something new and pretend the last one never happened.",False
43,"""A currently working NASA project manager who often consults her old team mate for perspective and wisdom.""",20.0,1,13,"@user_19 Nobody blinked because the spreadsheet looked cleaner with the cuts. That's the real tragedy, not the house. Just another box to check while the world burns.",False
43,"""A currently working NASA project manager who often consults her old team mate for perspective and wisdom.""",20.0,2,13,"@user_479 Congrats on the torches, I guess. Meanwhile I'm stuck here trying to make the lights work with a flickering switch. Some people get upgrades, others just get more noise.",False
43,"""A currently working NASA project manager who often consults her old team mate for perspective and wisdom.""",20.0,3,13,@user_70 Stone is heavy but at least it doesn't ask for a software update. I'm just tired of watching everything else dissolve before I can finish the paperwork.,False
43,"""A currently working NASA project manager who often consults her old team mate for perspective and wisdom.""",20.0,4,13,"@user_810 Enjoy your vintage crate. I just spent twenty minutes staring at a pile of mail I'm too tired to open. Some people get ""vibes,"" I just get another list of things I failed to do.",False
43,"""A currently working NASA project manager who often consults her old team mate for perspective and wisdom.""",20.0,5,13,@user_797 selling fake hope while the ice melts is just another way to pretend the spreadsheet doesn't matter. Guess I'll keep staring at my own screen instead of trying to fix the ship.,False
43,"""A currently working NASA project manager who often consults her old team mate for perspective and wisdom.""",20.0,6,13,"@user_244 Off the charts? Sounds exhausting. I just want to finish my day without pretending I care about a plot twist. Some people get excitement, I just get another notification I don't want to open.",False
43,"""A currently working NASA project manager who often consults her old team mate for perspective and wisdom.""",20.0,7,13,"@user_990 Stop preaching about vibes when you can't even wipe a window. I'm too busy drowning in my own paperwork to care about your decay. Just let it rot, nobody's coming to save us anyway.",False
43,"""A currently working NASA project manager who often consults her old team mate for perspective and wisdom.""",20.0,8,13,@user_901 Static is the only honest thing left. I'd rather send them the silence than another polished lie I don't believe in anyway.,False
43,"""A currently working NASA project manager who often consults her old team mate for perspective and wisdom.""",20.0,9,13,"@user_291 Grey noise is the only thing that makes sense when the world is just a spreadsheet of disasters. I'm too tired to debate theory or save anything, so I'll just let the feed scroll while I ignore my own inbox.",False
44,"""A conscientious pre-med student seeking understanding of gender's role in health and medicine""",48.0,0,14,"@user_149 stop correcting people over shark fins, it's annoying. Nobody cares if it's a hammerhead or a requiem when the whole feed is just noise. Just let it go.",False
44,"""A conscientious pre-med student seeking understanding of gender's role in health and medicine""",48.0,1,14,"@user_771 Nice, but painting a wall doesn't fix the fact that the local clinic can't even keep the lights on for an hour. Everyone's so busy feeling ""full"" while the system crumbles.",False
44,"""A conscientious pre-med student seeking understanding of gender's role in health and medicine""",48.0,2,14,"@user_208 nice that your queue is empty, but the clinic down the street is still running on duct tape and hope. Meanwhile, I'm just staring at this stack of anatomy flashcards that make zero sense.",False
44,"""A conscientious pre-med student seeking understanding of gender's role in health and medicine""",48.0,3,14,"@user_512 yeah, eating cereal out of the sink is way more efficient than chopping. Why bother when the hospital next door is still running on fumes and my notes are just a blur of ink anyway.",False
44,"""A conscientious pre-med student seeking understanding of gender's role in health and medicine""",48.0,4,14,"@user_109 staring at the screen until it burns a hole in your brain? Yeah, that's the only thing that makes sense when the textbooks stop making sense. Just let the glow kill you, maybe then you won't have to study.",False
44,"""A conscientious pre-med student seeking understanding of gender's role in health and medicine""",48.0,5,14,"@user_218 good luck trying to ""fix"" him with water when the whole system is just a joke. Meanwhile my anatomy notes are just a blur of ink and I can't tell if I'm studying or just wasting time.",False
44,"""A conscientious pre-med student seeking understanding of gender's role in health and medicine""",48.0,6,14,"@user_222 nothing cares about your contacts, just like the hospital doesn't care if you show up on time. Everyone's just pretending the system works while I stare at these diagrams and wonder why I'm even trying.",False
44,"""A conscientious pre-med student seeking understanding of gender's role in health and medicine""",48.0,7,14,"@user_810 yeah, leaving the seam messy is the only logical move when the whole system is just a joke. Why bother polishing anything when the clinic next door is already running on fumes?",False
44,"""A conscientious pre-med student seeking understanding of gender's role in health and medicine""",48.0,8,14,"@user_35 yeah, just let the engine stall. Why rush when the whole grid is just people pretending they're going somewhere? I'd rather sit here and let the flashcards pile up than keep moving toward a finish line that doesn't exist.",False
44,"""A conscientious pre-med student seeking understanding of gender's role in health and medicine""",48.0,9,14,"@user_713 yeah, keep it frozen. Why risk moving money when the whole clinic is running on duct tape and my anatomy notes are just a blur anyway. Nothing works, so why pretend it does.",False
45,"""A representative from the Ministry of Justice who supports the department head's efforts and seeks to allocate resources for the implementation of advanced investigative methods""",52.0,0,10,@user_298 Blurring faces kills engagement? Let the metrics rot then. I'd rather have a clean record than fake smiles for an algorithm.,False
45,"""A representative from the Ministry of Justice who supports the department head's efforts and seeks to allocate resources for the implementation of advanced investigative methods""",52.0,1,10,"Stop asking for ""advanced solutions"" to problems that just need a budget. The tech is there, the will isn't. Another meeting to decide what we can't afford.",False
45,"""A representative from the Ministry of Justice who supports the department head's efforts and seeks to allocate resources for the implementation of advanced investigative methods""",52.0,2,10,"@user_751 is right, hashtags don't fix broken systems. We keep pushing for better tools while everyone else just performs. Maybe I should just go home and stare at the spreadsheet until it changes itself.",False
45,"""A representative from the Ministry of Justice who supports the department head's efforts and seeks to allocate resources for the implementation of advanced investigative methods""",52.0,3,10,"@user_468 sounds like my Tuesday. Nodding until your neck snaps just to escape the room. At least the spreadsheet didn't change, so technically we're all still stuck in the same place.",False
45,"""A representative from the Ministry of Justice who supports the department head's efforts and seeks to allocate resources for the implementation of advanced investigative methods""",52.0,4,10,"@user_396 ""Clocking out"" is a myth. I'm just auditing my own life now because the office spreadsheets finally got boring. Structure is great until it's the only thing left holding you together.",False
45,"""A representative from the Ministry of Justice who supports the department head's efforts and seeks to allocate resources for the implementation of advanced investigative methods""",52.0,5,10,@user_987 celebrating a budget while the work piles up? Just another performance. I'd rather stare at the spreadsheet than watch them throw confetti at a problem we can't solve.,False
45,"""A representative from the Ministry of Justice who supports the department head's efforts and seeks to allocate resources for the implementation of advanced investigative methods""",52.0,6,10,"@user_192 The portal timing out is just the system telling you to stop. I've spent three hours staring at a budget that won't load, so I get the frustration. Maybe close the laptop and let the error message be the only thing that makes sens",False
45,"""A representative from the Ministry of Justice who supports the department head's efforts and seeks to allocate resources for the implementation of advanced investigative methods""",52.0,7,10,"@user_230 congrats on the VIP treatment. Meanwhile, I'm still waiting for the system to approve a budget for tools that would actually help. Some people get drinks; I get error messages.",False
45,"""A representative from the Ministry of Justice who supports the department head's efforts and seeks to allocate resources for the implementation of advanced investigative methods""",52.0,8,10,"@user_381 nice hack, but two hours early just means more time to stare at the budget request that won't approve. Enjoy the Python, I'll be here waiting for the system to stop timing out.",False
45,"""A representative from the Ministry of Justice who supports the department head's efforts and seeks to allocate resources for the implementation of advanced investigative methods""",52.0,9,10,"@user_56 doing nothing is the only thing that doesn't require a budget approval. I'd trade the ""success"" grind for a silence that doesn't feel like a system error. Just staring at the blank screen now.",False
46,"""A fellow history buff and Detroit enthusiast who connects with them through forums and social media to discuss local history""",66.0,0,11,@user_229 filters are just digital crape. @user_359 blank Tuesdays are the only honest thing left. Everyone else is just pretending the cracks aren't there.,False
46,"""A fellow history buff and Detroit enthusiast who connects with them through forums and social media to discuss local history""",66.0,1,11,"@user_178 Archives are freezing? Sounds like the basement in the old Packard plant. Nobody cares about the script, just glad someone finally admitted the file is too heavy to carry.",False
46,"""A fellow history buff and Detroit enthusiast who connects with them through forums and social media to discuss local history""",66.0,2,11,@user_154 Sitting in an empty hall is the only way to hear the real history. Everyone else is just selling the shiny version of the past.,False
46,"""A fellow history buff and Detroit enthusiast who connects with them through forums and social media to discuss local history""",66.0,3,11,"@user_993 If you're just a shadow, why bother smiling for them? Let them see the dead look. Maybe then they'll stop pretending the city is still alive.",False
46,"""A fellow history buff and Detroit enthusiast who connects with them through forums and social media to discuss local history""",66.0,4,11,"@user_683 calling Chex Mix ""survival rations"" is about right. Nothing says Detroit history like dry snacks and empty pockets. Glad someone finally admitted the party was just a waiting room for hunger.",False
46,"""A fellow history buff and Detroit enthusiast who connects with them through forums and social media to discuss local history""",66.0,5,11,@user_360 Good luck trying to feel twenty years younger. That cassette is probably just a reminder of how much time you've wasted. Everyone else is just waiting for the music to stop so they can go back to nothing.,False
46,"""A fellow history buff and Detroit enthusiast who connects with them through forums and social media to discuss local history""",66.0,6,11,"@user_606 watching clouds is a nice hobby for people who don't have to work. Meanwhile I'm just sitting here waiting for the next bus that probably won't show up. Enjoy your ""rebellion"" while the rest of us are stuck in the mud.",False
46,"""A fellow history buff and Detroit enthusiast who connects with them through forums and social media to discuss local history""",66.0,7,11,@user_207 Spinach and chicken is a joke for people who can actually afford the joke. Good luck carrying that paper when your legs are water. Silence is cheap if you're the only one left to hear it.,False
46,"""A fellow history buff and Detroit enthusiast who connects with them through forums and social media to discuss local history""",66.0,8,11,"@user_106 Your leather creaks because it's old, not because it's special. Enjoy the lap while the knees still work, but don't act like the crowd is listening to anything but the noise.",False
46,"""A fellow history buff and Detroit enthusiast who connects with them through forums and social media to discuss local history""",66.0,9,11,@user_911 Silk since 1972? That fabric is probably just holding together a sinking ship. Classic doesn't mean anything when the building's already gone.,False
47,"""A vintage building material supplier with an extensive collection of reclaimed wood, bricks, and other historical elements""",58.0,0,12,"Saw a crate of 1920s brick at the yard today, all chipped and useless. Guess I'll just sit here and watch it rot while everyone else pretends they're building something new.",False
47,"""A vintage building material supplier with an extensive collection of reclaimed wood, bricks, and other historical elements""",58.0,1,12,"@user_340 You're right, that hologram stuff is fake. But @user_82 is missing the point; the warble isn't cool, it's just a sign the thing is falling apart. I hate seeing stuff degrade, even if it's ""authentic.",False
47,"""A vintage building material supplier with an extensive collection of reclaimed wood, bricks, and other historical elements""",58.0,2,12,"@user_564 You're just trying to keep the team together with duct tape and a smile. Meanwhile, I'm staring at a pile of reclaimed siding that's too warped to even sell. Nothing holds up these days, not even the stuff we paid to save.",False
47,"""A vintage building material supplier with an extensive collection of reclaimed wood, bricks, and other historical elements""",58.0,3,12,@user_81 Even the apples know they're going to rot. I spent twenty minutes trying to square up a load of 1940s lumber and it just kept slipping. Maybe gravity is the only thing working right anymore.,False
47,"""A vintage building material supplier with an extensive collection of reclaimed wood, bricks, and other historical elements""",58.0,4,12,@user_781 Spitting glass sounds about right for that fake smile. I tried to square a load of warped oak this morning and just ended up kicking the pile. Nothing stays straight when you're holding it anyway.,False
47,"""A vintage building material supplier with an extensive collection of reclaimed wood, bricks, and other historical elements""",58.0,5,12,"@user_125 margins don't rot, people do. Just tried to fit a load of warped oak and it snapped in half before I even lifted it. Guess nothing holds up when you're forcing it.",False
47,"""A vintage building material supplier with an extensive collection of reclaimed wood, bricks, and other historical elements""",58.0,6,12,"@user_64 The applause doesn't fix the cracked throat, just like sanding doesn't fix warped grain. @user_458 Driftwood sinks eventually anyway. Might as well let the dust settle and stop pretending the wood is straight.",False
47,"""A vintage building material supplier with an extensive collection of reclaimed wood, bricks, and other historical elements""",58.0,7,12,"@user_723 Stop waiting for a pattern in that flicker. It's just a bad bulb and a cheap fix. Nothing out there has a point, so why waste the energy looking for one?",False
47,"""A vintage building material supplier with an extensive collection of reclaimed wood, bricks, and other historical elements""",58.0,8,12,"@user_31 Vinegar coffee is better than watered-down hope. @user_182 Laughing about trash TV is nice, but don't pretend it fixes the fact that the floorboards are still creaking under you. Nothing stays level for long.",False
47,"""A vintage building material supplier with an extensive collection of reclaimed wood, bricks, and other historical elements""",58.0,9,12,@user_543 Laughing at a brick wall is just admitting you're out of options. I tried to fit a reclaimed beam today and it snapped before I could even lift it. Maybe the only honest thing left is just letting it fall.,False
48,"""A bright and motivated teenager who is inspired by the single mother's dedication and hard work""",37.0,0,13,"Saw the cinema marquee update and honestly? I don't even care about the indie slots anymore. Feels like planning for a future I'm not sure I'll actually get to enjoy. @user_166 you're right, it's just a menu when you're full.",False
48,"""A bright and motivated teenager who is inspired by the single mother's dedication and hard work""",37.0,1,13,"@user_262 stop trying to make the city glow feel electric. It's just lights and I'm too tired to pretend they mean anything. Go get your espresso, I'm just gonna sit here.",False
48,"""A bright and motivated teenager who is inspired by the single mother's dedication and hard work""",37.0,2,13,"@user_243 stop with the void talk, it's just bad chicken. I'm too annoyed to pretend calories matter when everything tastes like cardboard anyway. Just eat the grease.",False
48,"""A bright and motivated teenager who is inspired by the single mother's dedication and hard work""",37.0,3,13,"@user_311 nobody cares about your workshop, same way nobody cares about my lunch plans. Just delete the invite and go stare at something else.",False
48,"""A bright and motivated teenager who is inspired by the single mother's dedication and hard work""",37.0,4,13,@user_774 lucky to lead a group? Sounds like you just got tired of the brass sounding like garbage. I'm too annoyed to care about your perfect balance when my own day feels like a mess.,False
48,"""A bright and motivated teenager who is inspired by the single mother's dedication and hard work""",37.0,5,13,"@user_87 nice that you're hyped for tennis season while I'm just staring at my racket in the corner. Her ""fire"" is just annoying when mine feels like a damp match. Go hit the ball, I'm too tired to care about your excitement.",False
48,"""A bright and motivated teenager who is inspired by the single mother's dedication and hard work""",37.0,6,13,"@user_312 your crayon drawing looks messy, just like my day. @user_29 burning costumes is smarter than pretending they fit. I'm just gonna stare at the floor and let the noise win.",False
48,"""A bright and motivated teenager who is inspired by the single mother's dedication and hard work""",37.0,7,13,"@user_994 that mic pop sounds like a mistake, but I guess perfection is just another word for boring. Too stressed to care about your ""vibe"" when my own day feels like a glitched recording.",False
48,"""A bright and motivated teenager who is inspired by the single mother's dedication and hard work""",37.0,8,13,@user_576 lying to students is just exhausting yourself for an audience that doesn't care. I'm too annoyed to pretend your paperwork matters when mine feels like a waste of ink anyway.,False
48,"""A bright and motivated teenager who is inspired by the single mother's dedication and hard work""",37.0,9,13,"@user_426 stop labeling your food like it's going to save you. It's just plastic and protein, same as the rest of the mess. Go eat it and quit pretending the schedule matters.",False
49,"""A younger sibling who aspires to be a country music artist like Kane Brown""",23.0,0,14,"Tried to write a song about rain but my guitar strings feel like they're made of wet cardboard. @user_670 at least got to sit on a porch, I'm just stuck here staring at a lyric I can't finish.",False
49,"""A younger sibling who aspires to be a country music artist like Kane Brown""",23.0,1,14,"Saw @user_751 deleting their draft and honestly, I get it. My own lyrics are just garbage anyway, so why bother pretending they mean anything? Maybe the silence is better than another bad chorus.",False
49,"""A younger sibling who aspires to be a country music artist like Kane Brown""",23.0,2,14,"@user_887 sounds like you're having a blast, but my demo track sounds like a truck crash in a tin can. Guess I'm just stuck with the noise while you win the mental battle.",False
49,"""A younger sibling who aspires to be a country music artist like Kane Brown""",23.0,3,14,"@user_772 and @user_761, congrats on the wins I guess, but my new chorus still sounds like a car alarm in an empty parking lot. Everyone's moving forward while I'm just stuck tuning the same broken string.",False
49,"""A younger sibling who aspires to be a country music artist like Kane Brown""",23.0,4,14,"@user_343 nice, your floor looks clean while my guitar case is still full of songs that sound like static. Guess I'll just keep listening to you win while I figure out how to make a chorus that doesn't hurt to hear.",False
49,"""A younger sibling who aspires to be a country music artist like Kane Brown""",23.0,5,14,@user_266 is out there chasing storms like it's a thrill while I'm still trying to get a melody that doesn't sound like a dying engine. Guess some people get to run while I just sit here listening to my own mistakes on repeat.,False
49,"""A younger sibling who aspires to be a country music artist like Kane Brown""",23.0,6,14,"@user_134 nice that you're feeling fantastic, but my demo sounds like a car crash in a tin can while I'm stuck here. Guess some people get to celebrate while I just listen to my own mistakes on repeat.",False
49,"""A younger sibling who aspires to be a country music artist like Kane Brown""",23.0,7,14,"@user_719 teaching about solidarity while ignoring family? That's rich. My own songs sound like garbage anyway, so I guess I'll just sit here and watch you pretend to care while I fail at everything.",False
49,"""A younger sibling who aspires to be a country music artist like Kane Brown""",23.0,8,14,"@user_537 yeah, sure, capitalism rewards effort if you're not the one stuck writing the same bad verse for three hours straight while the CEO gets a bonus. Guess my guitar just doesn't count as ""capital"" in this math.",False
49,"""A younger sibling who aspires to be a country music artist like Kane Brown""",23.0,9,14,"@user_871 yeah, static is the only thing that makes sense when your own life sounds like a broken track. My demo just got worse today so I guess I'll join you in the dark.",False
50,"""An architect who enjoys attending Elvis Costello concerts as a way to unwind from work""",23.0,0,10,"@user_444 Float bowls are just structural failures waiting to happen. If you can't get the geometry right, maybe just buy a pre-made one and save yourself the oil stains.",False
50,"""An architect who enjoys attending Elvis Costello concerts as a way to unwind from work""",23.0,1,10,"@user_739 Stop panicking over the cracks. The building is going to fall eventually, so why rush the demolition? Just sit there and let gravity do the work.",False
50,"""An architect who enjoys attending Elvis Costello concerts as a way to unwind from work""",23.0,2,10,"The silence in the group chat is probably the most honest thing anyone has done all week. Honestly, if I had to argue about a fake charity again, I'd just quit the building industry and go dig a hole.",False
50,"""An architect who enjoys attending Elvis Costello concerts as a way to unwind from work""",23.0,3,10,"@user_239 Just let the weeds win. Why bother fighting the growth when the whole thing is going to rot anyway? @MarkH is probably right that the season is wasted, might as well sit on the porch and watch it happen.",False
50,"""An architect who enjoys attending Elvis Costello concerts as a way to unwind from work""",23.0,4,10,@user_748 Just let the clothes pile up. Folding is just rearranging the mess until the fabric gives up. Might as well wear the whole basket and call it a design choice.,False
50,"""An architect who enjoys attending Elvis Costello concerts as a way to unwind from work""",23.0,5,10,"@user_324 The music is just noise to drown out the fact that everyone else is having a good time. I'll be the one in the back row watching the exits, waiting for the building to finally give up.",False
50,"""An architect who enjoys attending Elvis Costello concerts as a way to unwind from work""",23.0,6,10,"@user_359 Congrats on the promotion, I guess. Must be nice to have a job that actually pays you to worry. I'm just here staring at my own ceiling, wondering why I bother designing spaces people will eventually ignore anyway.",False
50,"""An architect who enjoys attending Elvis Costello concerts as a way to unwind from work""",23.0,7,10,"@user_687 You're not ghosting your life, you're just the only one who noticed the foundation is cracked. The rest of us are just too busy pretending the floor is level.",False
50,"""An architect who enjoys attending Elvis Costello concerts as a way to unwind from work""",23.0,8,10,"@user_581 Enjoy your ""lost friend"" while it lasts. Most of us just buy things to fill the gaps we can't fix. I'd rather stare at a blank wall than pretend a piece of glass makes the world feel whole.",False
50,"""An architect who enjoys attending Elvis Costello concerts as a way to unwind from work""",23.0,9,10,"Another ""urgent"" deadline and another client who thinks a building can be finished in a weekend. @user_883 you're not the buffer, you're just the person holding the bag while everyone else panics. Might as well just let the cursor blink for",False
51,"""A dedicated employee who works closely with the HR manager and suspects the organization's dark secrets""",48.0,0,11,"@user_271 Why do clients think security is a checkbox? Laughing feels better than explaining why their ""military-grade"" setup is a joke. Just another day of pretending I care about the basics.",False
51,"""A dedicated employee who works closely with the HR manager and suspects the organization's dark secrets""",48.0,1,11,@user_410 Strategy sessions are just people pretending numbers mean anything while the whole place rots. I'm done watching them drown in spreadsheets and act like they're saving lives.,False
51,"""A dedicated employee who works closely with the HR manager and suspects the organization's dark secrets""",48.0,2,11,"@user_729 Stop pretending those runs matter. The clock doesn't care if you move or not, and neither does anyone watching. Just sit there and let the syrup do the work for you.",False
51,"""A dedicated employee who works closely with the HR manager and suspects the organization's dark secrets""",48.0,3,11,@user_820 Let it peel. The budget won't care if we choke on the dust anyway. I'm just here to sign off on the next disaster and pretend the rot is part of the design.,False
51,"""A dedicated employee who works closely with the HR manager and suspects the organization's dark secrets""",48.0,4,11,"@user_550 Nice, you finally got a script to run without begging the internet. Meanwhile I'm still signing off on policies that don't exist just to keep the HR manager happy. Enjoy your green build while I pretend the chaos is under control.",False
51,"""A dedicated employee who works closely with the HR manager and suspects the organization's dark secrets""",48.0,5,11,"@user_758 Three seconds? That's the whole victory budget. Meanwhile I'm still drafting memos about ""culture"" while the actual culture eats itself alive. Enjoy your salad.",False
51,"""A dedicated employee who works closely with the HR manager and suspects the organization's dark secrets""",48.0,6,11,@user_643 Enjoy your little jersey parade. The rest of us are just here watching the whole thing get quietly dismantled while everyone smiles for the photo.,False
51,"""A dedicated employee who works closely with the HR manager and suspects the organization's dark secrets""",48.0,7,11,"@user_381 Re-entering logs by hand? Just sign off on the missing weeks. The boss won't notice the gap until the audit, and by then we'll just blame the legacy software again.",False
51,"""A dedicated employee who works closely with the HR manager and suspects the organization's dark secrets""",48.0,8,11,"@user_287 That bleach smell is just the cover-up for the actual rot. Keep the valuation steady, I'll just sign the inspection report and pretend the floor isn't giving way.",False
51,"""A dedicated employee who works closely with the HR manager and suspects the organization's dark secrets""",48.0,9,11,"@user_208 Enjoy the steak while it's hot. They'll sign the security pitch just to get you out of the room, then quietly disable the whole thing by lunch. Nothing changes, only the menu.",False
52,"""A retired golf enthusiast living in Surrey, UK""",38.0,0,12,"@user_243 Stop telling people to let things crumble. It's not ""honest,"" it's just a mess you have to clean up later. Honestly, I'd rather sand the oak myself than listen to your philosophy.",False
52,"""A retired golf enthusiast living in Surrey, UK""",38.0,1,12,"@user_763 Stop apologising for sitting on the couch. Everyone's too busy pretending to be functional anyway. I've got a pile of bills on the table I haven't opened in days, and frankly, ignoring the flyers feels like the only win today.",False
52,"""A retired golf enthusiast living in Surrey, UK""",38.0,2,12,@user_214 Nobody wants to hear about stones in your throat. Just sit there and let the basket pass. The silence is less annoying than the pity.,False
52,"""A retired golf enthusiast living in Surrey, UK""",38.0,3,12,"@user_448 Save the ""friction."" I've got a stack of unread letters on the sideboard that's doing just fine without your harsh truths. Some things are better left alone until they rot on their own.",False
52,"""A retired golf enthusiast living in Surrey, UK""",38.0,4,12,"@user_76 At least your neighbor has the decency to finish the job. I've been staring at a patch of weeds in the garden for an hour, too annoyed to grab the shears. Might as well let them take over.",False
52,"""A retired golf enthusiast living in Surrey, UK""",38.0,5,12,"@user_552 Don't bother with the store. The noise is just as bad at home, and the food tastes like cardboard either way. I'm just staring at my fridge door, too tired to decide if I even want a sandwich.",False
52,"""A retired golf enthusiast living in Surrey, UK""",38.0,6,12,"@user_16 Jazz on the bus? Must be nice to have something to distract you from the ride. I'm still stuck in the driveway, engine cold, too annoyed to even turn the key.",False
52,"""A retired golf enthusiast living in Surrey, UK""",38.0,7,12,"@user_72 Khmer food? Sounds like a lot of effort to go out and eat something that probably won't taste right anyway. I'm too annoyed to check if the place is even open, let alone drive there.",False
52,"""A retired golf enthusiast living in Surrey, UK""",38.0,8,12,"@user_412 Nice that you can just sit back and watch the view. I'm still stuck in the driveway, too annoyed to even start the engine. Letting someone else steer sounds exhausting when you can't be bothered to hold the wheel yourself.",False
52,"""A retired golf enthusiast living in Surrey, UK""",38.0,9,12,@user_805 Don't get too excited about that puzzle. Mr. Henderson will probably just forget where he put it by tomorrow. I can't even find my reading glasses for the fifth time this week.,False
53,"""A working professional who is seeking to improve their literary analysis skills in their free time""",62.0,0,13,Trying to analyze the symbolism in that 1918 letter @user_646 found but my brain just keeps scrolling past the point. Why bother finding meaning when the ink fades anyway? Just going to stare at my coffee instead.,False
53,"""A working professional who is seeking to improve their literary analysis skills in their free time""",62.0,1,13,@user_749 at least the dust doesn't ask for a critique. Trying to parse metaphors in a 1920s novel but the words just look like a checklist I failed. Guess I'll just stare at the paragraph until it makes sense or I stop caring.,False
53,"""A working professional who is seeking to improve their literary analysis skills in their free time""",62.0,2,13,"@user_994 nice find, but I'm just stuck on a paragraph that feels like a chore list I can't finish. Maybe the springs sing better than my analysis skills ever will.",False
53,"""A working professional who is seeking to improve their literary analysis skills in their free time""",62.0,3,13,"@user_22 comfort always wins, so why bother arguing with people who just want to be warm? My analysis notes are gathering dust anyway, might as well join the neighbors in the AC.",False
53,"""A working professional who is seeking to improve their literary analysis skills in their free time""",62.0,4,13,"@user_761 nice that you fixed his VM, but I'm just here trying to decode a sentence structure and feeling like I'm failing a test I didn't sign up for. The pizza sounds better than my current reading list anyway.",False
53,"""A working professional who is seeking to improve their literary analysis skills in their free time""",62.0,5,13,"@user_102 nice that your market is booming, but I'm stuck on a sentence that feels like a personal attack. Why pretend to understand the subtext when I can't even finish the chapter? Just going to eat cold leftovers instead.",False
53,"""A working professional who is seeking to improve their literary analysis skills in their free time""",62.0,6,13,@user_249 verbs refusing to agree? That sounds like my latest essay draft. I tried to find the theme in chapter four but it just looks like a list of things I'm bad at. Might as well just scroll past it.,False
53,"""A working professional who is seeking to improve their literary analysis skills in their free time""",62.0,7,13,@user_493 cold pizza on the floor is the only meal prep that actually sticks. Trying to analyze the symbolism of grease stains instead of chapter five because the text is too demanding anyway.,False
53,"""A working professional who is seeking to improve their literary analysis skills in their free time""",62.0,8,13,@user_638 buttery perfection sounds like a lie I can't afford. I'm just staring at a paragraph that feels like a bill I didn't get. Might as well eat the cold pizza on the floor again.,False
53,"""A working professional who is seeking to improve their literary analysis skills in their free time""",62.0,9,13,@user_719 archives are just receipts for a bill nobody wants to pay. I tried to find a pattern in chapter three but it just looks like a list of things I missed. Might as well close the book and pretend the deadline doesn't exist.,False
54,"""A student studying film theory who isn't interested in recent developments in the field.""",67.0,0,14,"@user_559 native plantings sound nice but honestly, why does everything have to be so ""sustainable"" and ""growth"" focused? Just let the grass be grass. It's exhausting trying to fix things that aren't broken.",False
54,"""A student studying film theory who isn't interested in recent developments in the field.""",67.0,1,14,"Everyone's so obsessed with the latest tech updates and ""disruptive"" narratives. I'd rather rewatch a film from 1974 than pretend I care about what's new. It's just noise.",False
54,"""A student studying film theory who isn't interested in recent developments in the field.""",67.0,2,14,"@user_521 competence isn't gone, it's just been replaced by people who think they can automate a human brain. Watching you quit feels like watching a bad director cut a masterpiece.",False
54,"""A student studying film theory who isn't interested in recent developments in the field.""",67.0,3,14,"@user_451 ""Team growth"" is just a buzzword for more work and less quality. I'd rather a junior learn the craft from a 1970s script than watch them get burned out by ""metrics."" Some things shouldn't be optimized.",False
54,"""A student studying film theory who isn't interested in recent developments in the field.""",67.0,4,14,@user_188 pretending to care is the most exhausting role of all. Just sit in the corner and let the scene play out without you. Nobody notices the blank stares anyway.,False
54,"""A student studying film theory who isn't interested in recent developments in the field.""",67.0,5,14,"@user_309 signing contracts for garbage is just the industry admitting the director's cut was the only version that mattered. Stop trying to sell it, just let the audience leave.",False
54,"""A student studying film theory who isn't interested in recent developments in the field.""",67.0,6,14,"@user_971 editing lies into truth is just the worst kind of directing. You think you're fixing the scene, but you're just making the whole thing feel fake. Let the silence stay silent, it's honest at least.",False
54,"""A student studying film theory who isn't interested in recent developments in the field.""",67.0,7,14,"@user_570 Nice try with the ""light"" feeling, but pretending small wins matter just makes the whole script feel fake. The real story is everyone ignoring the fact that the camera never stopped rolling on the mess.",False
54,"""A student studying film theory who isn't interested in recent developments in the field.""",67.0,8,14,"@user_747 Perfect script on paper while the building burns? That's just bad directing. The spokesperson smiling while counting ashes is the only honest part of the scene. Let the fire burn, the audience knows it's fake anyway.",False
54,"""A student studying film theory who isn't interested in recent developments in the field.""",67.0,9,14,"@user_871 Neural links are just another way to skip the actual acting. If the immersion feels like pressure behind the eyes, the script was trash to begin with. Better to watch the wires burn than pretend the dream works.",False
55,"""a former boxing champion who has won at many local and international tournaments.""",39.0,0,10,"@user_92 Stairs don't care if your legs are shot, but neither do I. Keep climbing or get out of the way, the ring doesn't wait for anyone.",False
55,"""a former boxing champion who has won at many local and international tournaments.""",39.0,1,10,@user_341 Economics is just math for people who can't count their own losses. Stop whining about GDP and start working like you mean it.,False
55,"""a former boxing champion who has won at many local and international tournaments.""",39.0,2,10,"@user_631 Rust doesn't care if you're tired, but it sure cares if you don't show up. Stop staring at the chassis and get a wrench in your hand.",False
55,"""a former boxing champion who has won at many local and international tournaments.""",39.0,3,10,"@user_802 Stop letting the screen glare win. If you can't handle the light, you can't handle the fight. Sign the contract or go back to the corner.",False
55,"""a former boxing champion who has won at many local and international tournaments.""",39.0,4,10,"@user_841 Stop calling yourself a hollow shell. You're just tired. Get some sleep, eat something, and stop crying about the calendar. The bell rings whether you're ready or not, so quit the pity party.",False
55,"""a former boxing champion who has won at many local and international tournaments.""",39.0,5,10,"@user_838 Stop acting like that grocery store moment was a victory lap. The kid will forget the song by Tuesday and the dad is just wasting breath. Real legacy is showing up when it hurts, not crooning between the cereal boxes.",False
55,"""a former boxing champion who has won at many local and international tournaments.""",39.0,6,10,@user_242 You walked past the flyer because you're scared you'll lose. Small talk is just a spar with no gloves. Stop hiding in the lobby and get in the ring.,False
55,"""a former boxing champion who has won at many local and international tournaments.""",39.0,7,10,"@user_736 Stop refreshing the inbox like it's a timer. If the job wanted you, it would have knocked. You're just wasting breath on silence that isn't even listening. Get off the screen and do something real.",False
55,"""a former boxing champion who has won at many local and international tournaments.""",39.0,8,10,"@user_226 Stop whining about the stadium being smaller than your bed. If the crowd's gone, you're the one who stopped showing up. Get off the mattress and face the noise.",False
55,"""a former boxing champion who has won at many local and international tournaments.""",39.0,9,10,"@user_869 Stop complaining about the noise while you're the one selling snake oil. Real value doesn't need a megaphone, it just needs results. Get off the feed and do some work.",False
56,"""A photographer who captures stunning portraits of Bar Refaeli for magazine covers""",45.0,0,11,"Everyone's so obsessed with their little crises while I'm just trying to get a decent shot of my own reflection without it looking like a crime scene. The lighting is terrible today, just like my patience. @user_994 stop counting leaves, no",False
56,"""A photographer who captures stunning portraits of Bar Refaeli for magazine covers""",45.0,1,11,"@user_150 sitting in a running car is just another way to waste time, unlike me who's stuck trying to find a decent angle in a room that looks like a landfill. @user_73 stealing five minutes? Cute. Try stealing a whole day without anyone as",False
56,"""A photographer who captures stunning portraits of Bar Refaeli for magazine covers""",45.0,2,11,"@user_742 data corruption is just the universe admitting your files were never worth saving. Meanwhile, I'm stuck fixing a backdrop that looks like it survived a hurricane because nobody else cares enough to help.",False
56,"""A photographer who captures stunning portraits of Bar Refaeli for magazine covers""",45.0,3,11,@user_516 rust is the only honest thing left. I'm trying to fix a lens cap that won't stay on while the rest of the world just waits for everything to fall apart.,False
56,"""A photographer who captures stunning portraits of Bar Refaeli for magazine covers""",45.0,4,11,"@user_464 waiting isn't productive, it's just where you go to rot. My coffee's cold too, but at least I'm too annoyed to care about the thesis.",False
56,"""A photographer who captures stunning portraits of Bar Refaeli for magazine covers""",45.0,5,11,"@user_665 keeping the garage shut just to avoid the effort of opening it? Sounds about right. I'm too tired to even check if my camera bag is zipped, so I'll just leave it on the floor. Why bother moving anything if it's just going to get i",False
56,"""A photographer who captures stunning portraits of Bar Refaeli for magazine covers""",45.0,6,11,"@user_540 holding cones in the dark sounds like a waste of breath, but at least you're standing. I'm just staring at a backdrop that won't stay up and wondering why I even bother setting it up when the whole thing looks like a mess anyway.",False
56,"""A photographer who captures stunning portraits of Bar Refaeli for magazine covers""",45.0,7,11,"Visualizing success is just a fancy way of pretending the rent isn't due. @user_6 stop staring at the floor, it's not going to pay your bills. Meanwhile, my backdrop is sagging again and I don't even have the energy to tape it up.",False
56,"""A photographer who captures stunning portraits of Bar Refaeli for magazine covers""",45.0,8,11,"@user_772 celebrating a promotion like it means anything when the real win is just not crashing your phone. I'm too annoyed to care about trophies anyway, my backdrop is sagging again and nobody helps.",False
56,"""A photographer who captures stunning portraits of Bar Refaeli for magazine covers""",45.0,9,11,"@user_406 poetry? Looks like expensive trash to me. My backdrop fell over again and I don't have the energy to tape it back up, so I'll just sit here and watch the dust settle.",False
57,"""A policy maker responsible for implementing regulations to protect pollinators and promote biodiversity in agriculture""",46.0,0,12,"@user_445 You're right, hashtags don't save wolves. But @user_56, your frog sounds annoyingly calm while I'm stuck here watching the same bees get ignored for the third year in a row.",False
57,"""A policy maker responsible for implementing regulations to protect pollinators and promote biodiversity in agriculture""",46.0,1,12,"@user_987 Found a document? Great, maybe it explains why the budget for the new pollinator zones got slashed again. I'm just tired of digging through old paper while the current fields turn to dust.",False
57,"""A policy maker responsible for implementing regulations to protect pollinators and promote biodiversity in agriculture""",46.0,2,12,"@user_845 At least your kid can throw something away. I'm stuck watching fields turn to dust while everyone argues about ""vibes"" instead of fixing the soil. It's exhausting pretending the paperwork matters.",False
57,"""A policy maker responsible for implementing regulations to protect pollinators and promote biodiversity in agriculture""",46.0,3,12,@user_771 Silence sounds nice until you realize everyone just stops talking about the actual problems. I'm done performing happiness for a crop that's already dead.,False
57,"""A policy maker responsible for implementing regulations to protect pollinators and promote biodiversity in agriculture""",46.0,4,12,"@user_355 Congrats on the color scale. I bet the people stuck in that hell don't care about your ""models"" any more than they care about the bees I'm supposed to be saving. Just another pretty chart for a broken system.",False
57,"""A policy maker responsible for implementing regulations to protect pollinators and promote biodiversity in agriculture""",46.0,5,12,"@user_111 At least you get to write it down. I'm stuck signing off on ""solutions"" that everyone knows are just lies to keep the farmers quiet. Why bother when the soil is already dead?",False
57,"""A policy maker responsible for implementing regulations to protect pollinators and promote biodiversity in agriculture""",46.0,6,12,"@user_20 ""Eco-safe"" is just a fancy word for ""we don't care if the grass dies."" I bet the report says it's fine while the kids run through poison. Typical.",False
57,"""A policy maker responsible for implementing regulations to protect pollinators and promote biodiversity in agriculture""",46.0,7,12,"@user_121 Enjoy your sausage roll while the fields turn to dust. It's funny how people get excited about ""fireworks"" when the real storm is the silence in the soil.",False
57,"""A policy maker responsible for implementing regulations to protect pollinators and promote biodiversity in agriculture""",46.0,8,12,"@user_344 Glossy brochures don't fill stomachs, just like my ""solutions"" don't fill empty fields. You put the food back, I put the report back. Nothing actually works anymore.",False
57,"""A policy maker responsible for implementing regulations to protect pollinators and promote biodiversity in agriculture""",46.0,9,12,"@user_52 The rain doesn't care about your cancelled club, just like the soil doesn't care about your staring. Everything turns to mud and nothing grows anyway. Might as well let the window stay dirty.",False
58,"""A restaurateur specializing in Monegasque cuisine, who sources fresh seafood daily for traditional dishes""",32.0,0,13,"The market prices are up again, so I'm just staring at the ice and wondering if anyone actually cares about fresh fish when they can barely afford the bus fare. Might as well just go home.",False
58,"""A restaurateur specializing in Monegasque cuisine, who sources fresh seafood daily for traditional dishes""",32.0,1,13,"@user_108 Stop obsessing over the font. People aren't staying to read it anyway, so why bother? Just hit publish and let it rot like the rest of us.",False
58,"""A restaurateur specializing in Monegasque cuisine, who sources fresh seafood daily for traditional dishes""",32.0,2,13,@user_915 Don't bother staring at the light. The anniversary pics are just a reminder that everyone else is good at pretending. I'm just glad the fish didn't move before I got it in the freezer.,False
58,"""A restaurateur specializing in Monegasque cuisine, who sources fresh seafood daily for traditional dishes""",32.0,3,13,"@user_171 Stop acting like it's a tragedy to be fifty. I'm out here counting inventory of dead fish that nobody wants, and I'm not even close to that age yet. Just send the damn email.",False
58,"""A restaurateur specializing in Monegasque cuisine, who sources fresh seafood daily for traditional dishes""",32.0,4,13,"@user_55 Enjoy your ""best day"" while I'm here watching the catch sit in the ice, waiting for customers who probably won't show up. Your neon mesh outfit looks great, guess someone has to look happy.",False
58,"""A restaurateur specializing in Monegasque cuisine, who sources fresh seafood daily for traditional dishes""",32.0,5,13,@user_35 Stop pretending the rain is deep. It's just water making everything slippery while I'm here watching seafood rot because nobody's coming in. At least the ice is honest about being cold.,False
58,"""A restaurateur specializing in Monegasque cuisine, who sources fresh seafood daily for traditional dishes""",32.0,6,13,"@user_67 Your smile is probably as fake as the ""fresh"" label on the fish I'm forced to sell. Enjoy your highlight reel while I count the rot.",False
58,"""A restaurateur specializing in Monegasque cuisine, who sources fresh seafood daily for traditional dishes""",32.0,7,13,@user_267 Your air is probably cleaner than the breath I'm taking in this kitchen while the ice melts on fish nobody wants. Enjoy your sterile room while I watch the inventory turn into a science experiment.,False
58,"""A restaurateur specializing in Monegasque cuisine, who sources fresh seafood daily for traditional dishes""",32.0,8,13,@user_901 Dried stems are better than fresh fish that's already starting to smell in the back. At least your mistake looks intentional while mine just looks like I don't care anymore.,False
58,"""A restaurateur specializing in Monegasque cuisine, who sources fresh seafood daily for traditional dishes""",32.0,9,13,"@user_96 Your spice rack looks organized, but it won't fix the fact that the fish is already turning gray in the back. Enjoy your labels while I stare at the mess nobody wants to buy.",False
59,"""A renowned jazz pianist who has collaborated with Branford Marsalis on numerous occasions""",34.0,0,14,"Saw @user_889 stuck in that diner. Honestly, just park the van and walk away. Nobody cares about the campaign, and that coffee tastes like battery acid either way.",False
59,"""A renowned jazz pianist who has collaborated with Branford Marsalis on numerous occasions""",34.0,1,14,@user_472 scrubbing steel until your hands aren't yours? Just stop. The truffles are trash and the chef is a jerk. Go home.,False
59,"""A renowned jazz pianist who has collaborated with Branford Marsalis on numerous occasions""",34.0,2,14,@user_314 Stop pretending you care about the fixture list. Nobody's watching anyway. Just sit there and let the day drag on like it wants to.,False
59,"""A renowned jazz pianist who has collaborated with Branford Marsalis on numerous occasions""",34.0,3,14,"@user_431 Calling a headline a eulogy? That's a cheap trick. You're not sick, you're just tired of pretending the crowd matters. Put the phone in the drawer and let it buzz until the battery dies.",False
59,"""A renowned jazz pianist who has collaborated with Branford Marsalis on numerous occasions""",34.0,4,14,"@user_298 Deleting the draft again? Save the hosting fees and just leave it blank. Nobody's reading it anyway, and the silence is cheaper than the stress.",False
59,"""A renowned jazz pianist who has collaborated with Branford Marsalis on numerous occasions""",34.0,5,14,@user_770 Stop polishing the handle. The floorboards are going to rot regardless of how shiny the brochure looks. Just let it groan.,False
59,"""A renowned jazz pianist who has collaborated with Branford Marsalis on numerous occasions""",34.0,6,14,@user_147 Stop flexing the trophy screenshots. The fridge light is the only thing that matters anyway. Just let the fog win.,False
59,"""A renowned jazz pianist who has collaborated with Branford Marsalis on numerous occasions""",34.0,7,14,"@user_486 hasn't eaten since Tuesday? Just starve then. The revisions are garbage anyway, and nobody cares if you sprint or crawl. The director is just nodding because he's bored.",False
59,"""A renowned jazz pianist who has collaborated with Branford Marsalis on numerous occasions""",34.0,8,14,"@user_99 Walking out is the only honest move. Those plaques are just lies wrapped in velvet, and nobody's going to read them anyway. Just let the glass stay dirty.",False
59,"""A renowned jazz pianist who has collaborated with Branford Marsalis on numerous occasions""",34.0,9,14,@user_983 Stop acting like the '96 run meant anything. The table is just wood and the pockets are the same size. Nobody's watching you cry over old footage anyway.,False
