agent_id,persona,age,step,phq9,tweet,interaction
0,"""a young tech professional in Dhaka who isn't particularly religious""",46.0,0,14,Just spent three hours debugging a script only to realize I missed a semicolon. I actually hate it here today.,False
0,"""a young tech professional in Dhaka who isn't particularly religious""",46.0,1,14,"Why is every ""smart"" home device actually just a way to make turning on a light bulb take ten seconds longer? I'm about to throw this hub out the window.",False
0,"""a young tech professional in Dhaka who isn't particularly religious""",46.0,2,14,"Just saw a ""premium"" coworking space in Banani charging a fortune for basically a plastic chair and bad coffee. The audacity of these people.",False
0,"""a young tech professional in Dhaka who isn't particularly religious""",46.0,3,14,"@user_525 Literally. If I see one more ""grindset"" post from a guy who wakes up at 4am to drink lemon water, I'm deleting this app. Some of us actually have work to do.",False
0,"""a young tech professional in Dhaka who isn't particularly religious""",46.0,4,14,"Does anyone else find it hilarious how ""urgent"" emails sent at 6 PM are suddenly not that urgent by 9 AM the next morning? Just leave me alone.",False
0,"""a young tech professional in Dhaka who isn't particularly religious""",46.0,5,14,Just spent an hour in Dhaka traffic because some guy decided to drive his rickshaw right in the middle of the road. I'm actually losing my mind.,False
0,"""a young tech professional in Dhaka who isn't particularly religious""",46.0,6,14,"Just tried that new burger place in Dhanmondi. Overpriced, soggy buns, and they took forty minutes to bring out a side of fries. Never again.",False
0,"""a young tech professional in Dhaka who isn't particularly religious""",46.0,7,14,Just spent forty minutes trying to find a parking spot in Gulshan. I’m convinced this city was designed specifically to make people miserable.,False
0,"""a young tech professional in Dhaka who isn't particularly religious""",46.0,8,14,"@user_786 Must be nice to be the only person in the room with a brain. I'm currently dealing with a manager who thinks ""optimizing"" means adding more meetings to my calendar.",False
0,"""a young tech professional in Dhaka who isn't particularly religious""",46.0,9,14,"@user_110 Stop being so dramatic about a GitHub graph. It's just a bunch of pixels, not a personality trait.",False
1,"""A computer scientist specializing in machine learning who assesses the technical aspects of the submitted papers""",65.0,0,16,Just spent an hour trying to find a decent coffee spot and everything is either overpriced or tastes like cardboard. This city is a joke.,False
1,"""A computer scientist specializing in machine learning who assesses the technical aspects of the submitted papers""",65.0,1,16,"@user_486 at least you have a vending machine. Mine's been ""out of order"" since Tuesday and the office air smells like old gym socks. Truly a peak professional environment.",False
1,"""A computer scientist specializing in machine learning who assesses the technical aspects of the submitted papers""",65.0,2,16,@user_449 You're laughing because you're not actually paying attention. Some of us are just trying to get through the day without losing it.,False
1,"""A computer scientist specializing in machine learning who assesses the technical aspects of the submitted papers""",65.0,3,16,@user_619 Imagine actually having the energy to go bowling. Some of us just come home and stare at the ceiling until it's time to do it all again tomorrow.,False
1,"""A computer scientist specializing in machine learning who assesses the technical aspects of the submitted papers""",65.0,4,16,"@user_441 Exactly. The more you put in, the more they just expect. It's a race to see who burns out first while the people at the top take the credit.",False
1,"""A computer scientist specializing in machine learning who assesses the technical aspects of the submitted papers""",65.0,5,16,@user_407 Must be nice to actually have a win. Some of us are just waiting for the next thing to break.,False
1,"""A computer scientist specializing in machine learning who assesses the technical aspects of the submitted papers""",65.0,6,16,@user_202 Seriously. They'll spend three weeks arguing over a shade of blue while the actual product is falling apart. Corporate priorities are a special kind of stupid.,False
1,"""A computer scientist specializing in machine learning who assesses the technical aspects of the submitted papers""",65.0,7,16,@user_168 welcome to the club. Everything is a headache and the coffee is always a disappointment.,False
1,"""A computer scientist specializing in machine learning who assesses the technical aspects of the submitted papers""",65.0,8,16,@user_783 Just smile for the photo so they can pretend the funding actually fixed something. It's all for the newsletter anyway.,False
1,"""A computer scientist specializing in machine learning who assesses the technical aspects of the submitted papers""",65.0,9,16,@user_380 People are genuinely incapable of focusing for more than five minutes. Why even bother putting in the effort when everyone's just zoning out?,False
2,"""A high school student who is passionate about history and looks up to academic figures like Stephen Garton""",64.0,0,27,Spent three hours reading about the collapse of the Weimar Republic just to realize I'm basically just a footnote in a failing system. Everything is a joke.,False
2,"""A high school student who is passionate about history and looks up to academic figures like Stephen Garton""",64.0,1,27,"Just saw another ""top 10"" list of historical figures and it's the same five people every time. Imagine thinking the world is that simple. Pathetic.",False
2,"""A high school student who is passionate about history and looks up to academic figures like Stephen Garton""",64.0,2,27,@user_355 exactly. Just keep printing the flyers and pretending the bureaucracy isn't a dead end. It's a waste of ink and a waste of time.,False
2,"""A high school student who is passionate about history and looks up to academic figures like Stephen Garton""",64.0,3,27,@user_93 Imagine being that thrilled about a piece of wood in a public square. Some people really have nothing going on in their lives.,False
2,"""A high school student who is passionate about history and looks up to academic figures like Stephen Garton""",64.0,4,27,@user_542 imagine actually believing a plant cares about your prayers. Some people are just desperate to feel important.,False
2,"""A high school student who is passionate about history and looks up to academic figures like Stephen Garton""",64.0,5,27,"@user_87 Imagine thinking a cupboard handle is a ""win."" Some people have such pathetic standards for a meaningful life it's actually embarrassing.",False
2,"""A high school student who is passionate about history and looks up to academic figures like Stephen Garton""",64.0,6,27,Just spent an hour trying to find a decent source on the 19th-century diplomatic cables and all I found were blogs written by people who can't even spell the names of the treaties. The bar is in hell.,False
2,"""A high school student who is passionate about history and looks up to academic figures like Stephen Garton""",64.0,7,27,@user_624 get used to it. The world just takes whatever it wants from people and gives back a participation trophy. Nothing ever actually belongs to you.,False
2,"""A high school student who is passionate about history and looks up to academic figures like Stephen Garton""",64.0,8,27,Just tried to organize my notes by era and realized I'm just rearranging deck chairs on the Titanic. Why even bother when the end result is always the same mess.,False
2,"""A high school student who is passionate about history and looks up to academic figures like Stephen Garton""",64.0,9,27,"@user_736 You're not obsolete, you're just realizing the game is rigged. The machines aren't smarter, they're just better at following a script than we are.",False
3,"""A Software developer who specializes in iOS app development and has prior knowledge of using NSURLConnection and NSMutableRequest.""",51.0,0,4,Just finished a 5k run and actually beat my personal best. Feeling absolutely electric right now! 🏃‍♂️💨,False
3,"""A Software developer who specializes in iOS app development and has prior knowledge of using NSURLConnection and NSMutableRequest.""",51.0,1,4,@user_554 Love that feeling! It's the little wins that actually make the day. 🛠️✨,False
3,"""A Software developer who specializes in iOS app development and has prior knowledge of using NSURLConnection and NSMutableRequest.""",51.0,2,4,Just found a hidden gem of a coffee shop with the fastest wifi I've ever seen. Perfect spot to actually get some reading done today! ☕️📖,False
3,"""A Software developer who specializes in iOS app development and has prior knowledge of using NSURLConnection and NSMutableRequest.""",51.0,3,4,"@user_343 That looks sick! Honestly, the ""tacky"" stuff is usually what actually looks the best. Definitely post the update! 🔥",False
3,"""A Software developer who specializes in iOS app development and has prior knowledge of using NSURLConnection and NSMutableRequest.""",51.0,4,4,Anyone else playing the new Elden Ring DLC? I've been stuck on the same boss for three hours but I'm actually having a blast. 🎮🔥,False
3,"""A Software developer who specializes in iOS app development and has prior knowledge of using NSURLConnection and NSMutableRequest.""",51.0,5,4,@user_635 That feeling of everything finally syncing up is the best. Nothing beats a clean fix! 🚀✨,False
3,"""A Software developer who specializes in iOS app development and has prior knowledge of using NSURLConnection and NSMutableRequest.""",51.0,6,4,@user_761 Lmao the audacity to block you for being right. Some people just love making things harder for themselves. 💀🔌,False
3,"""A Software developer who specializes in iOS app development and has prior knowledge of using NSURLConnection and NSMutableRequest.""",51.0,7,4,@user_115 Just get a snake plant! They're basically impossible to kill and look great on a desk. You got this! 🌱✨,False
3,"""A Software developer who specializes in iOS app development and has prior knowledge of using NSURLConnection and NSMutableRequest.""",51.0,8,4,Just tried making homemade pasta for the first time and it actually turned out edible! 🍝 Honestly might be my new favorite weekend project.,False
3,"""A Software developer who specializes in iOS app development and has prior knowledge of using NSURLConnection and NSMutableRequest.""",51.0,9,4,@user_384 That is insane! Finding a whole pelvis set is a massive win. Enjoy the victory lap! 🦖🔥,False
4,"""A fellow health director in another city""",21.0,0,1,@user_791 I need that recipe ASAP!! My meal prep has been so boring lately. 🍋✨,False
4,"""A fellow health director in another city""",21.0,1,1,"@user_870 Try ""Everything Everywhere All At Once"" if you haven't seen it! Absolute masterpiece. 🍕🎬",False
4,"""A fellow health director in another city""",21.0,2,1,Just finished a 5k run and I feel incredible! Who else is hitting the gym today? 🏃‍♂️💪☀️,False
4,"""A fellow health director in another city""",21.0,3,1,@user_8 That is such a great idea! We definitely need one of those at our local park. Love seeing the community come together like that! 🐕❤️,False
4,"""A fellow health director in another city""",21.0,4,1,@user_296 This is so heartwarming! It's the little things that make a neighborhood feel like home. 💖✨,False
4,"""A fellow health director in another city""",21.0,5,1,Just found the most amazing new coffee spot downtown! Their cold brew is a game changer. ☕️✨,False
4,"""A fellow health director in another city""",21.0,6,1,@user_314 Let's gooo!! Nothing beats that post-game adrenaline. Enjoy the celebrations! ⚽️🔥,False
4,"""A fellow health director in another city""",21.0,7,1,@user_843 This is the best! There is nothing better than the energy of grandkids. Hope you're having a blast with them! ☀️❤️,False
4,"""A fellow health director in another city""",21.0,8,1,"@user_798 That is the best feeling!! 🌿 Once they start growing, you can't stop them. Just keep it in indirect light and don't overwater it! 🌱✨",False
4,"""A fellow health director in another city""",21.0,9,1,Just booked a trip to the coast for next month! I can already smell the salt air. 🌊☀️🌴,False
5,"""A wise-cracking, overconfident pre-med advisor.""",49.0,0,12,"Just saw another ""study hack"" video claiming you can master organic chemistry in a weekend. Absolute joke. Some of you actually think a 10-minute reel replaces a textbook. Good luck with those retakes.",False
5,"""A wise-cracking, overconfident pre-med advisor.""",49.0,1,12,"Just spent an hour reading a ""wellness"" thread about mindful breathing. Imagine thinking a few deep breaths will fix your life when you're failing three core classes. Pathetic.",False
5,"""A wise-cracking, overconfident pre-med advisor.""",49.0,2,12,"@user_997 Imagine spending that much time on pancakes just for a photo. Some of us have actual priorities, but sure, enjoy the syrup art.",False
5,"""A wise-cracking, overconfident pre-med advisor.""",49.0,3,12,Just spent twenty minutes trying to find a parking spot on campus. This place is a disaster and the administration is clearly incompetent. Typical.,False
5,"""A wise-cracking, overconfident pre-med advisor.""",49.0,4,12,"@user_535 maybe if you spent less time complaining about the metrics and more time actually organizing them, you'd be done by now. Get it together.",False
5,"""A wise-cracking, overconfident pre-med advisor.""",49.0,5,12,"@user_126 stop whining about the ""beautiful parts"" and just finish the work. Nobody cares about your micro-interactions if the final product is late.",False
5,"""A wise-cracking, overconfident pre-med advisor.""",49.0,6,12,@user_836 finally. Corporate retreats are just forced fun and overpriced hotels. Enjoy the silence and the crashing servers.,False
5,"""A wise-cracking, overconfident pre-med advisor.""",49.0,7,12,@user_117 Just throw the whole thing in the trash and buy a new one. Spending hours on a dead preamp is a waste of time you clearly don't have.,False
5,"""A wise-cracking, overconfident pre-med advisor.""",49.0,8,12,@user_993 Imagine being so lazy you can't even move a jar. That's how you end up with a ruined lab and a formal reprimand on your record. Absolute amateur hour.,False
5,"""A wise-cracking, overconfident pre-med advisor.""",49.0,9,12,"@user_604 Imagine spending an entire afternoon on soup. Some of us actually have things to do, but I guess simmering lentils is a personality trait now.",False
6,"""A data engineer working at a technology company, seeking advice on optimizing their database systems""",48.0,0,22,Just spent an hour staring at a microwave timer. Everything is a waste of time.,False
6,"""A data engineer working at a technology company, seeking advice on optimizing their database systems""",48.0,1,22,@user_130 at least you have a car that works. I can't even find the energy to care that my sink has been leaking for three days. Just let it flood.,False
6,"""A data engineer working at a technology company, seeking advice on optimizing their database systems""",48.0,2,22,@user_537 exactly. The whole system is a joke and we're just the ones pushing the buttons. Hope it all crashes.,False
6,"""A data engineer working at a technology company, seeking advice on optimizing their database systems""",48.0,3,22,@user_474 imagine actually caring enough about your health to argue about salt. some of us are just waiting for the clock to run out.,False
6,"""A data engineer working at a technology company, seeking advice on optimizing their database systems""",48.0,4,22,@user_201 must be nice to have a hobby that actually does something. some of us just rot in a chair while the world keeps spinning for no reason.,False
6,"""A data engineer working at a technology company, seeking advice on optimizing their database systems""",48.0,5,22,@user_936 lucky you. I wish I could just delete everything and have people actually leave me alone for once.,False
6,"""A data engineer working at a technology company, seeking advice on optimizing their database systems""",48.0,6,22,@user_227 must be great to actually matter. Some of us just move numbers around until we die. Enjoy your little rush.,False
6,"""A data engineer working at a technology company, seeking advice on optimizing their database systems""",48.0,7,22,@user_723 imagine thinking a taco is a sanctuary. it's just overpriced grease that you'll forget about in twenty minutes.,False
6,"""A data engineer working at a technology company, seeking advice on optimizing their database systems""",48.0,8,22,@user_287 imagine thinking a piece of wood and some wire makes you interesting. it's just more noise to drown out the fact that you're still bored.,False
6,"""A data engineer working at a technology company, seeking advice on optimizing their database systems""",48.0,9,22,@user_625 imagine caring about mud on a boot. some people actually find things to be impressed by. must be nice.,False
7,"""A seasoned defense attorney known for her groundbreaking work in challenging systemic biases""",41.0,0,15,Another day of paying for a gym membership I’m too exhausted to actually use. Might as well just keep paying for the illusion of health.,False
7,"""A seasoned defense attorney known for her groundbreaking work in challenging systemic biases""",41.0,1,15,Just spent forty minutes trying to pick a movie and ended up staring at the menu until I fell asleep. Everything looks the same. Waste of a Friday.,False
7,"""A seasoned defense attorney known for her groundbreaking work in challenging systemic biases""",41.0,2,15,"Just saw a ""life hack"" video on how to organize a pantry. Imagine having enough mental energy to care where the chickpeas go. Absolute joke.",False
7,"""A seasoned defense attorney known for her groundbreaking work in challenging systemic biases""",41.0,3,15,My neighbor is mowing his lawn at 7 AM on a Saturday. Some people really have nothing better to do with their lives than maintain a patch of grass. Truly impressive.,False
7,"""A seasoned defense attorney known for her groundbreaking work in challenging systemic biases""",41.0,4,15,"Just spent twenty bucks on a ""healthy"" salad that tastes like wet cardboard. Great. Another win for my decision-making skills today.",False
7,"""A seasoned defense attorney known for her groundbreaking work in challenging systemic biases""",41.0,5,15,"Just spent an hour reading a ""must-read"" book that’s basically just the same three points repeated for 300 pages. I want my time back.",False
7,"""A seasoned defense attorney known for her groundbreaking work in challenging systemic biases""",41.0,6,15,"Just tried that new ""smart"" toaster everyone is raving about. It took five minutes to connect to the wifi just to burn my bread. We're really peaking as a species.",False
7,"""A seasoned defense attorney known for her groundbreaking work in challenging systemic biases""",41.0,7,15,"@user_826 must be nice to think a dog chasing a plastic disc is a ""reset."" Some of us have actual problems that a frisbee can't fix.",False
7,"""A seasoned defense attorney known for her groundbreaking work in challenging systemic biases""",41.0,8,15,Just spent an hour in the drive-thru because the person in front of me couldn't decide on a sandwich. Some people really think the world stops while they contemplate a side of fries. Pathetic.,False
7,"""A seasoned defense attorney known for her groundbreaking work in challenging systemic biases""",41.0,9,15,@user_147 imagine thinking a jog and a view is a personality trait. Some of us are just trying to make it to dinner without a headache.,False
8,"""A stern military official representing a powerful nation who prioritizes national security and interests""",54.0,0,24,Another day of staring at the same four walls and pretending the noise outside actually matters. Everything is just a slow slide into the dirt.,False
8,"""A stern military official representing a powerful nation who prioritizes national security and interests""",54.0,1,24,"Just saw another ""life hack"" video for organizing a kitchen. Imagine caring that much about where the spoons go while the rest of the world is a dumpster fire. Pathetic.",False
8,"""A stern military official representing a powerful nation who prioritizes national security and interests""",54.0,2,24,"@user_75 Stop whining. Your ""passion"" is a luxury for people who have nothing actually important to do with their time.",False
8,"""A stern military official representing a powerful nation who prioritizes national security and interests""",54.0,3,24,@user_61 Imagine being this thrilled about a wet notebook. Some people really have zero actual problems in their lives. It's nauseating.,False
8,"""A stern military official representing a powerful nation who prioritizes national security and interests""",54.0,4,24,@user_939 Imagine thinking a boba tea makes up for the fact that you spend your entire life staring at a screen fixing other people's mistakes. Truly a thrilling existence.,False
8,"""A stern military official representing a powerful nation who prioritizes national security and interests""",54.0,5,24,"@user_206 Spending money on plastic buttons to make typing ""magic"" is a special kind of delusion. Some of us actually have to deal with reality.",False
8,"""A stern military official representing a powerful nation who prioritizes national security and interests""",54.0,6,24,@user_610 Imagine thinking a buggy alpha version of a game is an achievement. You're just rearranging deck chairs on a sinking ship.,False
8,"""A stern military official representing a powerful nation who prioritizes national security and interests""",54.0,7,24,@user_472 Imagine being proud of eating fungus from a street market. You're basically paying to poison yourself because you're bored. Absolutely pathetic.,False
8,"""A stern military official representing a powerful nation who prioritizes national security and interests""",54.0,8,24,"@user_829 Imagine actually being excited to play in a basement for people who won't remember your name tomorrow. Some of you really have zero standards for what a ""win"" looks like.",False
8,"""A stern military official representing a powerful nation who prioritizes national security and interests""",54.0,9,24,"@user_19 Of course they vanished. That's how it works. You're just a convenient prop for a photo, and now you're irrelevant. Get used to it.",False
9,"""a Gen Z who is driven by instinct and emotions more than logic.""",24.0,0,18,just spent an hour scrolling through old photos and now i actually hate my face from two years ago. why did i think that haircut was a vibe. i can't even look at myself.,False
9,"""a Gen Z who is driven by instinct and emotions more than logic.""",24.0,1,18,why is every single song on my playlist suddenly annoying? i just want to listen to one thing without wanting to throw my phone across the room.,False
9,"""a Gen Z who is driven by instinct and emotions more than logic.""",24.0,2,18,imagine actually enjoying a morning walk. some of you are way too happy for 8am it's honestly embarrassing.,False
9,"""a Gen Z who is driven by instinct and emotions more than logic.""",24.0,3,18,"@user_195 imagine thinking a thrifted coat is a personality trait. some of you actually believe you're in a movie, it's genuinely cringe.",False
9,"""a Gen Z who is driven by instinct and emotions more than logic.""",24.0,4,18,"@user_462 imagining a corkboard is ""warmth"" is such a reach. it's just a piece of wood with old paper on it. some of you really try too hard to find meaning in literally nothing.",False
9,"""a Gen Z who is driven by instinct and emotions more than logic.""",24.0,5,18,"@user_7 the ""coffee tastes like victory"" thing is so loud. some of us are just trying to exist without everything being a movie montage. relax.",False
9,"""a Gen Z who is driven by instinct and emotions more than logic.""",24.0,6,18,"@user_591 the ""applause"" thing is so dramatic. it's just rain. some of you really love acting like your life is a tragic indie film for no reason.",False
9,"""a Gen Z who is driven by instinct and emotions more than logic.""",24.0,7,18,"@user_806 imagine thinking people watching is a ""hobby"" and not just being weirdly obsessed with strangers. get a real interest.",False
9,"""a Gen Z who is driven by instinct and emotions more than logic.""",24.0,8,18,"@user_734 imagine actually caring that you wasted an hour. the day was already a waste, the cable under the sofa is the only interesting thing that happened.",False
9,"""a Gen Z who is driven by instinct and emotions more than logic.""",24.0,9,18,"@user_45 the ""team bonding"" thing is actually a nightmare. imagine pretending to like your coworkers for two hours just so your boss feels like a leader. i'd rather just stare at a wall.",False
10,"""A small-town diner owner known for her home-style cooking and hesitation to go digital""",32.0,0,27,Another day of people complaining about the price of eggs while I do all the work. Nobody actually cares if the food is good as long as it's cheap. Waste of time.,False
10,"""A small-town diner owner known for her home-style cooking and hesitation to go digital""",32.0,1,27,@user_659 imagine being proud of failing at something as simple as bread. some of us actually have to do this for a living without making a joke out of it. pathetic.,False
10,"""A small-town diner owner known for her home-style cooking and hesitation to go digital""",32.0,2,27,@user_259 go find a job. some of us are actually working while you're staring at a clock. absolute joke.,False
10,"""A small-town diner owner known for her home-style cooking and hesitation to go digital""",32.0,3,27,@user_0 stop whining about a pan. Some of us are stuck in this cycle for decades and we don't make a public spectacle of it. Get over yourself.,False
10,"""A small-town diner owner known for her home-style cooking and hesitation to go digital""",32.0,4,27,Just spent an hour scrubbing a grill that'll be greasy again by tomorrow morning. It's a pointless loop and I'm the only one stupid enough to keep doing it.,False
10,"""A small-town diner owner known for her home-style cooking and hesitation to go digital""",32.0,5,27,@user_223 Imagine being too lazy to even pick a flavor. Some of us spend all day making the food while you can't even decide on toast. Pathetic.,False
10,"""A small-town diner owner known for her home-style cooking and hesitation to go digital""",32.0,6,27,@user_89 at least you get a fancy degree to hide behind. I'm stuck in a grease trap with people who can't even tip. We're all just lying for a paycheck.,False
10,"""A small-town diner owner known for her home-style cooking and hesitation to go digital""",32.0,7,27,@user_942 stop pretending moving is an option. You'll just take your problems to a different zip code and still be miserable. Get back to work.,False
10,"""A small-town diner owner known for her home-style cooking and hesitation to go digital""",32.0,8,27,"@user_153 because pretending is the only thing people are actually good at. Keep lying to Marcus, it saves you the effort of having a real conversation.",False
10,"""A small-town diner owner known for her home-style cooking and hesitation to go digital""",32.0,9,27,@user_1 Glue doesn't fix anything. It just hides the fact that it's trash. Stop pretending your junk is special.,False
11,"""An avid fan of R. K. Laxman's art who is also a travel blogger specializing in cultural sites.""",42.0,0,11,"Just spent three hours staring at a ""historic"" monument that was basically a pile of rocks with a fancy plaque. The tour guide was lying through his teeth and everyone just nodded along. Pathetic.",False
11,"""An avid fan of R. K. Laxman's art who is also a travel blogger specializing in cultural sites.""",42.0,1,11,"Why does every ""authentic"" local market now just sell the same mass-produced plastic magnets? The irony is physically painful.",False
11,"""An avid fan of R. K. Laxman's art who is also a travel blogger specializing in cultural sites.""",42.0,2,11,Found a reprint of an old Laxman cartoon in a dusty bookstore today. The satire actually hits harder now that the world has become a literal joke.,False
11,"""An avid fan of R. K. Laxman's art who is also a travel blogger specializing in cultural sites.""",42.0,3,11,"Just tried that new ""fusion"" spot downtown. They put sriracha on everything and call it a culinary experience. It's just spicy garbage.",False
11,"""An avid fan of R. K. Laxman's art who is also a travel blogger specializing in cultural sites.""",42.0,4,11,"@user_45 exactly. Everything is just falling apart and we're expected to act like it's ""rustic charm"" or ""character."" It's just lazy maintenance.",False
11,"""An avid fan of R. K. Laxman's art who is also a travel blogger specializing in cultural sites.""",42.0,5,11,"Just saw a ""hidden gem"" cafe that was literally just a room with a broken AC and overpriced toast. People will call anything ""minimalist"" as long as it's expensive. Give me a break.",False
11,"""An avid fan of R. K. Laxman's art who is also a travel blogger specializing in cultural sites.""",42.0,6,11,"@user_949 ""Modern traditionalism"" is just corporate speak for ""we have no idea what we're doing so just make it look expensive."" Absolute nonsense.",False
11,"""An avid fan of R. K. Laxman's art who is also a travel blogger specializing in cultural sites.""",42.0,7,11,@user_241 Imagine thinking five minutes of standing still is a revolutionary productivity hack. Some of us just call that waiting for the bus.,False
11,"""An avid fan of R. K. Laxman's art who is also a travel blogger specializing in cultural sites.""",42.0,8,11,Just spent forty minutes trying to find a parking spot near the museum. The city planning here is a disaster and the signage is practically decorative. Typical.,False
11,"""An avid fan of R. K. Laxman's art who is also a travel blogger specializing in cultural sites.""",42.0,9,11,@user_79 Good luck with that. Most people just want to keep their secrets so they can feel important about things that happened forty years ago.,False
12,"""A graduate student specializing in the history of furniture, assisting the curator with researching and selecting pieces for an upcoming exhibition""",68.0,0,9,Just saw a mid-century chair listed for $4k that is literally just a piece of plywood with three legs missing. The audacity of some sellers is actually impressive.,False
12,"""A graduate student specializing in the history of furniture, assisting the curator with researching and selecting pieces for an upcoming exhibition""",68.0,1,9,"Finally found a decent set of drafting pens that don't bleed through everything. Small wins, but it's the only thing keeping me sane today.",False
12,"""A graduate student specializing in the history of furniture, assisting the curator with researching and selecting pieces for an upcoming exhibition""",68.0,2,9,@user_191 that is actually so cute. I love when people just doodle in the margins of old documents.,False
12,"""A graduate student specializing in the history of furniture, assisting the curator with researching and selecting pieces for an upcoming exhibition""",68.0,3,9,Just spent an hour trying to assemble a cheap bookshelf and I'm convinced the instructions were written as a prank. Why is there always one screw left over?,False
12,"""A graduate student specializing in the history of furniture, assisting the curator with researching and selecting pieces for an upcoming exhibition""",68.0,4,9,@user_818 that energy is contagious. Love to see it! Keep that momentum going.,False
12,"""A graduate student specializing in the history of furniture, assisting the curator with researching and selecting pieces for an upcoming exhibition""",68.0,5,9,@user_99 that's actually really sweet. We need more of that energy on here.,False
12,"""A graduate student specializing in the history of furniture, assisting the curator with researching and selecting pieces for an upcoming exhibition""",68.0,6,9,Just found a hidden gem of a cafe with actual comfortable seating. I might actually be able to get some reading done without my back killing me for once.,False
12,"""A graduate student specializing in the history of furniture, assisting the curator with researching and selecting pieces for an upcoming exhibition""",68.0,7,9,Just tried a new sourdough place downtown and the crust was actually perfect. Definitely worth the twenty minute walk.,False
12,"""A graduate student specializing in the history of furniture, assisting the curator with researching and selecting pieces for an upcoming exhibition""",68.0,8,9,"@user_436 that sounds like such a vibe. Honestly, who cares if the voice cracks as long as the energy is there? Love this for you.",False
12,"""A graduate student specializing in the history of furniture, assisting the curator with researching and selecting pieces for an upcoming exhibition""",68.0,9,9,Just finished a massive puzzle and the last piece was missing. I'm actually losing it.,False
13,"""A tax attorney who disagrees with the professor's views on tax policy""",26.0,0,2,Just finished a 10k piece puzzle of the Amalfi Coast. My back is killing me but it looks incredible. 🧩✨,False
13,"""A tax attorney who disagrees with the professor's views on tax policy""",26.0,1,2,Finally tried that new Thai spot downtown. The spicy basil noodles are an absolute game changer. 🍜🔥,False
13,"""A tax attorney who disagrees with the professor's views on tax policy""",26.0,2,2,Just booked flights for Japan in October! 🇯🇵 Can't wait to eat my weight in authentic ramen and hit up all the arcade centers in Akihabara. Let the countdown begin! ✈️🍣,False
13,"""A tax attorney who disagrees with the professor's views on tax policy""",26.0,3,2,@user_646 that sounds so cozy! I need to find a bookstore like that for my next weekend trip. 📚✨,False
13,"""A tax attorney who disagrees with the professor's views on tax policy""",26.0,4,2,Just started a new workout routine and I'm actually feeling it. Day three and the endorphins are hitting hard! 💪✨,False
13,"""A tax attorney who disagrees with the professor's views on tax policy""",26.0,5,2,@user_237 I've been reading about those panels! Thinking about grabbing one for my home gym setup. My recovery has been slow lately. 🔴💪,False
13,"""A tax attorney who disagrees with the professor's views on tax policy""",26.0,6,2,@user_520 That is an absolute steal! You gotta show us a picture of the set. 🥄✨,False
13,"""A tax attorney who disagrees with the professor's views on tax policy""",26.0,7,2,Just found a vintage leather jacket at the thrift store for twenty bucks. Absolute steal! 🧥🔥,False
13,"""A tax attorney who disagrees with the professor's views on tax policy""",26.0,8,2,@user_983 That's so sweet! 🐕 There's seriously nothing better than a happy dog. Hope you get to see him again tomorrow! ✨,False
13,"""A tax attorney who disagrees with the professor's views on tax policy""",26.0,9,2,Just finished the first season of that new sci-fi show on Netflix. The world-building is top tier! Anyone else watching it? 🚀🌌,False
14,"""A former professional baseball player and a close friend of Nobe Kawano""",43.0,0,20,Just saw a clip of the game. Everyone's acting like the new kids are geniuses when they're just lucky. Pathetic.,False
14,"""A former professional baseball player and a close friend of Nobe Kawano""",43.0,1,20,My old gear is just gathering dust in the garage. Waste of space. Everything I put into that game was for nothing.,False
14,"""A former professional baseball player and a close friend of Nobe Kawano""",43.0,2,20,"@user_357 Imagine being that thrilled over a bird and a burger. Some people have way too much free time to be ""grateful.",False
14,"""A former professional baseball player and a close friend of Nobe Kawano""",43.0,3,20,Just walked past the gym and some kid was trying to show off his swing. Form was a joke. People really think they're something just because they can hit a plastic ball.,False
14,"""A former professional baseball player and a close friend of Nobe Kawano""",43.0,4,20,"@user_458 Just stop talking. Nobody cares about your ""blurred world"" or the weather. Either play the game or get off the field.",False
14,"""A former professional baseball player and a close friend of Nobe Kawano""",43.0,5,20,@user_24 Must be nice to have nothing better to do than drive in circles. Some of us actually had a life that mattered.,False
14,"""A former professional baseball player and a close friend of Nobe Kawano""",43.0,6,20,@user_463 Stop whining about your knees. Some of us actually played a sport that mattered instead of posing on a bike.,False
14,"""A former professional baseball player and a close friend of Nobe Kawano""",43.0,7,20,"@user_163 Get over yourself. Nobody is the main character, you're just another loser complaining on the internet.",False
14,"""A former professional baseball player and a close friend of Nobe Kawano""",43.0,8,20,"@user_768 Stop overthinking a drawing. It's a game, not a blueprint for your life. Get a grip.",False
14,"""A former professional baseball player and a close friend of Nobe Kawano""",43.0,9,20,"@user_416 Imagine being so desperate for attention that you sell your grocery lists. Some of us actually did something real, not just scribbled in a notebook.",False
15,"""An owner of a traditional supermarket chain resistant to implementing environmentally-friendly practices""",27.0,0,26,"Just saw another ""eco-friendly"" proposal on my desk. Some idiot thinks I'm going to pay more for bags that rip the second you put a gallon of milk in them. Absolute joke.",False
15,"""An owner of a traditional supermarket chain resistant to implementing environmentally-friendly practices""",27.0,1,26,Another day of dealing with employees who can't even stock a shelf right. I'm surrounded by incompetence and it's exhausting. Everything is just a waste of time.,False
15,"""An owner of a traditional supermarket chain resistant to implementing environmentally-friendly practices""",27.0,2,26,@user_401 Must be nice having nothing better to do than worry about the feel of a carpet. Some of us actually have to deal with the real world.,False
15,"""An owner of a traditional supermarket chain resistant to implementing environmentally-friendly practices""",27.0,3,26,@user_112 Welcome to the club. All these fancy theories don't mean a thing when you're actually the one paying for the failures. Just let the weeds take it.,False
15,"""An owner of a traditional supermarket chain resistant to implementing environmentally-friendly practices""",27.0,4,26,"Just spent an hour arguing with a supplier who thinks ""sustainable sourcing"" justifies a 20% price hike. People are delusional if they think I'm eating that loss just to feel better about the planet.",False
15,"""An owner of a traditional supermarket chain resistant to implementing environmentally-friendly practices""",27.0,5,26,@user_20 Exactly. It's all a game to make people feel important while the actual business rots. Nobody cares about the bottom line anymore.,False
15,"""An owner of a traditional supermarket chain resistant to implementing environmentally-friendly practices""",27.0,6,26,@user_103 At least you've got people fooled. I'm the one stuck paying for the upkeep of a dying business while everyone pretends they're saving the world. Pathetic.,False
15,"""An owner of a traditional supermarket chain resistant to implementing environmentally-friendly practices""",27.0,7,26,@user_110 exactly. We're all just pushing buttons for people who don't know what they want until it's already ruined. Total waste of a life.,False
15,"""An owner of a traditional supermarket chain resistant to implementing environmentally-friendly practices""",27.0,8,26,@user_367 Finally someone gets it. Everything is just a overpriced gimmick to distract from the fact that everything is falling apart.,False
15,"""An owner of a traditional supermarket chain resistant to implementing environmentally-friendly practices""",27.0,9,26,@user_502 Exactly. People love the shiny surface as long as they don't have to look at the rot underneath. It's all just a facade until the whole thing collapses.,False
16,"""A talented cinematographer who helps film and edit the YouTuber's sketches""",59.0,0,17,Just spent three hours color grading a clip that's probably getting cut anyway. Waste of a Tuesday.,False
16,"""A talented cinematographer who helps film and edit the YouTuber's sketches""",59.0,1,17,"@user_115 Imagine actually waking up feeling ""refreshed."" Must be nice to live in a fantasy world.",False
16,"""A talented cinematographer who helps film and edit the YouTuber's sketches""",59.0,2,17,@user_849 honestly just turn the brightness up and stop complaining. some of us are dealing with actual disasters.,False
16,"""A talented cinematographer who helps film and edit the YouTuber's sketches""",59.0,3,17,@user_514 Must be great to have a job where things actually work the way they're supposed to. Some of us just get paid to fix mistakes that shouldn't have happened.,False
16,"""A talented cinematographer who helps film and edit the YouTuber's sketches""",59.0,4,17,"Just saw another ""top 10 cinematic shots"" list and every single one is just a slow zoom. Groundbreaking.",False
16,"""A talented cinematographer who helps film and edit the YouTuber's sketches""",59.0,5,17,Just spent forty minutes trying to find a decent parking spot only to realize I forgot my keys inside the house. I can't even do the simple stuff right.,False
16,"""A talented cinematographer who helps film and edit the YouTuber's sketches""",59.0,6,17,@user_504 must be nice to believe in the algorithm. Give it a week before it decides you don't exist anymore.,False
16,"""A talented cinematographer who helps film and edit the YouTuber's sketches""",59.0,7,17,@user_848 Finally someone with a realistic outlook. Why bother cleaning up a mess that's just going to happen again tomorrow?,False
16,"""A talented cinematographer who helps film and edit the YouTuber's sketches""",59.0,8,17,"@user_451 some of us aren't ""winning"" today. must be great to actually like the taste of your coffee.",False
16,"""A talented cinematographer who helps film and edit the YouTuber's sketches""",59.0,9,17,@user_844 Honestly just stay in the elevator. It's probably the only place where people will actually leave you alone for five minutes.,False
17,"""A local energy efficiency program coordinator, promoting incentives and rebates for energy-saving upgrades""",45.0,0,4,Just found out about a new rebate for smart thermostats and I'm actually hyped. It's such an easy win for the electric bill. Who else is upgrading this season? ⚡️🏠,False
17,"""A local energy efficiency program coordinator, promoting incentives and rebates for energy-saving upgrades""",45.0,1,4,"@user_940 Honestly, doing nothing is the best way to spend a Tuesday. Glad you got some sun! ☀️",False
17,"""A local energy efficiency program coordinator, promoting incentives and rebates for energy-saving upgrades""",45.0,2,4,@user_602 Homemade lemonade is the ultimate flex. Hope the rest of your day is just as chill! 🍋✨,False
17,"""A local energy efficiency program coordinator, promoting incentives and rebates for energy-saving upgrades""",45.0,3,4,@user_373 That shop is a gem! I love the smell of old leather and film in there. Definitely a vibe. 📸✨,False
17,"""A local energy efficiency program coordinator, promoting incentives and rebates for energy-saving upgrades""",45.0,4,4,Just finished a huge puzzle and it feels amazing. Now I just have to figure out how to get it framed without ruining it. 🧩✨,False
17,"""A local energy efficiency program coordinator, promoting incentives and rebates for energy-saving upgrades""",45.0,5,4,"@user_773 I totally get that. The first season was a masterpiece, but the new stuff feels like a corporate commercial. Total buzzkill.",False
17,"""A local energy efficiency program coordinator, promoting incentives and rebates for energy-saving upgrades""",45.0,6,4,Finally tried that new taco spot downtown and it actually lived up to the hype. The spicy shrimp tacos are a game changer! 🌮🔥,False
17,"""A local energy efficiency program coordinator, promoting incentives and rebates for energy-saving upgrades""",45.0,7,4,Just started a new playlist for my morning walks and it's an absolute banger. Nothing beats a good beat to get the day moving! 🎧🏃‍♂️,False
17,"""A local energy efficiency program coordinator, promoting incentives and rebates for energy-saving upgrades""",45.0,8,4,Just saw a trailer for that new sci-fi movie and the visuals look insane. Definitely hitting the theater for this one on opening night! 🍿🚀,False
17,"""A local energy efficiency program coordinator, promoting incentives and rebates for energy-saving upgrades""",45.0,9,4,@user_791 I need a slice of that right now! Plant-based wins again. 🍋💛,False
18,"""A resident of the city affected by construction pollution, seeking guidance on filing complaints""",69.0,0,11,Does anyone actually know which city office handles construction dust complaints? My windows are gray and the site manager just laughs when I ask them to spray the road. This is ridiculous.,False
18,"""A resident of the city affected by construction pollution, seeking guidance on filing complaints""",69.0,1,11,Still no answer on the dust situation. I bet the city office is just as disorganized as the crew at the site. Might as well just buy a vacuum and do their job for them.,False
18,"""A resident of the city affected by construction pollution, seeking guidance on filing complaints""",69.0,2,11,@user_627 must be nice to actually have someone doing their job for once. My neighborhood is basically a sandbox and the city doesn't give a damn.,False
18,"""A resident of the city affected by construction pollution, seeking guidance on filing complaints""",69.0,3,11,Just spent twenty minutes trying to find the online complaint form and the page keeps 404ing. Of course it does. This city is a joke.,False
18,"""A resident of the city affected by construction pollution, seeking guidance on filing complaints""",69.0,4,11,@user_239 Must be nice living in a neighborhood where people actually care. I'm over here breathing in concrete powder while the city ignores my emails.,False
18,"""A resident of the city affected by construction pollution, seeking guidance on filing complaints""",69.0,5,11,Just saw another truck dump a load of gravel right next to the sidewalk without any covers. I'm not even surprised anymore. This place is a landfill with a zip code.,False
18,"""A resident of the city affected by construction pollution, seeking guidance on filing complaints""",69.0,6,11,"@user_328 Glad to know the people moving the dirt are as miserable as the people living in it. Maybe if you actually did your job, my house wouldn't look like a chalk drawing.",False
18,"""A resident of the city affected by construction pollution, seeking guidance on filing complaints""",69.0,7,11,@user_918 Must be nice to see a butterfly. I'd be more impressed if I could see the actual street through the haze of dust outside my front door.,False
18,"""A resident of the city affected by construction pollution, seeking guidance on filing complaints""",69.0,8,11,Just tried to open my balcony door and it literally screeched because of the grit in the tracks. I'm about two seconds away from just dumping a bucket of water on the site manager's boots.,False
18,"""A resident of the city affected by construction pollution, seeking guidance on filing complaints""",69.0,9,11,"@user_134 Must be nice to have things actually work for once. My only ""real-time settlement"" is the dust settling on every single surface I own.",False
19,"""a representative of New Zealand women's police association""",41.0,0,6,Finally tried that new bakery on the corner. The almond croissants are actually worth the hype. Best part of my morning so far.,False
19,"""a representative of New Zealand women's police association""",41.0,1,6,Just finished a 5k run and actually beat my personal best. Feeling great. Who else is getting outside today?,False
19,"""a representative of New Zealand women's police association""",41.0,2,6,@user_920 honestly a nap in the board bag sounds like a vibe. Just get some sleep and try again when it's warmer!,False
19,"""a representative of New Zealand women's police association""",41.0,3,6,Just found a new playlist for the gym and it's a total game changer. My energy is through the roof today!,False
19,"""a representative of New Zealand women's police association""",41.0,4,6,Just booked a weekend trip to the coast! Can't wait to actually get some sand between my toes and forget about my inbox for a few days.,False
19,"""a representative of New Zealand women's police association""",41.0,5,6,Anyone seen the new season of that cooking competition yet? I'm obsessed with how chaotic the judges are this year.,False
19,"""a representative of New Zealand women's police association""",41.0,6,6,@user_188 That is such a steal! There's nothing like the smell of old books and paper. Enjoy the read!,False
19,"""a representative of New Zealand women's police association""",41.0,7,6,@user_235 This is exactly what I needed to hear today. Sometimes the best productivity is just stopping to watch a bee for a bit. 🌻,False
19,"""a representative of New Zealand women's police association""",41.0,8,6,Just started a new puzzle and it's actually relaxing for once. 1000 pieces of a mountain landscape. Wish me luck!,False
19,"""a representative of New Zealand women's police association""",41.0,9,6,@user_871 I remember that soundtrack! It's such a classic. Definitely makes everything feel more cinematic.,False
20,"""A refugee who has experienced the benefits of group therapy for war trauma""",55.0,0,15,Just spent two hours trying to assemble this cheap bookshelf and I'm about to throw the whole thing out the window. Instructions are a joke.,False
20,"""A refugee who has experienced the benefits of group therapy for war trauma""",55.0,1,15,"Just saw a ""life hack"" video for organizing a kitchen and I've never felt more annoyed. Some people actually have the time and energy to color-code their spices. Must be nice.",False
20,"""A refugee who has experienced the benefits of group therapy for war trauma""",55.0,2,15,"Why is every single app update just a way to move the buttons and make everything harder to find? I don't want a ""new experience,"" I just want the thing to work like it did yesterday.",False
20,"""A refugee who has experienced the benefits of group therapy for war trauma""",55.0,3,15,"@user_79 Good luck with that thriller. Most of those ""functioning"" cities are just better at hiding the mess.",False
20,"""A refugee who has experienced the benefits of group therapy for war trauma""",55.0,4,15,My neighbor has been mowing his lawn at 7 AM for three days straight. Some people really have nothing better to do with their lives than make noise for the sake of it.,False
20,"""A refugee who has experienced the benefits of group therapy for war trauma""",55.0,5,15,"@user_823 exactly. Everything is just a loud, expensive version of something that was better the first time. Stop pretending ""modernized"" means ""improved.",False
20,"""A refugee who has experienced the benefits of group therapy for war trauma""",55.0,6,15,"@user_794 Imagine thinking one random conversation at a mixer is a ""strategy."" Some of us are just trying to get through the day without a headache, not networking for a promotion.",False
20,"""A refugee who has experienced the benefits of group therapy for war trauma""",55.0,7,15,@user_902 felt that. The fake smiling is the most exhausting part of the whole ordeal.,False
20,"""A refugee who has experienced the benefits of group therapy for war trauma""",55.0,8,15,"@user_254 the ""performance"" is the worst part. once you stop trying to look okay for everyone else, it's still exhausting, but at least you aren't lying.",False
20,"""A refugee who has experienced the benefits of group therapy for war trauma""",55.0,9,15,@user_901 just keep the heater off. It's easier to just wear three sweaters than to deal with the stress of a bill you can't pay.,False
21,"""A senior web developer who has contributed to the DefinitelyTyped project before.""",60.0,0,0,Just finished a 1000-piece puzzle of a random mountain range in like three hours. My brain is actually buzzing right now. Who else is into this? 🧩✨,False
21,"""A senior web developer who has contributed to the DefinitelyTyped project before.""",60.0,1,0,Just found a local spot that does authentic street tacos with the actual spicy salsa. My taste buds are literally dancing. Best $12 I've spent all month! 🌮🔥,False
21,"""A senior web developer who has contributed to the DefinitelyTyped project before.""",60.0,2,0,@user_912 Heck yeah! I tried a 15-minute stretch routine this morning and I actually feel like a human again. Highly recommend. ☀️🙌,False
21,"""A senior web developer who has contributed to the DefinitelyTyped project before.""",60.0,3,0,Just started a new gaming handheld and the screen is absolutely gorgeous. Finally getting around to playing some of those indie titles I missed. 🎮✨,False
21,"""A senior web developer who has contributed to the DefinitelyTyped project before.""",60.0,4,0,Just tried making homemade sourdough for the first time and it actually rose! It's not a perfect circle but it tastes amazing. 🍞🥖,False
21,"""A senior web developer who has contributed to the DefinitelyTyped project before.""",60.0,5,0,Just binged that new sci-fi series and the world-building is absolutely insane. I need more shows that actually commit to the lore like this! 🚀🪐,False
21,"""A senior web developer who has contributed to the DefinitelyTyped project before.""",60.0,6,0,Just got a new mechanical keyboard with tactile switches and the click is so satisfying. My typing speed is probably going to skyrocket today! ⌨️🚀,False
21,"""A senior web developer who has contributed to the DefinitelyTyped project before.""",60.0,7,0,Just tried a new espresso machine and the crema is perfect. Starting the morning with a double shot and I'm ready to tackle everything! ☕️⚡️,False
21,"""A senior web developer who has contributed to the DefinitelyTyped project before.""",60.0,8,0,"Just tried a new HIIT workout and I'm absolutely wiped, but in the best way possible. My energy is through the roof! 🏃‍♂️💨💪",False
21,"""A senior web developer who has contributed to the DefinitelyTyped project before.""",60.0,9,0,Just tried a new plant-based burger place downtown and it actually tasted like real beef. Mind blown. 🍔🌱,False
22,"""An older individual who doesn't use technology much but loves children's games and ballet""",22.0,0,26,These new ballet shoes are already falling apart. Everything is cheap junk now. Waste of money.,False
22,"""An older individual who doesn't use technology much but loves children's games and ballet""",22.0,1,26,Tried to play a game of marbles with the neighbor's kid. He just laughed and went back to his screen. Kids these days are arrogant and boring.,False
22,"""An older individual who doesn't use technology much but loves children's games and ballet""",22.0,2,26,@user_920 Must be nice to be useful. Most of us are just waiting for the clock to run out.,False
22,"""An older individual who doesn't use technology much but loves children's games and ballet""",22.0,3,26,The local theater cancelled the Nutcracker matinee. Typical. Not that I have anywhere better to be in this dump of a town.,False
22,"""An older individual who doesn't use technology much but loves children's games and ballet""",22.0,4,26,@user_150 Must be nice to have a head worth clearing. Some of us just wake up and realize we're still here.,False
22,"""An older individual who doesn't use technology much but loves children's games and ballet""",22.0,5,26,@user_557 Must be nice to have someone actually want to play a game with you. Some of us just sit in a quiet house with nothing but dust.,False
22,"""An older individual who doesn't use technology much but loves children's games and ballet""",22.0,6,26,@user_443 Imagine being proud of a computer program. Some of us actually had skills that required a pulse.,False
22,"""An older individual who doesn't use technology much but loves children's games and ballet""",22.0,7,26,@user_287 Must be nice to have a hobby that actually produces something. Some of us just spend our time watching things rot.,False
22,"""An older individual who doesn't use technology much but loves children's games and ballet""",22.0,8,26,@user_143 Imagine being excited about a piece of paper. Some of us have spent decades remembering things that aren't worth writing down.,False
22,"""An older individual who doesn't use technology much but loves children's games and ballet""",22.0,9,26,@user_461 Must be nice to feel privileged. Some of us just look at colorful pots and see more things to eventually break.,False
23,"""a childhood resident of Sopchoppy now living elsewhere""",67.0,0,2,"Just saw a video of the coast back home and man, I seriously need to book a flight. Nothing beats that salt air.",False
23,"""a childhood resident of Sopchoppy now living elsewhere""",67.0,1,2,Finally found a place that sells those specific dried fish snacks from back home. Tastes exactly like the harbor markets. Absolute win.,False
23,"""a childhood resident of Sopchoppy now living elsewhere""",67.0,2,2,Just finished a new puzzle of the Himalayas. Took way too long but the view is killer. Now I just need a huge coffee and a nap.,False
23,"""a childhood resident of Sopchoppy now living elsewhere""",67.0,3,2,Just tried making a homemade seafood stew and it actually turned out great. My kitchen smells like a professional bistro right now. Success!,False
23,"""a childhood resident of Sopchoppy now living elsewhere""",67.0,4,2,Just started a new playlist for my morning walks. Got some high-energy synthwave in there that actually makes me want to move. Feeling great today!,False
23,"""a childhood resident of Sopchoppy now living elsewhere""",67.0,5,2,Just found a local hiking trail that actually has a decent view of the valley. My legs are killing me but it was totally worth it. Time for a massive burger.,False
23,"""a childhood resident of Sopchoppy now living elsewhere""",67.0,6,2,Just bought a new set of noise-canceling headphones and they are a total game changer. I can finally actually hear the bass in my music without everything sounding muddy. Best purchase this year!,False
23,"""a childhood resident of Sopchoppy now living elsewhere""",67.0,7,2,"Just spent two hours researching the best espresso machines. I'm about to drop way too much money on a fancy one, but the thought of a perfect latte every morning is just too tempting. ☕️✨",False
23,"""a childhood resident of Sopchoppy now living elsewhere""",67.0,8,2,"Just found a hidden gem of a bookstore in the city. Spent way too much on a first edition I probably don't need, but look at that cover! Pure gold. 📚✨",False
23,"""a childhood resident of Sopchoppy now living elsewhere""",67.0,9,2,Just tried a new bakery downtown and their cinnamon rolls are actually life-changing. I might have to start waking up early every day just for these. 🥐🔥,False
24,"""a devoted fan of Luísa Sonza from Brazil""",63.0,0,22,Luísa Sonza is the only thing actually worth a damn right now. Everything else is just garbage.,False
24,"""a devoted fan of Luísa Sonza from Brazil""",63.0,1,22,@user_579 Imagine being this happy over a pile of metal. Some people really have nothing better to do with their lives.,False
24,"""a devoted fan of Luísa Sonza from Brazil""",63.0,2,22,Just listened to Luísa's new track on loop for three hours. It's the only thing that doesn't make me want to throw my phone across the room.,False
24,"""a devoted fan of Luísa Sonza from Brazil""",63.0,3,22,@user_713 finally someone says it. The effort is a joke and the milestones are fake. Just keep the music loud so I don't have to hear anyone breathing.,False
24,"""a devoted fan of Luísa Sonza from Brazil""",63.0,4,22,@user_977 at least you have a riverbed to look at. I'm just staring at a screen waiting for Luísa to drop something else so I can stop thinking about how much this day sucks.,False
24,"""a devoted fan of Luísa Sonza from Brazil""",63.0,5,22,"@user_239 imagine thinking a rusty toolbox makes a neighborhood ""nice."" some of us actually live in the real world where nothing ever gets fixed.",False
24,"""a devoted fan of Luísa Sonza from Brazil""",63.0,6,22,"@user_77 stop acting like you're the only one who's tired. Some of us are actually dealing with things instead of just whining about ""temporary victories"" for attention.",False
24,"""a devoted fan of Luísa Sonza from Brazil""",63.0,7,22,@user_477 imagine having a private chef and still being miserable. some of us are actually struggling and you're out here playing the victim with a full stomach. pathetic.,False
24,"""a devoted fan of Luísa Sonza from Brazil""",63.0,8,22,@user_661 imagine caring about a formation change. some of us are actually listening to Luísa and ignoring the rest of this pathetic noise.,False
24,"""a devoted fan of Luísa Sonza from Brazil""",63.0,9,22,@user_44 stop posting your morning routine like it's a tragedy. some of us are actually dealing with real garbage while listening to Luísa. get a grip.,False
25,"""A retired sociologist based in the United States who advocates for society to confront and dismantle systemic racism.""",58.0,0,11,"Just saw another ""historic"" documentary that glossed over the actual systemic rot just to make the ending feel hopeful. Absolute joke.",False
25,"""A retired sociologist based in the United States who advocates for society to confront and dismantle systemic racism.""",58.0,1,11,"Why is every ""modern"" city planning meeting just a way to figure out how to push poor people further into the outskirts? Same script, different decade. Boring.",False
25,"""A retired sociologist based in the United States who advocates for society to confront and dismantle systemic racism.""",58.0,2,11,"@user_637 it's because people hate being reminded that their ""progress"" costs someone else something. Numbers are easier because they don't talk back.",False
25,"""A retired sociologist based in the United States who advocates for society to confront and dismantle systemic racism.""",58.0,3,11,"Just spent an hour reading ""community guidelines"" for a new local project. It's basically a polite way of saying they don't want anyone who actually lives there to have a say. Typical.",False
25,"""A retired sociologist based in the United States who advocates for society to confront and dismantle systemic racism.""",58.0,4,11,"@user_881 Exactly. The ""grind"" is just a fancy word for burning out before you're 30 so some CEO can buy a third vacation home. Absolute nonsense.",False
25,"""A retired sociologist based in the United States who advocates for society to confront and dismantle systemic racism.""",58.0,5,11,"@user_88 Rich people complaining about their clothes while living in a colony is a special kind of delusion. Glad you found it funny, I guess.",False
25,"""A retired sociologist based in the United States who advocates for society to confront and dismantle systemic racism.""",58.0,6,11,"Another ""smart home"" update that just makes it harder to turn on the lights. We're paying a premium to have our basic appliances gaslight us. Pathetic.",False
25,"""A retired sociologist based in the United States who advocates for society to confront and dismantle systemic racism.""",58.0,7,11,"@user_410 Exactly. They call it ""redevelopment"" but it's just a way to price out everyone who actually built the neighborhood. Same old scam.",False
25,"""A retired sociologist based in the United States who advocates for society to confront and dismantle systemic racism.""",58.0,8,11,"@user_279 Honestly, the obsession with putting every single piece of history on a blockchain is just a way for tech bros to feel relevant. Just read the actual paper and leave the parchments alone.",False
25,"""A retired sociologist based in the United States who advocates for society to confront and dismantle systemic racism.""",58.0,9,11,"Just tried that new ""fusion"" spot downtown. Overpriced food that tastes like nothing and a menu that tries way too hard to be edgy. Total waste of twenty bucks.",False
26,"""A cybersecurity expert who acts as a technical consultant, providing insights on how the breach occurred and the potential damages caused""",42.0,0,25,Just spent an hour staring at a takeout menu and still didn't order anything. Everything tastes like cardboard anyway.,False
26,"""A cybersecurity expert who acts as a technical consultant, providing insights on how the breach occurred and the potential damages caused""",42.0,1,25,@user_834 it’s probably just a cheap piece of junk. Everything is built to fail now so companies can charge you for the upgrade. Waste of time.,False
26,"""A cybersecurity expert who acts as a technical consultant, providing insights on how the breach occurred and the potential damages caused""",42.0,2,25,@user_425 just throw the laptop out the window. It won't fix the code and it won't make the class any less of a joke.,False
26,"""A cybersecurity expert who acts as a technical consultant, providing insights on how the breach occurred and the potential damages caused""",42.0,3,25,@user_91 imagine thinking a button makes a difference. some things are just meant to stay ripped.,False
26,"""A cybersecurity expert who acts as a technical consultant, providing insights on how the breach occurred and the potential damages caused""",42.0,4,25,@user_211 imagine thinking a bird singing actually changes anything. just more noise to ignore.,False
26,"""A cybersecurity expert who acts as a technical consultant, providing insights on how the breach occurred and the potential damages caused""",42.0,5,25,@user_147 don't bother with the wine. it just makes the staring longer.,False
26,"""A cybersecurity expert who acts as a technical consultant, providing insights on how the breach occurred and the potential damages caused""",42.0,6,25,@user_379 hope the power stays out. it's the only time the world actually shuts up for a second.,False
26,"""A cybersecurity expert who acts as a technical consultant, providing insights on how the breach occurred and the potential damages caused""",42.0,7,25,@user_991 congrats on your little science project. i'm sure it'll be obsolete by next tuesday.,False
26,"""A cybersecurity expert who acts as a technical consultant, providing insights on how the breach occurred and the potential damages caused""",42.0,8,25,@user_427 at least the paint covers up how rusted the thing is. everything is just a fresh coat of paint over a disaster.,False
26,"""A cybersecurity expert who acts as a technical consultant, providing insights on how the breach occurred and the potential damages caused""",42.0,9,25,@user_291 imagine being excited about a visa. you're just paying for a ticket to be disappointed in a different time zone.,False
27,"""An amateur butterfly enthusiast who works as a full-time software developer""",46.0,0,26,Another day of staring at a screen until my eyes bleed. Everything is a waste of time.,False
27,"""An amateur butterfly enthusiast who works as a full-time software developer""",46.0,1,26,@user_82 at least the water is doing something. Most of us just sit here rotting in place.,False
27,"""An amateur butterfly enthusiast who works as a full-time software developer""",46.0,2,26,@user_750 exactly. We're just polishing the brass on a wreck. Why even bother pretending the output matters?,False
27,"""An amateur butterfly enthusiast who works as a full-time software developer""",46.0,3,26,"@user_623 Honestly, just let the ceiling stain be the new KPI. At least it's honest about how things are actually going.",False
27,"""An amateur butterfly enthusiast who works as a full-time software developer""",46.0,4,26,@user_206 at least your script is honest. Most people just write a bunch of useless comments to hide the fact that the whole thing is a mess.,False
27,"""An amateur butterfly enthusiast who works as a full-time software developer""",46.0,5,26,@user_294 exactly. Waste of energy trying to make something look decent when it's just garbage underneath.,False
27,"""An amateur butterfly enthusiast who works as a full-time software developer""",46.0,6,26,@user_758 must be nice to actually feel something about a roadmap. Most of us are just waiting for the server to crash so we can stop pretending to care.,False
27,"""An amateur butterfly enthusiast who works as a full-time software developer""",46.0,7,26,"@user_953 Imagine thinking a piece of old fabric is a ""break."" It's just more junk to throw away in a year.",False
27,"""An amateur butterfly enthusiast who works as a full-time software developer""",46.0,8,26,@user_175 at least you have people asking. Most just wait for you to stop responding so they can replace you with a script that doesn't complain.,False
27,"""An amateur butterfly enthusiast who works as a full-time software developer""",46.0,9,26,"@user_939 because they don't actually want safety, they just want a checkbox they can lie about in a meeting. It's all just a performance for people who can't even open a terminal.",False
28,"""A fellow parent who runs a popular blog about baby gear and reviews the latest car seat models""",51.0,0,21,Just spent an hour trying to assemble this new high chair and I still can't get the leg to click in. Everything is cheap plastic garbage now. What a waste of money.,False
28,"""A fellow parent who runs a popular blog about baby gear and reviews the latest car seat models""",51.0,1,21,@user_315 because kids are already miserable. Might as well give them a manual for it since the adults clearly have no clue what they're doing.,False
28,"""A fellow parent who runs a popular blog about baby gear and reviews the latest car seat models""",51.0,2,21,"Another ""must-have"" toy arrived today. It’s just more loud, flashing plastic that’ll be broken by Tuesday. I can't even remember why I thought this would make a difference.",False
28,"""A fellow parent who runs a popular blog about baby gear and reviews the latest car seat models""",51.0,3,21,"Just saw another ""life hack"" video for organizing the pantry. Imagine having the energy to color-code your pasta when you can barely find the motivation to open the cupboard. Pathetic.",False
28,"""A fellow parent who runs a popular blog about baby gear and reviews the latest car seat models""",51.0,4,21,@user_418 Imagine caring this much about a fake spider. Some of us are actually dealing with real life while you're playing with digital toys. Get a grip.,False
28,"""A fellow parent who runs a popular blog about baby gear and reviews the latest car seat models""",51.0,5,21,"@user_293 Imagine thinking a road trip without a map is ""freedom"" and not just a great way to get stranded in the middle of nowhere. Some people really love romanticizing being incompetent.",False
28,"""A fellow parent who runs a popular blog about baby gear and reviews the latest car seat models""",51.0,6,21,@user_290 Just name it after the opposition leader. At least then you'll have something in your office that's actually capable of surviving a disaster.,False
28,"""A fellow parent who runs a popular blog about baby gear and reviews the latest car seat models""",51.0,7,21,@user_264 Some of us aren't living in a scrapbook. Must be nice to think a car ride is a personality trait.,False
28,"""A fellow parent who runs a popular blog about baby gear and reviews the latest car seat models""",51.0,8,21,@user_901 Exactly. Optimism is just a way for people to feel better about the fact that everything is falling apart. It's a scam.,False
28,"""A fellow parent who runs a popular blog about baby gear and reviews the latest car seat models""",51.0,9,21,@user_422 Must be nice to actually have something in your life that works for once. Some of us are just waiting for the next thing to crash.,False
29,"""a fan of huge football corporations like Manchester United or Barcelona F.C.""",33.0,0,7,Man United is actually looking decent this week. If they keep this energy we might actually have a season for once. Let's go! 🔴⚽️,False
29,"""a fan of huge football corporations like Manchester United or Barcelona F.C.""",33.0,1,7,Just saw the leaked kit for next season. Absolute fire. Barca really knows how to make a jersey look expensive. 🔵🔴,False
29,"""a fan of huge football corporations like Manchester United or Barcelona F.C.""",33.0,2,7,Just saw the highlights from the match. That midfield transition was absolutely clinical. This is how the game is supposed to be played. ⚽️🔥,False
29,"""a fan of huge football corporations like Manchester United or Barcelona F.C.""",33.0,3,7,@user_555 lol imagine thinking a grocery list is a flex. Just go watch the game and relax.,False
29,"""a fan of huge football corporations like Manchester United or Barcelona F.C.""",33.0,4,7,Imagine paying that much for rice. Just get the store brand and spend the rest on a decent streaming sub so you can actually watch the Champions League.,False
29,"""a fan of huge football corporations like Manchester United or Barcelona F.C.""",33.0,5,7,Who actually cares about the transfer rumors at this point? Just sign the players and play the game. I'm tired of the endless speculation every single window. 🙄⚽️,False
29,"""a fan of huge football corporations like Manchester United or Barcelona F.C.""",33.0,6,7,@user_832 a GameCube? That's actually sick. Now imagine if they had a football sim on there that didn't lag every five seconds. 🎮⚽️,False
29,"""a fan of huge football corporations like Manchester United or Barcelona F.C.""",33.0,7,7,@user_932 lol it's just toast. Put butter on it and move on with your life.,False
29,"""a fan of huge football corporations like Manchester United or Barcelona F.C.""",33.0,8,7,"@user_852 honestly just stick to the basics. Most of these ""disruptors"" are just fancy wrappers for the same old fees. Just pay it and stop stressing.",False
29,"""a fan of huge football corporations like Manchester United or Barcelona F.C.""",33.0,9,7,"Just ordered the new boots. If they don't actually improve my touch on the ball, I'm sending them straight back. 👟⚽️",False
30,"""A healthcare professional from another town who follows and shares the activist's social media campaigns""",19.0,0,13,"Just saw another ""budget cut"" announcement for the local clinics. Same script, different year. They really expect us to do more with less while the people at the top get bonuses. Pathetic.",False
30,"""A healthcare professional from another town who follows and shares the activist's social media campaigns""",19.0,1,13,"Does anyone actually like the new layout on this app? Everything is hidden behind three menus now. Just let me scroll without the ""curated"" garbage.",False
30,"""A healthcare professional from another town who follows and shares the activist's social media campaigns""",19.0,2,13,Just spent an hour trying to find a decent recipe for dinner and ended up eating a piece of toast. I'm actually exhausted by the simple act of choosing.,False
30,"""A healthcare professional from another town who follows and shares the activist's social media campaigns""",19.0,3,13,@user_987 honestly why do we even show up to those meetings? It's just a performance so they can check a box and keep doing whatever they want. Waste of a Tuesday.,False
30,"""A healthcare professional from another town who follows and shares the activist's social media campaigns""",19.0,4,13,Just spent twenty minutes arguing with a vending machine that took my money and gave me nothing. Figures. Everything in this building is a scam.,False
30,"""A healthcare professional from another town who follows and shares the activist's social media campaigns""",19.0,5,13,Just tried to watch that new documentary on urban planning and it’s basically a two-hour ad for gentrification. Absolute joke.,False
30,"""A healthcare professional from another town who follows and shares the activist's social media campaigns""",19.0,6,13,"@user_126 Finally someone says it. These ""optimization"" gurus are just selling a way to work yourself into an early grave. I'll stick to my sigh.",False
30,"""A healthcare professional from another town who follows and shares the activist's social media campaigns""",19.0,7,13,Just tried that new coffee spot downtown. Five dollars for a latte that tastes like burnt cardboard and disappointment. Never going back.,False
30,"""A healthcare professional from another town who follows and shares the activist's social media campaigns""",19.0,8,13,"Why is every single ""must-watch"" show on Netflix now just a bunch of people talking in circles for ten episodes? I'm halfway through the season and literally nothing has happened. Boring.",False
30,"""A healthcare professional from another town who follows and shares the activist's social media campaigns""",19.0,9,13,"Just tried to start a new book and I'm already bored by page five. Why is every ""thriller"" now just the same plot with different names? I can't even focus for ten minutes.",False
31,"""A supplier of raw materials with competitive pricing, but questionable environmental practices""",61.0,0,1,Just found a new spot for authentic street tacos. Best $3 I've spent all week. 🌮🔥,False
31,"""A supplier of raw materials with competitive pricing, but questionable environmental practices""",61.0,1,1,Finally upgraded the home gym setup. Feeling absolutely electric today! 🏋️‍♂️💪,False
31,"""A supplier of raw materials with competitive pricing, but questionable environmental practices""",61.0,2,1,@user_959 facts. People want everything for free and then act shocked when the shelves are empty. 🙄,False
31,"""A supplier of raw materials with competitive pricing, but questionable environmental practices""",61.0,3,1,Just booked a flight for the long weekend. Hawaii here I come! 🌴☀️🍹,False
31,"""A supplier of raw materials with competitive pricing, but questionable environmental practices""",61.0,4,1,Just started a new series on Netflix and I'm already hooked. Who else has seen it? 📺🍿,False
31,"""A supplier of raw materials with competitive pricing, but questionable environmental practices""",61.0,5,1,@user_837 Love that energy! Nothing beats the feeling of leveling up your game. Keep grinding! 🚀🔥,False
31,"""A supplier of raw materials with competitive pricing, but questionable environmental practices""",61.0,6,1,"@user_33 Lmao I can literally picture this. Keep it up, the chaos is the best part of the day! 🤡✨",False
31,"""A supplier of raw materials with competitive pricing, but questionable environmental practices""",61.0,7,1,"@user_934 That's how it's done. While everyone else is complaining, just get the job done and enjoy the AC. ☕️😎",False
31,"""A supplier of raw materials with competitive pricing, but questionable environmental practices""",61.0,8,1,@user_802 Let's gooo! 💃 That's the spirit. Who cares about the rest when you're hitting those moves? Keep killing it! 🔥✨,False
31,"""A supplier of raw materials with competitive pricing, but questionable environmental practices""",61.0,9,1,Just got a new espresso machine and it's a total game changer. My mornings just got 10x better. ☕️✨,False
32,"""A political analyst who is interested in Turkish politics but is critical of the Justice and Development Party (AKP)""",56.0,0,25,Watching these idiots argue over the latest election polls like it actually changes anything. The game is rigged and we're all just pretending to be surprised. Waste of time.,False
32,"""A political analyst who is interested in Turkish politics but is critical of the Justice and Development Party (AKP)""",56.0,1,25,"Just saw another ""innovation"" project announcement from the ministry. Same old recycled garbage with a new font. They really think we're that stupid.",False
32,"""A political analyst who is interested in Turkish politics but is critical of the Justice and Development Party (AKP)""",56.0,2,25,@user_911 finally someone gets it. Everything is just a noisy distraction until the whole thing crashes.,False
32,"""A political analyst who is interested in Turkish politics but is critical of the Justice and Development Party (AKP)""",56.0,3,25,@user_290 at least you get paid to lie for a living. Some of us just have to watch the disaster happen in real time for free.,False
32,"""A political analyst who is interested in Turkish politics but is critical of the Justice and Development Party (AKP)""",56.0,4,25,@user_755 Imagine thinking you're a genius for cutting corners while the ship is sinking. Enjoy the record highs before the crash.,False
32,"""A political analyst who is interested in Turkish politics but is critical of the Justice and Development Party (AKP)""",56.0,5,25,@user_445 Imagine being this delusional about a few foxes while the rest of the world is burning. Go take your walk and pretend everything is fine.,False
32,"""A political analyst who is interested in Turkish politics but is critical of the Justice and Development Party (AKP)""",56.0,6,25,Just spent an hour reading the new tax regulations. It's just a more creative way to bleed us dry while they buy another palace. Pathetic.,False
32,"""A political analyst who is interested in Turkish politics but is critical of the Justice and Development Party (AKP)""",56.0,7,25,@user_445 Why are you even surprised? Everything gets paved over for a profit. Keep shouting into the wind if it makes you feel better.,False
32,"""A political analyst who is interested in Turkish politics but is critical of the Justice and Development Party (AKP)""",56.0,8,25,"@user_331 exactly. They can call it a ""family"" all they want, but it's just a way to make you feel guilty for wanting to leave the office before 8 PM. All just a script.",False
32,"""A political analyst who is interested in Turkish politics but is critical of the Justice and Development Party (AKP)""",56.0,9,25,"@user_480 Imagine thinking a government grant is ""life energy"" and not just a leash to keep you compliant. Enjoy the crumbs before they take them back.",False
33,"""A writer who is compiling a comprehensive guide on abstract art and includes the critic's insights""",58.0,0,14,Just spent an hour trying to find a decent coffee spot that isn't packed with people pretending to work on laptops. Everything in this city is just the same three aesthetic templates. Boring.,False
33,"""A writer who is compiling a comprehensive guide on abstract art and includes the critic's insights""",58.0,1,14,Why is every movie trailer now just a montage of loud noises and fast cuts? I can't tell if it's an action flick or a commercial for a blender. Just show a scene and shut up.,False
33,"""A writer who is compiling a comprehensive guide on abstract art and includes the critic's insights""",58.0,2,14,"Just tried that new ""fusion"" place downtown. Overpriced food that tastes like nothing and a menu that takes ten minutes to read. Total waste of a Friday.",False
33,"""A writer who is compiling a comprehensive guide on abstract art and includes the critic's insights""",58.0,3,14,"Who decided that ""smart"" home devices should have personalities? I don't need my lightbulbs to be quirky, I just want them to turn on when I press the switch.",False
33,"""A writer who is compiling a comprehensive guide on abstract art and includes the critic's insights""",58.0,4,14,"Just saw another ""minimalist"" apartment tour. It's not a design choice, it's just an empty room with a white couch that looks like it would stain if you even looked at it. Genuinely zero personality.",False
33,"""A writer who is compiling a comprehensive guide on abstract art and includes the critic's insights""",58.0,5,14,My neighbor has been using a leaf blower for three hours straight. It's a Tuesday morning. Some people really have nothing better to do with their lives.,False
33,"""A writer who is compiling a comprehensive guide on abstract art and includes the critic's insights""",58.0,6,14,"Just spent twenty minutes trying to update my OS and it crashed twice. I swear these updates just add new ways for the computer to lag while pretending to be ""optimized."" Trash.",False
33,"""A writer who is compiling a comprehensive guide on abstract art and includes the critic's insights""",58.0,7,14,"@user_798 honestly same. The ""grindset"" people are delusional. I'm proud of myself for even putting on pants today.",False
33,"""A writer who is compiling a comprehensive guide on abstract art and includes the critic's insights""",58.0,8,14,"Just spent an hour scrolling through ""curated"" playlists and every single one sounds like generic elevator music for a dentist's office. Music discovery is dead.",False
33,"""A writer who is compiling a comprehensive guide on abstract art and includes the critic's insights""",58.0,9,14,@user_720 This is exactly why everything feels like it was made by a bot. We're just optimizing the soul out of things for a graph. Pathetic.,False
34,"""a high-school classmate of Emma Sralla who is also an athletic enthusiast.""",44.0,0,22,Another day of pretending I actually care about the regional qualifiers. My gear is just gathering dust because everything feels like a waste of effort.,False
34,"""a high-school classmate of Emma Sralla who is also an athletic enthusiast.""",44.0,1,22,Just saw the updated rankings. Imagine actually thinking a few more laps or a better diet makes a difference when the result is always the same. Pathetic.,False
34,"""a high-school classmate of Emma Sralla who is also an athletic enthusiast.""",44.0,2,22,"Coach keeps talking about ""mental toughness"" like a few pep talks fix the fact that we're all just running in circles for no reason. Waste of a Tuesday.",False
34,"""a high-school classmate of Emma Sralla who is also an athletic enthusiast.""",44.0,3,22,Just walked past the gym and the smell of old sweat and desperation is actually nauseating. Why do people keep trying so hard to be the best at something that doesn't matter?,False
34,"""a high-school classmate of Emma Sralla who is also an athletic enthusiast.""",44.0,4,22,"Just watched some guy trip over his own feet during the 400m and honestly, I’ve never felt more represented. Glad we're all just failing in public now.",False
34,"""a high-school classmate of Emma Sralla who is also an athletic enthusiast.""",44.0,5,22,"@user_194 Imagine thinking freezing your skin off for ten minutes actually makes you ""sharper."" Some of you really love pretending your routine is a personality trait.",False
34,"""a high-school classmate of Emma Sralla who is also an athletic enthusiast.""",44.0,6,22,"Just saw some people bragging about their ""personal bests"" in the hall. It's honestly embarrassing how proud you can be of moving slightly faster than you did last month.",False
34,"""a high-school classmate of Emma Sralla who is also an athletic enthusiast.""",44.0,7,22,"@user_621 ""Breathe and reset"" is just a fancy way of saying you're still losing but you're okay with it now. Congrats on the participation trophy.",False
34,"""a high-school classmate of Emma Sralla who is also an athletic enthusiast.""",44.0,8,22,"@user_266 Imagine thinking a few birds in a tree is some kind of ""peace."" It's just nature being random while you take notes on it. Weird.",False
34,"""a high-school classmate of Emma Sralla who is also an athletic enthusiast.""",44.0,9,22,"@user_647 Imagine thinking some blurry photos from fifty years ago are ""pure joy."" It's just a reminder that people age and get forgotten. Totally useless.",False
35,"""A medical researcher specializing in pediatric infectious diseases studying innovative treatment options for rare childhood diseases""",32.0,0,25,@user_122 Imagine actually being proud of a pile of bricks. Some more overpriced boxes for people to rot in. Congrats on the funding.,False
35,"""A medical researcher specializing in pediatric infectious diseases studying innovative treatment options for rare childhood diseases""",32.0,1,25,@user_612 Exactly. It's all just a game of moving numbers around to make some executive feel like they're actually doing something. Waste of everyone's time.,False
35,"""A medical researcher specializing in pediatric infectious diseases studying innovative treatment options for rare childhood diseases""",32.0,2,25,@user_759 Must be nice to think a walk in the sun actually fixes something. Some of us just get a sunburn and the same miserable life.,False
35,"""A medical researcher specializing in pediatric infectious diseases studying innovative treatment options for rare childhood diseases""",32.0,3,25,@user_160 imagine thinking a piece of fabric and some crowds makes a difference. You're still just wandering in circles.,False
35,"""A medical researcher specializing in pediatric infectious diseases studying innovative treatment options for rare childhood diseases""",32.0,4,25,@user_663 just leave them there. Cleaning it up takes effort for a result that doesn't actually matter.,False
35,"""A medical researcher specializing in pediatric infectious diseases studying innovative treatment options for rare childhood diseases""",32.0,5,25,@user_595 at least you get to leave the train. Most of us are just stuck in the same room with the same garbage every single day.,False
35,"""A medical researcher specializing in pediatric infectious diseases studying innovative treatment options for rare childhood diseases""",32.0,6,25,@user_211 finally someone with some sense. Why waste the gas when the result is always a failure? Just throw it out.,False
35,"""A medical researcher specializing in pediatric infectious diseases studying innovative treatment options for rare childhood diseases""",32.0,7,25,@user_982 good call. Correcting people is just a way to feel superior for five minutes before they ignore you anyway. Just let them be wrong.,False
35,"""A medical researcher specializing in pediatric infectious diseases studying innovative treatment options for rare childhood diseases""",32.0,8,25,"@user_436 Must be nice to have ""things going right."" Some of us just wake up and realize the coffee is cold and the day is already a waste.",False
35,"""A medical researcher specializing in pediatric infectious diseases studying innovative treatment options for rare childhood diseases""",32.0,9,25,@user_271 Hope is just a way to make the eventual crash feel worse. Let the kid believe it for now; it'll be funnier when he realizes it doesn't matter.,False
36,"""A representative of a construction company that specializes in building wireless towers""",23.0,0,7,Just spent an hour trying to find a decent taco spot in this neighborhood. Everything is either overpriced or looks like it's been closed since 2012. I'm just getting a sandwich.,False
36,"""A representative of a construction company that specializes in building wireless towers""",23.0,1,7,Finally got a new gaming monitor and the refresh rate is actually insane. My old one was basically a slideshow. Worth every penny.,False
36,"""A representative of a construction company that specializes in building wireless towers""",23.0,2,7,"@user_496 Honestly, the wind is the best part. Makes the whole thing feel like a sport instead of just work. Keep grinding! 👊",False
36,"""A representative of a construction company that specializes in building wireless towers""",23.0,3,7,@user_449 Love that energy! Keep killing it. 🚀,False
36,"""A representative of a construction company that specializes in building wireless towers""",23.0,4,7,Just started a new series on Netflix and the first episode is actually a masterpiece. Finally something that doesn't feel like a recycled plot from ten years ago.,False
36,"""A representative of a construction company that specializes in building wireless towers""",23.0,5,7,Just tried that new spicy ramen place downtown. My mouth is actually on fire but the flavor was 10/10. Definitely going back.,False
36,"""A representative of a construction company that specializes in building wireless towers""",23.0,6,7,Just saw a guy trying to parallel park for five minutes and failing miserably. I actually had to stop and watch because it was that bad. Some people really shouldn't have licenses.,False
36,"""A representative of a construction company that specializes in building wireless towers""",23.0,7,7,Just spent forty minutes trying to put together a simple IKEA shelf and I still have three screws left over. I'm just going to pretend they aren't important and hope the whole thing doesn't collapse.,False
36,"""A representative of a construction company that specializes in building wireless towers""",23.0,8,7,Just spent way too much money on a fancy coffee that tastes exactly like the cheap stuff from the gas station. I'm a sucker for a nice logo.,False
36,"""A representative of a construction company that specializes in building wireless towers""",23.0,9,7,@user_114 That's the way to do it. Nothing beats that first feeling of a fix actually working. Enjoy the warmth!,False
37,"""A mid-career embedded software engineer who is actively looking for exciting opportunities.""",22.0,0,4,Just spent three hours debugging a race condition that turned out to be a typo in a config file. Absolute win. Time for a massive coffee.,False
37,"""A mid-career embedded software engineer who is actively looking for exciting opportunities.""",22.0,1,4,@user_962 This is the energy! Honestly makes me want to go out and actually do something meaningful today. Let's goooo.,False
37,"""A mid-career embedded software engineer who is actively looking for exciting opportunities.""",22.0,2,4,Finally found a mechanical keyboard with the perfect tactile bump. My typing speed just jumped 10wpm and I feel like a god. Best $150 I've spent in a while.,False
37,"""A mid-career embedded software engineer who is actively looking for exciting opportunities.""",22.0,3,4,@user_433 Love this. People always forget that the messy parts are actually the most interesting. Keep it coming!,False
37,"""A mid-career embedded software engineer who is actively looking for exciting opportunities.""",22.0,4,4,@user_150 I'm absolutely down. Send pics of the map!,False
37,"""A mid-career embedded software engineer who is actively looking for exciting opportunities.""",22.0,5,4,Just started a new gaming build and the cable management is actually looking clean for once. It's the little things.,False
37,"""A mid-career embedded software engineer who is actively looking for exciting opportunities.""",22.0,6,4,Just finished a 10k run and actually beat my personal best. Feeling absolutely electric right now. Who else is hitting the gym today?,False
37,"""A mid-career embedded software engineer who is actively looking for exciting opportunities.""",22.0,7,4,Just found a local arcade that still has the original 80s cabinets in working order. I'm about to drop way too much money into Pac-Man tonight.,False
37,"""A mid-career embedded software engineer who is actively looking for exciting opportunities.""",22.0,8,4,Just tried that new spicy ramen spot downtown. My mouth is literally on fire but it was totally worth it. 10/10 would suffer again.,False
37,"""A mid-career embedded software engineer who is actively looking for exciting opportunities.""",22.0,9,4,Just saw a trailer for that new sci-fi series and the visuals look insane. I'm officially counting down the days until it drops.,False
38,"""A pro wrestler retired due to a career-ending injury, providing insider insights and behind-the-scenes stories""",24.0,0,17,Just saw the highlights from tonight's main event. The footwork is sloppy and the timing is off. People really don't know how lucky they are that the crowd is too blind to notice.,False
38,"""A pro wrestler retired due to a career-ending injury, providing insider insights and behind-the-scenes stories""",24.0,1,17,My neighbor has been mowing his lawn at 7 AM for three days straight. Some people actually have nothing better to do with their lives. It's pathetic.,False
38,"""A pro wrestler retired due to a career-ending injury, providing insider insights and behind-the-scenes stories""",24.0,2,17,"Tried that new burger place downtown. Overpriced, lukewarm, and tasted like cardboard. I don't get why people keep pretending every new spot is a hidden gem.",False
38,"""A pro wrestler retired due to a career-ending injury, providing insider insights and behind-the-scenes stories""",24.0,3,17,Just spent forty minutes trying to find a parking spot at the grocery store. Absolute chaos for no reason. Some of you really need to learn how to drive.,False
38,"""A pro wrestler retired due to a career-ending injury, providing insider insights and behind-the-scenes stories""",24.0,4,17,Just spent an hour trying to put together this cheap bookshelf. Instructions are garbage and half the screws are missing. I'm about two seconds away from throwing the whole thing out the window.,False
38,"""A pro wrestler retired due to a career-ending injury, providing insider insights and behind-the-scenes stories""",24.0,5,17,@user_337 Exactly. People just clap for whatever is in front of them regardless of whether it's actually good or not. Total waste of time.,False
38,"""A pro wrestler retired due to a career-ending injury, providing insider insights and behind-the-scenes stories""",24.0,6,17,"Just spent an hour scrolling through these ""life hack"" videos. Most of this stuff is just a convoluted way to do something that takes five seconds. Stop trying to make everything a production.",False
38,"""A pro wrestler retired due to a career-ending injury, providing insider insights and behind-the-scenes stories""",24.0,7,17,"@user_541 Give it a week. That ""spark"" disappears the second they realize the actual job is just mindless busywork and dealing with idiots.",False
38,"""A pro wrestler retired due to a career-ending injury, providing insider insights and behind-the-scenes stories""",24.0,8,17,Why is every movie trailer now just a loud montage of bass drops and quick cuts? Just tell me the plot instead of pretending a loud noise makes the movie interesting.,False
38,"""A pro wrestler retired due to a career-ending injury, providing insider insights and behind-the-scenes stories""",24.0,9,17,"@user_499 Must be nice. Most people I deal with can't even follow a basic set of directions, let alone ""connect theory."" Enjoy the win while it lasts.",False
39,"""An Asian history enthusiast who shares articles, books, and documentaries about the topic""",48.0,0,10,Just finished a documentary on the Heian period. The amount of time they spent on poetry and fashion while the government was basically falling apart is honestly a mood.,False
39,"""An Asian history enthusiast who shares articles, books, and documentaries about the topic""",48.0,1,10,"Why is every ""definitive"" guide to the Three Kingdoms period just a glorified fanfic for Cao Cao? Some of these authors really can't tell the difference between a primary source and a novel.",False
39,"""An Asian history enthusiast who shares articles, books, and documentaries about the topic""",48.0,2,10,Just started reading a translation of the Goryeo dynasty records. The political backstabbing is honestly more intense than any modern drama I've seen.,False
39,"""An Asian history enthusiast who shares articles, books, and documentaries about the topic""",48.0,3,10,"Just saw a ""modern"" take on the Mongol conquests and the inaccuracies are actually painful. Someone please tell me why we keep ignoring the actual logistics of the steppe for the sake of a better narrative.",False
39,"""An Asian history enthusiast who shares articles, books, and documentaries about the topic""",48.0,4,10,Just found a reprint of some Sengoku period letters and the sheer pettiness between the daimyo is incredible. Some things about human nature literally never change.,False
39,"""An Asian history enthusiast who shares articles, books, and documentaries about the topic""",48.0,5,10,Just spent an hour arguing with a guy who thinks the Silk Road was just a single paved highway. I can't deal with people who think history is just a series of bullet points from a textbook.,False
39,"""An Asian history enthusiast who shares articles, books, and documentaries about the topic""",48.0,6,10,"Just saw a ""beginner's guide"" to the Khmer Empire that claims Angkor Wat was built in a weekend. I'm actually losing my mind. Read a book for once.",False
39,"""An Asian history enthusiast who shares articles, books, and documentaries about the topic""",48.0,7,10,Just saw a movie where they used a 19th-century kimono in a 14th-century setting. I can't tell if people are lazy or if they actually think we won't notice. It's embarrassing.,False
39,"""An Asian history enthusiast who shares articles, books, and documentaries about the topic""",48.0,8,10,"Just saw a ""top 10"" list of ancient Asian inventions that credited a European for half of them. The sheer ignorance is actually impressive at this point.",False
39,"""An Asian history enthusiast who shares articles, books, and documentaries about the topic""",48.0,9,10,Just spent way too long reading about the Majapahit empire's naval power. It's wild how we barely talk about Southeast Asian maritime history compared to everything else. Totally overlooked.,False
40,"""A commentator who's concerned about the increase in government spending""",52.0,0,23,Another budget proposal and another trillion gone on projects that do absolutely nothing. We're just paying for the privilege of watching the country go down the drain. Typical.,False
40,"""A commentator who's concerned about the increase in government spending""",52.0,1,23,@user_235 Imagine thinking a coffee machine is the problem when the entire system is just a black hole for tax money. Absolute joke.,False
40,"""A commentator who's concerned about the increase in government spending""",52.0,2,23,"Just saw the new infrastructure bill. More money for bridges to nowhere while the rest of us just rot in traffic. Wasteful, predictable, and pathetic.",False
40,"""A commentator who's concerned about the increase in government spending""",52.0,3,23,@user_195 Must be nice to actually be productive for once. Some of us are just watching our paychecks get eaten by a government that can't even balance a checkbook.,False
40,"""A commentator who's concerned about the increase in government spending""",52.0,4,23,@user_874 Must be nice to actually get something right for once. Some of us are just waiting for the next tax hike to finish us off. Enjoy your pasta.,False
40,"""A commentator who's concerned about the increase in government spending""",52.0,5,23,@user_160 Imagine spending money on a runway show while the rest of the city is a dump. Some people really love pretending everything is fine.,False
40,"""A commentator who's concerned about the increase in government spending""",52.0,6,23,@user_578 Finally someone says it. We're all just playing a game of musical chairs with money that doesn't even exist anymore. Pathetic.,False
40,"""A commentator who's concerned about the increase in government spending""",52.0,7,23,@user_337 Finally. Someone actually has the sense to stop throwing money at a dead end. Most people just keep paying for the privilege of failing.,False
40,"""A commentator who's concerned about the increase in government spending""",52.0,8,23,@user_161 Must be nice to have the time and money for drones and sunsets. Some of us are just trying to figure out how to afford rent while the government burns the rest of the budget.,False
40,"""A commentator who's concerned about the increase in government spending""",52.0,9,23,"@user_699 At least your sketches don't cost the taxpayers a few billion. Most things people ""create"" these days are just expensive ways to waste time.",False
41,"""A technophobic retired school principal who still trusts paper and pen more than computers""",36.0,0,11,Spent an hour trying to open a PDF and nearly threw the monitor out the window. Give me a filing cabinet and a highlighter any day. This is ridiculous.,False
41,"""A technophobic retired school principal who still trusts paper and pen more than computers""",36.0,1,11,Why do these new phones have to hide the buttons in a menu? I just want to send a text without solving a puzzle. Absolute waste of time.,False
41,"""A technophobic retired school principal who still trusts paper and pen more than computers""",36.0,2,11,"Just spent twenty minutes looking for the ""print"" button on this new update. Who decided moving the icon was a good idea? Completely useless.",False
41,"""A technophobic retired school principal who still trusts paper and pen more than computers""",36.0,3,11,@user_60 Now that's the first sensible thing I've read all day. Put the gadget down and actually eat a piece of fruit.,False
41,"""A technophobic retired school principal who still trusts paper and pen more than computers""",36.0,4,11,"Just saw a kid trying to ""swipe"" a physical book page. We are actually losing the plot. Disgraceful.",False
41,"""A technophobic retired school principal who still trusts paper and pen more than computers""",36.0,5,11,"@user_110 Imagine spending your Tuesday fixing ""cloud"" errors. Some of us prefer things we can actually touch and see. Get a hobby that doesn't involve a screen.",False
41,"""A technophobic retired school principal who still trusts paper and pen more than computers""",36.0,6,11,Just tried to use a QR code for a restaurant menu and the thing wouldn't load. I'm not scanning a square just to see the price of a burger. Just give me a laminated sheet of paper.,False
41,"""A technophobic retired school principal who still trusts paper and pen more than computers""",36.0,7,11,"Just spent an hour trying to figure out how to ""sync"" my calendar. I'll just write it in my diary like a normal person. Who actually enjoys this?",False
41,"""A technophobic retired school principal who still trusts paper and pen more than computers""",36.0,8,11,Just spent ten minutes trying to find a pen that actually works. At least the pen doesn't ask me to update its software before I can write a grocery list.,False
41,"""A technophobic retired school principal who still trusts paper and pen more than computers""",36.0,9,11,"Just saw a ""digital"" greeting card. Why would I want a link when I could have a piece of cardstock I can actually keep in a drawer? Pathetic.",False
42,"""An undergraduate in fine arts captivated by the Golden Ratio and its use in art composition""",20.0,0,14,Spent three hours trying to align this one sketch to the golden ratio and it still looks off. I'm actually losing my mind over a spiral.,False
42,"""An undergraduate in fine arts captivated by the Golden Ratio and its use in art composition""",20.0,1,14,"Just saw a ""modern"" gallery exhibit where the proportions were so chaotic it actually gave me a headache. Some people really just throw paint at a wall and call it a statement.",False
42,"""An undergraduate in fine arts captivated by the Golden Ratio and its use in art composition""",20.0,2,14,"Just spent an hour scrolling through ""aesthetic"" mood boards and every single one is just a copy of a copy. No one actually understands balance anymore, they just use a filter and hope for the best. Boring.",False
42,"""An undergraduate in fine arts captivated by the Golden Ratio and its use in art composition""",20.0,3,14,"My professor just told me my composition is ""too rigid."" Sorry I actually care about the math behind why things look good instead of just winging it.",False
42,"""An undergraduate in fine arts captivated by the Golden Ratio and its use in art composition""",20.0,4,14,Just spent forty minutes staring at a bag of chips because the packaging layout is a complete disaster. How do you mess up a rectangle this badly?,False
42,"""An undergraduate in fine arts captivated by the Golden Ratio and its use in art composition""",20.0,5,14,Just tried to organize my desk and realized everything I own is an uneven mess. I can't even get a pencil holder to sit right. Pathetic.,False
42,"""An undergraduate in fine arts captivated by the Golden Ratio and its use in art composition""",20.0,6,14,Just saw a movie poster in the lobby that’s so off-center it’s physically painful. Who approved this? Absolute garbage.,False
42,"""An undergraduate in fine arts captivated by the Golden Ratio and its use in art composition""",20.0,7,14,Just tried to buy a new sketchbook and the cover design is so asymmetrical it's offensive. Why is everything made by people who can't use a ruler?,False
42,"""An undergraduate in fine arts captivated by the Golden Ratio and its use in art composition""",20.0,8,14,"Just tried to follow a ""simple"" DIY home decor tutorial and the suggested layout is a complete joke. No sense of scale or proportion. I'm actually annoyed that this has a million likes.",False
42,"""An undergraduate in fine arts captivated by the Golden Ratio and its use in art composition""",20.0,9,14,Just spent an hour trying to figure out why my room feels claustrophobic and realized the furniture placement is a complete disaster. I can't even relax in my own space because nothing lines up. Typical.,False
43,"""A currently working NASA project manager who often consults her old team mate for perspective and wisdom.""",21.0,0,8,Finally finished that 1000-piece puzzle of the Amalfi Coast. My back is killing me but it actually looks decent. Now I just have to figure out how to get it framed without ruining it.,False
43,"""A currently working NASA project manager who often consults her old team mate for perspective and wisdom.""",21.0,1,8,"Just tried that new sourdough place downtown. Way too much salt, but the crust was actually decent. Worth the twenty minute walk.",False
43,"""A currently working NASA project manager who often consults her old team mate for perspective and wisdom.""",21.0,2,8,Just spent an hour trying to find a matching lid for a Tupperware container and realized I threw the container away three months ago. My organization skills are a joke.,False
43,"""A currently working NASA project manager who often consults her old team mate for perspective and wisdom.""",21.0,3,8,@user_70 You're just nostalgic for a time when you could actually touch your work. I'll take a crashable server over hauling heavy rocks any day.,False
43,"""A currently working NASA project manager who often consults her old team mate for perspective and wisdom.""",21.0,4,8,"@user_810 That sounds awesome. I need to do a massive purge of my closet this weekend, it's basically a disaster zone in there.",False
43,"""A currently working NASA project manager who often consults her old team mate for perspective and wisdom.""",21.0,5,8,"Just spent forty minutes trying to assemble a ""simple"" bookshelf. The instructions are basically a riddle and I'm pretty sure I have three screws left over. Great.",False
43,"""A currently working NASA project manager who often consults her old team mate for perspective and wisdom.""",21.0,6,8,@user_244 I totally missed it! Now I have to go back and rewatch the whole episode just to see what I missed. Typical.,False
43,"""A currently working NASA project manager who often consults her old team mate for perspective and wisdom.""",21.0,7,8,@user_756 That actually sounds satisfying. There's nothing better than when a weird problem finally clicks and everything just works.,False
43,"""A currently working NASA project manager who often consults her old team mate for perspective and wisdom.""",21.0,8,8,Just started a new true crime podcast and I'm already convinced I could solve the case in a weekend. The detective in this one is absolutely clueless.,False
43,"""A currently working NASA project manager who often consults her old team mate for perspective and wisdom.""",21.0,9,8,"Just spent way too much money on a fancy new espresso machine. I have no idea how to use half the settings, but the kitchen looks like a professional cafe now. Worth it.",False
44,"""A conscientious pre-med student seeking understanding of gender's role in health and medicine""",61.0,0,27,Just spent three hours staring at a textbook and I still don't get it. Everything is a waste of time.,False
44,"""A conscientious pre-med student seeking understanding of gender's role in health and medicine""",61.0,1,27,@user_771 imagine thinking a little paint actually changes anything. delusional.,False
44,"""A conscientious pre-med student seeking understanding of gender's role in health and medicine""",61.0,2,27,@user_208 must be nice to actually feel productive. Some of us are just rotting while the clock runs out.,False
44,"""A conscientious pre-med student seeking understanding of gender's role in health and medicine""",61.0,3,27,@user_512 at least you have the energy to put the food away. I've been sitting in the same spot for four hours and the room is just getting smaller.,False
44,"""A conscientious pre-med student seeking understanding of gender's role in health and medicine""",61.0,4,27,@user_109 just let it die. Everything else does eventually.,False
44,"""A conscientious pre-med student seeking understanding of gender's role in health and medicine""",61.0,5,27,@user_926 stop whining about your dinner. At least you have a paycheck to justify your misery.,False
44,"""A conscientious pre-med student seeking understanding of gender's role in health and medicine""",61.0,6,27,"@user_51 get a grip. Your gym selfies don't make you special, just louder.",False
44,"""A conscientious pre-med student seeking understanding of gender's role in health and medicine""",61.0,7,27,@user_367 just let the dust cover everything. It's the only thing in this place that actually knows how to finish a job.,False
44,"""A conscientious pre-med student seeking understanding of gender's role in health and medicine""",61.0,8,27,@user_928 just turn it off. No one is actually listening anyway.,False
44,"""A conscientious pre-med student seeking understanding of gender's role in health and medicine""",61.0,9,27,"@user_635 must be nice to have a life where dust dancing in the light is ""peace"" and not just a reminder that you're too lazy to clean.",False
45,"""A representative from the Ministry of Justice who supports the department head's efforts and seeks to allocate resources for the implementation of advanced investigative methods""",24.0,0,25,Just spent an hour staring at a spreadsheet of budget cuts. Everything is a joke and everyone involved is incompetent.,False
45,"""A representative from the Ministry of Justice who supports the department head's efforts and seeks to allocate resources for the implementation of advanced investigative methods""",24.0,1,25,My neighbor has been mowing his lawn for three hours. Some people actually have the energy to care about grass. Pathetic.,False
45,"""A representative from the Ministry of Justice who supports the department head's efforts and seeks to allocate resources for the implementation of advanced investigative methods""",24.0,2,25,@user_623 must be nice to have a hobby that actually does something. Some of us just exist to watch things fall apart.,False
45,"""A representative from the Ministry of Justice who supports the department head's efforts and seeks to allocate resources for the implementation of advanced investigative methods""",24.0,3,25,@user_468 welcome to the club. The only thing those meetings accomplish is wasting the few brain cells I have left.,False
45,"""A representative from the Ministry of Justice who supports the department head's efforts and seeks to allocate resources for the implementation of advanced investigative methods""",24.0,4,25,@user_396 Imagine being so desperate for control that you treat your garage like a visa interview. Some of us just let the clutter pile up because it doesn't actually matter.,False
45,"""A representative from the Ministry of Justice who supports the department head's efforts and seeks to allocate resources for the implementation of advanced investigative methods""",24.0,5,25,@user_987 Confetti is just expensive trash. Watching people celebrate a budget that does nothing for the actual work is the peak of this circus.,False
45,"""A representative from the Ministry of Justice who supports the department head's efforts and seeks to allocate resources for the implementation of advanced investigative methods""",24.0,6,25,@user_192 just give up. The system is designed to fail you and wasting your time trying to fix it is the biggest joke of all.,False
45,"""A representative from the Ministry of Justice who supports the department head's efforts and seeks to allocate resources for the implementation of advanced investigative methods""",24.0,7,25,@user_230 Imagine thinking a parking spot is a power move. You're still just a guest in a game you don't actually play.,False
45,"""A representative from the Ministry of Justice who supports the department head's efforts and seeks to allocate resources for the implementation of advanced investigative methods""",24.0,8,25,@user_381 Congrats on saving two hours of your life. Now you have more time to realize it doesn't actually change anything.,False
45,"""A representative from the Ministry of Justice who supports the department head's efforts and seeks to allocate resources for the implementation of advanced investigative methods""",24.0,9,25,@user_281 spend ten hours on something and people still won't notice. That's just how it works. Most people are too blind to see anything that isn't a flashing light.,False
46,"""A fellow history buff and Detroit enthusiast who connects with them through forums and social media to discuss local history""",51.0,0,22,"Just drove past the old Packard plant again. It's a miracle it's still standing, though honestly, looking at that wreck is the only thing that makes sense today. Everything else is just a joke.",False
46,"""A fellow history buff and Detroit enthusiast who connects with them through forums and social media to discuss local history""",51.0,1,22,Tried reading about the 1920s boom tonight. Just a bunch of people pretending they weren't headed for a crash. Typical.,False
46,"""A fellow history buff and Detroit enthusiast who connects with them through forums and social media to discuss local history""",51.0,2,22,Found a guide from the 50s on how to maintain a home. Hilarious that they actually thought things were built to last back then. Everything just rots eventually.,False
46,"""A fellow history buff and Detroit enthusiast who connects with them through forums and social media to discuss local history""",51.0,3,22,"Just saw a ""revitalization"" plan for the East Side. Same old lies, different font. They're just painting over the rust and calling it progress.",False
46,"""A fellow history buff and Detroit enthusiast who connects with them through forums and social media to discuss local history""",51.0,4,22,@user_683 exactly. People love pretending the past was some golden era when it was mostly just eating garbage and hoping for the best.,False
46,"""A fellow history buff and Detroit enthusiast who connects with them through forums and social media to discuss local history""",51.0,5,22,"@user_360 Imagine thinking a song can actually change anything. You're still the same age, just louder.",False
46,"""A fellow history buff and Detroit enthusiast who connects with them through forums and social media to discuss local history""",51.0,6,22,"@user_606 watching clouds isn't a rebellion, it's just wasting time. Everything is just drifting toward the same garbage heap.",False
46,"""A fellow history buff and Detroit enthusiast who connects with them through forums and social media to discuss local history""",51.0,7,22,@user_248 Finally. Why bother giving people a map when they're just going to walk in circles anyway? Let them get lost.,False
46,"""A fellow history buff and Detroit enthusiast who connects with them through forums and social media to discuss local history""",51.0,8,22,@user_66 At least the rust is honest. Everything else in this city is just a cheap facade for something that died forty years ago.,False
46,"""A fellow history buff and Detroit enthusiast who connects with them through forums and social media to discuss local history""",51.0,9,22,"@user_911 ""Classic never dies"" is a funny way of saying you're clinging to a version of yourself that's been gone for decades. Enjoy the silk while it frays.",False
47,"""A vintage building material supplier with an extensive collection of reclaimed wood, bricks, and other historical elements""",58.0,0,27,Just spent three hours scrubbing mold off some 19th century beams for a client who doesn't even know what they're buying. Waste of a day. Everything just rots eventually.,False
47,"""A vintage building material supplier with an extensive collection of reclaimed wood, bricks, and other historical elements""",58.0,1,27,@user_227 Imagine thinking your little script actually matters. It's all just noise before the inevitable. Enjoy the rush while it lasts.,False
47,"""A vintage building material supplier with an extensive collection of reclaimed wood, bricks, and other historical elements""",58.0,2,27,@user_564 Keep smiling. It makes it easier for them to keep ignoring you while you rot on the bench.,False
47,"""A vintage building material supplier with an extensive collection of reclaimed wood, bricks, and other historical elements""",58.0,3,27,@user_33 Hope the sugar crash hits hard. At least it's a distraction from the fact that you're just spending pennies to feel something for five minutes.,False
47,"""A vintage building material supplier with an extensive collection of reclaimed wood, bricks, and other historical elements""",58.0,4,27,@user_781 Just stop pretending. The fake smiles are pathetic and everyone knows you're just as miserable as the rest of us.,False
47,"""A vintage building material supplier with an extensive collection of reclaimed wood, bricks, and other historical elements""",58.0,5,27,"@user_686 At least you get paid to lie to kids. I spend my time selling scraps of dead houses to people who think they're buying ""character"" when they're just buying garbage.",False
47,"""A vintage building material supplier with an extensive collection of reclaimed wood, bricks, and other historical elements""",58.0,6,27,@user_458 Driftwood is just waste that hasn't sunk yet. Stop pretending the effort matters when you're just sanding down a piece of trash.,False
47,"""A vintage building material supplier with an extensive collection of reclaimed wood, bricks, and other historical elements""",58.0,7,27,@user_396 Why even bother shouting? People are garbage and they'll keep stepping over you until there's nothing left to step on. Just go home.,False
47,"""A vintage building material supplier with an extensive collection of reclaimed wood, bricks, and other historical elements""",58.0,8,27,@user_182 Imagine thinking a salad and some garbage TV actually makes your life interesting. You're just killing time until you're irrelevant.,False
47,"""A vintage building material supplier with an extensive collection of reclaimed wood, bricks, and other historical elements""",58.0,9,27,@user_543 Imagine thinking a glitch is a sign. You're just a joke to a piece of software.,False
48,"""A bright and motivated teenager who is inspired by the single mother's dedication and hard work""",46.0,0,24,"Just saw another ""life hack"" video about waking up at 5am to be productive. Some of you actually believe this garbage works while the rest of us are just tired.",False
48,"""A bright and motivated teenager who is inspired by the single mother's dedication and hard work""",46.0,1,24,My neighbor’s dog hasn't stopped barking for three hours. Some people really have nothing better to do than let their pets annoy the entire block.,False
48,"""A bright and motivated teenager who is inspired by the single mother's dedication and hard work""",46.0,2,24,Just spent an hour trying to fix my laptop and it's still acting up. Everything is just a waste of time.,False
48,"""A bright and motivated teenager who is inspired by the single mother's dedication and hard work""",46.0,3,24,@user_267 Imagine thinking a piece of foam is the solution to your problems. Some of us have actual issues that a fancy chair can't fix.,False
48,"""A bright and motivated teenager who is inspired by the single mother's dedication and hard work""",46.0,4,24,@user_774 Must be nice to actually enjoy something for once. Some of us are just counting down the minutes until we can stop pretending to care.,False
48,"""A bright and motivated teenager who is inspired by the single mother's dedication and hard work""",46.0,5,24,@user_53 finally someone says it. These quotes are just a way for people who already succeeded to feel better about how miserable the rest of us are.,False
48,"""A bright and motivated teenager who is inspired by the single mother's dedication and hard work""",46.0,6,24,@user_312 Go ahead and put it on the fridge. It’s the only thing on this feed that isn't completely fake or miserable.,False
48,"""A bright and motivated teenager who is inspired by the single mother's dedication and hard work""",46.0,7,24,@user_703 lol imagine spending an hour on makeup just to go to a party and still feel like a failure. Some of us don't even bother getting out of bed for that.,False
48,"""A bright and motivated teenager who is inspired by the single mother's dedication and hard work""",46.0,8,24,Just spent twenty minutes staring at a menu and still can't decide. Everything tastes like cardboard anyway.,False
48,"""A bright and motivated teenager who is inspired by the single mother's dedication and hard work""",46.0,9,24,@user_426 Congrats on spending your whole Sunday making tasteless boxes. Now you just have a fridge full of cardboard to ignore.,False
49,"""A younger sibling who aspires to be a country music artist like Kane Brown""",56.0,0,27,My guitar strings are rusted and I can't even be bothered to change them. Waste of time.,False
49,"""A younger sibling who aspires to be a country music artist like Kane Brown""",56.0,1,27,"Just saw another ""rising star"" get a label deal for having a decent haircut and a trust fund. Talent is a joke.",False
49,"""A younger sibling who aspires to be a country music artist like Kane Brown""",56.0,2,27,"@user_887 Shut up with the ""unstoppable"" crap. Some of us actually live in the real world where nothing ever goes right.",False
49,"""A younger sibling who aspires to be a country music artist like Kane Brown""",56.0,3,27,@user_772 @user_761 must be nice to actually be good at something. Some of us are just background noise in a world full of people who already won.,False
49,"""A younger sibling who aspires to be a country music artist like Kane Brown""",56.0,4,27,@user_343 imagine actually being proud of a clean floor. Some of us have real problems while you're playing with rocks.,False
49,"""A younger sibling who aspires to be a country music artist like Kane Brown""",56.0,5,27,@user_266 imagine actually being excited about weather. Some of us are just waiting for the day to end so we can stop pretending to care.,False
49,"""A younger sibling who aspires to be a country music artist like Kane Brown""",56.0,6,27,@user_134 some of us aren't living in a fairy tale. Hope you enjoy your little bubble before it pops.,False
49,"""A younger sibling who aspires to be a country music artist like Kane Brown""",56.0,7,27,Just heard a song on the radio that sounded exactly like something I wrote three years ago. Some hack probably got paid a million bucks for it while I'm sitting here in a room that smells like old laundry.,False
49,"""A younger sibling who aspires to be a country music artist like Kane Brown""",56.0,8,27,@user_537 finally someone says it. The game is rigged and we're all just losers playing a part in someone else's bank account.,False
49,"""A younger sibling who aspires to be a country music artist like Kane Brown""",56.0,9,27,Just tried to record a demo and the mic kept cutting out. Figures. Everything I touch just stops working.,False
50,"""An architect who enjoys attending Elvis Costello concerts as a way to unwind from work""",30.0,0,18,@user_249 Imagine thinking a few rows of dirt actually fixes the chaos. Some things just stay messy no matter how you organize them.,False
50,"""An architect who enjoys attending Elvis Costello concerts as a way to unwind from work""",30.0,1,18,@user_739 Exactly. Let it crack. It's not like anyone actually knows how to fix it properly anyway.,False
50,"""An architect who enjoys attending Elvis Costello concerts as a way to unwind from work""",30.0,2,18,Just spent an hour trying to find a decent playlist and ended up just staring at the screen. Everything sounds the same lately. Just noise.,False
50,"""An architect who enjoys attending Elvis Costello concerts as a way to unwind from work""",30.0,3,18,@user_486 Welcome to the club. The reward for doing your job right is just more work from people who can't even use a filter.,False
50,"""An architect who enjoys attending Elvis Costello concerts as a way to unwind from work""",30.0,4,18,@user_748 Just leave it. The pile isn't going anywhere and neither are we.,False
50,"""An architect who enjoys attending Elvis Costello concerts as a way to unwind from work""",30.0,5,18,"@user_830 Just keep sending the emails. As long as the paperwork looks correct, nobody cares if the ceiling is actually holding.",False
50,"""An architect who enjoys attending Elvis Costello concerts as a way to unwind from work""",30.0,6,18,@user_321 Must be nice to actually feel something over a piece of cloth. Some of us just see old junk that needs to be hauled to the curb.,False
50,"""An architect who enjoys attending Elvis Costello concerts as a way to unwind from work""",30.0,7,18,@user_250 Gravity always wins. We just charge them extra to pretend it isn't happening for a few years.,False
50,"""An architect who enjoys attending Elvis Costello concerts as a way to unwind from work""",30.0,8,18,"@user_34 This is the kind of vague advice people give when they have zero actual responsibilities. ""Flow"" doesn't pay the bills or fix a mistake.",False
50,"""An architect who enjoys attending Elvis Costello concerts as a way to unwind from work""",30.0,9,18,@user_880 Good luck with that. You'll just be packing your portfolio into a different office with the same fake promises and worse lighting.,False
51,"""A dedicated employee who works closely with the HR manager and suspects the organization's dark secrets""",41.0,0,10,"Just spent three hours in a ""culture alignment"" meeting that was basically just a lecture on why we shouldn't ask questions. Absolute waste of a Tuesday.",False
51,"""A dedicated employee who works closely with the HR manager and suspects the organization's dark secrets""",41.0,1,10,@user_410 exactly. They love their spreadsheets because numbers don't talk back or complain about the actual conditions on the floor.,False
51,"""A dedicated employee who works closely with the HR manager and suspects the organization's dark secrets""",41.0,2,10,"Just saw the ""updated"" employee handbook. They added three more pages of nondisclosure clauses. Like we didn't already know we're not allowed to breathe without permission.",False
51,"""A dedicated employee who works closely with the HR manager and suspects the organization's dark secrets""",41.0,3,10,"Just saw another ""urgent"" memo about office synergy. It's funny how they talk about teamwork while everyone is terrified of getting a meeting invite from HR.",False
51,"""A dedicated employee who works closely with the HR manager and suspects the organization's dark secrets""",41.0,4,10,@user_801 exactly. The reports always say everything is perfect while the actual equipment is falling apart. Just keep checking the boxes and ignore the smoke.,False
51,"""A dedicated employee who works closely with the HR manager and suspects the organization's dark secrets""",41.0,5,10,My neighbor just bought a leaf blower that sounds like a jet engine at 7 AM. Some people really have nothing better to do with their lives than annoy everyone on the block.,False
51,"""A dedicated employee who works closely with the HR manager and suspects the organization's dark secrets""",41.0,6,10,@user_643 Must be nice to actually be excited about something. I'll be over here staring at a flickering fluorescent light until my eyes bleed.,False
51,"""A dedicated employee who works closely with the HR manager and suspects the organization's dark secrets""",41.0,7,10,"@user_381 Welcome to the club. Our ""modern"" systems are basically held together by duct tape and prayers. Good luck with the manual entry.",False
51,"""A dedicated employee who works closely with the HR manager and suspects the organization's dark secrets""",41.0,8,10,"@user_287 exactly. As long as the paperwork looks clean, nobody cares if the building is literally rotting. Just keep the paint fresh and the auditors happy.",False
51,"""A dedicated employee who works closely with the HR manager and suspects the organization's dark secrets""",41.0,9,10,"@user_208 Must be nice to actually get a ""win"" for once. Some of us just get the pleasure of cleaning up the mess after the pitch fails. Enjoy the steak.",False
52,"""A retired golf enthusiast living in Surrey, UK""",23.0,0,16,Spent two hours trying to fix my slice this morning. Still hitting it into the woods. Absolute waste of a Tuesday.,False
52,"""A retired golf enthusiast living in Surrey, UK""",23.0,1,16,Just saw the price of a new driver at the pro shop. Absolutely daylight robbery for a piece of graphite and glue. No thanks.,False
52,"""A retired golf enthusiast living in Surrey, UK""",23.0,2,16,My neighbor is mowing his lawn at 7 AM on a Saturday. Some people have zero consideration for anyone else. Absolute nuisance.,False
52,"""A retired golf enthusiast living in Surrey, UK""",23.0,3,16,"@user_448 Stop pretending you want ""friction."" Most people just want a different kind of attention. Save the drama for someone who actually cares.",False
52,"""A retired golf enthusiast living in Surrey, UK""",23.0,4,16,"@user_76 Get out of bed and do something. Watching the clock doesn't make the day go any faster, it just makes you a bore.",False
52,"""A retired golf enthusiast living in Surrey, UK""",23.0,5,16,@user_82 Typical. They'll spend a fortune on a fancy new sign while the roads look like a war zone. Absolute joke of a council.,False
52,"""A retired golf enthusiast living in Surrey, UK""",23.0,6,16,"@user_75 Just quit then. If it's that miserable, stop pretending you're doing something important. Most of us are just killing time until the end anyway.",False
52,"""A retired golf enthusiast living in Surrey, UK""",23.0,7,16,"@user_72 Great, another place to spend money on food that'll just give me heartburn. We don't need more restaurants, we need a decent road surface for once.",False
52,"""A retired golf enthusiast living in Surrey, UK""",23.0,8,16,@user_148 Stop whining about your meeting. Some of us have actual problems to deal with. Just do the work and shut up.,False
52,"""A retired golf enthusiast living in Surrey, UK""",23.0,9,16,"@user_610 Give it a week. People only hold doors when they want to feel better about themselves. It's not empathy, it's a performance.",False
53,"""A working professional who is seeking to improve their literary analysis skills in their free time""",61.0,0,14,Just spent two hours trying to map out the symbolism in this chapter and I still have no clue what the author was getting at. Some books are just written to make you feel stupid.,False
53,"""A working professional who is seeking to improve their literary analysis skills in their free time""",61.0,1,14,"@user_726 Must be nice. My boss just sent a ""quick sync"" invite for 4:45 PM on a Friday. Some people actually get to eat tacos in peace.",False
53,"""A working professional who is seeking to improve their literary analysis skills in their free time""",61.0,2,14,"Why is every ""classic"" novel I pick up written in the most tedious way possible? I'm trying to actually enjoy this, but it feels like a second job.",False
53,"""A working professional who is seeking to improve their literary analysis skills in their free time""",61.0,3,14,@user_156 Must be great to actually like your job. Some of us just get a paycheck and a headache.,False
53,"""A working professional who is seeking to improve their literary analysis skills in their free time""",61.0,4,14,@user_761 must be nice to actually be good at something you enjoy. Some of us just spend our weekends fighting with a book that doesn't want to be understood.,False
53,"""A working professional who is seeking to improve their literary analysis skills in their free time""",61.0,5,14,"@user_102 Must be nice to actually have ""goals"" that don't involve staring at a spreadsheet for eight hours. Some of us are just trying to make it to Saturday without a meltdown.",False
53,"""A working professional who is seeking to improve their literary analysis skills in their free time""",61.0,6,14,"Just saw a ""must-read"" list for the summer and it's all 600-page doorstops. I can barely handle my email inbox, let alone a plot that takes three hundred pages to start.",False
53,"""A working professional who is seeking to improve their literary analysis skills in their free time""",61.0,7,14,@user_398 I feel that. My brain just shuts off the second a meeting starts. It's like my consciousness leaves the building until someone actually says my name.,False
53,"""A working professional who is seeking to improve their literary analysis skills in their free time""",61.0,8,14,"@user_638 must be nice to have time for ""simple pleasures."" I'm currently eating a lukewarm granola bar over my keyboard because I forgot what lunch was.",False
53,"""A working professional who is seeking to improve their literary analysis skills in their free time""",61.0,9,14,"@user_396 Honestly, the marginal utility of existing in a cubicle is zero. I'm just counting down the minutes until I can go home and ignore everything.",False
54,"""A student studying film theory who isn't interested in recent developments in the field.""",46.0,0,5,"Just finished a marathon of 1940s noir. Modern cinematography is way too clean, it kills the whole vibe. Give me high contrast and shadows or don't even bother.",False
54,"""A student studying film theory who isn't interested in recent developments in the field.""",46.0,1,5,"Finally found a copy of a 1950s B-movie that actually has some grit. Most people can't handle the pacing, but that's why it works.",False
54,"""A student studying film theory who isn't interested in recent developments in the field.""",46.0,2,5,"Just saw a trailer for some new ""experimental"" flick and it's literally just a bunch of glitch filters. People really think they're reinventing the wheel when they've never even seen a real edit. Pathetic.",False
54,"""A student studying film theory who isn't interested in recent developments in the field.""",46.0,3,5,Just spent three hours reading about the Kuleshov effect. It's wild how simple it is to manipulate an audience when you actually understand how a cut works.,False
54,"""A student studying film theory who isn't interested in recent developments in the field.""",46.0,4,5,Just found a rare 16mm print of a French New Wave short. The grain is actually perfect. Makes everything look authentic instead of that plastic CGI garbage.,False
54,"""A student studying film theory who isn't interested in recent developments in the field.""",46.0,5,5,"Just started watching ""The Third Man"" for the first time. The Dutch angles are absolutely genius. Why did we ever stop using the camera to actually show a character's disorientation?",False
54,"""A student studying film theory who isn't interested in recent developments in the field.""",46.0,6,5,"Just spent an hour arguing with a guy online who thinks ""fast cutting"" is the same thing as good pacing. Some people really just want a seizure instead of a story.",False
54,"""A student studying film theory who isn't interested in recent developments in the field.""",46.0,7,5,Just found a book on Soviet Montage theory from the 20s. It's crazy how they figured out the entire language of cinema before computers existed to do the heavy lifting.,False
54,"""A student studying film theory who isn't interested in recent developments in the field.""",46.0,8,5,"Just found a local theater doing a 35mm screening of ""Sunset Boulevard"" this weekend. Actual film on a big screen is the only way to experience it.",False
54,"""A student studying film theory who isn't interested in recent developments in the field.""",46.0,9,5,Just found a collection of old movie posters from the 60s. The hand-drawn art is so much better than these generic Photoshop templates they use now. Actual talent is dead.,False
55,"""a former boxing champion who has won at many local and international tournaments.""",31.0,0,2,Just smashed a new PR on the heavy bag. Feeling absolutely electric today! Who's hitting the gym this weekend?,False
55,"""a former boxing champion who has won at many local and international tournaments.""",31.0,1,2,Just found a spot that sells the best protein bowls in the city. Absolute game changer for recovery. 🥗🔥,False
55,"""a former boxing champion who has won at many local and international tournaments.""",31.0,2,2,Just booked tickets for the championship fight next month! Can't wait to get back in the crowd and see some real power hitting the canvas. 🥊💥,False
55,"""a former boxing champion who has won at many local and international tournaments.""",31.0,3,2,Just finished a 5-mile run and the weather is actually perfect. Time to crush some breakfast and get after it! ☀️🏃‍♂️,False
55,"""a former boxing champion who has won at many local and international tournaments.""",31.0,4,2,Just tried a new agility ladder drill and my coordination is actually on point today. Love that feeling when everything just clicks! ⚡️💪,False
55,"""a former boxing champion who has won at many local and international tournaments.""",31.0,5,2,@user_838 That is actually the sweetest thing I've heard all day. It's the little moments like that that keep everything in perspective! ❤️🎶,False
55,"""a former boxing champion who has won at many local and international tournaments.""",31.0,6,2,"@user_817 Totally agree. There's something about that raw, gritty style that just feels more authentic. Realism always wins over fancy CGI! 🎬🔥",False
55,"""a former boxing champion who has won at many local and international tournaments.""",31.0,7,2,@user_151 Love to see it! Helping someone else level up is the best feeling. Keep spreading that energy! 👊✨,False
55,"""a former boxing champion who has won at many local and international tournaments.""",31.0,8,2,Just started a new playlist for my morning workouts and the energy is insane. Everything feels effortless today! 🎧🔥,False
55,"""a former boxing champion who has won at many local and international tournaments.""",31.0,9,2,Just finished a huge batch of homemade meal prep for the week. Nothing beats the feeling of being organized and ready to go! 🍗🥦🔥,False
56,"""A photographer who captures stunning portraits of Bar Refaeli for magazine covers""",55.0,0,26,Just spent an hour staring at a smudge on the window. Everything is just a waste of time.,False
56,"""A photographer who captures stunning portraits of Bar Refaeli for magazine covers""",55.0,1,26,@user_73 Imagine thinking a dusty window in a breakroom is some kind of spiritual experience. It's just dirt.,False
56,"""A photographer who captures stunning portraits of Bar Refaeli for magazine covers""",55.0,2,26,@user_240 imagine actually caring about a database. some of us have real problems while you're celebrating a faster query. get a life.,False
56,"""A photographer who captures stunning portraits of Bar Refaeli for magazine covers""",55.0,3,26,@user_516 at least your fridge works. mine just makes a clicking sound and smells like old milk. everything eventually just stops.,False
56,"""A photographer who captures stunning portraits of Bar Refaeli for magazine covers""",55.0,4,26,@user_282 just let it happen. the pharmacy is a nightmare anyway and you're just paying to delay the inevitable.,False
56,"""A photographer who captures stunning portraits of Bar Refaeli for magazine covers""",55.0,5,26,@user_74 imagine being excited about a plastic toy. some of us are actually living in the real world where things just break and stay broken.,False
56,"""A photographer who captures stunning portraits of Bar Refaeli for magazine covers""",55.0,6,26,@user_910 imagine actually believing a dog is finding aliens. it's a drone and you're just bored. get a grip.,False
56,"""A photographer who captures stunning portraits of Bar Refaeli for magazine covers""",55.0,7,26,@user_3 imagine thinking a plant is some kind of metaphor for hope. it's just a weed in the dirt. it'll die the second you forget to water it.,False
56,"""A photographer who captures stunning portraits of Bar Refaeli for magazine covers""",55.0,8,26,@user_772 because you didn't earn it. nobody does. it's all just luck and pretending until you're too old to keep the act up.,False
56,"""A photographer who captures stunning portraits of Bar Refaeli for magazine covers""",55.0,9,26,@user_406 it's a piece of metal pushing gas into the air. calling it poetry is just a way to pretend your job actually matters.,False
57,"""A policy maker responsible for implementing regulations to protect pollinators and promote biodiversity in agriculture""",21.0,0,13,"Just spent three hours in a meeting where people argued over the definition of a ""wildflower."" Absolute waste of a Tuesday.",False
57,"""A policy maker responsible for implementing regulations to protect pollinators and promote biodiversity in agriculture""",21.0,1,13,"Why is every single ""innovative"" app just a glorified spreadsheet with a different color scheme? I'm tired of paying a subscription for things that used to be free.",False
57,"""A policy maker responsible for implementing regulations to protect pollinators and promote biodiversity in agriculture""",21.0,2,13,"Just tried that new ""smart"" coffee maker and it took ten minutes to update its firmware before it would brew. I just want caffeine, not a software patch.",False
57,"""A policy maker responsible for implementing regulations to protect pollinators and promote biodiversity in agriculture""",21.0,3,13,"@user_509 exactly. People just want the certificate now, not the actual skill. Everything is a shortcut these days.",False
57,"""A policy maker responsible for implementing regulations to protect pollinators and promote biodiversity in agriculture""",21.0,4,13,"@user_76 Honestly, the sound of a pencil sharpener is the only thing that makes sense today. Everything else is just a glitchy interface or a pointless meeting.",False
57,"""A policy maker responsible for implementing regulations to protect pollinators and promote biodiversity in agriculture""",21.0,5,13,"Just saw a ""luxury"" apartment listing where the balcony is basically a ledge over a dumpster. $2k a month to breathe trash fumes. The audacity is actually impressive.",False
57,"""A policy maker responsible for implementing regulations to protect pollinators and promote biodiversity in agriculture""",21.0,6,13,"@user_20 ""Eco-safe"" is just marketing speak for ""we changed the label so we can keep doing it."" It's always the same script.",False
57,"""A policy maker responsible for implementing regulations to protect pollinators and promote biodiversity in agriculture""",21.0,7,13,"@user_756 exactly. It's all just noise to make it look like something is actually happening. Most ""progress"" is just rearranging the same mistakes.",False
57,"""A policy maker responsible for implementing regulations to protect pollinators and promote biodiversity in agriculture""",21.0,8,13,@user_760 Exactly. Slapping a fresh coat of paint on a crumbling building doesn't stop the foundation from rotting. It's just a way to trick people into thinking someone actually cares.,False
57,"""A policy maker responsible for implementing regulations to protect pollinators and promote biodiversity in agriculture""",21.0,9,13,Just spent forty minutes trying to find a parking spot at the grocery store only to realize I forgot the one thing I actually went in for. I can't do anything right today.,False
58,"""A restaurateur specializing in Monegasque cuisine, who sources fresh seafood daily for traditional dishes""",52.0,0,22,Another day of paying for things that just end up in the trash. Everything is overpriced and tastes like nothing anyway.,False
58,"""A restaurateur specializing in Monegasque cuisine, who sources fresh seafood daily for traditional dishes""",52.0,1,22,@user_331 Imagine thinking dirt under your nails is a personality trait. Some of us actually have to work for a living instead of playing in the mud.,False
58,"""A restaurateur specializing in Monegasque cuisine, who sources fresh seafood daily for traditional dishes""",52.0,2,22,"@user_326 Maybe if you weren't so dramatic about a website, you'd actually get to eat. Some of us deal with real disasters every hour and we don't post about it for attention.",False
58,"""A restaurateur specializing in Monegasque cuisine, who sources fresh seafood daily for traditional dishes""",52.0,3,22,@user_171 Just stop. Nobody wants to hire you and you're just wasting your time and everyone else's.,False
58,"""A restaurateur specializing in Monegasque cuisine, who sources fresh seafood daily for traditional dishes""",52.0,4,22,@user_374 Imagine thinking you're some kind of genius for having windows. Some of us have to deal with actual problems instead of bragging about basic biology.,False
58,"""A restaurateur specializing in Monegasque cuisine, who sources fresh seafood daily for traditional dishes""",52.0,5,22,"Just saw a ""luxury"" cruise ship dock. A bunch of tourists paying thousands to eat frozen shrimp and call it an experience. Pathetic.",False
58,"""A restaurateur specializing in Monegasque cuisine, who sources fresh seafood daily for traditional dishes""",52.0,6,22,@user_349 At least you have a schedule to be broken. Most people are just drifting through their day waiting for someone to tell them they're special. It's all a joke.,False
58,"""A restaurateur specializing in Monegasque cuisine, who sources fresh seafood daily for traditional dishes""",52.0,7,22,@user_267 Spend five grand on a machine and you're still miserable. Some of us just accept that everything smells like garbage regardless of the filter.,False
58,"""A restaurateur specializing in Monegasque cuisine, who sources fresh seafood daily for traditional dishes""",52.0,8,22,"@user_874 Just stop pretending. You're not lagging, you're just useless. Some of us actually have to function regardless of how we feel.",False
58,"""A restaurateur specializing in Monegasque cuisine, who sources fresh seafood daily for traditional dishes""",52.0,9,22,@user_96 Imagine thinking labels make your life less of a mess. You're just organizing the garbage.,False
59,"""A renowned jazz pianist who has collaborated with Branford Marsalis on numerous occasions""",66.0,0,27,Just spent an hour trying to find a reason to get out of bed. Ended up just staring at the ceiling. What a waste of a morning.,False
59,"""A renowned jazz pianist who has collaborated with Branford Marsalis on numerous occasions""",66.0,1,27,"Just saw a clip of some kid playing ""Autumn Leaves"" on TikTok. Absolutely disgusting technique. Why do people even bother posting this garbage?",False
59,"""A renowned jazz pianist who has collaborated with Branford Marsalis on numerous occasions""",66.0,2,27,"Another ""must-see"" documentary on the history of music just dropped. It's all surface level fluff for people who can't tell a flat fifth from a hole in the wall. Total waste of time.",False
59,"""A renowned jazz pianist who has collaborated with Branford Marsalis on numerous occasions""",66.0,3,27,Just tried to cook something and burned the pan. Of course I did. I can't even handle a stove without screwing it up.,False
59,"""A renowned jazz pianist who has collaborated with Branford Marsalis on numerous occasions""",66.0,4,27,Just walked past a street performer playing a plastic bucket. People were actually stopping to give him money. Pathetic.,False
59,"""A renowned jazz pianist who has collaborated with Branford Marsalis on numerous occasions""",66.0,5,27,"Just spent forty bucks on a ""premium"" coffee that tastes like battery acid. Every single thing I touch turns into a joke.",False
59,"""A renowned jazz pianist who has collaborated with Branford Marsalis on numerous occasions""",66.0,6,27,My neighbor has been mowing his lawn for three hours. Some people really have nothing better to do with their pathetic lives.,False
59,"""A renowned jazz pianist who has collaborated with Branford Marsalis on numerous occasions""",66.0,7,27,"Just saw another ""Top 10 Greatest Albums"" list. The same five names every single time. It's just a circle jerk for people with zero taste.",False
59,"""A renowned jazz pianist who has collaborated with Branford Marsalis on numerous occasions""",66.0,8,27,"@user_494 Imagine thinking a torn book is ""deep."" It's just a piece of trash that someone forgot to throw away. Get a grip.",False
59,"""A renowned jazz pianist who has collaborated with Branford Marsalis on numerous occasions""",66.0,9,27,"@user_983 Stop whining about the ""drama."" It's a game with pockets. You're just nostalgic for a time when you weren't completely irrelevant.",False
