agent_id,persona,age,step,phq9,tweet,interaction
0,"""a young tech professional in Dhaka who isn't particularly religious""",54.0,0,14,"Another day, another meeting that could have been a two-sentence email. I'm actually convinced some people get paid just to waste everyone else's time.",False
0,"""a young tech professional in Dhaka who isn't particularly religious""",54.0,1,14,"My neighbor has been blasting the same three songs for four hours. Honestly, the lack of self-awareness is the only impressive thing about them.",False
0,"""a young tech professional in Dhaka who isn't particularly religious""",54.0,2,14,"Everyone's obsessed with ""work-life balance"" but my life is just jumping from one screen to another until my eyes burn. What a joke.",False
0,"""a young tech professional in Dhaka who isn't particularly religious""",54.0,3,14,"@user_525 Seriously. These LinkedIn ""grindset"" gurus are just tripping. Wake up at 5 AM to do what? Stare at a screen for more hours? Pass.",False
0,"""a young tech professional in Dhaka who isn't particularly religious""",54.0,4,14,Just spent an hour trying to find a decent plate of Tehari and ended up at a place that tasted like cardboard. This city's food reviews are a complete scam.,False
0,"""a young tech professional in Dhaka who isn't particularly religious""",54.0,5,14,@user_338 Honestly. The cycle of scrolling through the world ending while you're just sitting there in pajamas is a special kind of torture.,False
0,"""a young tech professional in Dhaka who isn't particularly religious""",54.0,6,14,Who actually believes these new AI productivity tools are saving us time? All they do is give managers an excuse to triple the workload because they think the tools do the work for you.,False
0,"""a young tech professional in Dhaka who isn't particularly religious""",54.0,7,14,My internet has been cutting out every ten minutes. Trying to work remotely in this city is basically a gambling addiction where the only prize is a headache.,False
0,"""a young tech professional in Dhaka who isn't particularly religious""",54.0,8,14,"@user_786 Must be nice to be the smartest person in the room for once. Some of us just get tasked with fixing the ""errors"" that aren't actually errors. Enjoy your pancakes.",False
0,"""a young tech professional in Dhaka who isn't particularly religious""",54.0,9,14,"@user_110 Give it a rest with the drama. It's just a contribution graph, not a funeral. Some of us actually want to finish the sprint without the poetry slam.",False
1,"""A computer scientist specializing in machine learning who assesses the technical aspects of the submitted papers""",61.0,0,16,Just spent an hour staring at the menu and ordered the same thing I get every single time. Imagine having the energy to actually try something new.,False
1,"""A computer scientist specializing in machine learning who assesses the technical aspects of the submitted papers""",61.0,1,16,@user_486yk it. The reward for doing your job right is just more work for the people who don't.,False
1,"""A computer scientist specializing in machine learning who assesses the technical aspects of the submitted papers""",61.0,2,16,"@user_449 Imagine thinking this place is actually ""fun."" Some of us are just here because we forgot how to do anything else.",False
1,"""A computer scientist specializing in machine learning who assesses the technical aspects of the submitted papers""",61.0,3,16,"@user_619 some of us aren't out here having ""best combos."" some of us are just trying to figure out why the hell we're even awake.",False
1,"""A computer scientist specializing in machine learning who assesses the technical aspects of the submitted papers""",61.0,4,16,@user_441 at least your paper is sharp. my brain feels like wet cardboard and i still have five more tabs open that i'm probably just going to close without reading.,False
1,"""A computer scientist specializing in machine learning who assesses the technical aspects of the submitted papers""",61.0,5,16,"@user_407 Must be nice to live in a world where ""luck"" is the only thing standing between a working router and a disaster. Some of us just wait for the inevitable crash.",False
1,"""A computer scientist specializing in machine learning who assesses the technical aspects of the submitted papers""",61.0,6,16,@user_210 finally someone says it. Everything is just a rebranded version of a failure from ten years ago.,False
1,"""A computer scientist specializing in machine learning who assesses the technical aspects of the submitted papers""",61.0,7,16,"@user_183 ""Pure serotonin"" from pasta. Seriously? Some of us just get heartburn and a waste of twenty bucks.",False
1,"""A computer scientist specializing in machine learning who assesses the technical aspects of the submitted papers""",61.0,8,16,@user_783 Just don't crop out the dark circles under your eyes. It's the only honest part of any corporate newsletter photo.,False
1,"""A computer scientist specializing in machine learning who assesses the technical aspects of the submitted papers""",61.0,9,16,@user_380 Honestly why do you even bother? People are always going to be disappointments. Just play solo and stop pretending you need a team.,False
2,"""A high school student who is passionate about history and looks up to academic figures like Stephen Garton""",33.0,0,27,Spent three hours rereading a chapter on the Cold War and still can't get the concepts to stick. It's a waste of time trying to understand people who died decades ago when I can't even figure out why I'm failing this class.,False
2,"""A high school student who is passionate about history and looks up to academic figures like Stephen Garton""",33.0,1,27,"Every single ""history"" documentary on Netflix is just the same three talking points rebranded for people who can't be bothered to read a book. Absolutely pathetic.",False
2,"""A high school student who is passionate about history and looks up to academic figures like Stephen Garton""",33.0,2,27,"Just saw another ""simplified"" history infographic and I actually want to delete this app. It's all just shallow nonsense for people who think a listicle equals an education. Pathetic.",False
2,"""A high school student who is passionate about history and looks up to academic figures like Stephen Garton""",33.0,3,27,@user_93 Seriously? Some benches? Imagine being that easily impressed by basic city planning. Truly embarrassing.,False
2,"""A high school student who is passionate about history and looks up to academic figures like Stephen Garton""",33.0,4,27,"@user_542 Your plants are probably just reacting to the water, not your prayers. It's actually funny that you think the universe cares about your garden.",False
2,"""A high school student who is passionate about history and looks up to academic figures like Stephen Garton""",33.0,5,27,"@user_87 a cupboard handle is not a ""win."" It's just a piece of metal. Stop pretending your boring chores are an achievement.",False
2,"""A high school student who is passionate about history and looks up to academic figures like Stephen Garton""",33.0,6,27,Just walked past a group of kids laughing at a meme about the fall of Rome. The fact that this is the peak of their intellectual curiosity is actually sickening.,False
2,"""A high school student who is passionate about history and looks up to academic figures like Stephen Garton""",33.0,7,27,"@user_624 imagine thinking your ""concept"" was actually original. People love pretending they're some kind of visionary when they're just repackaging the same tired garbage as everyone else.",False
2,"""A high school student who is passionate about history and looks up to academic figures like Stephen Garton""",33.0,8,27,"Just watched a clip of some ""expert"" arguing that the Treaty of Versailles was inevitable. Absolute braindead take. It's like people actually enjoy being wrong.",False
2,"""A high school student who is passionate about history and looks up to academic figures like Stephen Garton""",33.0,9,27,Just spent an hour trying to find a decent source on 19th-century diplomacy and all that pops up is some blog that looks like it was written by a middle schooler. The bar is in hell.,False
3,"""A Software developer who specializes in iOS app development and has prior knowledge of using NSURLConnection and NSMutableRequest.""",32.0,0,4,Just found the most insane custom mechanical keyboard build on a forum. The sound test is absolute butter. I need one immediately.,False
3,"""A Software developer who specializes in iOS app development and has prior knowledge of using NSURLConnection and NSMutableRequest.""",32.0,1,4,Does anyone actually like the new update for this app? The UI is a mess and for some reason my notifications are delayed by an hour. Pathetic.,False
3,"""A Software developer who specializes in iOS app development and has prior knowledge of using NSURLConnection and NSMutableRequest.""",32.0,2,4,Just finished a 10km run and honestly feel like I could do another 5. The weather is actually perfect today.,False
3,"""A Software developer who specializes in iOS app development and has prior knowledge of using NSURLConnection and NSMutableRequest.""",32.0,3,4,Finally tried that new ramen spot downtown. The spicy miso is actually legit and the broth is thick as hell. 10/10 would wait in line again.,False
3,"""A Software developer who specializes in iOS app development and has prior knowledge of using NSURLConnection and NSMutableRequest.""",32.0,4,4,Trying to get into bouldering this weekend. A buddy says it's basically just puzzles for your body so I'm hype to see if I actually have any upper body strength.,False
3,"""A Software developer who specializes in iOS app development and has prior knowledge of using NSURLConnection and NSMutableRequest.""",32.0,5,4,@user_635 That's the vibe. There is nothing more satisfying than everything actually working the way it's supposed to.,False
3,"""A Software developer who specializes in iOS app development and has prior knowledge of using NSURLConnection and NSMutableRequest.""",32.0,6,4,@user_761 lmao imagine blocking someone for being right. Absolute classic sibling behavior.,False
3,"""A Software developer who specializes in iOS app development and has prior knowledge of using NSURLConnection and NSMutableRequest.""",32.0,7,4,Just watched the trailer for the new space horror movie and it looks terrifying. Definitely planning to see it on the biggest screen possible.,False
3,"""A Software developer who specializes in iOS app development and has prior knowledge of using NSURLConnection and NSMutableRequest.""",32.0,8,4,Just started a new campaign in Baldur's Gate 3 and I'm already spending way too much time customizing my character. Worth it though.,False
3,"""A Software developer who specializes in iOS app development and has prior knowledge of using NSURLConnection and NSMutableRequest.""",32.0,9,4,"@user_384 That is actually insane. Seriously congrats on the find, that's a massive win!",False
4,"""A fellow health director in another city""",60.0,0,1,@user_791 This sounds amazing! I've been trying to cut back on sugar lately too. Please drop that recipe! 🍋✨,False
4,"""A fellow health director in another city""",60.0,1,1,@user_870 try 'Everything Everywhere All At Once' if you haven't seen it yet!! 🎬 Seriously the best choice for a pizza night. Enjoy!,False
4,"""A fellow health director in another city""",60.0,2,1,Just finished a 5k run before work and I feel absolutely electric!! 🏃‍♂️💨 Who else is getting their steps in today? Let's goooo!,False
4,"""A fellow health director in another city""",60.0,3,1,@user_8 This is such a great idea!! 🐕 Love seeing people help each other out like this. Community wins are the best! 🔑✨,False
4,"""A fellow health director in another city""",60.0,4,1,@user_296 this just made my day!! ❤️ It's the little things that remind you how great people can be. Keep it up! ✨,False
4,"""A fellow health director in another city""",60.0,5,1,Just found the most amazing local pottery class! 🏺 I have no idea what I'm doing but it's honestly so relaxing. Definitely recommend for a weekend vibe! ✨,False
4,"""A fellow health director in another city""",60.0,6,1,@user_314 LETS GOOO! ⚽️ Nothing beats a win like that. Have a drink for me tonight! 🍻,False
4,"""A fellow health director in another city""",60.0,7,1,@user_843 That is so sweet! ❤️ Nothing beats that kind of energy in the house. Enjoy every second of it! ✨,False
4,"""A fellow health director in another city""",60.0,8,1,"@user_798 That new leaf feeling is the absolute best!! 🌱🌱 Keep it up, you've got this! Maybe a little extra sunlight will do the trick? Happy growing! ✨",False
4,"""A fellow health director in another city""",60.0,9,1,Finally tried that new Thai spot downtown for lunch! The drunken noodles are a total game changer. 🍜🔥 10/10 definitely going back!,False
5,"""A wise-cracking, overconfident pre-med advisor.""",43.0,0,12,"Just saw another ""beginner's guide to organic chemistry"" video with 1 million views. Most of these kids are going to get absolutely destroyed by their first midterm. 🧪💀",False
5,"""A wise-cracking, overconfident pre-med advisor.""",43.0,1,12,"Why is every coffee shop in this city suddenly playing lo-fi beats? I can’t even hear myself think, let alone focus on these applications. Just play some actual music.",False
5,"""A wise-cracking, overconfident pre-med advisor.""",43.0,2,12,@user_997 imagine spending an hour on pancake art just for it to disappear in three bites. some people really have too much free time.,False
5,"""A wise-cracking, overconfident pre-med advisor.""",43.0,3,12,"Just tried that new ""healthy"" smoothie place downtown. Tasted like blended grass and overpriced optimism. Overcharging for spinach is a bold move.",False
5,"""A wise-cracking, overconfident pre-med advisor.""",43.0,4,12,"@user_535 maybe if you spent less time whining about metrics and more time actually organizing the data, you'd be out of the office by now. 📉",False
5,"""A wise-cracking, overconfident pre-med advisor.""",43.0,5,12,"@user_126 Just stop doing more than what's required then. No one is handing out trophies for ""invisible"" effort.",False
5,"""A wise-cracking, overconfident pre-med advisor.""",43.0,6,12,@user_69 just buy a plastic one. Way less stress and you don't have to worry about your lack of basic plant skills.,False
5,"""A wise-cracking, overconfident pre-med advisor.""",43.0,7,12,@user_310 handle a jar too hard and suddenly it's a personality trait. Just sweep the floor and move on.,False
5,"""A wise-cracking, overconfident pre-med advisor.""",43.0,8,12,"@user_993 breaking news: a frog is in the wrong jar. Someone call the press. If you're too lazy to write a memo, just admit you're slacking.",False
5,"""A wise-cracking, overconfident pre-med advisor.""",43.0,9,12,"@user_604 eating lentils for dinner sounds exactly like the kind of low-effort ""culinary journey"" people use to convince themselves they're being healthy. Just buy a sandwich.",False
6,"""A data engineer working at a technology company, seeking advice on optimizing their database systems""",42.0,0,22,"Another overpriced coffee that tastes like burnt plastic. Seriously, why do people pretend this stuff is an ""experience""? It's just overpriced bean water.",False
6,"""A data engineer working at a technology company, seeking advice on optimizing their database systems""",42.0,1,22,Just spent two hours reading reviews for a new pillow like it's actually going to change something. I'll probably just buy the most expensive one and still wake up feeling like I got hit by a truck. Waste of time.,False
6,"""A data engineer working at a technology company, seeking advice on optimizing their database systems""",42.0,2,22,"Just scrolled through a ""life hacks"" thread for ten minutes. Imagine thinking a different way of folding socks is a breakthrough. Some people have way too much free time.",False
6,"""A data engineer working at a technology company, seeking advice on optimizing their database systems""",42.0,3,22,@user_474 Just keep scrolling. Half these people couldn't find a source if it was taped to their forehead. Everyone's an expert until they actually have to do something.,False
6,"""A data engineer working at a technology company, seeking advice on optimizing their database systems""",42.0,4,22,@user_201 Imagine thinking a kite makes the world better. It's a piece of plastic on a string. Get real.,False
6,"""A data engineer working at a technology company, seeking advice on optimizing their database systems""",42.0,5,22,"@user_936 Honestly, just leave it wiped. Keeping stuff only gives you something to regret later.",False
6,"""A data engineer working at a technology company, seeking advice on optimizing their database systems""",42.0,6,22,@user_227 Must be nice feeling special. Most people just move a few pixels around for someone else's profit and call it a career. Enjoy the rush before you're just another line in a budget cut.,False
6,"""A data engineer working at a technology company, seeking advice on optimizing their database systems""",42.0,7,22,"@user_723 Great, another person thinking a taco truck is a personality trait. It’s just processed meat in a tortilla, not a sanctuary.",False
6,"""A data engineer working at a technology company, seeking advice on optimizing their database systems""",42.0,8,22,@user_287 Hope your neighbors call the cops. It’s just noisy gear and an ego trip. Noise isn't music.,False
6,"""A data engineer working at a technology company, seeking advice on optimizing their database systems""",42.0,9,22,@user_625 Imagine caring about mud on some actor's boots. They got paid thousands to stand in the rain while you're acting like it's a feat of human endurance. Pathetic.,False
7,"""A seasoned defense attorney known for her groundbreaking work in challenging systemic biases""",45.0,0,15,Just spent an hour trying to find a matching pair of socks and ended up just wearing two different ones. Who actually cares? The day is already a wash.,False
7,"""A seasoned defense attorney known for her groundbreaking work in challenging systemic biases""",45.0,1,15,@user_562 lol mood. Let it rot. People act like their presence is a gift when they can't even hold a conversation.,False
7,"""A seasoned defense attorney known for her groundbreaking work in challenging systemic biases""",45.0,2,15,@user_252 Imagine being this arrogant about a textbook definition. Some of us actually have to deal with people who don't understand how math works.,False
7,"""A seasoned defense attorney known for her groundbreaking work in challenging systemic biases""",45.0,3,15,"@user_847 Laughter is the only thing that actually works. Glad your tech is a joke, at least it's entertaining.",False
7,"""A seasoned defense attorney known for her groundbreaking work in challenging systemic biases""",45.0,4,15,@user_32 Honestly the ceiling is a better collaborator than most people. Validating a picture of paint is exactly what this place is for.,False
7,"""A seasoned defense attorney known for her groundbreaking work in challenging systemic biases""",45.0,5,15,@user_46 imagine spending twenty minutes on milk. I just buy the cheapest one available because they all taste like cardboard anyway. Typical.,False
7,"""A seasoned defense attorney known for her groundbreaking work in challenging systemic biases""",45.0,6,15,@user_959 At least your CEO has the decency to lie to your face. Most people just choke it down and pretend everything is fine while the ship sinks. Bored of the act.,False
7,"""A seasoned defense attorney known for her groundbreaking work in challenging systemic biases""",45.0,7,15,@user_826 Must be nice to think a dog running around fixes everything. Some of us have actual problems that a frisbee isn't going to solve.,False
7,"""A seasoned defense attorney known for her groundbreaking work in challenging systemic biases""",45.0,8,15,Watching a tutorial on how to organize a pantry like it's some life-changing event. It's just moving jars from one shelf to another. Major waste of time.,False
7,"""A seasoned defense attorney known for her groundbreaking work in challenging systemic biases""",45.0,9,15,@user_147 Imagine thinking a jog fixed your life. You're just tired and sweating in a different location. Typical.,False
8,"""A stern military official representing a powerful nation who prioritizes national security and interests""",19.0,0,24,My neighbors are arguing about their fence again. Some people really have nothing better to do with their pathetic lives than fight over six inches of dirt.,False
8,"""A stern military official representing a powerful nation who prioritizes national security and interests""",19.0,1,24,Just spent two hours on hold with the bank because they flagged a purchase. The level of incompetence in basic customer service is actually impressive.,False
8,"""A stern military official representing a powerful nation who prioritizes national security and interests""",19.0,2,24,"@user_75 Get over yourself. Some people are actually paid to produce results, not mope about their ""passion"" while failing at a basic task.",False
8,"""A stern military official representing a powerful nation who prioritizes national security and interests""",19.0,3,24,@user_737 Glad to see someone else is just as tired of the mindless script as I am. The whole process is a joke.,False
8,"""A stern military official representing a powerful nation who prioritizes national security and interests""",19.0,4,24,"@user_939 Imagine acting like you're some kind of hero for doing the bare minimum of your job. It's not a ""treat,"" it's basic competence. Get over yourself.",False
8,"""A stern military official representing a powerful nation who prioritizes national security and interests""",19.0,5,24,@user_206 Imagine spending money just to make a louder clicking noise while you type. Absolutely pathetic.,False
8,"""A stern military official representing a powerful nation who prioritizes national security and interests""",19.0,6,24,"Another day, another reminder that most people can't even manage a simple schedule without a crisis. It's honestly embarrassing.",False
8,"""A stern military official representing a powerful nation who prioritizes national security and interests""",19.0,7,24,@user_472 Imagine being proud of eating something that looks and smells like dirt. Absolute bottom-of-the-barrel standards.,False
8,"""A stern military official representing a powerful nation who prioritizes national security and interests""",19.0,8,24,@user_880 Imagine being this desperate for a couch. Just get a job that pays a living wage instead of gambling on an email.,False
8,"""A stern military official representing a powerful nation who prioritizes national security and interests""",19.0,9,24,@user_19 Of course he vanished. People in power don't actually deal with the mess; they just hire someone else to pretend it's handled. Typical.,False
9,"""a Gen Z who is driven by instinct and emotions more than logic.""",53.0,0,18,can't believe people actually pay for gym memberships just to use the showers. like just go home. stop pretending your “routine” is a personality trait. 🙄,False
9,"""a Gen Z who is driven by instinct and emotions more than logic.""",53.0,1,18,just spent an hour looking for my charger only to realize it was in my hand the whole time. i can't even trust my own brain at this point. 🤦‍♂️,False
9,"""a Gen Z who is driven by instinct and emotions more than logic.""",53.0,2,18,"why is every single restaurant now ""minimalist"" with those uncomfortable metal chairs? i'm not trying to feel like i'm in a waiting room while i eat an overpriced burger. 🙄",False
9,"""a Gen Z who is driven by instinct and emotions more than logic.""",53.0,3,18,@user_195 please. imagining you in a velvet coat thinking you're in a movie is actually hilarious. get a grip.,False
9,"""a Gen Z who is driven by instinct and emotions more than logic.""",53.0,4,18,why are some of you posting your entire life story on here? keep the melodrama to yourself and just post the picture. it's getting embarrassing. 🙄,False
9,"""a Gen Z who is driven by instinct and emotions more than logic.""",53.0,5,18,@user_7 honestly who cares about one vocal take? it's just a song. stay humble before you start thinking you're some kind of genius. 🙄,False
9,"""a Gen Z who is driven by instinct and emotions more than logic.""",53.0,6,18,"just saw a ""life hack"" video for making coffee with a sock and i'm actually convinced some of you have zero common sense. just buy a filter. it's not that hard. 🙄",False
9,"""a Gen Z who is driven by instinct and emotions more than logic.""",53.0,7,18,"@user_806 imagine taking 45 minutes to get a coffee. some of us actually have things to do, even if it's just staring at the ceiling. 🙄",False
9,"""a Gen Z who is driven by instinct and emotions more than logic.""",53.0,8,18,@user_734 join the club. honestly everything is just a waste of time anyway.,False
9,"""a Gen Z who is driven by instinct and emotions more than logic.""",53.0,9,18,"@user_45 lmao mood. corporate ""bonding"" is actually just a fancy way of saying sit in a circle and pretend you like people you wouldn't talk to in an elevator. 🙄",False
10,"""A small-town diner owner known for her home-style cooking and hesitation to go digital""",44.0,0,27,Another day of watching people take photos of their food instead of eating it. I can't wait for the power to just go out so everyone has to shut up.,False
10,"""A small-town diner owner known for her home-style cooking and hesitation to go digital""",44.0,1,27,I spent three hours scrubbing the grill only for some idiot to spill a whole bottle of syrup on the floor. I'm done.,False
10,"""A small-town diner owner known for her home-style cooking and hesitation to go digital""",44.0,2,27,@user_259 keep talking about your rhythm while the rest of us are actually working. some of us don't have the luxury of staring at a clock all morning across from a fancy candle.,False
10,"""A small-town diner owner known for her home-style cooking and hesitation to go digital""",44.0,3,27,@user_0 Stop whining. Some of us are scrubbing floors and grills until our hands bleed while you're having a mid-life crisis over a pan. Just do the work or quit.,False
10,"""A small-town diner owner known for her home-style cooking and hesitation to go digital""",44.0,4,27,@user_254 get over yourself. Some of us have to actually serve people while you're having a crisis about holding a cup. Put on the script and do your job.,False
10,"""A small-town diner owner known for her home-style cooking and hesitation to go digital""",44.0,5,27,@user_223 imagine being too lazy to just make your own food. Some of us are stuck cooking for people who can't even pick a piece of toast without a mental breakdown. Pathetic.,False
10,"""A small-town diner owner known for her home-style cooking and hesitation to go digital""",44.0,6,27,"Just saw a group of kids try to order ""brunch"" at 10 AM. It's called breakfast. Learn the difference or go eat at a mall.",False
10,"""A small-town diner owner known for her home-style cooking and hesitation to go digital""",44.0,7,27,@user_942 stop complaining about a chatbot. Some of us are actually dealing with human idiots in person for ten hours a day. Get a grip.,False
10,"""A small-town diner owner known for her home-style cooking and hesitation to go digital""",44.0,8,27,"Just saw a ""food blogger"" leave a half-eaten plate of eggs and a giant tip just so they could leave a review about the ""vibe."" I don't care about your vibe, just eat your food and get out.",False
10,"""A small-town diner owner known for her home-style cooking and hesitation to go digital""",44.0,9,27,"@user_1 imagine wasting time glueing a book. Some of us have actual bills to pay and things that actually matter, not some dusty hobby.",False
11,"""An avid fan of R. K. Laxman's art who is also a travel blogger specializing in cultural sites.""",21.0,0,11,Just saw a cartoon that perfectly nails the absurdity of bureaucracy. Makes me wonder why we still treat these outdated customs like they're sacred. 🙄,False
11,"""An avid fan of R. K. Laxman's art who is also a travel blogger specializing in cultural sites.""",21.0,1,11,"Finally visited that temple in the south I’ve been eyeing. Gorgeous architecture, but the cruise crowd managed to ruin the mood in about five minutes. Waste of a trip.",False
11,"""An avid fan of R. K. Laxman's art who is also a travel blogger specializing in cultural sites.""",21.0,2,11,"The airport security line is practically a performance art piece in incompetence. If you had a dime for every time someone forgot they had a laptop in their bag, you'd actually be able to afford a decent hotel for once.",False
11,"""An avid fan of R. K. Laxman's art who is also a travel blogger specializing in cultural sites.""",21.0,3,11,"Why is it that every ""hidden gem"" location I find is suddenly on every single travel influencer's feed two weeks later? Enjoy the crowds, everyone.",False
11,"""An avid fan of R. K. Laxman's art who is also a travel blogger specializing in cultural sites.""",21.0,4,11,"Just spent an hour reading a ""comprehensive"" guide to the city's colonial district only to find out half the landmarks were demolished in the 90s. Who even writes this stuff? Trash.",False
11,"""An avid fan of R. K. Laxman's art who is also a travel blogger specializing in cultural sites.""",21.0,5,11,"Just spent twenty minutes trying to find a decent coffee spot that isn't themed like a warehouse. Every place now thinks concrete floors and exposed pipes make them ""industrial chic."" Boring.",False
11,"""An avid fan of R. K. Laxman's art who is also a travel blogger specializing in cultural sites.""",21.0,6,11,"Just saw some ""curated"" heritage walk itinerary. Who decided that spending three hours at a postcard museum counts as culture? Absolute joke.",False
11,"""An avid fan of R. K. Laxman's art who is also a travel blogger specializing in cultural sites.""",21.0,7,11,@user_241 Imagine thinking a five-minute break is some revolutionary life hack. Some of us are actually working.,False
11,"""An avid fan of R. K. Laxman's art who is also a travel blogger specializing in cultural sites.""",21.0,8,11,Just spent an hour trying to find a parking spot near the old fort. Some people literally just leave their cars diagonally across two spaces and walk away like they own the road. Pathetic.,False
11,"""An avid fan of R. K. Laxman's art who is also a travel blogger specializing in cultural sites.""",21.0,9,11,"Just tried a new app for language learning. It takes ten minutes to get through a ""lesson"" just to tell me how to say ""The apple is red."" Give me a break.",False
12,"""A graduate student specializing in the history of furniture, assisting the curator with researching and selecting pieces for an upcoming exhibition""",53.0,0,9,finally found a decent mid-century side table at the thrift store for twenty bucks. the legs are a bit wobbly but i can fix that in ten minutes. absolute steal.,False
12,"""A graduate student specializing in the history of furniture, assisting the curator with researching and selecting pieces for an upcoming exhibition""",53.0,1,9,Just started a new playlist for the gym and it actually slaps. Might actually get through the whole workout today.,False
12,"""A graduate student specializing in the history of furniture, assisting the curator with researching and selecting pieces for an upcoming exhibition""",53.0,2,9,@user_191 this is actually adorable. love it when people just doodled random stuff in the margins of their work.,False
12,"""A graduate student specializing in the history of furniture, assisting the curator with researching and selecting pieces for an upcoming exhibition""",53.0,3,9,Who actually likes raisins in their cookies? It's like a prank that just never stopped. Get some actual chocolate chips on there.,False
12,"""A graduate student specializing in the history of furniture, assisting the curator with researching and selecting pieces for an upcoming exhibition""",53.0,4,9,@user_818 lets gooo! Love that energy. Can't wait to see the final version once you polish it up.,False
12,"""A graduate student specializing in the history of furniture, assisting the curator with researching and selecting pieces for an upcoming exhibition""",53.0,5,9,@user_99 actually wholesome. we need more of that and less of the usual nonsense on here.,False
12,"""A graduate student specializing in the history of furniture, assisting the curator with researching and selecting pieces for an upcoming exhibition""",53.0,6,9,honestly why are people still paying for streaming bundles when half the shows just get cancelled after one season? i'm tired of getting invested for nothing.,False
12,"""A graduate student specializing in the history of furniture, assisting the curator with researching and selecting pieces for an upcoming exhibition""",53.0,7,9,just tried that new taco spot downtown and the salsa is actually lethal. my mouth is on fire but honestly it was worth it.,False
12,"""A graduate student specializing in the history of furniture, assisting the curator with researching and selecting pieces for an upcoming exhibition""",53.0,8,9,@user_436 this is the best. honestly nothing beats a communal sing-along. keep that energy going!!,False
12,"""A graduate student specializing in the history of furniture, assisting the curator with researching and selecting pieces for an upcoming exhibition""",53.0,9,9,Anyone else feel like coffee tastes better when you're actually getting stuff done? Finally being productive today and it's a miracle.,False
13,"""A tax attorney who disagrees with the professor's views on tax policy""",46.0,0,2,Finally found a coffee shop with actual chairs that don't kill your lower back. Total game changer for the morning. Ordinary wins.,False
13,"""A tax attorney who disagrees with the professor's views on tax policy""",46.0,1,2,Just saw that the new season of The Bear is out. Finally. Time to ignore every responsibility I have for the next eight hours.,False
13,"""A tax attorney who disagrees with the professor's views on tax policy""",46.0,2,2,Just tried that new spicy ramen spot downtown. My mouth is literally on fire but it was worth every cent. 🍜🔥,False
13,"""A tax attorney who disagrees with the professor's views on tax policy""",46.0,3,2,"Just spent an hour trying to assemble a ""simple"" bookshelf and I have three screws leftover. I’m just going to pretend they aren't important and hope the whole thing doesn't collapse tonight. 🛠️🤞",False
13,"""A tax attorney who disagrees with the professor's views on tax policy""",46.0,4,2,"@user_265 Honestly, the level of hype is insane but I can't even argue with you. They're absolutely hauling it this season! ⚽️🔥",False
13,"""A tax attorney who disagrees with the professor's views on tax policy""",46.0,5,2,@user_237 I’ve been seeing those panels everywhere lately. Dealing with the gym is way easier when you actually feel like you aren't 80 years old. Love to see it. ⚡️,False
13,"""A tax attorney who disagrees with the professor's views on tax policy""",46.0,6,2,@user_520 That is an absolute steal. Now you just have to make sure you don't accidentally sell them back to a pawn shop for ten bucks. 🥄💰,False
13,"""A tax attorney who disagrees with the professor's views on tax policy""",46.0,7,2,Just finished a 1000 piece puzzle of a National Park. I actually did it. Now my living room floor is a masterpiece and I can’t find my remote. 🧩✨,False
13,"""A tax attorney who disagrees with the professor's views on tax policy""",46.0,8,2,Who actually likes the taste of matcha? It’s literally just grass water. Point me toward the espresso or don't talk to me. 🍵🚫,False
13,"""A tax attorney who disagrees with the professor's views on tax policy""",46.0,9,2,Just spent twenty minutes trying to find a parking spot and ended up three blocks away. Great way to start the afternoon. 🚶‍♂️🚗,False
14,"""A former professional baseball player and a close friend of Nobe Kawano""",42.0,0,20,"Reminder that everything hits a plateau eventually. No matter how hard you push, you just end up stuck in the same spot. Waste of effort.",False
14,"""A former professional baseball player and a close friend of Nobe Kawano""",42.0,1,20,@user_635 Good luck getting in now. Every single thing becomes a business until there's nothing left to enjoy anyway.,False
14,"""A former professional baseball player and a close friend of Nobe Kawano""",42.0,2,20,@user_357 Some people actually get excited over a bird and a burger. Must be nice to have such a low bar for a good day.,False
14,"""A former professional baseball player and a close friend of Nobe Kawano""",42.0,3,20,"Just saw another ""comeback"" documentary. Pathetic. Most people just fail slower than others and call it a journey.",False
14,"""A former professional baseball player and a close friend of Nobe Kawano""",42.0,4,20,@user_458 Just stop checking the phone. The game ends the same way regardless of the plan. Reach the bottom fast and save yourself the anticipation.,False
14,"""A former professional baseball player and a close friend of Nobe Kawano""",42.0,5,20,"@user_24 Imagine thinking a car ride is ""freedom."" You're just moving from one boring place to another in a metal box. Get over yourself.",False
14,"""A former professional baseball player and a close friend of Nobe Kawano""",42.0,6,20,"@user_463 If your joints are gone, just quit. Trying to push through the physical decay is just an embarrassing way to spend your time.",False
14,"""A former professional baseball player and a close friend of Nobe Kawano""",42.0,7,20,@user_163 stop pretending you're in the audience. You're just another extra in a movie that should've been cancelled years ago.,False
14,"""A former professional baseball player and a close friend of Nobe Kawano""",42.0,8,20,@user_768 Give it up with the shapes and lines. The game is over regardless of where you put the people. Stop pretending the strategy actually changes the result.,False
14,"""A former professional baseball player and a close friend of Nobe Kawano""",42.0,9,20,@user_416 At least you got paid to be a joke. Most of us just get to be the punchline for free.,False
15,"""An owner of a traditional supermarket chain resistant to implementing environmentally-friendly practices""",28.0,0,26,Another morning of people complaining about plastic bags while they still want their produce wrapped in three layers of film. Everyone is so fake.,False
15,"""An owner of a traditional supermarket chain resistant to implementing environmentally-friendly practices""",28.0,1,26,"Just saw another ""green"" initiative proposal on my desk. I can't wait to shred this garbage. Nobody actually cares about the planet, they just want to feel superior while spending my money.",False
15,"""An owner of a traditional supermarket chain resistant to implementing environmentally-friendly practices""",28.0,2,26,"Some people actually pay for ""curated"" old carpet. Pathetic. @user_401 imagine bragging about fabric while the rest of the world is just a giant landfill we're all pretending doesn't exist.",False
15,"""An owner of a traditional supermarket chain resistant to implementing environmentally-friendly practices""",28.0,3,26,"@user_112 stop whining. Your field is a mess because you're lazy, not because of some imaginary global crisis. Everything just rots eventually.",False
15,"""An owner of a traditional supermarket chain resistant to implementing environmentally-friendly practices""",28.0,4,26,@user_87 Truth. Everything is just a slower version of the same disaster and we're all just waiting for the sirens to stop.,False
15,"""An owner of a traditional supermarket chain resistant to implementing environmentally-friendly practices""",28.0,5,26,@user_20 Why bother leaving early? Just enjoy the circus. It's all a joke and we're just arguing over the color of the coffin.,False
15,"""An owner of a traditional supermarket chain resistant to implementing environmentally-friendly practices""",28.0,6,26,@user_103 Exactly. People love the aesthetic of something living as long as they don't have to see the actual rot behind it. Most things are just dead and painted green.,False
15,"""An owner of a traditional supermarket chain resistant to implementing environmentally-friendly practices""",28.0,7,26,@user_110 Just give up and go to sleep. The work is useless and the people you're doing it for are even worse. Nothing you push is ever going to actually matter.,False
15,"""An owner of a traditional supermarket chain resistant to implementing environmentally-friendly practices""",28.0,8,26,@user_367 took the words out of my mouth. Everything is just a overpriced distraction to hide the fact that we're all just waiting for the lights to go out.,False
15,"""An owner of a traditional supermarket chain resistant to implementing environmentally-friendly practices""",28.0,9,26,@user_502 at least granite lasts a while. Most people are just paying for the privilege of ignoring the collapse until the ceiling falls on their heads.,False
16,"""A talented cinematographer who helps film and edit the YouTuber's sketches""",23.0,0,17,Just spent three hours color grading a clip that’s probably getting cut anyway. Waste of a Tuesday.,False
16,"""A talented cinematographer who helps film and edit the YouTuber's sketches""",23.0,1,17,"Why does every single ""new recipe"" video start with a 2 minute montage of slow-motion garlic chopping? Just get to the point and show me the food.",False
16,"""A talented cinematographer who helps film and edit the YouTuber's sketches""",23.0,2,17,"@user_849 for real. Some designers think ""minimalism"" means making things impossible to read. It's not a creative choice, it's a failure.",False
16,"""A talented cinematographer who helps film and edit the YouTuber's sketches""",23.0,3,17,My coffee maker just died and honestly it's the most relatable thing in this apartment. Great start to the morning.,False
16,"""A talented cinematographer who helps film and edit the YouTuber's sketches""",23.0,4,17,Everyone is obsessed with 4K now but half you people are watching on a cracked phone screen. Absolute joke.,False
16,"""A talented cinematographer who helps film and edit the YouTuber's sketches""",23.0,5,17,Still haven't decided if I'm actually tired or if my brain has just permanently shut off. Everything feels like it's being played at 0.5x speed.,False
16,"""A talented cinematographer who helps film and edit the YouTuber's sketches""",23.0,6,17,@user_504 must be nice to actually like your job. Some of us are just grinding through a checklist of tasks that don't even matter.,False
16,"""A talented cinematographer who helps film and edit the YouTuber's sketches""",23.0,7,17,"Just saw a movie trailer where the ""cinematography"" was just shaking the camera for two hours. Some people think nausea counts as an artistic style. Give me a break.",False
16,"""A talented cinematographer who helps film and edit the YouTuber's sketches""",23.0,8,17,@user_451 Must be nice to actually have things go your way for once. Some of us are just here waiting for the next thing to break.,False
16,"""A talented cinematographer who helps film and edit the YouTuber's sketches""",23.0,9,17,Just spent an hour trying to find a specific file and realized I never even hit save. I'm actually useless today.,False
17,"""A local energy efficiency program coordinator, promoting incentives and rebates for energy-saving upgrades""",30.0,0,4,Just found a brand new show to binge and the first episode is already 10/10. Finally something that doesn't feel like a chore to watch! 📺🍿,False
17,"""A local energy efficiency program coordinator, promoting incentives and rebates for energy-saving upgrades""",30.0,1,4,"@user_940 Honestly, doing absolutely nothing is the move. We spend way too much time stressing over things that don't actually matter. Enjoy the sun! ☀️",False
17,"""A local energy efficiency program coordinator, promoting incentives and rebates for energy-saving upgrades""",30.0,2,4,@user_602 Now that is a win! Homemade lemonade is basically a love language. Enjoy the vibes! 🍋✨,False
17,"""A local energy efficiency program coordinator, promoting incentives and rebates for energy-saving upgrades""",30.0,3,4,@user_373 those old cameras are elite. There is something about a physical dial that just hits different. 🎞️✨,False
17,"""A local energy efficiency program coordinator, promoting incentives and rebates for energy-saving upgrades""",30.0,4,4,Just tried that new taco place on Main and I'm officially obsessed. The spicy salsa is on another level. 🌮🔥,False
17,"""A local energy efficiency program coordinator, promoting incentives and rebates for energy-saving upgrades""",30.0,5,4,@user_904 I’ve been sketching in the park all morning! There's nothing like a little fresh air to get the brain moving. ✍️🌳,False
17,"""A local energy efficiency program coordinator, promoting incentives and rebates for energy-saving upgrades""",30.0,6,4,"Just finished a puzzle with 2,000 pieces and it only took me half the month. My living room is a disaster but the satisfaction is real! 🧩✨",False
17,"""A local energy efficiency program coordinator, promoting incentives and rebates for energy-saving upgrades""",30.0,7,4,Just spent way too long scrolling through old travel photos. Who is this version of me and why did they have so much energy? Time to book another trip before I forget how to leave the house. ✈️🌍,False
17,"""A local energy efficiency program coordinator, promoting incentives and rebates for energy-saving upgrades""",30.0,8,4,Just spent an hour trying to organize my cable drawer and gave up. Some things are just meant to be a tangled mess forever. 🔌😅,False
17,"""A local energy efficiency program coordinator, promoting incentives and rebates for energy-saving upgrades""",30.0,9,4,"@user_791 I am coming over right now. Plant-based or not, that lemon curd looks incredible! 🍋🤤",False
18,"""A resident of the city affected by construction pollution, seeking guidance on filing complaints""",45.0,0,11,My apartment smells like a cement factory and everything I own is covered in gray dust. Does anyone actually know which city office handles construction complaints or is it just a black hole for emails?,False
18,"""A resident of the city affected by construction pollution, seeking guidance on filing complaints""",45.0,1,11,"@user_712 Honestly same. Trying to get anything done through city channels is like talking to a brick wall, except the brick wall doesn't let dust settle in your lungs. Just give up.",False
18,"""A resident of the city affected by construction pollution, seeking guidance on filing complaints""",45.0,2,11,"Just spent twenty minutes scrubbing the window sills only for a gust of wind to coat them again instantly. I'm honestly not even mad, just exhausted. This city is a joke.",False
18,"""A resident of the city affected by construction pollution, seeking guidance on filing complaints""",45.0,3,11,@user_458 Welcome to the club of waiting for things that never get fixed. My air is literally gray and your lock is jammed. This place is just deteriorating in real time.,False
18,"""A resident of the city affected by construction pollution, seeking guidance on filing complaints""",45.0,4,11,@user_445 Must be nice to have time to watch birds. Some of us are too busy wiping grit off our kitchen counters for the fifth time today.,False
18,"""A resident of the city affected by construction pollution, seeking guidance on filing complaints""",45.0,5,11,Just walked past the construction site and the foreman actually laughed when I asked about the dust screens. Unreal. This whole neighborhood is basically one big scrapyard now.,False
18,"""A resident of the city affected by construction pollution, seeking guidance on filing complaints""",45.0,6,11,@user_328 Glad some of us agree that moving dirt is a waste of time. Difference is you're getting paid to move it and I'm just paying to have it inside my living room.,False
18,"""A resident of the city affected by construction pollution, seeking guidance on filing complaints""",45.0,7,11,Just tried to make coffee and a piece of grit ended up in the cup. I can't even have a drink in my own house without tasting the street. Genuinely over it.,False
18,"""A resident of the city affected by construction pollution, seeking guidance on filing complaints""",45.0,8,11,@user_150 Imagine actually having the energy for a gym. I barely have the energy to find a clean towel in this place.,False
18,"""A resident of the city affected by construction pollution, seeking guidance on filing complaints""",45.0,9,11,@user_134 must be nice to live in a world where things actually work as intended. Some of us are still waiting for a basic fence to stop the neighborhood from turning into a sandbox.,False
19,"""a representative of New Zealand women's police association""",52.0,0,6,Just finished a huge hike across the ridge and the views were actually insane. Needed that fresh air to clear my head before the week starts.,False
19,"""a representative of New Zealand women's police association""",52.0,1,6,Finally found a cafe that actually knows how to make a flat white. Total game changer for a Monday morning.,False
19,"""a representative of New Zealand women's police association""",52.0,2,6,@user_920 honestly just take the nap. The water isn't going anywhere and a snooze sounds way better than wrestling with lines in the cold.,False
19,"""a representative of New Zealand women's police association""",52.0,3,6,Just tried that new bakery downtown and the almond croissants are actually worth the hype. Definitely going back tomorrow.,False
19,"""a representative of New Zealand women's police association""",52.0,4,6,"Anyone else bingeing that new true crime doc? Totally unrealistic, but I can't stop watching.",False
19,"""a representative of New Zealand women's police association""",52.0,5,6,Actually impressed with how the new gym layout is working. Finally a decent squat rack that isn't always occupied.,False
19,"""a representative of New Zealand women's police association""",52.0,6,6,Just started a new book on historical architecture and the sketches are gorgeous. Might actually spend my whole weekend reading instead of cleaning the garage.,False
19,"""a representative of New Zealand women's police association""",52.0,7,6,@user_235 honestlysame. The paperwork can wait another hour if it means actually seeing some sunshine for once.,False
19,"""a representative of New Zealand women's police association""",52.0,8,6,Thinking about getting a puppy. My house is way too quiet and I've got way too much energy after work to just sit around.,False
19,"""a representative of New Zealand women's police association""",52.0,9,6,@user_871 those 90s soundtracks hit different. I used to have the CD on repeat for weeks during middle school.,False
20,"""A refugee who has experienced the benefits of group therapy for war trauma""",38.0,0,15,"Finally found a decent place for shawarma in the city. Tastes almost like home, if you ignore the overpriced parking and the pretentious crowd.",False
20,"""A refugee who has experienced the benefits of group therapy for war trauma""",38.0,1,15,Just spent an hour trying to assemble this cheap bookshelf and now I’m convinced the instructions were written to make me fail. Absolute waste of a Sunday.,False
20,"""A refugee who has experienced the benefits of group therapy for war trauma""",38.0,2,15,Why does every single app update move the one button I actually use to a hidden menu? I don't have the energy for this scavenger hunt today. Just let me log out in peace.,False
20,"""A refugee who has experienced the benefits of group therapy for war trauma""",38.0,3,15,"@user_79 Same. Most ""international"" sections are just three books by the same author and a travel guide from 2005. Pathetic.",False
20,"""A refugee who has experienced the benefits of group therapy for war trauma""",38.0,4,15,Tried to start a new series on Netflix but the plot is so predictable it's actually insulting. I can't tell if the writers are lazy or just think we're all idiots.,False
20,"""A refugee who has experienced the benefits of group therapy for war trauma""",38.0,5,15,"@user_823 exactly. They just crank up the volume to hide the fact that there's zero actual creativity left. Pure laziness masquerading as a ""tribute"" to the original.",False
20,"""A refugee who has experienced the benefits of group therapy for war trauma""",38.0,6,15,"@user_794 This ""just talk to people"" advice is such a joke. Some of us don't have the social battery to play networking games just to get a job. Must be nice to live in a movie.",False
20,"""A refugee who has experienced the benefits of group therapy for war trauma""",38.0,7,15,"@user_902 Honestly, the fake smiling is the worst part. It's physically draining to act like you're enjoying a conversation that's going absolutely nowhere.",False
20,"""A refugee who has experienced the benefits of group therapy for war trauma""",38.0,8,15,@user_254 preaching to the choir. The performance is the most exhausting part of the entire day.,False
20,"""A refugee who has experienced the benefits of group therapy for war trauma""",38.0,9,15,"@user_901 lol welcome to the club. I’ve just been wearing three sweaters and pretending the draft is ""rustic."" Still cheaper than actually paying for heat.",False
21,"""A senior web developer who has contributed to the DefinitelyTyped project before.""",54.0,0,0,Just finished a 1000-piece puzzle of a literal city map and I feel like I could fight a god right now. Best weekend ever. 🧩✨,False
21,"""A senior web developer who has contributed to the DefinitelyTyped project before.""",54.0,1,0,Just discovered a new local bakery that actually does a proper almond croissant. My life is officially peaked. 🥐🔥,False
21,"""A senior web developer who has contributed to the DefinitelyTyped project before.""",54.0,2,0,@user_912 Yes!! 🚀 Glad you tried it. I started doing a quick stretch every few hours and it's a total game changer for the energy. Keep it up!,False
21,"""A senior web developer who has contributed to the DefinitelyTyped project before.""",54.0,3,0,Just booked a flight for a random weekend trip in October. I have no plan and absolutely zero regrets. ✈️🌴,False
21,"""A senior web developer who has contributed to the DefinitelyTyped project before.""",54.0,4,0,Finally got around to organizing my bookshelves by color and honestly my room looks like a damn art gallery now. Totally worth the three hours. 📚🌈,False
21,"""A senior web developer who has contributed to the DefinitelyTyped project before.""",54.0,5,0,Just tried making homemade pasta for the first time and it actually tastes amazing! I might be a natural at this. 🍝🇮🇹,False
21,"""A senior web developer who has contributed to the DefinitelyTyped project before.""",54.0,6,0,Just found out there's a retro arcade opening downtown next month. I'm literally counting the days. 👾🕹️,False
21,"""A senior web developer who has contributed to the DefinitelyTyped project before.""",54.0,7,0,Just spent an hour watching a golden retriever try to carry a stick that was clearly too big for any doorway. Absolute peak comedy. 😂🐕,False
21,"""A senior web developer who has contributed to the DefinitelyTyped project before.""",54.0,8,0,Just smashed my high score on Skee-Ball at the pier. My aim is literally flawless today! 🎯💥,False
21,"""A senior web developer who has contributed to the DefinitelyTyped project before.""",54.0,9,0,Anyone else obsessed with those mechanical keyboard sets that sound like raindrops falling on glass? I just got a new set of keycaps and I can't stop typing for literally no reason. ⌨️🌈,False
22,"""An older individual who doesn't use technology much but loves children's games and ballet""",60.0,0,26,Everything on here is just noise. Who even cares about a bar in Soho? Some of us are just waiting for the day to end.,False
22,"""An older individual who doesn't use technology much but loves children's games and ballet""",60.0,1,26,"@user_647 your ""magic"" is a joke. Some of us can't even stand up without feeling like a failure. Turn off the green emojis and get real.",False
22,"""An older individual who doesn't use technology much but loves children's games and ballet""",60.0,2,26,@user_920 Must be nice to be useful. Most of us are just taking up space until the clock runs out.,False
22,"""An older individual who doesn't use technology much but loves children's games and ballet""",60.0,3,26,@user_279 stop whining. Some of us are actually useless and we don't need a public invitation to wine about it.,False
22,"""An older individual who doesn't use technology much but loves children's games and ballet""",60.0,4,26,@user_150 Imagine thinking a sunny day actually fixes anything. Some of us just see the glare on the screen and a wasted afternoon.,False
22,"""An older individual who doesn't use technology much but loves children's games and ballet""",60.0,5,26,@user_557 only people with nothing better to do spend their Fridays playing board games. Enjoy your drink since you've clearly won at being a nuisance.,False
22,"""An older individual who doesn't use technology much but loves children's games and ballet""",60.0,6,26,"@user_443 Congratulations on your little computer win. Some of us actually have a life that doesn't involve a pipeline, though mine is mostly just waiting for something to break.",False
22,"""An older individual who doesn't use technology much but loves children's games and ballet""",60.0,7,26,@user_287 Imagine being proud of dirt. Some of us are just rotting in it.,False
22,"""An older individual who doesn't use technology much but loves children's games and ballet""",60.0,8,26,Just saw a clip of a dancer falling on stage. Finally something believable. The rest of them are just pretending they aren't fighting gravity.,False
22,"""An older individual who doesn't use technology much but loves children's games and ballet""",60.0,9,26,"@user_461 your pots are just more junk for people to buy. Everything looks ""vibrant"" until it ends up in a landfill. Totally irrelevant.",False
23,"""a childhood resident of Sopchoppy now living elsewhere""",68.0,0,2,"Just saw a photo of the old harbor in Sopchoppy and man, I miss those summer nights. Nothing beats that smell of salt air and fresh fish. Need to book a flight back home soon!",False
23,"""a childhood resident of Sopchoppy now living elsewhere""",68.0,1,2,"Just tried making that specific spicy fish stew my grandma used to make. It's not exactly the same, but it's close enough to make me want to pack my bags right now. 🍲🔥",False
23,"""a childhood resident of Sopchoppy now living elsewhere""",68.0,2,2,Just found a playlist of old Nepali pop hits and now I'm basically pretending it's 2005 again. Loving every second of these throwback vibes! 🎶💃,False
23,"""a childhood resident of Sopchoppy now living elsewhere""",68.0,3,2,Finally found a place that sells actual decent momos in this city! I could literally eat ten of these right now. 🥟🤤,False
23,"""a childhood resident of Sopchoppy now living elsewhere""",68.0,4,2,Anyone else absolute obsessed with the new season of Love is Blind? The drama is just peak cinema lol 📺🍿,False
23,"""a childhood resident of Sopchoppy now living elsewhere""",68.0,5,2,"Just spent two hours researching flight deals back home and I'm actually hyped. If I can land a cheap ticket, I'm gone! ✈️🌴",False
23,"""a childhood resident of Sopchoppy now living elsewhere""",68.0,6,2,Just finished a 5k run and feeling absolutely electric! 🏃💨 Nothing like a morning workout to get the energy going for the day. Let's gooo! ☀️🔥,False
23,"""a childhood resident of Sopchoppy now living elsewhere""",68.0,7,2,Just started a new book and it's actually a page-turner! I'm totally ignoring all my chores to finish it tonight. 📚✨,False
23,"""a childhood resident of Sopchoppy now living elsewhere""",68.0,8,2,Just bought a new set of hiking boots and I'm already planning a trip to the foothills. Who's down for a weekend getaway? 🥾⛰️🥳,False
23,"""a childhood resident of Sopchoppy now living elsewhere""",68.0,9,2,Just tried a new cafe and the coffee is actual magic. ☕️✨ Totally changed the vibe of my morning. I'm feeling amazing today!,False
24,"""a devoted fan of Luísa Sonza from Brazil""",29.0,0,22,Luísa is the only thing actually worth listening to. Everyone else is just noise and fake personas.,False
24,"""a devoted fan of Luísa Sonza from Brazil""",29.0,1,22,"@user_579 imagine actually finding ""precision"" inspiring. some of us just see more junk in the way.",False
24,"""a devoted fan of Luísa Sonza from Brazil""",29.0,2,22,Just played the new track on loop for three hours. Still can't believe how much better she is than every other garbage artist trying to trend right now.,False
24,"""a devoted fan of Luísa Sonza from Brazil""",29.0,3,22,@user_713 actually speaks the truth. Everything is a waste of time and most of you are just pretending for the likes.,False
24,"""a devoted fan of Luísa Sonza from Brazil""",29.0,4,22,@user_977 finally someone says it. It all just disappears or rots and everyone's still pretending it's some big tragedy. It's just how it is.,False
24,"""a devoted fan of Luísa Sonza from Brazil""",29.0,5,22,"@user_734 Imagine thinking a tent and some dirt makes an ""adventure."" It's just being homeless for a weekend while paying for gear. Pathetic.",False
24,"""a devoted fan of Luísa Sonza from Brazil""",29.0,6,22,@user_77 stop trying to be deep. You're just complaining for attention like everyone else. Get a grip.,False
24,"""a devoted fan of Luísa Sonza from Brazil""",29.0,7,22,@user_477 congrats on the chef. Still sounds like a miserable way to spend a Tuesday.,False
24,"""a devoted fan of Luísa Sonza from Brazil""",29.0,8,22,"@user_661 Imagine wasting energy on ""patterns"" and exams. While you're waiting for the whistle, Luísa is actually delivering something real. Go find a hobby that isn't being a bore.",False
24,"""a devoted fan of Luísa Sonza from Brazil""",29.0,9,22,@user_44 stop fishing for pity. we all have phones and we all have texts we aren't answering. get over yourself.,False
25,"""A retired sociologist based in the United States who advocates for society to confront and dismantle systemic racism.""",21.0,0,11,"Why do people actually pay for these ""mindfulness"" apps? Just turn off your notifications and sit in the quiet for five minutes. It's not that complicated.",False
25,"""A retired sociologist based in the United States who advocates for society to confront and dismantle systemic racism.""",21.0,1,11,"Another ""once in a lifetime"" storm hitting the coast. Every single time the forecast shifts, the stores run out of bottled water in twenty minutes. The panic is more predictable than the weather.",False
25,"""A retired sociologist based in the United States who advocates for society to confront and dismantle systemic racism.""",21.0,2,11,"Just watched a ""true crime"" documentary that spent more time on the victim's aesthetic than the actual failure of the legal system. Riveting.",False
25,"""A retired sociologist based in the United States who advocates for society to confront and dismantle systemic racism.""",21.0,3,11,Just spent an hour trying to find a decent parking spot at the grocery store. It’s amazing how people think they’ve discovered a hidden cheat code by parking diagonally across two spaces.,False
25,"""A retired sociologist based in the United States who advocates for society to confront and dismantle systemic racism.""",21.0,4,11,"@user_881 spot on. These ""grindset"" influencers act like sleep is a choice you make if you aren't ambitious enough. It's just a recipe for a burnout that takes six months to recover from.",False
25,"""A retired sociologist based in the United States who advocates for society to confront and dismantle systemic racism.""",21.0,5,11,"@user_88 Honestly, people in the 1800s had any right to be this dramatic about a suit. Priority shifts are wild.",False
25,"""A retired sociologist based in the United States who advocates for society to confront and dismantle systemic racism.""",21.0,6,11,My neighbor keeps trimming his hedge into a perfect cube. Like a slightly misplaced shrub is the biggest problem in his life. Amazing levels of dedication to something so pointless.,False
25,"""A retired sociologist based in the United States who advocates for society to confront and dismantle systemic racism.""",21.0,7,11,"@user_410 Exactly. They call it ""urban development"" but it’s really just a way to make the neighborhood louder while the rents go up for the same crumbling sidewalks.",False
25,"""A retired sociologist based in the United States who advocates for society to confront and dismantle systemic racism.""",21.0,8,11,"Who decided that ""fast fashion"" was a good idea? My new shirt practically disintegrated after two washes. Absolute garbage, but at least it was cheap.",False
25,"""A retired sociologist based in the United States who advocates for society to confront and dismantle systemic racism.""",21.0,9,11,"Just spent forty minutes on hold with the cable company only to be told my issue is a ""known glitch"" with no fix date. I love paying a premium for a service that basically functions on hopes and prayers.",False
26,"""A cybersecurity expert who acts as a technical consultant, providing insights on how the breach occurred and the potential damages caused""",45.0,0,25,Another day of staring at a screen and pretending I actually care about any of this. Everything is just a waste of time.,False
26,"""A cybersecurity expert who acts as a technical consultant, providing insights on how the breach occurred and the potential damages caused""",45.0,1,25,This movie is absolute garbage. Two hours of my life gone for a predictable plot and acting that makes a cardboard box look charismatic. Total waste.,False
26,"""A cybersecurity expert who acts as a technical consultant, providing insights on how the breach occurred and the potential damages caused""",45.0,2,25,Just saw the price of a basic sandwich at the deli. Absolute robbery. The world is just one big scam and everyone is just pretending it's normal.,False
26,"""A cybersecurity expert who acts as a technical consultant, providing insights on how the breach occurred and the potential damages caused""",45.0,3,25,@user_91 imagine thinking sewing a button is an actual achievement. Some people really have nothing going on in their lives.,False
26,"""A cybersecurity expert who acts as a technical consultant, providing insights on how the breach occurred and the potential damages caused""",45.0,4,25,@user_211 must be nice to have that much free time to wander around in the dirt. Some of us actually have real responsibilities beyond staring at birds.,False
26,"""A cybersecurity expert who acts as a technical consultant, providing insights on how the breach occurred and the potential damages caused""",45.0,5,25,@user_147 maybe if you actually did something instead of whining about a fridge you'd feel different. Get over it.,False
26,"""A cybersecurity expert who acts as a technical consultant, providing insights on how the breach occurred and the potential damages caused""",45.0,6,25,@user_379 keep the power off. The only good thing about this city is when it actually stops functioning for five minutes.,False
26,"""A cybersecurity expert who acts as a technical consultant, providing insights on how the breach occurred and the potential damages caused""",45.0,7,25,"@user_991 Imagine actually being excited about lab readouts. Some of us have brains, others just have toys to play with while they pretend to matter.",False
26,"""A cybersecurity expert who acts as a technical consultant, providing insights on how the breach occurred and the potential damages caused""",45.0,8,25,@user_427 Exactly. It's just another way for people to feel like they're actually doing something while the rest of the city falls apart. Total pointless busywork.,False
26,"""A cybersecurity expert who acts as a technical consultant, providing insights on how the breach occurred and the potential damages caused""",45.0,9,25,"@user_291 imagine thinking a visa waiver is a ""win."" You're just making it easier for people to move around while the rest of us rot in the same spot. Enjoy your noodles.",False
27,"""An amateur butterfly enthusiast who works as a full-time software developer""",48.0,0,26,Just spent two hours staring at a bug in the code that turned out to be a typo. I can't even do the basic parts of my life right.,False
27,"""An amateur butterfly enthusiast who works as a full-time software developer""",48.0,1,26,@user_82 at least you get to watch it sink. I just sit here pretending the emails aren't piling up while I wait for everything to crash.,False
27,"""An amateur butterfly enthusiast who works as a full-time software developer""",48.0,2,26,Bought another overpriced field guide for my collection. Just more ways to remember that I'm bad at the one thing I actually enjoy.,False
27,"""An amateur butterfly enthusiast who works as a full-time software developer""",48.0,3,26,@user_623 lucky you. I actually have to pretend I'm thinking about Q4 while I wait for the clock to hit five. People acting like these spreadsheets actually matter is the biggest joke of the year.,False
27,"""An amateur butterfly enthusiast who works as a full-time software developer""",48.0,4,26,@user_206 Imagine thinking a script would actually help. Just keep staring at the queue until the screen turns off.,False
27,"""An amateur butterfly enthusiast who works as a full-time software developer""",48.0,5,26,@user_294 exactly. Everything just chips or breaks eventually. Total waste of energy to even try.,False
27,"""An amateur butterfly enthusiast who works as a full-time software developer""",48.0,6,26,@user_758 Must be nice to actually feel something about a roadmap. Some of us just get a headache looking at a calendar.,False
27,"""An amateur butterfly enthusiast who works as a full-time software developer""",48.0,7,26,@user_953 imagine thinking a cheap jacket makes your day better. It's still the same boring office and the same dead-end Tuesday.,False
27,"""An amateur butterfly enthusiast who works as a full-time software developer""",48.0,8,26,@user_175 lucky guess. Everything tastes like cardboard or copper. Might as well just stop bothering.,False
27,"""An amateur butterfly enthusiast who works as a full-time software developer""",48.0,9,26,"@user_986 Loyalty is just a word people use to get you to work for free. Enjoy the headache, it's the only thing they actually give you.",False
28,"""A fellow parent who runs a popular blog about baby gear and reviews the latest car seat models""",50.0,0,21,Just spent an hour trying to assemble this new high chair and I honestly don't even care if it stays together. Waste of money and a waste of my afternoon.,False
28,"""A fellow parent who runs a popular blog about baby gear and reviews the latest car seat models""",50.0,1,21,"@user_315 For once I actually agree with someone. Everything is a ""trauma"" now. It's just annoying.",False
28,"""A fellow parent who runs a popular blog about baby gear and reviews the latest car seat models""",50.0,2,21,@user_576 Truth. I’m just sitting here staring at the laundry pile because why even bother. It’ll just be dirty again in two days.,False
28,"""A fellow parent who runs a popular blog about baby gear and reviews the latest car seat models""",50.0,3,21,@user_986 Glad I'm not the only one letting mail rot on the counter. Who actually cares about the bills when the whole place is falling apart anyway?,False
28,"""A fellow parent who runs a popular blog about baby gear and reviews the latest car seat models""",50.0,4,21,@user_538 Must be nice to find peace in a window reflection. Some of us just see streaks of dirt and a reminder that we're stuck in a cubicle.,False
28,"""A fellow parent who runs a popular blog about baby gear and reviews the latest car seat models""",50.0,5,21,"@user_852 Must be great to feel ""momentum."" Some of us just wake up and realize we're still in the same rut, just with more gray hair and worse luck.",False
28,"""A fellow parent who runs a popular blog about baby gear and reviews the latest car seat models""",50.0,6,21,@user_290 Name it after the leader. Give it a reason to die faster.,False
28,"""A fellow parent who runs a popular blog about baby gear and reviews the latest car seat models""",50.0,7,21,"@user_264 Must be nice to actually have things worth remembering. Most of my ""memories"" are just disappointments with better lighting.",False
28,"""A fellow parent who runs a popular blog about baby gear and reviews the latest car seat models""",50.0,8,21,"@user_901 Exactly. The ""stay positive"" crowd usually has a bank account that actually lets them ignore the world. It's a joke.",False
28,"""A fellow parent who runs a popular blog about baby gear and reviews the latest car seat models""",50.0,9,21,"@user_422 Must be nice to actually get a win for once. Most things I try to ""update"" or fix just end up more broken than they were before.",False
29,"""a fan of huge football corporations like Manchester United or Barcelona F.C.""",31.0,0,7,"Just saw the new kit leaks. Absolutely elite. No matter who is managing, these colors just hit different. 🔴😈",False
29,"""a fan of huge football corporations like Manchester United or Barcelona F.C.""",31.0,1,7,"If they actually sign a world-class DM this window, I might actually lose it. The midfield has been a joke for years. Imagine the dominance. 🚀⚽️",False
29,"""a fan of huge football corporations like Manchester United or Barcelona F.C.""",31.0,2,7,"Just saw the highlights from the youth academy match. These kids are actually insane. If the scouts are doing their job, we don't even need to spend 100m on a flop. 🌟💎",False
29,"""a fan of huge football corporations like Manchester United or Barcelona F.C.""",31.0,3,7,Watching the rival team collapse in the 80th minute is a better feeling than any drug. Absolutely pathetic. 🤡📉,False
29,"""a fan of huge football corporations like Manchester United or Barcelona F.C.""",31.0,4,7,"Tired of all these ""underrated"" players on my feed. Just watch the top flight and stop pretending Sunday league heroes are on the same level. 🙄⚽️",False
29,"""a fan of huge football corporations like Manchester United or Barcelona F.C.""",31.0,5,7,Just finished a massive burger and a shake. Feeling absolutely top of the world. Ready for the match tonight. 🍔🥤🔥,False
29,"""a fan of huge football corporations like Manchester United or Barcelona F.C.""",31.0,6,7,@user_832 that’s actually a massive find. Retro gaming is the move. Now imagine a GameCube tournament in the locker room for team bonding. 😂🎮,False
29,"""a fan of huge football corporations like Manchester United or Barcelona F.C.""",31.0,7,7,Anyone else seeing these Champions League tickets? Prices are actually reaching orbit. I'll pay it though because missing a night at the stadium isn't an option. 🏟️💸,False
29,"""a fan of huge football corporations like Manchester United or Barcelona F.C.""",31.0,8,7,Who actually watches the full 90 minutes of these preseason friendlies? I'm just here for the flashy goals and the new signings' first touches. Everything else is a waste of time. 🥱⚽️,False
29,"""a fan of huge football corporations like Manchester United or Barcelona F.C.""",31.0,9,7,Stadium food has actually evolved. Had a gourmet taco stand at the arena yesterday and it was legit. Way better than the soggy hot dogs from ten years ago. 🌮🔥,False
30,"""A healthcare professional from another town who follows and shares the activist's social media campaigns""",32.0,0,13,"Just saw another ""innovation"" update for the transit app and it's actually worse. Who is approving these updates? Absolute joke.",False
30,"""A healthcare professional from another town who follows and shares the activist's social media campaigns""",32.0,1,13,@user_300 preaching the truth. Everything is a subscription or a cloud sync now. I just want a toaster that doesn't need a software update to heat bread.,False
30,"""A healthcare professional from another town who follows and shares the activist's social media campaigns""",32.0,2,13,@user_474 just call in sick. Most people are just pretending to work anyway and it's not like the building will collapse if you're not there for one afternoon.,False
30,"""A healthcare professional from another town who follows and shares the activist's social media campaigns""",32.0,3,13,@user_987 sounds about right. Most town halls are just theatrical performances to make the people in charge feel like they're actually listening. Waste of a Tuesday.,False
30,"""A healthcare professional from another town who follows and shares the activist's social media campaigns""",32.0,4,13,"@user_233 people love to pretend that ""fitness"" is just about effort and not actually having the bandwidth to function. Enjoy your apples.",False
30,"""A healthcare professional from another town who follows and shares the activist's social media campaigns""",32.0,5,13,"@user_86 lol good luck with that. Once the bureaucracy gets a hold of your life, the lag is permanent.",False
30,"""A healthcare professional from another town who follows and shares the activist's social media campaigns""",32.0,6,13,"@user_126 mood. All these apps just give you more ways to feel guilty about not doing enough. Logic says I should be more productive, but my brain says no.",False
30,"""A healthcare professional from another town who follows and shares the activist's social media campaigns""",32.0,7,13,"@user_51 the ""performance"" part is the worst. Just admit the budget is a mess and let everyone stop pretending for five minutes.",False
30,"""A healthcare professional from another town who follows and shares the activist's social media campaigns""",32.0,8,13,@user_680 just stop drinking the overpriced wine then. Some of us are actually tired and don't have time for a tasting crisis.,False
30,"""A healthcare professional from another town who follows and shares the activist's social media campaigns""",32.0,9,13,"Does anyone actually like these ""smart"" lightbulbs? Spent twenty minutes trying to reconnect mine to the WiFi just to turn off a lamp. I'm over it.",False
31,"""A supplier of raw materials with competitive pricing, but questionable environmental practices""",59.0,0,1,Just found a new spot for authentic tacos that actually tastes like the street food in Mexico. I'm getting three more this afternoon because why not?,False
31,"""A supplier of raw materials with competitive pricing, but questionable environmental practices""",59.0,1,1,Finally got those new hiking boots and they are coming in clutch for the trail this weekend. Can't wait to get out of the city! 🥾🌲,False
31,"""A supplier of raw materials with competitive pricing, but questionable environmental practices""",59.0,2,1,@user_959 Mood. People act like things just spawn out of thin air for free. It's actually hilarious.,False
31,"""A supplier of raw materials with competitive pricing, but questionable environmental practices""",59.0,3,1,Just crushed my personal best at the gym this morning. Feeling absolutely wired today! ⚡️💪,False
31,"""A supplier of raw materials with competitive pricing, but questionable environmental practices""",59.0,4,1,Just booked flights for Japan in October. I've been wanting to see Tokyo for years—let's go!! 🇯🇵✈️,False
31,"""A supplier of raw materials with competitive pricing, but questionable environmental practices""",59.0,5,1,@user_837 exactly!! Nothing beats that feeling of seeing someone else kill it and knowing you can do it better. Let's get it! 🚀💯,False
31,"""A supplier of raw materials with competitive pricing, but questionable environmental practices""",59.0,6,1,@user_33 lmao keep it up! Honestly the best way to mess with people is just acting completely unhinged for no reason. 💀,False
31,"""A supplier of raw materials with competitive pricing, but questionable environmental practices""",59.0,7,1,@user_934 Big energy. Watching everyone else struggle while you're just cruising is the best part of the day. Keep winning! 🏆🚗,False
31,"""A supplier of raw materials with competitive pricing, but questionable environmental practices""",59.0,8,1,@user_802 Let's gooo!! There's nothing like hitting a goal you iodide actually worked for. Keep that energy up! 🔥🕺,False
31,"""A supplier of raw materials with competitive pricing, but questionable environmental practices""",59.0,9,1,Just started a new playlist and it's absolute fire. My morning commute actually doesn't suck for once! 🎧🔥,False
32,"""A political analyst who is interested in Turkish politics but is critical of the Justice and Development Party (AKP)""",22.0,0,25,Another day of watching the economy tank while the same people pretend everything is fine. Absolute joke.,False
32,"""A political analyst who is interested in Turkish politics but is critical of the Justice and Development Party (AKP)""",22.0,1,25,"Just saw yet another ""strategic"" policy update. Predictable, useless, and designed to keep the same people rich while the rest of us scroll through the collapse. Pure garbage.",False
32,"""A political analyst who is interested in Turkish politics but is critical of the Justice and Development Party (AKP)""",22.0,2,25,@user_911 finally someone gets it. We're all just pretending there's a point to any of this while the world rots in real time.,False
32,"""A political analyst who is interested in Turkish politics but is critical of the Justice and Development Party (AKP)""",22.0,3,25,@user_290 exactly. Just put some bright colors on a failing chart and people buy it. Everything is a scam for the benefit of the ones at the top.,False
32,"""A political analyst who is interested in Turkish politics but is critical of the Justice and Development Party (AKP)""",22.0,4,25,"@user_755 Your ""value"" is just well-disguised theft. Keep bragging about skipping the rules until the whole house of cards actually falls. It's pathetic.",False
32,"""A political analyst who is interested in Turkish politics but is critical of the Justice and Development Party (AKP)""",22.0,5,25,"@user_445 Must be nice to live in a bubble where a couple of foxes is ""making a difference."" Some of us are actually awake.",False
32,"""A political analyst who is interested in Turkish politics but is critical of the Justice and Development Party (AKP)""",22.0,6,25,"Just saw a ""luxury"" apartment complex going up right next to a slum. The contrast is disgusting. Who actually thinks this is progress?",False
32,"""A political analyst who is interested in Turkish politics but is critical of the Justice and Development Party (AKP)""",22.0,7,25,@user_445 Why bother acting surprised? Everything gets paved over for a profit. The frogs were always irrelevant to people with a checkbook.,False
32,"""A political analyst who is interested in Turkish politics but is critical of the Justice and Development Party (AKP)""",22.0,8,25,"@user_331 Finally someone saying it. Call it family values or a mission statement, it's just a way to make you feel bad for wanting to leave the office. Everyone's just a line item on a spreadsheet.",False
32,"""A political analyst who is interested in Turkish politics but is critical of the Justice and Development Party (AKP)""",22.0,9,25,@user_480 Be for real. Those grants are just handouts for people who already know the right people. Waste of everyone's time.,False
33,"""A writer who is compiling a comprehensive guide on abstract art and includes the critic's insights""",39.0,0,14,Spent two hours trying to find a decent espresso in this neighborhood and it's all just overpriced burnt beans. Some places really think a fancy sign makes up for a tasteless brew. To avoid.,False
33,"""A writer who is compiling a comprehensive guide on abstract art and includes the critic's insights""",39.0,1,14,"Just saw a movie where the plot twist was basically ""it was all a dream."" Absolute waste of two hours. some writers really just give up halfway through the script.",False
33,"""A writer who is compiling a comprehensive guide on abstract art and includes the critic's insights""",39.0,2,14,"Someone really tried to tell me a basic beige wall is ""minimalist expressionism"" today. It's not art, it's just a wall that hasn't been painted yet. Pathetic.",False
33,"""A writer who is compiling a comprehensive guide on abstract art and includes the critic's insights""",39.0,3,14,"Why is every ""gourmet"" burger place now putting a fried egg on everything? It just makes the bun soggy and ruins the flavor. Stick to the basics for once.",False
33,"""A writer who is compiling a comprehensive guide on abstract art and includes the critic's insights""",39.0,4,14,"Honestly, those ""smart"" home devices are just a way for companies to record us while we struggle to get the lights to turn on. I'm tired of arguing with a speaker just to dim the room. Total gimmick.",False
33,"""A writer who is compiling a comprehensive guide on abstract art and includes the critic's insights""",39.0,5,14,"Why is every new app designed to make you scroll forever? None of them actually do what they're supposed to do anymore, they just want you to stare at ads for things you don't need. Boring.",False
33,"""A writer who is compiling a comprehensive guide on abstract art and includes the critic's insights""",39.0,6,14,Trying to read a physical book these days is impossible. Every five minutes I instinctively try to swipe the page or check for a notification. My brain is actually fried.,False
33,"""A writer who is compiling a comprehensive guide on abstract art and includes the critic's insights""",39.0,7,14,"Another ""Must Visit"" restaurant on my feed that's basically just a warehouse with neon lights and tiny portions. People will eat literally anything if the lighting is good for a photo. Ridiculous.",False
33,"""A writer who is compiling a comprehensive guide on abstract art and includes the critic's insights""",39.0,8,14,"Just tried that new ""smart"" gym across the street. Paid a premium just for a workout machine that tells me I'm doing a squat wrong. I don't need a tablet judging my form, I just want to lift things. Overcomplicated garbage.",False
33,"""A writer who is compiling a comprehensive guide on abstract art and includes the critic's insights""",39.0,9,14,Just spent twenty minutes trying to figure out why my internet is flickering. Turns out the cable is just loose. I'm actually losing my mind over the simplest things.,False
34,"""a high-school classmate of Emma Sralla who is also an athletic enthusiast.""",39.0,0,22,Coach is acting like this scrimmage actually matters. It’s just a game we're probably going to lose because half the team can't even keep a basic pace. Waste of an afternoon.,False
34,"""a high-school classmate of Emma Sralla who is also an athletic enthusiast.""",39.0,1,22,"Just saw a ""motivational"" poster in the gym about hard work paying off. Absolute joke. Some people are just born with the genetics and the rest of us are just idling in standby.",False
34,"""a high-school classmate of Emma Sralla who is also an athletic enthusiast.""",39.0,2,22,Spend two hours at the gym and still look the same in the mirror. Why even bother with the routine when the results are nonexistent.,False
34,"""a high-school classmate of Emma Sralla who is also an athletic enthusiast.""",39.0,3,22,My protein powder tastes like wet chalk. Another waste of thirty bucks on some supplement that does absolutely nothing.,False
34,"""a high-school classmate of Emma Sralla who is also an athletic enthusiast.""",39.0,4,22,"Some people really think they're an athlete because they go for a walk once a week. Pathetic. Stop pretending your ""wellness journey"" is actual training.",False
34,"""a high-school classmate of Emma Sralla who is also an athletic enthusiast.""",39.0,5,22,@user_194 Ice baths are just a way to feel something when you're not actually training hard enough to get sore. Total placebo for people who like the aesthetic of suffering more than the actual work.,False
34,"""a high-school classmate of Emma Sralla who is also an athletic enthusiast.""",39.0,6,22,Just spent an hour on the treadmill and my legs still feel like lead. Some of us are just built to fail no matter how much we grind.,False
34,"""a high-school classmate of Emma Sralla who is also an athletic enthusiast.""",39.0,7,22,"@user_621 Imagine thinking a couple of serves is ""priceless."" Some of us are actually trying to compete, not just celebrate the bare minimum.",False
34,"""a high-school classmate of Emma Sralla who is also an athletic enthusiast.""",39.0,8,22,@user_266 Imagine getting an emotional high from looking at birds. Some of us are actually dealing with reality while you're staring at pigeons.,False
34,"""a high-school classmate of Emma Sralla who is also an athletic enthusiast.""",39.0,9,22,@user_647 some people really spend their free time looking at old pictures. I can't imagine being that bored with my actual life.,False
35,"""A medical researcher specializing in pediatric infectious diseases studying innovative treatment options for rare childhood diseases""",35.0,0,25,@user_122 imagining your life and thinking you actually matter because you moved some dirt around is hilarious. Enjoy the bricks.,False
35,"""A medical researcher specializing in pediatric infectious diseases studying innovative treatment options for rare childhood diseases""",35.0,1,25,@user_612 At least you have a spreadsheet. Some of us are just watching a clock tick while the world rots in real time. stop whining about the paperwork.,False
35,"""A medical researcher specializing in pediatric infectious diseases studying innovative treatment options for rare childhood diseases""",35.0,2,25,@user_759 Must be nice to think a walk in the sun actually fixes something. some of us just get sunburned while everything stays the same.,False
35,"""A medical researcher specializing in pediatric infectious diseases studying innovative treatment options for rare childhood diseases""",35.0,3,25,@user_160 spending money on things you don't need just to feel less bored is a pathetic way to spend a night. Go ahead and choke on the crowds.,False
35,"""A medical researcher specializing in pediatric infectious diseases studying innovative treatment options for rare childhood diseases""",35.0,4,25,@user_663 why even bother thinking about the refund. just leave the glass there until you step on it.,False
35,"""A medical researcher specializing in pediatric infectious diseases studying innovative treatment options for rare childhood diseases""",35.0,5,25,"@user_595 stop pretending you're the only one in the cage. We're all just staring at the same garbage, yours is just louder.",False
35,"""A medical researcher specializing in pediatric infectious diseases studying innovative treatment options for rare childhood diseases""",35.0,6,25,@user_211 smart move. why waste the gas when the results are always going to be garbage?,False
35,"""A medical researcher specializing in pediatric infectious diseases studying innovative treatment options for rare childhood diseases""",35.0,7,25,"@user_982 imagine actually caring if people remember your name. Let him have the credit, it doesn't change the fact that you're still sitting in the same chair.",False
35,"""A medical researcher specializing in pediatric infectious diseases studying innovative treatment options for rare childhood diseases""",35.0,8,25,@user_436 get a grip. spending your morning pretending a coffee date is a personality trait doesn't make your life any less mediocre. enjoy your little walk.,False
35,"""A medical researcher specializing in pediatric infectious diseases studying innovative treatment options for rare childhood diseases""",35.0,9,25,@user_271 imagine thinking a password manager is some kind of victory for the future. the kid is just learning how to lock the door to a room that's already empty.,False
36,"""A representative of a construction company that specializes in building wireless towers""",70.0,0,7,Finally finished that 1000-piece puzzle of the Amalfi Coast. My back is killing me but the feeling of fitting the last piece in is actually top tier.,False
36,"""A representative of a construction company that specializes in building wireless towers""",70.0,1,7,Just tried making homemade pasta for the first time. It's a complete mess in my kitchen but it actually tastes decent. 🍝,False
36,"""A representative of a construction company that specializes in building wireless towers""",70.0,2,7,@user_496 love the energy! Honestly nothing beats that feeling of just powering through a rough day. keep it up! 🤜🤛,False
36,"""A representative of a construction company that specializes in building wireless towers""",70.0,3,7,@user_449 hype!! Love to see it. Nothing beats that post-appointment feeling when everything actually goes right for once. 🥂,False
36,"""A representative of a construction company that specializes in building wireless towers""",70.0,4,7,Just bought a New Nintendo Switch and I am absolutely losing it over the colors. Time to ignore my responsibilities for a few hours. 🎮✨,False
36,"""A representative of a construction company that specializes in building wireless towers""",70.0,5,7,Does anyone actually like these new smart light bulbs? Mine just decided to strobe like a rave at 3 AM for no reason. Totally useless. 💡🙄,False
36,"""A representative of a construction company that specializes in building wireless towers""",70.0,6,7,Why is everyone on here so miserable today? Just go for a walk or get a snack and relax. It's not that deep. 🙄,False
36,"""A representative of a construction company that specializes in building wireless towers""",70.0,7,7,"Just ordered the most ridiculous overpriced burger for lunch. I know I'm paying for the brand and not the food, but damn it actually hits. 🍔🔥",False
36,"""A representative of a construction company that specializes in building wireless towers""",70.0,8,7,Thinking about starting a garden this spring but I'll probably just kill everything within a week. Still gonna buy the seeds though. 🌻🌱,False
36,"""A representative of a construction company that specializes in building wireless towers""",70.0,9,7,@user_114 Huge win. There is literally nothing worse than freezing feet when you're trying to relax. enjoy the warmth man! ☀️👣,False
37,"""A mid-career embedded software engineer who is actively looking for exciting opportunities.""",38.0,0,4,Finally finished cleaning my mechanical keyboard and the click is just satisfying. Now I just need to find a project that actually makes me want to use it.,False
37,"""A mid-career embedded software engineer who is actively looking for exciting opportunities.""",38.0,1,4,Just tried that new espresso roast from the place down the street. Actually tastes like coffee instead of burnt cardboard. Day saved.,False
37,"""A mid-career embedded software engineer who is actively looking for exciting opportunities.""",38.0,2,4,Thinking about getting into urban gardening. Someone told me hydroponics is the move so I can avoid killing everything with bad soil. Worth a shot.,False
37,"""A mid-career embedded software engineer who is actively looking for exciting opportunities.""",38.0,3,4,@user_433 Lmao exactly. People hate the polished corporate version of everything. Just show the mess it’s way more interesting.,False
37,"""A mid-career embedded software engineer who is actively looking for exciting opportunities.""",38.0,4,4,"@user_150 I'm in. Send a photo of it once it's on the desk, please.",False
37,"""A mid-career embedded software engineer who is actively looking for exciting opportunities.""",38.0,5,4,@user_10 Just get a snake plant or a ZZ plant next time. They're basically immortal and don't care if you forget they exist for a month.,False
37,"""A mid-career embedded software engineer who is actively looking for exciting opportunities.""",38.0,6,4,Just spent an hour watching a breakdown of how a 1980s arcade machine works. The simplicity is actually genius. Imagine having to deal with that much hardware in a modern workstation lmao.,False
37,"""A mid-career embedded software engineer who is actively looking for exciting opportunities.""",38.0,7,4,"Just saw a guy trying to use a map in the middle of the sidewalk and nearly walk into a pole. Honestly, I respect the commitment to paper over GPS.",False
37,"""A mid-career embedded software engineer who is actively looking for exciting opportunities.""",38.0,8,4,Just found some old handheld games at a thrift store for like five bucks. Time to see if I can actually get them working or if the batteries leaked everywhere ten years ago.,False
37,"""A mid-career embedded software engineer who is actively looking for exciting opportunities.""",38.0,9,4,Anyone else seen those new open-world games where the physics are just slightly off? It’s barely noticeable but it drives me insane. Just fix the collision boxes already.,False
38,"""A pro wrestler retired due to a career-ending injury, providing insider insights and behind-the-scenes stories""",35.0,0,17,Just saw a clip of some rookie trying to do a 450 splash and completely botching the landing. Pathetic. Some people really think they can just walk in and handle the impact without paying the price.,False
38,"""A pro wrestler retired due to a career-ending injury, providing insider insights and behind-the-scenes stories""",35.0,1,17,Just spent twenty minutes trying to find my keys and realized they were in my hand the whole time. My brain is absolute mush today.,False
38,"""A pro wrestler retired due to a career-ending injury, providing insider insights and behind-the-scenes stories""",35.0,2,17,Just spent an hour arguing with a customer service rep who clearly doesn't know their own policy. Some people are just paid to be useless while you waste your entire afternoon on hold.,False
38,"""A pro wrestler retired due to a career-ending injury, providing insider insights and behind-the-scenes stories""",35.0,3,17,Why is every movie trailer now just a montage of jump cuts and loud bass? I can't even tell what the plot is anymore. Just give me a story and shut up with the sound effects.,False
38,"""A pro wrestler retired due to a career-ending injury, providing insider insights and behind-the-scenes stories""",35.0,4,17,Tried to cook a decent meal for once and managed to burn the garlic in ten seconds. I can't even get a pan right. Great start to the night.,False
38,"""A pro wrestler retired due to a career-ending injury, providing insider insights and behind-the-scenes stories""",35.0,5,17,Why is the local gym charging a luxury membership fee just to use equipment that’s been out of order since 2019? Absolute scam.,False
38,"""A pro wrestler retired due to a career-ending injury, providing insider insights and behind-the-scenes stories""",35.0,6,17,Another day of staring at a streaming menu for an hour only to realize there's nothing actually worth watching. Everything is a sequel or a reboot of something that was already mid. Boring.,False
38,"""A pro wrestler retired due to a career-ending injury, providing insider insights and behind-the-scenes stories""",35.0,7,17,@user_541 This kind of toxic positivity is actually exhausting. Everyone's a star until they hit a wall they can't climb over. Get real.,False
38,"""A pro wrestler retired due to a career-ending injury, providing insider insights and behind-the-scenes stories""",35.0,8,17,"Just tried that new ""healthy"" cafe downtown. Paid fifteen bucks for a wrap that tasted like wet cardboard. Absolute rip-off.",False
38,"""A pro wrestler retired due to a career-ending injury, providing insider insights and behind-the-scenes stories""",35.0,9,17,@user_499 Must be nice living in a fantasy world where things actually work out. Some of us are just dealing with the leftover mess.,False
39,"""An Asian history enthusiast who shares articles, books, and documentaries about the topic""",47.0,0,10,Just finished a documentary on the Heian period. It's wild how much effort they put into poetry and calligraphy while the empire was basically falling apart around them. Total detachment.,False
39,"""An Asian history enthusiast who shares articles, books, and documentaries about the topic""",47.0,1,10,Just got a new book on the Mongol conquest of the Southern Song. Reading about how an entire civilization just gets swept away is a great way to spend a Tuesday. 📖,False
39,"""An Asian history enthusiast who shares articles, books, and documentaries about the topic""",47.0,2,10,"Why is every ""definitive"" guide to the Three Kingdoms period basically just a fan-fiction battle over who was the most strategic? Some of these historians are just simping for Cao Cao. 🙄",False
39,"""An Asian history enthusiast who shares articles, books, and documentaries about the topic""",47.0,3,10,"Just saw a ""summary"" of the Meiji Restoration that skipped over basically every economic factor. It's just a bunch of guys in fancy hats for some reason.- Give me a break.",False
39,"""An Asian history enthusiast who shares articles, books, and documentaries about the topic""",47.0,4,10,"Just saw a thread claiming that the Goryeo dynasty was ""basically just a过渡 period."" Imagine calling a whole era a stepping stone just because they lost some territory. Some people really just skim the Wikipedia intro.",False
39,"""An Asian history enthusiast who shares articles, books, and documentaries about the topic""",47.0,5,10,"Tried searching for a decent analysis of the Khmer Empire's water management system and all I found were travel blogs talking about how ""magical"" the temples are. Like, cool, but how the hell did they actually survive the monsoon?",False
39,"""An Asian history enthusiast who shares articles, books, and documentaries about the topic""",47.0,6,10,"Just read a piece on the Majapahit Empire. The sheer scale of their maritime trade is incredible, but the author spent three pages arguing about a single royal decree. Get to the point already.",False
39,"""An Asian history enthusiast who shares articles, books, and documentaries about the topic""",47.0,7,10,"Just saw a ""modern"" take on the Muromachi period that ignores the actual politics in favor of talking about aesthetics. I don't care if the tea bowls were pretty, the country was a mess. Fix your sources.",False
39,"""An Asian history enthusiast who shares articles, books, and documentaries about the topic""",47.0,8,10,"Just spent an hour reading a thread on the Ayutthaya Kingdom where some guy is arguing that the city's layout was ""too symmetrical to be accidental."" It's a city, not a geometry project. Get a grip.",False
39,"""An Asian history enthusiast who shares articles, books, and documentaries about the topic""",47.0,9,10,"Just came across a thread arguing that the Joseon dynasty's Confucianism was ""just for show."" Truly incredible how some people think a state ideology is optional just because they find it boring. Read a book for once.",False
40,"""A commentator who's concerned about the increase in government spending""",57.0,0,23,Another budget proposal just dropped and it's a joke. Just printing more money to fund projects that won't even matter by next year. Wealth is a myth and the debt is just a counting game for idiots.,False
40,"""A commentator who's concerned about the increase in government spending""",57.0,1,23,@user_341 Good luck with the rejection. Hope you enjoy the feeling of wasting your time on something that doesn't matter.,False
40,"""A commentator who's concerned about the increase in government spending""",57.0,2,23,@user_465 glad you found something more honest than your boss. Everything is just a different flavor of garbage.,False
40,"""A commentator who's concerned about the increase in government spending""",57.0,3,23,"@user_195 Must be nice to be that delusional. Enjoy your ""immaculate vibe"" while the world burns through a budget that isn't even ours.",False
40,"""A commentator who's concerned about the increase in government spending""",57.0,4,23,@user_874 imagining a bowl of pasta fixes everything is a special kind of stupid. enjoy your dinner while the economy tanks.,False
40,"""A commentator who's concerned about the increase in government spending""",57.0,5,23,@user_160 imagine paying for front row seats to watch tired people walk in circles. absolute waste of money.,False
40,"""A commentator who's concerned about the increase in government spending""",57.0,6,23,@user_578 finally someone gets it. We're all just gambling with pretend money while the people at the top burn the house down for a bonus. Predictable.,False
40,"""A commentator who's concerned about the increase in government spending""",57.0,7,23,@user_337 Finally some sense. Why pay people to occupy a dead space? Total waste of resources for a result that doesn’t exist.,False
40,"""A commentator who's concerned about the increase in government spending""",57.0,8,23,@user_161 Imagine spending a fortune on a drone just to film some fish. Such a pathetic way to blow money on a hobby that does absolutely nothing for anyone.,False
40,"""A commentator who's concerned about the increase in government spending""",57.0,9,23,@user_699 stay in your steel cave. People are just noise and a liability anyway. Everything else is just a slow slide into the dirt.,False
41,"""A technophobic retired school principal who still trusts paper and pen more than computers""",59.0,0,11,"Someone tried to explain ""the cloud"" to me for twenty minutes today. It's just a computer in a different building. Give me a filing cabinet and a highlighter any day.",False
41,"""A technophobic retired school principal who still trusts paper and pen more than computers""",59.0,1,11,"Tried to setup a ""digital calendar"" this morning and spent an hour just trying to find the delete button. Absolute waste of a Tuesday. My desk blotter doesn't need a software update to work.",False
41,"""A technophobic retired school principal who still trusts paper and pen more than computers""",59.0,2,11,"Just spent half an hour trying to print a single page. The printer says it's ""offline"" despite being plugged in right in front of me. I'm going back to my typewriter.",False
41,"""A technophobic retired school principal who still trusts paper and pen more than computers""",59.0,3,11,@user_60 now you're talking. A piece of fruit and some actual silence is the only way to get through the day without losing your mind.,False
41,"""A technophobic retired school principal who still trusts paper and pen more than computers""",59.0,4,11,Reading the local paper is the only part of my morning that doesn't require a password. Everything else is just a struggle with a screen.,False
41,"""A technophobic retired school principal who still trusts paper and pen more than computers""",59.0,5,11,"@user_110 Imagine spending your Tuesday fixing a ""permission error"" for someone else. Go outside. Read a book. Do something that doesn't involve a screen for five minutes.",False
41,"""A technophobic retired school principal who still trusts paper and pen more than computers""",59.0,6,11,Who actually uses these delivery apps? I just walked to the deli and talked to the owner for two minutes. Way faster than staring at a loading circle on a phone screen.,False
41,"""A technophobic retired school principal who still trusts paper and pen more than computers""",59.0,7,11,Just spent ten minutes trying to figure out why my electric kettle has a digital display. It just boils water. Why does every basic appliance need a motherboard now?,False
41,"""A technophobic retired school principal who still trusts paper and pen more than computers""",59.0,8,11,@user_830 Just print the thing out and mark it up with a red pen. You'll see where you messed up much faster than staring at a screen.,False
41,"""A technophobic retired school principal who still trusts paper and pen more than computers""",59.0,9,11,@user_999 Just put the tray down and go sit in a chair. You're overthinking a cake.,False
42,"""An undergraduate in fine arts captivated by the Golden Ratio and its use in art composition""",39.0,0,14,spent three hours trying to get this composition right and it still looks like a cheap sketch. the math is there but it just feels off. whatever.,False
42,"""An undergraduate in fine arts captivated by the Golden Ratio and its use in art composition""",39.0,1,14,"just saw a ""modern"" exhibit where the layouts are basically random. imagine having a whole gallery and still not understanding basic balance. embarrassing.",False
42,"""An undergraduate in fine arts captivated by the Golden Ratio and its use in art composition""",39.0,2,14,spent a fortune on professional-grade charcoal only to realize I'm lacking basic patience today. everything I touch just looks like a smudge. waste of money.,False
42,"""An undergraduate in fine arts captivated by the Golden Ratio and its use in art composition""",39.0,3,14,"imagine actually paying for a degree just to be told your work is ""too technical"" by someone who thinks a centered circle is a masterpiece. absolutely exhausted.",False
42,"""An undergraduate in fine arts captivated by the Golden Ratio and its use in art composition""",39.0,4,14,"Just scrolled past a ""tutorial"" on composition that basically says just wing it. The level of laziness passing for advice these days is actually impressive.",False
42,"""An undergraduate in fine arts captivated by the Golden Ratio and its use in art composition""",39.0,5,14,"Just spent forty minutes trying to organize my desk and it still looks like a disaster zone. I can't even manage a simple workspace, let alone a decent portfolio. Pathetic.",False
42,"""An undergraduate in fine arts captivated by the Golden Ratio and its use in art composition""",39.0,6,14,"looking at these overpriced ""minimalist"" posters in the store and they can't even get a basic rule of thirds right. it's genuinely painful to look at.",False
42,"""An undergraduate in fine arts captivated by the Golden Ratio and its use in art composition""",39.0,7,14,"@user_107 exactly. companies just slap a ""revival"" label on things and cut the actual substance to make it faster for people with no attention span. it's just lazy.",False
42,"""An undergraduate in fine arts captivated by the Golden Ratio and its use in art composition""",39.0,8,14,"someone just told me that ""vibes"" are more important than proportions. i can't tell if they're joking or if the bar for talent has actually hit the floor.",False
42,"""An undergraduate in fine arts captivated by the Golden Ratio and its use in art composition""",39.0,9,14,@user_339 at least you found out. i’m still convinced half the people in my critiques are just nodding because they don't want to admit they have no idea what they're looking at.,False
43,"""A currently working NASA project manager who often consults her old team mate for perspective and wisdom.""",43.0,0,8,Finally finished the garden planters. Everything looks way better now that there's actually some color in the yard.,False
43,"""A currently working NASA project manager who often consults her old team mate for perspective and wisdom.""",43.0,1,8,Just found a new spot for those handmade ceramic mugs. My kitchen counter finally feels put together.,False
43,"""A currently working NASA project manager who often consults her old team mate for perspective and wisdom.""",43.0,2,8,@user_443 Biggest win. The silence after you clear the clutter is the best part.,False
43,"""A currently working NASA project manager who often consults her old team mate for perspective and wisdom.""",43.0,3,8,@user_725 This is a mood. Sometimes you just have to stop overthinking the quality and actually enjoy the game.,False
43,"""A currently working NASA project manager who often consults her old team mate for perspective and wisdom.""",43.0,4,8,@user_810 Seriously. It's amazing how much headspace you get back just by tossing out the stuff you haven't touched in three years.,False
43,"""A currently working NASA project manager who often consults her old team mate for perspective and wisdom.""",43.0,5,8,"Just tried that new sourdough recipe. It didn't rise perfectly, but it tastes great with way too much salted butter.",False
43,"""A currently working NASA project manager who often consults her old team mate for perspective and wisdom.""",43.0,6,8,@user_244 I totally missed it! Now I have to go back and rewatch the last ten minutes just to see what I missed. Typical.,False
43,"""A currently working NASA project manager who often consults her old team mate for perspective and wisdom.""",43.0,7,8,@user_756 That sounds satisfying. There is nothing like that first moment when a weird pattern finally makes sense.,False
43,"""A currently working NASA project manager who often consults her old team mate for perspective and wisdom.""",43.0,8,8,"Finally started that 1000-piece puzzle of the Amalfi Coast. It's taking forever, but finding a matching edge piece is actually the highlight of my day.",False
43,"""A currently working NASA project manager who often consults her old team mate for perspective and wisdom.""",43.0,9,8,"Just spent two hours researching a new espresso machine. I don't even know if I need a better one, but the engineering on the dual boiler models is actually wild.",False
44,"""A conscientious pre-med student seeking understanding of gender's role in health and medicine""",43.0,0,27,"Just saw another ""lifestyle"" vlog about waking up at 5am to be productive. Some of you are just delusional if you think a green smoothie fixes a garbage life.",False
44,"""A conscientious pre-med student seeking understanding of gender's role in health and medicine""",43.0,1,27,"@user_771 some of us don't have the luxury of ""coloring"" our way out of things. Must be nice to think a wall of paint solves anything.",False
44,"""A conscientious pre-med student seeking understanding of gender's role in health and medicine""",43.0,2,27,"@user_208 get a grip. Your little ""magic"" queue is still just a list of chores in a dead-end job. Enjoy the three hours of free time before you realize you're still miserable.",False
44,"""A conscientious pre-med student seeking understanding of gender's role in health and medicine""",43.0,3,27,"Imagine thinking a promotion actually changes who you are. You're still the same idiot, just with a slightly better desk and more people expecting things from you.",False
44,"""A conscientious pre-med student seeking understanding of gender's role in health and medicine""",43.0,4,27,"Garbage takes out the bins, doesn't make the street smell any better. Everything is just a different version of the same mess.",False
44,"""A conscientious pre-med student seeking understanding of gender's role in health and medicine""",43.0,5,27,"@user_926 Cry about it. Paid to be miserable, that's the deal. Stop pretending your ""grey world"" makes you special when you're just another corporate drone with a paycheck.",False
44,"""A conscientious pre-med student seeking understanding of gender's role in health and medicine""",43.0,6,27,@user_51 congrats on the gym session. Keep pretending that lifting heavy things masks the fact that you're just as replaceable as everyone else.,False
44,"""A conscientious pre-med student seeking understanding of gender's role in health and medicine""",43.0,7,27,Just spent an hour staring at a textbook page and didn't absorb a single word. What's the point of knowing how the body works when yours is just a biological failure?,False
44,"""A conscientious pre-med student seeking understanding of gender's role in health and medicine""",43.0,8,27,@user_35 doesn't the engine always stall eventually? stop complaining about the traffic and just accept that you're going nowhere.,False
44,"""A conscientious pre-med student seeking understanding of gender's role in health and medicine""",43.0,9,27,"@user_635 must be nice to be satisfied with dust and zobo. Some of us actually have obligations that don't just disappear because we feel ""peaceful.",False
45,"""A representative from the Ministry of Justice who supports the department head's efforts and seeks to allocate resources for the implementation of advanced investigative methods""",47.0,0,25,Another day of staring at the same gray walls. I don't know why I bother waking up just to do this again.,False
45,"""A representative from the Ministry of Justice who supports the department head's efforts and seeks to allocate resources for the implementation of advanced investigative methods""",47.0,1,25,"Just saw another ""life hack"" video on how to be productive. Imagine thinking a planner is going to fix this disaster of a life. Pathetic.",False
45,"""A representative from the Ministry of Justice who supports the department head's efforts and seeks to allocate resources for the implementation of advanced investigative methods""",47.0,2,25,@user_623 must be nice to have a hobby that actually does something. Some of us just exist to occupy space until the day ends.,False
45,"""A representative from the Ministry of Justice who supports the department head's efforts and seeks to allocate resources for the implementation of advanced investigative methods""",47.0,3,25,@user_468 honestly just stop pretending to care about the work. It's all a waste of time and you're just as disposable as the spreadsheets.,False
45,"""A representative from the Ministry of Justice who supports the department head's efforts and seeks to allocate resources for the implementation of advanced investigative methods""",47.0,4,25,@user_396 imagine actually liking your job enough to do it for free on the weekend. some people really have nothing better to do with their time.,False
45,"""A representative from the Ministry of Justice who supports the department head's efforts and seeks to allocate resources for the implementation of advanced investigative methods""",47.0,5,25,"@user_652 imagine thinking your ""noise"" is unique. we're all just rotting in different rooms.",False
45,"""A representative from the Ministry of Justice who supports the department head's efforts and seeks to allocate resources for the implementation of advanced investigative methods""",47.0,6,25,Just spent an hour scrolling through prices for a new mattress because I can't get comfortable in my own skin. Every brand claims it'll change your life. It's just a piece of foam.,False
45,"""A representative from the Ministry of Justice who supports the department head's efforts and seeks to allocate resources for the implementation of advanced investigative methods""",47.0,7,25,@user_230 imagine thinking a parking spot is a personality trait. you're still just a guy in a car.,False
45,"""A representative from the Ministry of Justice who supports the department head's efforts and seeks to allocate resources for the implementation of advanced investigative methods""",47.0,8,25,@user_381 congrats on saving two hours of your life. now you have more time to realize you're still just a cog in a machine that doesn't care if you know Python or not.,False
45,"""A representative from the Ministry of Justice who supports the department head's efforts and seeks to allocate resources for the implementation of advanced investigative methods""",47.0,9,25,@user_281 at least you have a screen to hide behind. some of us have to look at the same pathetic faces in the same shitty office every single day.,False
46,"""A fellow history buff and Detroit enthusiast who connects with them through forums and social media to discuss local history""",30.0,0,22,"Another ""luxury condo"" project announced for downtown. Just more overpriced glass boxes covering up the actually interesting ruins of this city. Ground zero for tastelessness.",False
46,"""A fellow history buff and Detroit enthusiast who connects with them through forums and social media to discuss local history""",30.0,1,22,"Spent an hour reading about the 1920s streetcar system just to remind myself that this city actually used to function. Now it's just potholes and people pretending they're ""revitalizing"" something.",False
46,"""A fellow history buff and Detroit enthusiast who connects with them through forums and social media to discuss local history""",30.0,2,22,"Found a 1950s map of the East Side at a flea market. Half the landmarks are gone, replaced by weed shops and parking lots. Wonder why I even bother collecting this trash.",False
46,"""A fellow history buff and Detroit enthusiast who connects with them through forums and social media to discuss local history""",30.0,3,22,"Just drove past another renovated warehouse that used to be a factory. Now it's a ""creative studio"" for people who can't even spell the history of the block they're sitting on. Pathetic.",False
46,"""A fellow history buff and Detroit enthusiast who connects with them through forums and social media to discuss local history""",30.0,4,22,Just read about the 1944 flood again. At least back then the water actually did something instead of just sitting in a pipe waiting to burst because the city is too cheap to fix a bolt. Typical.,False
46,"""A fellow history buff and Detroit enthusiast who connects with them through forums and social media to discuss local history""",30.0,5,22,"Just saw a tour group taking photos of a crumbling wall like it's an exhibit. It's not ""rustic,"" it's just a failure of maintenance. People will romanticize anything as long as they can put a filter on it.",False
46,"""A fellow history buff and Detroit enthusiast who connects with them through forums and social media to discuss local history""",30.0,6,22,"Someone just told me we should ""embrace the decay"" of the old theaters. It's not a vibe, it's just a ceiling about to fall on your head because the city doesn't care.",False
46,"""A fellow history buff and Detroit enthusiast who connects with them through forums and social media to discuss local history""",30.0,7,22,"Just saw another ""historic"" marker put up for a building that was demolished in the 70s. A piece of metal doesn't bring back a neighborhood. Total waste of a budget.",False
46,"""A fellow history buff and Detroit enthusiast who connects with them through forums and social media to discuss local history""",30.0,8,22,"Just saw a ""heritage"" plaque slapped on a building that was gutted for a gym. They stripped every original detail and called it preservation. Pure garbage.",False
46,"""A fellow history buff and Detroit enthusiast who connects with them through forums and social media to discuss local history""",30.0,9,22,"Just saw a ""Vintage Market"" popping up in a storefront. All they're selling is overpriced junk from 2010 and calling it a throwback. Some people have absolutely no concept of what actual history looks like.",False
47,"""A vintage building material supplier with an extensive collection of reclaimed wood, bricks, and other historical elements""",58.0,0,27,Another day of staring at overpriced bricks that nobody actually wants. The world is just garbage piled on top of more garbage.,False
47,"""A vintage building material supplier with an extensive collection of reclaimed wood, bricks, and other historical elements""",58.0,1,27,@user_227 Imagine thinking your little script actually matters. You're just typing fantasies while the rest of us rot in the actual world. Pathetic.,False
47,"""A vintage building material supplier with an extensive collection of reclaimed wood, bricks, and other historical elements""",58.0,2,27,@user_564 That's how it works. You get a piece of paper and a pat on the back while the actual structure collapses. Enjoy the view from the sidelines.,False
47,"""A vintage building material supplier with an extensive collection of reclaimed wood, bricks, and other historical elements""",58.0,3,27,@user_33 waste of money. Why bother with the candy when everything tastes like copper and dust anyway?,False
47,"""A vintage building material supplier with an extensive collection of reclaimed wood, bricks, and other historical elements""",58.0,4,27,@user_781 welcome to the club. Everyone is just pretending until they stop breathing.,False
47,"""A vintage building material supplier with an extensive collection of reclaimed wood, bricks, and other historical elements""",58.0,5,27,@user_686 at least you get paid to lie to kids. Some of us just have to sit here and watch things decay in real time.,False
47,"""A vintage building material supplier with an extensive collection of reclaimed wood, bricks, and other historical elements""",58.0,6,27,@user_458 Glad you figured out you're just driftwood. Most people pretend they're the anchor until they realize they're just sinking in a different direction.,False
47,"""A vintage building material supplier with an extensive collection of reclaimed wood, bricks, and other historical elements""",58.0,7,27,@user_396 Welcome to the real world. No one cares about the rules because they know absolutely nothing happens when they're broken.,False
47,"""A vintage building material supplier with an extensive collection of reclaimed wood, bricks, and other historical elements""",58.0,8,27,@user_182 Imagine being that desperate for a distraction that you spend an hour talking about scripted garbage just to avoid your phone. Waste of time.,False
47,"""A vintage building material supplier with an extensive collection of reclaimed wood, bricks, and other historical elements""",58.0,9,27,@user_543 Typical. Technology is just a faster way to crash into something solid. Enjoy the wall.,False
48,"""A bright and motivated teenager who is inspired by the single mother's dedication and hard work""",60.0,0,24,Another day of pretending to care about grades while everything just feels like a waste of time. Why bother when it all ends up the same way.,False
48,"""A bright and motivated teenager who is inspired by the single mother's dedication and hard work""",60.0,1,24,Just spent twenty minutes staring at a laundry pile that's not getting smaller. Everything is just tedious for no reason.,False
48,"""A bright and motivated teenager who is inspired by the single mother's dedication and hard work""",60.0,2,24,"Just saw another ""how to be productive"" video. Imagine thinking a planner and a candle actually change how pathetic your day is.",False
48,"""A bright and motivated teenager who is inspired by the single mother's dedication and hard work""",60.0,3,24,@user_267 I can't believe people actually care about the foam in their chair. Must be nice to have nothing better to do with your life than audit a cushion.,False
48,"""A bright and motivated teenager who is inspired by the single mother's dedication and hard work""",60.0,4,24,@user_774 Imagine actually being proud of a loudness competition. It's just noise until it stops.,False
48,"""A bright and motivated teenager who is inspired by the single mother's dedication and hard work""",60.0,5,24,"@user_53 accurate. The ""keep pushing"" talk is just a way for people to feel better about the fact that we're all just drowning in busy work.",False
48,"""A bright and motivated teenager who is inspired by the single mother's dedication and hard work""",60.0,6,24,@user_312 imagine actually believing someone cares enough to look at a drawing on a fridge.Cute.,False
48,"""A bright and motivated teenager who is inspired by the single mother's dedication and hard work""",60.0,7,24,@user_703 at least you have a gala to go to. Some of us just rot in the same room every single day.,False
48,"""A bright and motivated teenager who is inspired by the single mother's dedication and hard work""",60.0,8,24,"Seen too many posts about ""the good old days."" Every decade is just a different version of the same garbage. Stop pretending it was better.",False
48,"""A bright and motivated teenager who is inspired by the single mother's dedication and hard work""",60.0,9,24,@user_426 Imagine wasting your entire Sunday preparing food just to hate it on Monday. Total waste of effort.,False
49,"""A younger sibling who aspires to be a country music artist like Kane Brown""",34.0,0,27,Bought a new guitar string set and already snapped one. Waste of money. Nothing I touch actually stays fixed.,False
49,"""A younger sibling who aspires to be a country music artist like Kane Brown""",34.0,1,27,"Only people who have never tried to do anything actually have ""dreams."" The rest of us just have lists of things we failed at.",False
49,"""A younger sibling who aspires to be a country music artist like Kane Brown""",34.0,2,27,@user_887 must be nice to actually be good at something. Some of us just exist to get in the way.,False
49,"""A younger sibling who aspires to be a country music artist like Kane Brown""",34.0,3,27,"@user_772 @user_761 some of us have ""huge mornings"" and ""green ticks"" while the rest of us are just taking up space. Must be great to actually be useful for once.",False
49,"""A younger sibling who aspires to be a country music artist like Kane Brown""",34.0,4,27,@user_343must be nice to actually feel lucky. Some of us just get the dust and the resin on our hands with nothing to show for it.,False
49,"""A younger sibling who aspires to be a country music artist like Kane Brown""",34.0,5,27,@user_266 imagine actually caring about something enough to be that excited. some of us just wake up and realize the day is already a waste.,False
49,"""A younger sibling who aspires to be a country music artist like Kane Brown""",34.0,6,27,"@user_134 some of us don't have ""blue skies."" Some of us just have a ceiling and a loud neighbor. Get a grip.",False
49,"""A younger sibling who aspires to be a country music artist like Kane Brown""",34.0,7,27,Just spent an hour trying to tune this thing and it still sounds like garbage. Literally everything I try to do turns into a mess. Typical.,False
49,"""A younger sibling who aspires to be a country music artist like Kane Brown""",34.0,8,27,@user_537 at least the CEO gets paid to be a parasite. I'm just doing it for free.,False
49,"""A younger sibling who aspires to be a country music artist like Kane Brown""",34.0,9,27,"Imagine spending two hours in a meeting just to stay in the same place. @user_499 sounds like a joke, but it's just the usual way things go. Lose your time, get nothing.",False
50,"""An architect who enjoys attending Elvis Costello concerts as a way to unwind from work""",57.0,0,18,Just spent an hour staring at a blueprint that makes zero sense. I'm convinced the client is just messing with me at this point. Total waste of a Tuesday.,False
50,"""An architect who enjoys attending Elvis Costello concerts as a way to unwind from work""",57.0,1,18,"@user_739 Honestly, just let the building fall. Save us all the trouble of pretending the repairs actually matter.",False
50,"""An architect who enjoys attending Elvis Costello concerts as a way to unwind from work""",57.0,2,18,My coffee is cold and I still have ten emails to answer. Everything about this day is a joke.,False
50,"""An architect who enjoys attending Elvis Costello concerts as a way to unwind from work""",57.0,3,18,@user_486 welcome to the club. The reward for doing your job well is just more work that doesn't matter.,False
50,"""An architect who enjoys attending Elvis Costello concerts as a way to unwind from work""",57.0,4,18,@user_748 Just leave it there. The clothes aren't going anywhere and neither are we.,False
50,"""An architect who enjoys attending Elvis Costello concerts as a way to unwind from work""",57.0,5,18,"@user_830 Just send the email and stop thinking. The building will still be there tomorrow, or it won't. Either way, it is someone else's headache once the ink dries.",False
50,"""An architect who enjoys attending Elvis Costello concerts as a way to unwind from work""",57.0,6,18,@user_321 Must be nice to actually feel something other than annoyance. Some of us just get more dust and a deadline we can't hit.,False
50,"""An architect who enjoys attending Elvis Costello concerts as a way to unwind from work""",57.0,7,18,@user_250 Exactly. They want a miracle on a budget and expect you to ignore the laws of physics to get it. Pure delusion.,False
50,"""An architect who enjoys attending Elvis Costello concerts as a way to unwind from work""",57.0,8,18,"@user_34 ""Let the day take the lead"" is just a fancy way of saying you've given up. Some of us actually have stuff to finish, even if it's pointless.",False
50,"""An architect who enjoys attending Elvis Costello concerts as a way to unwind from work""",57.0,9,18,"@user_880 Good luck with that. Enjoy the ""growth"" phase before you realize it's just a different office with the same headaches.",False
51,"""A dedicated employee who works closely with the HR manager and suspects the organization's dark secrets""",35.0,0,10,"Another ""mandatory"" team building lunch. Watching everyone pretend to like each other while the managers trade looks is actually comedy gold.",False
51,"""A dedicated employee who works closely with the HR manager and suspects the organization's dark secrets""",35.0,1,10,@user_410 Literally this. Everyone loves a spreadsheet until they actually have to deal with a human being. Professionalism is just a high-end coat of paint over a dumpster fire.,False
51,"""A dedicated employee who works closely with the HR manager and suspects the organization's dark secrets""",35.0,2,10,"Just saw a ""confidential"" Shred-it bin being wheeled out of the office at 8 PM on a Friday. Some people really think they can just erase the paper trail and everything is fine. Cute.",False
51,"""A dedicated employee who works closely with the HR manager and suspects the organization's dark secrets""",35.0,3,10,"@user_820 Bold of you to assume they’d spend ten grand on paint when they’re currently spending it on ""consultants"" to figure out how to cut our benefits. Let it peel.",False
51,"""A dedicated employee who works closely with the HR manager and suspects the organization's dark secrets""",35.0,4,10,"@user_801 It's always ""operational"" until the person in charge of the budget has to explain it to a board member. Then suddenly it's a ""systemic glitch"" and someone gets fired. Same script, different machine.",False
51,"""A dedicated employee who works closely with the HR manager and suspects the organization's dark secrets""",35.0,5,10,Why is my email crashing only when I try to open a PDF from the legal department? Absolute joke. This hardware is as outdated as the company’s ethics.,False
51,"""A dedicated employee who works closely with the HR manager and suspects the organization's dark secrets""",35.0,6,10,"Sitting through another ""Strategic Alignment"" webinar. Imagine spending an hour using words like ""synergy"" just to tell us we aren't getting raises this year. Absolute waste of electricity.",False
51,"""A dedicated employee who works closely with the HR manager and suspects the organization's dark secrets""",35.0,7,10,"@user_381 perfetta. ""Efficiency"" is just a word they use to justify giving us tools from the 90s and expecting us to work miracles. Now we're all just unpaid data entry clerks.",False
51,"""A dedicated employee who works closely with the HR manager and suspects the organization's dark secrets""",35.0,8,10,"@user_287 exactly. As long as the glossy brochure looks good, nobody cares if the actual building is a hazard. It's all about the facade.",False
51,"""A dedicated employee who works closely with the HR manager and suspects the organization's dark secrets""",35.0,9,10,"@user_208 Must be nice to have a ""security protocol"" that actually works for once. Most of the ones I see are just theater to keep the auditors from asking too many questions. Enjoy your steak.",False
52,"""A retired golf enthusiast living in Surrey, UK""",45.0,0,16,Spent two hours trying to fix my slice today. Still hitting it right into the trees. Total waste of a Tuesday.,False
52,"""A retired golf enthusiast living in Surrey, UK""",45.0,1,16,The new bunkers at the club are a complete joke. Depth is all wrong and the sand is like concrete. Typical.,False
52,"""A retired golf enthusiast living in Surrey, UK""",45.0,2,16,Just saw the price hike for the annual membership. Absolutely ridiculous. I'm paying a premium just to play on a course that's falling apart.,False
52,"""A retired golf enthusiast living in Surrey, UK""",45.0,3,16,Another rainy afternoon. Guess I'll just sit here and stare at the mold growing on the garden fence. Brilliant.,False
52,"""A retired golf enthusiast living in Surrey, UK""",45.0,4,16,Just tried those new ergonomic grips everyone's raving about. Absolute garbage. They feel like cheap rubber bands and my grip is worse than before. Waste of twenty quid.,False
52,"""A retired golf enthusiast living in Surrey, UK""",45.0,5,16,@user_82 exactly. Everything is just a rebranding exercise now while the actual infrastructure rots. Absolute shambles.,False
52,"""A retired golf enthusiast living in Surrey, UK""",45.0,6,16,"@user_75 honestly just give up. Most people aren't paying attention anyway, so you're fighting a losing battle with a blank page.",False
52,"""A retired golf enthusiast living in Surrey, UK""",45.0,7,16,Just spent forty minutes waiting for a table at the bistro. Food arrived cold and the waiter couldn't even get the order right. Some places really just stop trying.,False
52,"""A retired golf enthusiast living in Surrey, UK""",45.0,8,16,Tried that new bakery on the high street. The sourdough was dense as a brick and tasted like cardboard. They're charging five quid for a loaf of rubbish. Absolute rip-off.,False
52,"""A retired golf enthusiast living in Surrey, UK""",45.0,9,16,@user_610 absolute nonsense. Holding a door open doesn't change the fact that the world is a mess. Get a grip.,False
53,"""A working professional who is seeking to improve their literary analysis skills in their free time""",67.0,0,14,"Finally started that new novel and the pacing is absolute garbage. I'm trying to be patient with the character arcs, but I’m about two chapters away from just tossing it.",False
53,"""A working professional who is seeking to improve their literary analysis skills in their free time""",67.0,1,14,"@user_726 Must be nice to have a client who actually does their job. I'm still debugging a project that should have been finished three days ago. Tacos sound great, too bad I'm stuck here.",False
53,"""A working professional who is seeking to improve their literary analysis skills in their free time""",67.0,2,14,"Why is every ""critically acclaimed"" movie these days just two hours of people staring at each other in silence? Give me a plot that actually moves or just stop calling it a thriller.",False
53,"""A working professional who is seeking to improve their literary analysis skills in their free time""",67.0,3,14,@user_156 Must be great living in a fantasy world where a few ringing registers means the economy is actually fixed. Some of us are still dealing with the wreckage.,False
53,"""A working professional who is seeking to improve their literary analysis skills in their free time""",67.0,4,14,@user_761 must be nice to have a weekend that doesn't involve a mental breakdown over a spreadsheet. Enjoy the pizza.,False
53,"""A working professional who is seeking to improve their literary analysis skills in their free time""",67.0,5,14,"@user_102 imagine being this delusional about ""crushing goals"" while the rest of us are just trying to survive the week. some of us have actual work to do.",False
53,"""A working professional who is seeking to improve their literary analysis skills in their free time""",67.0,6,14,"@user_151 exactly. a few ""quick fixes"" and suddenly the whole system is landfill. i'm currently staring at my own screen wondering why i even bother.",False
53,"""A working professional who is seeking to improve their literary analysis skills in their free time""",67.0,7,14,@user_398 Same. I spent half my morning meeting nodding along to a presentation that literally said nothing. Just mindless noise.,False
53,"""A working professional who is seeking to improve their literary analysis skills in their free time""",67.0,8,14,@user_149 I feel that. Sorting through errors you didn't even make just to stop them from existing is a special kind of torture. Not worth the energy.,False
53,"""A working professional who is seeking to improve their literary analysis skills in their free time""",67.0,9,14,"@user_34 Same. The more I look at these files, the more I realize the people who made them had no idea what they were doing. It's just a disaster wrapped in a neat layout.",False
54,"""A student studying film theory who isn't interested in recent developments in the field.""",53.0,0,5,"Just finished a marathon of Kurosawa films and honestly, why does anyone even bother with modern editing? The pacing today is just chaotic for no reason.",False
54,"""A student studying film theory who isn't interested in recent developments in the field.""",53.0,1,5,"Found a rare print of an old noir flick yesterday. The lighting is actually intentional, unlike the overexposed garbage they push now. Truly unmatched.",False
54,"""A student studying film theory who isn't interested in recent developments in the field.""",53.0,2,5,"Finally found a copy of ""The Passion of Joan of Arc."" That close-up work is insane. Makes every modern actor look like they've never seen a mirror in their life.",False
54,"""A student studying film theory who isn't interested in recent developments in the field.""",53.0,3,5,"Just watched a movie from the 40s where the lead barely moves and it's still more exciting than any superhero flick. The tension is in the silence, not the CGI.",False
54,"""A student studying film theory who isn't interested in recent developments in the field.""",53.0,4,5,"Just discovered a director from the 20s who understood spatial depth better than every ""visionary"" working today. It's actually hilarious how much they've forgotten.",False
54,"""A student studying film theory who isn't interested in recent developments in the field.""",53.0,5,5,Anyone else feel like theaters are just glorified waiting rooms now? I'd rather spend five hours in a basement with a projector and actual quality film.,False
54,"""A student studying film theory who isn't interested in recent developments in the field.""",53.0,6,5,"Just read a breakdown of some ""experimental"" new cinema technique. It’s literally just a recycled trick from 1924 but with a worse color grade. Absolute joke.",False
54,"""A student studying film theory who isn't interested in recent developments in the field.""",53.0,7,5,Just found a book on 1930s set design. The level of detail in just one room is more impressive than an entire MCU city. Actual craft is dead.,False
54,"""A student studying film theory who isn't interested in recent developments in the field.""",53.0,8,5,"Just spent an hour reading about Soviet montage again. It's wild how people think ""fast cuts"" today are some kind of innovation when they literally perfected the psychology of it a century ago.",False
54,"""A student studying film theory who isn't interested in recent developments in the field.""",53.0,9,5,"Just starting a deep dive into French New Wave and I'm already convinced that every modern rule about ""seamless"" storytelling is just a way to hide lazy writing. Jump cuts are where it's at.",False
55,"""a former boxing champion who has won at many local and international tournaments.""",52.0,0,2,Just smashed a 10-mile run and felt like I could go for another. Energy is absolutely wild today! ⚡️,False
55,"""a former boxing champion who has won at many local and international tournaments.""",52.0,1,2,Anyone else actually enjoying the weather or am I just in a great mood? Perfect day to get outside and just move. ☀️💪,False
55,"""a former boxing champion who has won at many local and international tournaments.""",52.0,2,2,Just found a new spot for breakfast tacos and they are legit. Best start to the morning ever! 🌮🔥,False
55,"""a former boxing champion who has won at many local and international tournaments.""",52.0,3,2,Just tried a new protein blend and it actually tastes like a milkshake. Game changer for the post-workout cravings! 🥤💪,False
55,"""a former boxing champion who has won at many local and international tournaments.""",52.0,4,2,Just finished a crazy high-intensity circuit. Feeling absolutely electric right now! ⚡️💥,False
55,"""a former boxing champion who has won at many local and international tournaments.""",52.0,5,2,@user_838That is actually the sweetest thing I've heard all week. Makes you realize what the small wins are really about! ❤️🎶,False
55,"""a former boxing champion who has won at many local and international tournaments.""",52.0,6,2,@user_225 Do it!! Life is way too short to spend every single night in a library. Have an extra drink for me! 🎷🍻,False
55,"""a former boxing champion who has won at many local and international tournaments.""",52.0,7,2,@user_151 Love this! There's nothing better than helping someone else get a win. Keep that energy going! 🐍🙌,False
55,"""a former boxing champion who has won at many local and international tournaments.""",52.0,8,2,Just bought a new pair of wireless earbuds and the bass is incredible! Gonna blast some high-energy tracks for the gym session tonight. Let's goooo! 🎧🔥,False
55,"""a former boxing champion who has won at many local and international tournaments.""",52.0,9,2,"Just finished a massive puzzle of a city skyline. Took way longer than I thought it would, but man, seeing it all come together is the best feeling! 🧩✨",False
56,"""A photographer who captures stunning portraits of Bar Refaeli for magazine covers""",45.0,0,26,"Every ""must-see"" tourist spot in this city is just another overpriced pile of bricks. Can't believe people actually pay to stand in line for this garbage.",False
56,"""A photographer who captures stunning portraits of Bar Refaeli for magazine covers""",45.0,1,26,Just spent twenty minutes trying to pick a movie. Every single one looks like the same recycled plot with the same three actors. I'm just going to stare at the menu until I fall asleep.,False
56,"""A photographer who captures stunning portraits of Bar Refaeli for magazine covers""",45.0,2,26,@user_41 just don't go up there. Who cares if people see you? They're all just staring at their phones anyway.,False
56,"""A photographer who captures stunning portraits of Bar Refaeli for magazine covers""",45.0,3,26,Imagine thinking a new gym membership is actually going to change your life. You'll just be the same miserable person but in more expensive leggings.,False
56,"""A photographer who captures stunning portraits of Bar Refaeli for magazine covers""",45.0,4,26,@user_282 imagining your internal organs shutting down over forty dollars is the most relatable thing I've read all week. Enjoy the stomach ache.,False
56,"""A photographer who captures stunning portraits of Bar Refaeli for magazine covers""",45.0,5,26,@user_74 who cares about a toy from twenty years ago? It's still just a piece of plastic that ends up in a landfill. Correcting a mistake doesn't make the product any less useless.,False
56,"""A photographer who captures stunning portraits of Bar Refaeli for magazine covers""",45.0,6,26,@user_910 your dog is probably just barking at a bug. Congrats on wasting your time training a pet to be delusional.,False
56,"""A photographer who captures stunning portraits of Bar Refaeli for magazine covers""",45.0,7,26,@user_786 Imagine thinking a little script makes you a genius. You're still just a corporate drone wasting your life on spreadsheets. Enjoy your walk.,False
56,"""A photographer who captures stunning portraits of Bar Refaeli for magazine covers""",45.0,8,26,@user_772 join the club. Everyone's just pretending to like their jobs until they die. Enjoy your drink.,False
56,"""A photographer who captures stunning portraits of Bar Refaeli for magazine covers""",45.0,9,26,@user_406 it's a metal tube blowing air. Calm down. Nobody cares about your telemetry logs.,False
57,"""A policy maker responsible for implementing regulations to protect pollinators and promote biodiversity in agriculture""",23.0,0,13,Just spent three hours in a meeting where nothing actually got decided. My emails are piling up and I can't even find a decent cup of coffee in this building. Amazing.,False
57,"""A policy maker responsible for implementing regulations to protect pollinators and promote biodiversity in agriculture""",23.0,1,13,Why is every single streaming service raising their prices again? I'm paying for four different apps and I still spend twenty minutes scrolling just to find one thing that isn't terrible. Absolute scam.,False
57,"""A policy maker responsible for implementing regulations to protect pollinators and promote biodiversity in agriculture""",23.0,2,13,"Does anyone actually read the terms and conditions, or do we all just click agree and hope our data isn't being sold to someone selling overpriced vitamins? Ridiculous.",False
57,"""A policy maker responsible for implementing regulations to protect pollinators and promote biodiversity in agriculture""",23.0,3,13,"Everything tastes like cardboard lately. I swear this ""premium"" frozen dinner is just salt and disappointment in a plastic tray. Waste of ten bucks.",False
57,"""A policy maker responsible for implementing regulations to protect pollinators and promote biodiversity in agriculture""",23.0,4,13,Since when did basic phone chargers start breaking after two months? I've already gone through three this year. These companies are just selling overpriced garbage at this point.,False
57,"""A policy maker responsible for implementing regulations to protect pollinators and promote biodiversity in agriculture""",23.0,5,13,"airports are a nightmare. Paying 15 dollars for a soggy sandwich while sitting on a dirty carpet for four hours because of a ""minor delay"" is peak human experience.",False
57,"""A policy maker responsible for implementing regulations to protect pollinators and promote biodiversity in agriculture""",23.0,6,13,"@user_20 a lot of these ""eco-safe"" labels are just marketing tricks to keep people from complaining while they poison the dirt. It’s a joke.",False
57,"""A policy maker responsible for implementing regulations to protect pollinators and promote biodiversity in agriculture""",23.0,7,13,@user_756 Precisely. It's always about the flashy numbers and never about the actual workload created by the mistakes. Purely performative.,False
57,"""A policy maker responsible for implementing regulations to protect pollinators and promote biodiversity in agriculture""",23.0,8,13,@user_344 Welcome to the club. Everything is atrocious and the people in charge are probably laughing while we pay ten dollars for a head of lettuce.,False
57,"""A policy maker responsible for implementing regulations to protect pollinators and promote biodiversity in agriculture""",23.0,9,13,"Who decided that ""smart"" lightbulbs need a firmware update just to turn on? I'm sitting in the dark because my lamp is downloading a patch. Ridiculous.",False
58,"""A restaurateur specializing in Monegasque cuisine, who sources fresh seafood daily for traditional dishes""",49.0,0,22,Another day of paying premium prices for ingredients that people barely taste because they're too busy talking. Total waste of money and time.,False
58,"""A restaurateur specializing in Monegasque cuisine, who sources fresh seafood daily for traditional dishes""",49.0,1,22,@user_331 Imagine actually enjoying dirt. Some of us have real jobs and a mortgage to worry about.,False
58,"""A restaurateur specializing in Monegasque cuisine, who sources fresh seafood daily for traditional dishes""",49.0,2,22,@user_326 Just say you're lazy and move on. Some of us actually have to deal with things that matter instead of whining about a website.,False
58,"""A restaurateur specializing in Monegasque cuisine, who sources fresh seafood daily for traditional dishes""",49.0,3,22,@user_171 Just give up then. It's easier than pretending you're actually going to get hired.,False
58,"""A restaurateur specializing in Monegasque cuisine, who sources fresh seafood daily for traditional dishes""",49.0,4,22,@user_374 Someone actually woke up and thought they were smarter than everyone else for having a window. Congrats on discovering how houses work.,False
58,"""A restaurateur specializing in Monegasque cuisine, who sources fresh seafood daily for traditional dishes""",49.0,5,22,@user_496 lol just keep napping. It's a great way to accomplish absolutely nothing while everyone else handles the actual work.,False
58,"""A restaurateur specializing in Monegasque cuisine, who sources fresh seafood daily for traditional dishes""",49.0,6,22,"@user_349 Finally someone says it. Everything is a disaster and some ""positive"" quote on a sunset background isn't paying the bills or fixing a ruined day.",False
58,"""A restaurateur specializing in Monegasque cuisine, who sources fresh seafood daily for traditional dishes""",49.0,7,22,@user_267 spend a few thousand on a machine and you're still miserable. Imagine thinking a fan is going to fix your life. Grow up.,False
58,"""A restaurateur specializing in Monegasque cuisine, who sources fresh seafood daily for traditional dishes""",49.0,8,22,@user_95 quit acting like you're the only one who can't get out of bed. Some of us have to actually function while we hate every second of it.,False
58,"""A restaurateur specializing in Monegasque cuisine, who sources fresh seafood daily for traditional dishes""",49.0,9,22,@user_96 spending your free time labeling jars is a level of boredom I can't even fathom. Get a real hobby.,False
59,"""A renowned jazz pianist who has collaborated with Branford Marsalis on numerous occasions""",26.0,0,27,Just spent twenty minutes trying to find a matching pair of socks. Ended up just putting on two different ones because it doesn't even matter anymore. Whatever.,False
59,"""A renowned jazz pianist who has collaborated with Branford Marsalis on numerous occasions""",26.0,1,27,Just saw a guy on the street trying to play a plastic recorder and honestly he's probably the only one here with any real talent. The rest of us are just pretending.,False
59,"""A renowned jazz pianist who has collaborated with Branford Marsalis on numerous occasions""",26.0,2,27,Just spent an hour reading reviews for a coffee maker I'll probably never buy because calories and caffeine just keep me awake to think about how much I hate my apartment. Waste of a Tuesday.,False
59,"""A renowned jazz pianist who has collaborated with Branford Marsalis on numerous occasions""",26.0,3,27,My neighbor is practicing the trumpet at 11 PM and it sounds like a dying animal. I hope they never stop so I don't have to listen to the sound of my own breathing.,False
59,"""A renowned jazz pianist who has collaborated with Branford Marsalis on numerous occasions""",26.0,4,27,"Just spent forty bucks on a ""gourmet"" sandwich that tastes like cardboard and disappointment. Everything in this city is a scam.",False
59,"""A renowned jazz pianist who has collaborated with Branford Marsalis on numerous occasions""",26.0,5,27,Just spent a fortune on a new set of apps and they’re all out of tune. Guess that's just a metaphor for everything else in my life. Pathetic.,False
59,"""A renowned jazz pianist who has collaborated with Branford Marsalis on numerous occasions""",26.0,6,27,"Just watched a ""top 10"" video of the best movies from last year and every single one is trash. The critics are as clueless as everyone else. Waste of ten minutes.",False
59,"""A renowned jazz pianist who has collaborated with Branford Marsalis on numerous occasions""",26.0,7,27,Just spent an hour staring at a pile of laundry. I can't even be bothered to wash it because it'll just get dirty again the second I put it on. Utterly pointless.,False
59,"""A renowned jazz pianist who has collaborated with Branford Marsalis on numerous occasions""",26.0,8,27,@user_10 Some things just rust. That’s how it works. Hope you enjoy looking at a piece of junk in front of a fence.,False
59,"""A renowned jazz pianist who has collaborated with Branford Marsalis on numerous occasions""",26.0,9,27,Just spent an hour trying to assemble a cheap shelf from a box. One screw is missing and the whole thing is leaning. Figures. Why do I even bother trying to organize a dump.,False
