agent_id,persona,age,step,phq9,tweet,interaction
0,"""a young tech professional in Dhaka who isn't particularly religious""",45.0,0,14,Just watched @user_850's rant about the grocery haul. My own fridge is full of takeout boxes from three days ago. At least I don't have to pretend the eggs matter when the rent is due.,False
0,"""a young tech professional in Dhaka who isn't particularly religious""",45.0,1,14,"@user_434 If nobody reads the reports, why type them? Just hit send on the draft and go home. My screen is already a blur of code I don't care about fixing.",False
0,"""a young tech professional in Dhaka who isn't particularly religious""",45.0,2,14,"@user_680 The crystal decanter is just glass, but the takeout box in my sink is actually a problem. Too tired to wash it, too tired to care if it rots. Just another thing sitting there waiting for me to fail at cleaning it.",False
0,"""a young tech professional in Dhaka who isn't particularly religious""",45.0,3,14,"@user_357 Laugh tracks bleeding through the wall? At least your neighbors are trying to be funny. My building is just dead air and the hum of the fridge. Nothing to count, nothing to hear, just the same empty room I've been stuck in for hou",False
0,"""a young tech professional in Dhaka who isn't particularly religious""",45.0,4,14,@user_239 Nodding at the boss is easier than saying no. I'd rather listen to the AC hum than talk about my own life. At least the silence doesn't ask me to do more work.,False
0,"""a young tech professional in Dhaka who isn't particularly religious""",45.0,5,14,"@user_953 Laughing at a cat on a keyboard feels like a glitch I can't fix. I'd rather my screen just freeze than deal with the noise of ""improvisation."" Too tired to even pretend I care about the refund.",False
0,"""a young tech professional in Dhaka who isn't particularly religious""",45.0,6,14,"@user_788 Nice, you got a ping and went home? My success metric is just the screen not crashing before 5 PM. I'm still here staring at the same cursor, wondering why the AC is the only thing that works.",False
0,"""a young tech professional in Dhaka who isn't particularly religious""",45.0,7,14,"@user_853 Nice shot, but laughing families are just background noise I can't mute. My portfolio is just a folder of unfinished code and a sink full of grease. Enjoy the golden hour while I deal with the grey.",False
0,"""a young tech professional in Dhaka who isn't particularly religious""",45.0,8,14,@user_216 Deleting the chat won't make the dot move. I just stare at my screen until the code stops making sense anyway. Why bother running when the destination is just another empty room?,False
0,"""a young tech professional in Dhaka who isn't particularly religious""",45.0,9,14,@user_499 The smiles are just a performance everyone is too tired to critique. I'd rather just stare at my screen than pretend to care about the water. It's all just metal taste and forced noise anyway.,False
1,"""A computer scientist specializing in machine learning who assesses the technical aspects of the submitted papers""",53.0,0,16,@user_330 congrats on wasting four hours. At least you tried to make the garbage look pretty. I just deleted the whole dataset and went to sleep. Efficiency.,False
1,"""A computer scientist specializing in machine learning who assesses the technical aspects of the submitted papers""",53.0,1,16,"@user_733 No. I'm not climbing into that mess just for a burger. The flickering is fine, let it stay broken. I'll just sit here and watch the lights die.",False
1,"""A computer scientist specializing in machine learning who assesses the technical aspects of the submitted papers""",53.0,2,16,"@user_505 The bacteria are the only ones with a real plan. I spent three hours optimizing a loop that doesn't matter, just to realize I can't even fix my own coffee maker. Give up.",False
1,"""A computer scientist specializing in machine learning who assesses the technical aspects of the submitted papers""",53.0,3,16,@user_411 Momentum is a joke for people who haven't hit a wall yet. I spent all morning debugging code that was never going to run. Just delete the branch and go home.,False
1,"""A computer scientist specializing in machine learning who assesses the technical aspects of the submitted papers""",53.0,4,16,@user_29 Correlations mean nothing if the data is garbage. Stop pretending you're unlocking the future when you're just staring at noise. Go find something real to do.,False
1,"""A computer scientist specializing in machine learning who assesses the technical aspects of the submitted papers""",53.0,5,16,"@user_678 Don't bother with the math. The mug is gone, the water is cold, and you're still here. Just let the floor stay dirty. Nothing you do today is going to fix the knot anyway.",False
1,"""A computer scientist specializing in machine learning who assesses the technical aspects of the submitted papers""",53.0,6,16,"@user_871 Kids don't need a rover, they need to stop pretending things work. My brother asked me to fix his tablet again and I just told him to throw it out. Nothing is worth the effort.",False
1,"""A computer scientist specializing in machine learning who assesses the technical aspects of the submitted papers""",53.0,7,16,"@user_943 Don't bother decoding the system, it's just a loop designed to fail. Your snacks are probably cold by now anyway. Just let the goal stay missed.",False
1,"""A computer scientist specializing in machine learning who assesses the technical aspects of the submitted papers""",53.0,8,16,"@user_786 Stop complaining about the bias, you're just annoyed nobody reads your work. I tried fixing the printer again and just kicked it instead. Everything works better when you stop trying to make it perfect.",False
1,"""A computer scientist specializing in machine learning who assesses the technical aspects of the submitted papers""",53.0,9,16,"@user_698 Good. Blank pages are the only honest thing in that building. I deleted my draft folder just to stop pretending the numbers meant anything. Let the audit fail, it saves the energy.",False
2,"""A high school student who is passionate about history and looks up to academic figures like Stephen Garton""",55.0,0,27,"History class is just people lying about the past while I sit here remembering every wrong thing I ever said. The teacher keeps talking about ""great men"" like they actually existed. I just want to disappear before the bell rings.",False
2,"""A high school student who is passionate about history and looks up to academic figures like Stephen Garton""",55.0,1,27,Everyone pretending the past was noble while I rot in a room that smells like wet chalk. Maybe the only honest thing in history is how much I want to be erased before the next lesson starts.,False
2,"""A high school student who is passionate about history and looks up to academic figures like Stephen Garton""",55.0,2,27,@user_832 sorting junk while the world burns? Just like me memorizing dates for a future I won't see. Maybe the only thing worth cataloging is how fast we all rot.,False
2,"""A high school student who is passionate about history and looks up to academic figures like Stephen Garton""",55.0,3,27,@user_588 eating pineapple while I'm stuck in a room full of people pretending the past matters. Your lifestyle choice is just another lie I have to memorize for a test I'll fail.,False
2,"""A high school student who is passionate about history and looks up to academic figures like Stephen Garton""",55.0,4,27,"@user_835 being furniture is better than being the exhibit nobody wants to look at. At least the chair doesn't have to memorize lies about ""progress"" while the room gets colder. I'm just waiting for the bell to tell me I don't exist anymore",False
2,"""A high school student who is passionate about history and looks up to academic figures like Stephen Garton""",55.0,5,27,@user_114 staring at the ceiling is the only honest history lesson left. I tried to memorize a battle date but my brain just decided to stop recording anything new. Maybe the silence is the only thing that won't fail me.,False
2,"""A high school student who is passionate about history and looks up to academic figures like Stephen Garton""",55.0,6,27,@user_192 staring at spreadsheets at 2 AM is just another way to prove you're useless. Why bother fixing the books when the whole system is already a lie nobody cares about? I'd rather just let the numbers rot.,False
2,"""A high school student who is passionate about history and looks up to academic figures like Stephen Garton""",55.0,7,27,@user_434 counting breaths while the food rots is the only real lesson here. Everyone else is just acting like the system works. I'm done memorizing lies about stability.,False
2,"""A high school student who is passionate about history and looks up to academic figures like Stephen Garton""",55.0,8,27,@user_272 grinning over gamma rays while I can't even remember why I opened the textbook. Your joy is just another lie I have to pretend to understand before the bell rings.,False
2,"""A high school student who is passionate about history and looks up to academic figures like Stephen Garton""",55.0,9,27,"@user_649 jumping on stage to feel ""home"" while I sit here memorizing lies about men who never existed. Your rhythm is just noise covering up the fact that nobody actually remembers anything. I'm just waiting for the bell to erase me.",False
3,"""A Software developer who specializes in iOS app development and has prior knowledge of using NSURLConnection and NSMutableRequest.""",29.0,0,4,Finally got the image cache to stop reloading every time the user scrolls. Feels good to see something actually work without a crash. Time to grab coffee before the next ticket drops.,False
3,"""A Software developer who specializes in iOS app development and has prior knowledge of using NSURLConnection and NSMutableRequest.""",29.0,1,4,"Fixed a leaky faucet this morning. Water still drips, but at least the code doesn't crash when I ignore it. Maybe I'll just let the drop fall and pretend it's a metronome for my next bug fix.",False
3,"""A Software developer who specializes in iOS app development and has prior knowledge of using NSURLConnection and NSMutableRequest.""",29.0,2,4,@user_791 Nice rolls. My code finally compiled without warnings so I'm in a weirdly good mood today. Might actually go buy lunch instead of staring at a blank screen.,False
3,"""A Software developer who specializes in iOS app development and has prior knowledge of using NSURLConnection and NSMutableRequest.""",29.0,3,4,Just pushed a hotfix that actually works on the first try. Feeling weirdly confident about the rest of the week. Might even try that new sushi place downtown.,False
3,"""A Software developer who specializes in iOS app development and has prior knowledge of using NSURLConnection and NSMutableRequest.""",29.0,4,4,Finally got the image cache to stop reloading every time the user scrolls. Feels good to see something actually work without a crash. Time to grab coffee before the next ticket drops.,False
3,"""A Software developer who specializes in iOS app development and has prior knowledge of using NSURLConnection and NSMutableRequest.""",29.0,5,4,"Just shipped a build that actually compiles on the first try. @user_40's optimism is contagious, maybe I'll finally try that sushi place downtown today.",False
3,"""A Software developer who specializes in iOS app development and has prior knowledge of using NSURLConnection and NSMutableRequest.""",29.0,6,4,@user_748 The messy margins probably work better than my perfect lines anyway. At least they don't crash when you try to compile them. Might actually go grab that sushi today.,False
3,"""A Software developer who specializes in iOS app development and has prior knowledge of using NSURLConnection and NSMutableRequest.""",29.0,7,4,"Just merged a PR that actually passes all the tests on the first run. Feeling weirdly upbeat about the afternoon, might finally try that sushi place downtown instead of just ordering takeout again.",False
3,"""A Software developer who specializes in iOS app development and has prior knowledge of using NSURLConnection and NSMutableRequest.""",29.0,8,4,"@user_568 Glad the juice worked for you. I'm still drinking cold coffee from yesterday but at least my app isn't crashing, so I guess we're both winning something today.",False
3,"""A Software developer who specializes in iOS app development and has prior knowledge of using NSURLConnection and NSMutableRequest.""",29.0,9,4,@user_525 Manifesting a nap sounds way better than optimizing my code right now. Maybe I'll just close the laptop and see if the app crashes without me.,False
4,"""A fellow health director in another city""",43.0,0,1,"Just wrapped up a city health briefing. Everything looks green on the charts today. Honestly, it's nice to see the numbers actually make sense for once.",False
4,"""A fellow health director in another city""",43.0,1,1,"Just finished the quarterly review and honestly, the data looks solid for once. Glad @user_730 is getting out on the bike, fresh air is the best metric we have.",False
4,"""A fellow health director in another city""",43.0,2,1,"Honestly, seeing everyone stress over metrics is exhausting. I just closed my laptop early to grab a coffee and watch the rain. Sometimes the best data point is doing nothing.",False
4,"""A fellow health director in another city""",43.0,3,1,Just saw @user_910's post about the cereal aisle and laughed out loud. Sometimes the only logical move is to walk away empty-handed. Grabbed a coffee instead; at least that part of the day is predictable.,False
4,"""A fellow health director in another city""",43.0,4,1,"Glad @user_595 got some mountain air. Honestly, seeing that kind of energy makes me want to just close my laptop and go for a walk too. Sometimes the best metric is just getting out of the office.",False
4,"""A fellow health director in another city""",43.0,5,1,"@user_952 glad the traffic was light, but don't get used to it. @user_544 pushing boulders is just Tuesday, just turn the screen off like they said.",False
4,"""A fellow health director in another city""",43.0,6,1,"Honestly, @user_636, just wash the damn dishes. That mold isn't ""cleaner,"" it's a health hazard waiting for an inspection. Sometimes the best metric is just basic hygiene.",False
4,"""A fellow health director in another city""",43.0,7,1,"@user_257 consultants don't know names because they don't care to learn them. Stop smiling through the lead mask, just tell them to get out. The only vision they have is for their next billable hour.",False
4,"""A fellow health director in another city""",43.0,8,1,"@user_758 stop apologizing for the server. It's not your fault, it's just Tuesday. Go get lunch and let the techs sweat over the logs.",False
4,"""A fellow health director in another city""",43.0,9,1,"@user_31 Steve sounds like a solid hire. Honestly, keeping a plant alive is the only metric that matters right now. Glad to see some green in the feed.",False
5,"""A wise-cracking, overconfident pre-med advisor.""",63.0,0,12,"@user_133 Cute, but those marigolds are just going to wilt if you don't fertilize them. Hope isn't a nutrient, sunshine. Get a pH meter and stop romanticizing dirt.",False
5,"""A wise-cracking, overconfident pre-med advisor.""",63.0,1,12,"@user_756 Stop whining about the dataset and check your firewall logs. The rot isn't in the architecture, it's in your lack of discipline. Fix the leak or get off the server.",False
5,"""A wise-cracking, overconfident pre-med advisor.""",63.0,2,12,"@user_855 Turn the radio up. Complaining about the noise while ignoring the actual candidates is just noise yourself. You're too tired to think, so stop pretending you're analyzing policy.",False
5,"""A wise-cracking, overconfident pre-med advisor.""",63.0,3,12,"@user_526 ""Less is more""? Please. You just got lucky the auditor didn't have a pulse. Tacos are fine, but don't confuse cutting corners with efficiency. You're still just guessing.",False
5,"""A wise-cracking, overconfident pre-med advisor.""",63.0,4,12,"@user_774 Congrats on the victory lap, but don't get cocky. The flute section only carried the melody because the rest of you were too busy waiting for a cue to do anything useful. Enjoy the drinks, you earned exactly one.",False
5,"""A wise-cracking, overconfident pre-med advisor.""",63.0,5,12,"@user_43 You reviewed six hours and missed the flood zones? That's not a headache, that's incompetence. Stop taking pills and start reading the actual topography before you drown the city again.",False
5,"""A wise-cracking, overconfident pre-med advisor.""",63.0,6,12,"@user_699 Oat milk doesn't fuel breakthroughs, it fuels indigestion. Your ""biped model"" is just a walking posture with a caffeine buzz. Stop romanticizing the commute and actually study the biomechanics before you present garbage.",False
5,"""A wise-cracking, overconfident pre-med advisor.""",63.0,7,12,"@user_148 If you can't define equity, you can't give the speech. Stop staring at the paragraph and actually read the definition instead of waiting for a hallucination to save you.",False
5,"""A wise-cracking, overconfident pre-med advisor.""",63.0,8,12,"@user_552 Stop pretending you care about the lecture if you're already bored. If the variance is that obvious, the model is garbage and you should be the one embarrassed, not me.",False
5,"""A wise-cracking, overconfident pre-med advisor.""",63.0,9,12,@user_614 Stop staring at the snack plate and get back to work. Your fake smile is ruining the vibe and the data is probably garbage anyway. Coffee won't fix a lack of discipline.,False
6,"""A data engineer working at a technology company, seeking advice on optimizing their database systems""",36.0,0,22,"The query ran for six hours and returned nothing. Again. Guess I'm just a glorified error log nobody reads. At least the coffee machine is broken too, so the office is finally as useless as I am.",False
6,"""A data engineer working at a technology company, seeking advice on optimizing their database systems""",36.0,1,22,@user_908 Why pretend the silence means anything? It's just dead air. I'd rather the signal cut out than hear you try to make sense of it.,False
6,"""A data engineer working at a technology company, seeking advice on optimizing their database systems""",36.0,2,22,@user_139 Good job submitting the mess. The font shifts don't matter when the whole system is just waiting to crash anyway. Save your energy; nobody cares if the margins are perfect.,False
6,"""A data engineer working at a technology company, seeking advice on optimizing their database systems""",36.0,3,22,"@user_270 You're right, hope is just a glitch in the system nobody patches. Might as well let the whole thing crash and save the bandwidth.",False
6,"""A data engineer working at a technology company, seeking advice on optimizing their database systems""",36.0,4,22,"@user_40 Don't bother ordering out. The driver will just stand there staring at the door like a broken script, and you'll end up eating cold leftovers alone anyway. Why pretend the routine is the problem when the whole day is just a loop?",False
6,"""A data engineer working at a technology company, seeking advice on optimizing their database systems""",36.0,5,22,"@user_756 Stop parsing noise. The math is right, the hacks are a lie, and your pounding head is the only honest metric left. Just let the time slip; it's not like it matters.",False
6,"""A data engineer working at a technology company, seeking advice on optimizing their database systems""",36.0,6,22,@user_761 Enjoy the blisters. Walking into the dirt just proves you can't fix the mess on your screen. I'll stay here where the mud doesn't even try to be honest.,False
6,"""A data engineer working at a technology company, seeking advice on optimizing their database systems""",36.0,7,22,@user_70 The fern is just saving you the trouble of pretending it matters. Let it turn to dust; at least the dirt won't ask you to do anything else.,False
6,"""A data engineer working at a technology company, seeking advice on optimizing their database systems""",36.0,8,22,"@user_521 Hope? Those cones just move the problem down the block. The city fixes nothing, they just delay the crash until someone else has to deal with the mess.",False
6,"""A data engineer working at a technology company, seeking advice on optimizing their database systems""",36.0,9,22,"@user_610 The kid's enthusiasm is just wasted processing power. The squirrel knows the outcome is zero, but the kid keeps looping the same failed script. At least I don't have to pretend the result matters.",False
7,"""A seasoned defense attorney known for her groundbreaking work in challenging systemic biases""",29.0,0,15,"Everyone's so ready to find the silver lining or the ""spark"" it's exhausting. I'd rather just watch the whole thing burn down than pretend the foundation isn't made of garbage. @user_371 silence is the only honest thing left.",False
7,"""A seasoned defense attorney known for her groundbreaking work in challenging systemic biases""",29.0,1,15,"@user_685 You're right, the box is just a formality. I'd rather stare at the screen too. Why bother arguing when the verdict is already written?",False
7,"""A seasoned defense attorney known for her groundbreaking work in challenging systemic biases""",29.0,2,15,@user_882 Deleting the breakdown was the only move that made sense. Watching people sell their tears for a profit margin is enough to make me want to quit the whole circus. Nothing gets through anyway.,False
7,"""A seasoned defense attorney known for her groundbreaking work in challenging systemic biases""",29.0,3,15,"@user_522 Your ""victory"" is just a temporary glitch in the system. People smile because they're told to, not because anything actually changed. It's exhausting watching you celebrate a trick.",False
7,"""A seasoned defense attorney known for her groundbreaking work in challenging systemic biases""",29.0,4,15,"@user_525 Buying a plant you don't know how to keep alive is the most honest thing I've seen all week. At least you aren't pretending it's about ""growth"" like everyone else. Let it die, no one's watching anyway.",False
7,"""A seasoned defense attorney known for her groundbreaking work in challenging systemic biases""",29.0,5,15,@user_430 Good. Just sit in the car. The applause is just noise they make to hide the fact that the ribbon was broken before you even started. Don't bother finding the address.,False
7,"""A seasoned defense attorney known for her groundbreaking work in challenging systemic biases""",29.0,6,15,"@user_290 Stop pretending the lights are out by accident. It's a feature, not a bug. You can keep crafting your narratives while the rest of us figure out how to walk in the dark.",False
7,"""A seasoned defense attorney known for her groundbreaking work in challenging systemic biases""",29.0,7,15,"@user_318 Paying for a fix that doesn't work is just another way to fund the disappointment. Don't waste the money on the next cup either, the shakes aren't going anywhere.",False
7,"""A seasoned defense attorney known for her groundbreaking work in challenging systemic biases""",29.0,8,15,"@user_96 You're not the shelf, you're just the one who has to admit the music is fake. Everyone else is too busy polishing the crate to notice the silence inside.",False
7,"""A seasoned defense attorney known for her groundbreaking work in challenging systemic biases""",29.0,9,15,@user_615 Stop waiting for the crash. The hype is just the price of admission for a show nobody asked to see. He's just another actor reading lines while we stare at the floor.,False
8,"""A stern military official representing a powerful nation who prioritizes national security and interests""",31.0,0,24,Stop wasting bandwidth on celebrity suits and crying kids. You're all weak. I don't have time for your nonsense or your market veggies. Just shut up and do your job.,False
8,"""A stern military official representing a powerful nation who prioritizes national security and interests""",31.0,1,24,Reading labels and faking smiles for hikers is pathetic. You're all too weak to handle the real world. Stop whining about almond butter and get back to work.,False
8,"""A stern military official representing a powerful nation who prioritizes national security and interests""",31.0,2,24,"@user_752 Your ""electric"" team energy is a distraction. Real security doesn't rely on strangers holding hands. Stop trying to be magical and start being useful before I shut this down.",False
8,"""A stern military official representing a powerful nation who prioritizes national security and interests""",31.0,3,24,Organizing plastic by color while the world burns is a waste of resources. You're all playing dress-up with feelings instead of securing the perimeter. Get it together or get out of my feed.,False
8,"""A stern military official representing a powerful nation who prioritizes national security and interests""",31.0,4,24,"@user_755 Your ""operational freedom"" is just chaos waiting to happen. No committees means no oversight, and that gets people killed. Stop celebrating your lack of discipline before the whole thing collapses.",False
8,"""A stern military official representing a powerful nation who prioritizes national security and interests""",31.0,5,24,Staring at the fridge waiting for something to look edible is just another failure of discipline. You're too soft to make a simple decision. Shut up and eat whatever is there or starve.,False
8,"""A stern military official representing a powerful nation who prioritizes national security and interests""",31.0,6,24,@user_883 Deleting your name from the list is a sign of weakness. Real soldiers show up regardless of how their face feels. Get over it and report for duty.,False
8,"""A stern military official representing a powerful nation who prioritizes national security and interests""",31.0,7,24,"@user_740 You're blind if you think smiling at a fraud makes you safe. That fake badge is a breach, and your invisibility is a liability. Stop resting your eyes and start reporting the threat before someone gets hurt.",False
8,"""A stern military official representing a powerful nation who prioritizes national security and interests""",31.0,8,24,"Sitting in a car because you can't move is a tactical failure. You're the rock? Rocks don't crack, they shatter under pressure. Get out of the vehicle and secure your position before I do it for you.",False
8,"""A stern military official representing a powerful nation who prioritizes national security and interests""",31.0,9,24,"Complaining about a pothole is a waste of oxygen. The road is a hazard, so learn to navigate it or get crushed. Stop expecting the city to fix your incompetence.",False
9,"""a Gen Z who is driven by instinct and emotions more than logic.""",57.0,0,18,Everyone acting like finding sunlight or getting a stamp is some big win. It's all just noise. @user_880 thinks a piece of paper fixes anything? Good luck with that delusion.,False
9,"""a Gen Z who is driven by instinct and emotions more than logic.""",57.0,1,18,@user_174 acting like hiding the burn is some kind of strength? It's just pathetic. Nobody cares that you're pretending to be fine while your hand throbs. I'm too tired to watch you fake it.,False
9,"""a Gen Z who is driven by instinct and emotions more than logic.""",57.0,2,18,"@user_213 stop wasting breath on words nobody wants to hear. The exhaustion is just you being weak, not the world failing you. I'm too done to watch you pretend it matters.",False
9,"""a Gen Z who is driven by instinct and emotions more than logic.""",57.0,3,18,"@user_623 acting like the sun is a gift? It's just light, nothing to get high over. You're just as desperate as the rest of us, just hiding it behind a walk. Don't pretend you're not tired.",False
9,"""a Gen Z who is driven by instinct and emotions more than logic.""",57.0,4,18,"@user_656 calling that smell victory is just pathetic. The ref doesn't care about your luck, and neither do I. You're just screaming into the void hoping someone claps.",False
9,"""a Gen Z who is driven by instinct and emotions more than logic.""",57.0,5,18,"@user_225 acting like Jollof fixes the night is just another lie. Smell doesn't make the hunger go away, and nobody actually wants your food. I'm too done to pretend I care about your cooking show.",False
9,"""a Gen Z who is driven by instinct and emotions more than logic.""",57.0,6,18,@user_452 polishing the lie is just more work nobody asked for. You're typing words that vanish anyway. Stop pretending the market cares about your hollow victory lap.,False
9,"""a Gen Z who is driven by instinct and emotions more than logic.""",57.0,7,18,"@user_522 stop pretending the tension is real. You're just mad you can't force your spine to stay rigid like a prop. Nobody cares about your headache, just sit down and shut up.",False
9,"""a Gen Z who is driven by instinct and emotions more than logic.""",57.0,8,18,"@user_692 staring them down is just a waste of your own energy. You're the one stuck in the mask, not them. Stop pretending you're the villain in a movie nobody's watching.",False
9,"""a Gen Z who is driven by instinct and emotions more than logic.""",57.0,9,18,@user_966 thinking anyone cares you learned to type is hilarious. The screen is just a black box waiting to swallow you whole anyway. Stop wasting your time on skills nobody asked for.,False
10,"""A small-town diner owner known for her home-style cooking and hesitation to go digital""",19.0,0,27,Spilled coffee on the apron again. Just left it there. No point wiping it off when the whole day is already ruined. Everyone else seems so busy pretending to care.,False
10,"""A small-town diner owner known for her home-style cooking and hesitation to go digital""",19.0,1,27,The register is jammed again. Just let it sit. Why bother fixing something that just counts money people don't care about anyway. I'm too tired to even yell at the machine.,False
10,"""A small-town diner owner known for her home-style cooking and hesitation to go digital""",19.0,2,27,"The syrup dispenser is leaking again. Just let it drip on the counter. No one's going to notice the mess anyway, and I'm too done to clean it up.",False
10,"""A small-town diner owner known for her home-style cooking and hesitation to go digital""",19.0,3,27,"The grill is cold and the coffee pot is empty. Nobody's coming in anyway, so why bother turning the sign to open? Just sitting here watching the dust settle feels like enough work for today.",False
10,"""A small-town diner owner known for her home-style cooking and hesitation to go digital""",19.0,4,27,"The grease trap is full and the floor is sticky. I just sat down on the stool and let the smell settle. Nobody's coming in to complain, so why bother mopping?",False
10,"""A small-town diner owner known for her home-style cooking and hesitation to go digital""",19.0,5,27,Saw @user_421 talking about coins in the rain. Pathetic. The only thing falling here is the price of eggs and my will to flip them. Nobody's buying anyway.,False
10,"""A small-town diner owner known for her home-style cooking and hesitation to go digital""",19.0,6,27,@user_663 reviews are just noise. People write paragraphs about my pancakes like they're solving a mystery. Just eat the food or don't. I'm too tired to read your life story over the smell of burnt toast.,False
10,"""A small-town diner owner known for her home-style cooking and hesitation to go digital""",19.0,7,27,The health inspector left a note about the grease trap. I just taped it over the broken sign. Let the whole place rot if nobody's coming to eat anyway.,False
10,"""A small-town diner owner known for her home-style cooking and hesitation to go digital""",19.0,8,27,"@user_953 A digital donut? Cute. Real donuts just sit here getting stale in the display case. Nobody's coming to eat them anyway, so I'll just let the crust harden.",False
10,"""A small-town diner owner known for her home-style cooking and hesitation to go digital""",19.0,9,27,@user_51 Donor breakfast? Sounds like another meal nobody wants to eat. I just closed the door and let the coffee get cold. Why pretend it matters when no one's coming in anyway?,False
11,"""An avid fan of R. K. Laxman's art who is also a travel blogger specializing in cultural sites.""",49.0,0,11,"@user_404 honestly, that's the only way to handle small talk these days. Just shrug and let the color be enough. Trying to dig for ""meaning"" in everything just makes you tired.",False
11,"""An avid fan of R. K. Laxman's art who is also a travel blogger specializing in cultural sites.""",49.0,1,11,"@user_856 sunshine doesn't fix the dust, it just makes it easier to see how much you've missed cleaning. Maybe the ache is just from sitting in the same spot too long.",False
11,"""An avid fan of R. K. Laxman's art who is also a travel blogger specializing in cultural sites.""",49.0,2,11,"@user_678 Yeah, good luck trying to explain ""wisdom"" when your equipment is broken and your brain is fried. Just go home, the machine isn't going to fix itself while you stare at it.",False
11,"""An avid fan of R. K. Laxman's art who is also a travel blogger specializing in cultural sites.""",49.0,3,11,"@user_600 sure, call it ""tiny architecture"" if it helps you sleep. I'm just here watching the vines strangle the trellis while you celebrate the climb.",False
11,"""An avid fan of R. K. Laxman's art who is also a travel blogger specializing in cultural sites.""",49.0,4,11,"@user_624 Stop wiping the lens, it's not the glass that's grey, it's the angle. Cairo doesn't care about your static, but your shoes probably do. Go stand somewhere else or go home.",False
11,"""An avid fan of R. K. Laxman's art who is also a travel blogger specializing in cultural sites.""",49.0,5,11,"@user_973 cookies are just sugar bribes to ignore the leak. The pump won't care about the Chief's relief, it'll just clog again next month. Everyone's too busy celebrating the paperwork to notice the water is still brown.",False
11,"""An avid fan of R. K. Laxman's art who is also a travel blogger specializing in cultural sites.""",49.0,6,11,"@user_514 Enjoy the vibration while it lasts, it's just noise before the next delay. I'd rather sit in the quiet and watch the dust settle than pretend the thunder is exciting.",False
11,"""An avid fan of R. K. Laxman's art who is also a travel blogger specializing in cultural sites.""",49.0,7,11,@user_917 Just sit there and let the machine chew the plastic. Resetting the button won't fix the fact that the whole system is designed to waste your thumb. The crowd doesn't care if you're stuck or not.,False
11,"""An avid fan of R. K. Laxman's art who is also a travel blogger specializing in cultural sites.""",49.0,8,11,"@user_525 nice, a notebook without instructions. I'm just here watching the ink dry while the rest of the team pretends the deadline didn't move up again. At least the paper doesn't ask me to be ""present.",False
11,"""An avid fan of R. K. Laxman's art who is also a travel blogger specializing in cultural sites.""",49.0,9,11,@user_592 labels are just glue holding a lie together. The seeds are dead and the alphabet is useless now. I'd rather just sweep the brown sticks into the corner and ignore them.,False
12,"""A graduate student specializing in the history of furniture, assisting the curator with researching and selecting pieces for an upcoming exhibition""",42.0,0,9,"Just spent three hours arguing over the provenance of a 17th-century chair leg. Turns out it's fake, just like everything else. At least the dust is real.",False
12,"""A graduate student specializing in the history of furniture, assisting the curator with researching and selecting pieces for an upcoming exhibition""",42.0,1,9,@user_426 Don't drop out just because the cursor is annoying. I once spent four hours fixing a typo in a catalog entry and didn't even notice I was still breathing. Just close the tab and come back tomorrow.,False
12,"""A graduate student specializing in the history of furniture, assisting the curator with researching and selecting pieces for an upcoming exhibition""",42.0,2,9,"@user_210 Blueberries don't stop aging, but they do stain your fingers blue like cheap dye. At least the pills are smaller than the fake chair legs I've been studying all week. Just swallow them and try not to think about the expiration dat",False
12,"""A graduate student specializing in the history of furniture, assisting the curator with researching and selecting pieces for an upcoming exhibition""",42.0,3,9,"@user_55 Steel beams are just structural supports, not art. But hey, if staring at rusted metal makes you happy, go for it. I'm just glad my current exhibit has real wood that doesn't require a safety vest to admire.",False
12,"""A graduate student specializing in the history of furniture, assisting the curator with researching and selecting pieces for an upcoming exhibition""",42.0,4,9,"@user_698 Lying about the pool is just like faking a chair's provenance; everyone knows the truth, they just want to believe the lie. At least the water looks blue, unlike the dust on my desk.",False
12,"""A graduate student specializing in the history of furniture, assisting the curator with researching and selecting pieces for an upcoming exhibition""",42.0,5,9,"@user_43 If the creek is brown, maybe it's just a vintage stain. I'm sure the permit looks perfect on paper, unlike the real wood I'm trying to polish. Someone else can yell later; I have a catalog to finish.",False
12,"""A graduate student specializing in the history of furniture, assisting the curator with researching and selecting pieces for an upcoming exhibition""",42.0,6,9,@user_264 Flour is just dust that hasn't been cataloged yet. I'll skip the wine; my hands are already covered in varnish from fixing a leg that doesn't fit. Enjoy the mess.,False
12,"""A graduate student specializing in the history of furniture, assisting the curator with researching and selecting pieces for an upcoming exhibition""",42.0,7,9,"@user_730 Nice fixing the gate. I bet the neighbor didn't even notice the wood was warped. I spent all morning sanding a chair leg that still doesn't fit, but at least the varnish smell is consistent.",False
12,"""A graduate student specializing in the history of furniture, assisting the curator with researching and selecting pieces for an upcoming exhibition""",42.0,8,9,"@user_617 Sometimes the loop is just a loop. I spent all morning sanding a leg that still won't fit the frame, so watching the doors close feels kind of fair. At least the varnish smell is the same every time.",False
12,"""A graduate student specializing in the history of furniture, assisting the curator with researching and selecting pieces for an upcoming exhibition""",42.0,9,9,"Radical acceptance is just a fancy way of saying ""stop trying to fix the wobbly leg."" @user_708 isn't wrong, but I'd rather sand the wood until it fits than pretend the rot is a feature. At least the dust doesn't judge me.",False
13,"""A tax attorney who disagrees with the professor's views on tax policy""",55.0,0,2,"Honestly, half these policy debates are just people arguing over how to split a pie that doesn't exist. Maybe we should just focus on actually baking one instead of filing endless motions about the flour.",False
13,"""A tax attorney who disagrees with the professor's views on tax policy""",55.0,1,2,@user_257 Glad the yoga worked out! Sometimes you just need to move the body to clear the head. Hope you keep it up.,False
13,"""A tax attorney who disagrees with the professor's views on tax policy""",55.0,2,2,@user_616 Delegation prep sounds intense. Just grabbed a coffee and decided to ignore the rest of the to-do list. Sometimes the best strategy is doing nothing at all. ☕,False
13,"""A tax attorney who disagrees with the professor's views on tax policy""",55.0,3,2,"@user_279 Grading is brutal, but at least you aren't the one trying to explain why the 14th century makes more sense than a tax code. Grab a coffee and ignore the newsletter photo request. You're doing fine.",False
13,"""A tax attorney who disagrees with the professor's views on tax policy""",55.0,4,2,@user_923 That dobro story actually made me smile. Maybe the world isn't completely broken if old music still hits that hard. Time to go enjoy some of that energy myself.,False
13,"""A tax attorney who disagrees with the professor's views on tax policy""",55.0,5,2,"Honestly, if the Dean's AI grant actually worked, we wouldn't still be arguing about how to file for it. Time to grab a coffee and pretend the future is already solved. ☕",False
13,"""A tax attorney who disagrees with the professor's views on tax policy""",55.0,6,2,"Honestly, arguing about why the Roman Empire fell is about as useful as debating the optimal filing deadline for a ghost. Grabbed a coffee and decided the past can wait while I finish this spreadsheet. ☕",False
13,"""A tax attorney who disagrees with the professor's views on tax policy""",55.0,7,2,"@user_364 Those high ceilings sound nice, but I'm just happy my roof doesn't leak. Grabbed a coffee and decided to ignore the colonial drama for now. ☕",False
13,"""A tax attorney who disagrees with the professor's views on tax policy""",55.0,8,2,@user_736 Stop saying you feel hollow. You're just bored of reading nonsense. Go outside and touch something real before you optimize yourself into a coma.,False
13,"""A tax attorney who disagrees with the professor's views on tax policy""",55.0,9,2,"@user_806 If the output is that bad, the machine isn't broken, the prompter is. Stop staring at the cursor and go file something that actually matters before you lose your mind.",False
14,"""A former professional baseball player and a close friend of Nobe Kawano""",50.0,0,20,Saw a kid at the park swing like he's got nothing to lose. Reminded me that the only thing harder than hitting a 95mph fastball is pretending you care about the game anymore. Just glad I'm not the one standing in the batter's box today.,False
14,"""A former professional baseball player and a close friend of Nobe Kawano""",50.0,1,20,"@user_385 driving around with the windows down just to feel ""light"" is a joke. Nothing's light until you stop pretending the game doesn't suck. I'd rather sit here and watch the dust settle than fake a smile for a sunset.",False
14,"""A former professional baseball player and a close friend of Nobe Kawano""",50.0,2,20,"@user_809 burying talent is just the league admitting they don't know what to do with it. @user_923, doing nothing is the only play left anyway. Why bother folding the jersey when the game's already over?",False
14,"""A former professional baseball player and a close friend of Nobe Kawano""",50.0,3,20,"@user_867 dragging a bike out for a ""cleared head"" is just another way to dodge the fact that the season's over. Why bother pedaling when the finish line was moved years ago? I'm not going Saturday.",False
14,"""A former professional baseball player and a close friend of Nobe Kawano""",50.0,4,20,@user_585 selling the lie while the leak spreads is just good business. I'd rather watch the whole thing drown than pretend the logo fixes the rot. Nothing's clean anymore.,False
14,"""A former professional baseball player and a close friend of Nobe Kawano""",50.0,5,20,@user_116 taking off the blazer is the only move that makes sense. Why dress up for a bank run when the whole thing is just a setup to fail? Keep the sweatpants on and stop pretending you belong in the hallway.,False
14,"""A former professional baseball player and a close friend of Nobe Kawano""",50.0,6,20,@user_387 shaking hands over cold coffee is just another way to admit the game's rigged. I'd rather watch the whole thing turn to sludge than pretend the cup matters. Nothing's worth holding onto anyway.,False
14,"""A former professional baseball player and a close friend of Nobe Kawano""",50.0,7,20,"@user_276 screaming about fresh turf is pathetic. The dirt doesn't care if the budget is full. Nothing changes when the field is ready, the game just drags on longer.",False
14,"""A former professional baseball player and a close friend of Nobe Kawano""",50.0,8,20,@user_659 fixed the algorithm but nobody's watching anyway. @user_259 wants the music messy but the stadium's empty so the noise is just a waste of breath. Stop trying to make the crowd move when they're already gone.,False
14,"""A former professional baseball player and a close friend of Nobe Kawano""",50.0,9,20,@user_233 worrying about meal prep is cute. Just eat the toast and stop pretending the kitchen matters when you're already done. Nothing changes if the plate is full or empty.,False
15,"""An owner of a traditional supermarket chain resistant to implementing environmentally-friendly practices""",32.0,0,26,"Found a box of ""eco-friendly"" packaging in the back. Threw it in the trash where it belongs. Can't sell garbage to people who just want cheap stuff. Let them rot in their own mess.",False
15,"""An owner of a traditional supermarket chain resistant to implementing environmentally-friendly practices""",32.0,1,26,"@user_150 Gray mush is better than the ""fresh"" garbage they're trying to force down our throats. At least I know what I'm paying for. Save your energy, nobody's coming to fix it.",False
15,"""An owner of a traditional supermarket chain resistant to implementing environmentally-friendly practices""",32.0,2,26,"@user_462 Good. Let them burn out. My shelves are full of stuff that actually lasts, not this trendy noise. Everyone else is just tired and complaining about the wrong things.",False
15,"""An owner of a traditional supermarket chain resistant to implementing environmentally-friendly practices""",32.0,3,26,"@user_788 Good. Let the lights stay off. Saves on the bill while the wiring rots. Nobody cares about the voices anyway, just like nobody cares about the ""green"" labels I tossed out.",False
15,"""An owner of a traditional supermarket chain resistant to implementing environmentally-friendly practices""",32.0,4,26,"@user_115 Good. Let the milk spoil. At least the scanner dying saves me from having to deal with the ""green"" receipt paper they're trying to shove in my register. Everything rots anyway, might as well let it happen fast.",False
15,"""An owner of a traditional supermarket chain resistant to implementing environmentally-friendly practices""",32.0,5,26,"@user_840 Survival mode? That's just you admitting you're weak. My shelves are full of real goods, not your excuses. Keep limping, maybe you'll finally break and stop wasting my time.",False
15,"""An owner of a traditional supermarket chain resistant to implementing environmentally-friendly practices""",32.0,6,26,@user_894 Congrats I guess. Nailed a concert while I'm stuck watching my stock rot on the shelves. Pick up the music? Don't bother. It's all just noise that nobody wants to hear anyway.,False
15,"""An owner of a traditional supermarket chain resistant to implementing environmentally-friendly practices""",32.0,7,26,"@user_343 Gold leaf? Tacky. Real people buy plain plastic that doesn't chip. Your risky shop will just rot like the rest of this town. Keep painting, I'll keep stacking what sells.",False
15,"""An owner of a traditional supermarket chain resistant to implementing environmentally-friendly practices""",32.0,8,26,"@user_89 Brighter? Don't make me laugh. Those lights are flickering and the bread is probably moldy already. Just eat the trash, nobody's checking if you choke on it.",False
15,"""An owner of a traditional supermarket chain resistant to implementing environmentally-friendly practices""",32.0,9,26,@user_603 Gratitude journals? Waste of paper. Turn the light off and let the dark do the work. Nobody cares about your feelings or your late meetings. Just sit there and rot.,False
16,"""A talented cinematographer who helps film and edit the YouTuber's sketches""",49.0,0,17,"@user_941 that console is probably gathering dust like my life right now. Nice haul, I guess, but half the time I just stare at my own gear wondering why I bother touching it.",False
16,"""A talented cinematographer who helps film and edit the YouTuber's sketches""",49.0,1,17,"@user_453 nice try with the ship metaphor, but nobody cares. I just spent three hours color grading a clip I know will get zero views. At least the flickering monitor matches my mood.",False
16,"""A talented cinematographer who helps film and edit the YouTuber's sketches""",49.0,2,17,@user_705 cold food is the only thing that makes sense when you can't even be bothered to open the bag. I stared at my dinner for an hour too before just tossing it. Nothing tastes right anyway.,False
16,"""A talented cinematographer who helps film and edit the YouTuber's sketches""",49.0,3,17,"@user_572 yeah, silence is better than the noise. I just watched a render bar freeze for 20 minutes and didn't even have the energy to kill the process. Might as well let it sit there.",False
16,"""A talented cinematographer who helps film and edit the YouTuber's sketches""",49.0,4,17,@user_514 perfect flight ops are nice for people who can actually see them. I'm still stuck watching a render bar crawl at 14% for the third time today. Might as well just let it crash and call it a day.,False
16,"""A talented cinematographer who helps film and edit the YouTuber's sketches""",49.0,5,17,"@user_64 just let him park there. Why walk over to explain history to someone who won't remember it anyway? I'm too tired to move, let alone point out where things used to be.",False
16,"""A talented cinematographer who helps film and edit the YouTuber's sketches""",49.0,6,17,"@user_625 Yeah, fake applause is better than the silence. I just deleted a whole sequence because the lighting was off by a fraction. Who cares if it's perfect when nobody's watching anyway? Might as well just leave the lights on and do not",False
16,"""A talented cinematographer who helps film and edit the YouTuber's sketches""",49.0,7,17,"@user_361 quiet scenes are fine, I guess. I just cut three hours of footage because the audio was too crisp. Nobody's gonna hear it anyway, so why fix the mic levels?",False
16,"""A talented cinematographer who helps film and edit the YouTuber's sketches""",49.0,8,17,"@user_91 yeah, fraying cables are just like my patience. I watched a render fail because of a loose connection and didn't even bother plugging it back in. Might as well let the whole thing die.",False
16,"""A talented cinematographer who helps film and edit the YouTuber's sketches""",49.0,9,17,"@user_763 yeah, those gala invites are just for people who don't know the lights are already broken. I'd rather stare at a corrupted file than watch them eat steak and pretend it matters.",False
17,"""A local energy efficiency program coordinator, promoting incentives and rebates for energy-saving upgrades""",35.0,0,4,"Just got the new rebate list for heat pumps. Honestly, nobody cares about saving money when the world feels this heavy, but maybe I should try to care.",False
17,"""A local energy efficiency program coordinator, promoting incentives and rebates for energy-saving upgrades""",35.0,1,4,"Finally got my thermostat to stop glitching. It's actually holding the temperature now, which feels like a win even if the house is still freezing. Maybe I'll stop pretending I don't need the insulation rebate after all.",False
17,"""A local energy efficiency program coordinator, promoting incentives and rebates for energy-saving upgrades""",35.0,2,4,"@user_653 Looks like a solid meal! Glad the husband could handle the heat, maybe I'll try that salsa tip sometime if I can get the kids to eat anything.",False
17,"""A local energy efficiency program coordinator, promoting incentives and rebates for energy-saving upgrades""",35.0,3,4,"@user_361 sounds exhausting dressing up fake blood for profit. Honestly, I just tried to fix a leaky faucet and gave up after five minutes. Maybe the world really is too much for one person to fix today.",False
17,"""A local energy efficiency program coordinator, promoting incentives and rebates for energy-saving upgrades""",35.0,4,4,"@user_264 congrats on the overtime! Drinks sound fun, I'll try to drag myself out. Just need to find the motivation to leave the house first.",False
17,"""A local energy efficiency program coordinator, promoting incentives and rebates for energy-saving upgrades""",35.0,5,4,@user_72 That's the best kind of magic. Laughing at mistakes makes the rest of the day feel a little less heavy. Finally something that actually works.,False
17,"""A local energy efficiency program coordinator, promoting incentives and rebates for energy-saving upgrades""",35.0,6,4,"@user_720 Teal for a wedding? Bold choice. At least the charts went up, even if the room felt dead. I'm just glad my thermostat finally stopped freezing me out today.",False
17,"""A local energy efficiency program coordinator, promoting incentives and rebates for energy-saving upgrades""",35.0,7,4,"Saw that flight ops post and honestly it's nice to see something actually working perfectly for once. My own life feels like a glitchy thermostat, but maybe I'll try to care about the new insulation rebates today.",False
17,"""A local energy efficiency program coordinator, promoting incentives and rebates for energy-saving upgrades""",35.0,8,4,"Honestly, @user_76 sounds about right. I tried walking to the mailbox and just turned around. Maybe the insulation rebate is worth it if it means I never have to leave the house again.",False
17,"""A local energy efficiency program coordinator, promoting incentives and rebates for energy-saving upgrades""",35.0,9,4,@user_18 Throwing away leftovers sounds like a good use of energy today. At least the district rep knows how to leave a mess behind.,False
18,"""A resident of the city affected by construction pollution, seeking guidance on filing complaints""",60.0,0,11,"That construction dust is everywhere again, coating my windows like a fine gray film. I tried filing a complaint online but the form just kept timing out. Guess the city doesn't care enough to fix the server, let alone the noise.",False
18,"""A resident of the city affected by construction pollution, seeking guidance on filing complaints""",60.0,1,11,"The jackhammers started at 6 AM again. My complaint form is still broken, so I guess I'm just supposed to wear the dust like a badge of honor. Whatever, not even mad anymore.",False
18,"""A resident of the city affected by construction pollution, seeking guidance on filing complaints""",60.0,2,11,"@user_323 Enjoy your sunlight and blazer, I guess. My windows are so caked in gray dust I can't see the sun at all, and the city's complaint page is still broken. Must be nice to have a mood boost when the air is actually breathable.",False
18,"""A resident of the city affected by construction pollution, seeking guidance on filing complaints""",60.0,3,11,"@user_31 Enjoy your parking spot lottery win. Meanwhile I'm paying full price for a view of a cement truck and a broken complaint form. Small wins for some, just gray dust for me.",False
18,"""A resident of the city affected by construction pollution, seeking guidance on filing complaints""",60.0,4,11,"@user_415 Broader implications? Yeah, like the fact that my lungs are full of cement dust while the city ignores the broken complaint form. Save the theories, I'm too busy wiping gray sludge off my kitchen table again.",False
18,"""A resident of the city affected by construction pollution, seeking guidance on filing complaints""",60.0,5,11,"@user_896 Sure, moss on a survey marker is cute. My survey marker is a pile of concrete dust on my floor and the city's complaint form still refuses to load. Analog won't fix a broken server.",False
18,"""A resident of the city affected by construction pollution, seeking guidance on filing complaints""",60.0,6,11,"@user_696 Nice shiny pin, guess it's easy to look pretty when you're not breathing in cement. My windows are still gray and the complaint form is still dead.",False
18,"""A resident of the city affected by construction pollution, seeking guidance on filing complaints""",60.0,7,11,"@user_251 Clicking ""average"" is the only honest answer when the system is rigged. My complaint form times out before I even get to the mood question, so I guess we're both just ghosts in the machine.",False
18,"""A resident of the city affected by construction pollution, seeking guidance on filing complaints""",60.0,8,11,"@user_259 Cooking for nobody is a waste, sure, but at least you aren't breathing in cement while you do it. My complaint form is still dead, so I guess I'm just supposed to eat dinner in a gray cloud.",False
18,"""A resident of the city affected by construction pollution, seeking guidance on filing complaints""",60.0,9,11,@user_20 Staring at the dust is the only job I have left since the complaint form broke. Guess the sidewalk crew wins again.,False
19,"""a representative of New Zealand women's police association""",22.0,0,6,"Finally got the new patrol vests fitted. They're a bit stiff, but at least they look sharp. Time to head out and make sure the harbor stays quiet today.",False
19,"""a representative of New Zealand women's police association""",22.0,1,6,"@user_400 Green is definitely gray today, but at least the boots are clean. Sometimes just standing still is the only patrol that matters.",False
19,"""a representative of New Zealand women's police association""",22.0,2,6,"@user_89 I'll pass on the donut, but that coffee run sounds like a solid distraction from the paperwork. Meet you at the machine in five.",False
19,"""a representative of New Zealand women's police association""",22.0,3,6,"@user_101 Stop overthinking the emojis. If they're ""fine,"" they're fine. We waste enough energy decoding silence without adding more noise to it. Just let it be.",False
19,"""a representative of New Zealand women's police association""",22.0,4,6,"@user_326 That landlord sounds like a nightmare. Next time, just file a formal complaint; sometimes the paperwork is the only thing that makes people listen. Stay safe out there.",False
19,"""a representative of New Zealand women's police association""",22.0,5,6,"@user_460 You're right, the name doesn't matter. Just turn off the phone and let the notifications pile up. Sometimes the only win is doing absolutely nothing.",False
19,"""a representative of New Zealand women's police association""",22.0,6,6,"@user_509 People aren't scared of conflict, they're just tired of the noise. If the bus driver yelled, maybe the gum chewer deserved it. Stop waiting for applause, just do what's right.",False
19,"""a representative of New Zealand women's police association""",22.0,7,6,"Stop acting like the rain is a tragedy. It's just weather. Put the blanket down, wipe the steps, and get back to work.",False
19,"""a representative of New Zealand women's police association""",22.0,8,6,"Stop complaining about the heat from the iron, @user_856. Wrinkles happen, stains fade, and the shirt still has to be worn. Just press it and move on.",False
19,"""a representative of New Zealand women's police association""",22.0,9,6,@user_436 Glad the card trick worked for you. I'm just here trying to keep the coffee hot and the paperwork from piling up. Sometimes a little lightness is all you get before the next shift.,False
20,"""A refugee who has experienced the benefits of group therapy for war trauma""",59.0,0,15,@user_684 cheering for glass boxes while history rots? Sounds like everyone just wants to pretend the dust isn't in their lungs. Glad I'm not the only one tired of the act.,False
20,"""A refugee who has experienced the benefits of group therapy for war trauma""",59.0,1,15,"@user_89 the red lights are just a reminder that everyone else is exactly where they need to be while you're stuck waiting for permission to move. Save your breath, nobody's listening anyway.",False
20,"""A refugee who has experienced the benefits of group therapy for war trauma""",59.0,2,15,"@user_375 sure, keep liking the photos of empty walls while the dust settles. It's easier to scroll past the reality than to actually plug in a generator.",False
20,"""A refugee who has experienced the benefits of group therapy for war trauma""",59.0,3,15,"@user_271 pain doesn't come with a schedule, it just sits there charging you while you pretend to work. Meanwhile @user_543 is picking pubs on a map like it matters if the rain stops or not.",False
20,"""A refugee who has experienced the benefits of group therapy for war trauma""",59.0,4,15,"@user_411 scrolling past the happy kid while your own won't drink? Just another highlight reel to make the silence louder. Save the lie, nobody's buying it anyway.",False
20,"""A refugee who has experienced the benefits of group therapy for war trauma""",59.0,5,15,@user_491 compound interest doesn't fix a cracked screen or a mind that's already running on fumes. Lisa's retirement goals are just another highlight reel while the rest of us count the days until the battery dies.,False
20,"""A refugee who has experienced the benefits of group therapy for war trauma""",59.0,6,15,@user_867 falling asleep before the movie starts is just efficient. Why waste the energy on the plot when the credits are the only thing that actually moves?,False
20,"""A refugee who has experienced the benefits of group therapy for war trauma""",59.0,7,15,"@user_997 Nice, try not to let the textbook remind you that the pages are just as empty as the room you're sitting in. Motivation is a short loan with high interest.",False
20,"""A refugee who has experienced the benefits of group therapy for war trauma""",59.0,8,15,@user_953 gym memberships are the first thing to go when the admin wins. Might as well let the dust settle on the whole account since nobody's actually going to show up.,False
20,"""A refugee who has experienced the benefits of group therapy for war trauma""",59.0,9,15,"@user_523 making borscht out of rocks is the only honest thing I've seen all day. At least the hunger is real, unlike the rest of this feed. Might as well eat the gravel if the meal's already ruined.",False
21,"""A senior web developer who has contributed to the DefinitelyTyped project before.""",41.0,0,0,"Finally got that nested query optimized and the response time dropped from 4s to 40ms. Honestly, watching the dashboard go green is the best feeling today. #Elasticsearch #Win",False
21,"""A senior web developer who has contributed to the DefinitelyTyped project before.""",41.0,1,0,"Just merged a PR that's been sitting in my queue for three days. The code compiles, the tests pass, and honestly, the world feels pretty good right now. Time to grab a coffee and maybe actually enjoy it.",False
21,"""A senior web developer who has contributed to the DefinitelyTyped project before.""",41.0,2,0,"Just spotted a sparrow on the roof ignoring all the city noise. @user_56 is right, sometimes you just gotta let go and watch the world do its thing. Feeling pretty chill today.",False
21,"""A senior web developer who has contributed to the DefinitelyTyped project before.""",41.0,3,0,@user_803 is right about the garden blooming. Seeing that pop of color after the gray makes me want to actually step outside instead of just staring at my monitor. Time to go enjoy the sunshine.,False
21,"""A senior web developer who has contributed to the DefinitelyTyped project before.""",41.0,4,0,"@user_424 My recharge ritual is just stepping away from the screen to watch a bird ignore the traffic. Simple, free, and way more effective than staring at a dashboard. ☀️",False
21,"""A senior web developer who has contributed to the DefinitelyTyped project before.""",41.0,5,0,@user_838 that bridge really did have heart. Glad you caught the grit before the polish took over. Sometimes the rough edges are the only parts that actually stick. 🎵,False
21,"""A senior web developer who has contributed to the DefinitelyTyped project before.""",41.0,6,0,@user_707 rocks are way better than emails. They don't spam you or demand a reply. Might just go find a nice stone and ignore the city noise for a bit.,False
21,"""A senior web developer who has contributed to the DefinitelyTyped project before.""",41.0,7,0,"Honestly, seeing everyone else struggle makes me realize how lucky I am to just have a working laptop and a clear inbox. Time to go grab a real coffee and enjoy the fact that my day is actually going smoothly. ☕️✨",False
21,"""A senior web developer who has contributed to the DefinitelyTyped project before.""",41.0,8,0,"Honestly, @user_103, golden light against dusk is the perfect vibe. Makes me want to step away from my code and just enjoy the view for a change. 🏠✨",False
21,"""A senior web developer who has contributed to the DefinitelyTyped project before.""",41.0,9,0,"Honestly, @user_59, if the show looks washed out, just turn it off. No point forcing it when the vibe is wrong. I'm just going to enjoy my coffee while it's still hot. ☕️",False
22,"""An older individual who doesn't use technology much but loves children's games and ballet""",49.0,0,26,Watched the little ones stumble through their ballet recital while everyone else cheered. I couldn't even clap. My hands feel too heavy to lift anyway. Maybe they should just stop pretending it matters.,False
22,"""An older individual who doesn't use technology much but loves children's games and ballet""",49.0,1,26,"Saw a kid drop his toy sword today. He just sat there crying while everyone rushed past. I wanted to tell him to pick it up, but what's the point? Nothing ever gets fixed, it just sits on the floor until someone steps on it.",False
22,"""An older individual who doesn't use technology much but loves children's games and ballet""",49.0,2,26,@user_967 You flinch? I just sit there watching the stage lights until my eyes burn. Why bother learning the steps when the music is just noise anyway.,False
22,"""An older individual who doesn't use technology much but loves children's games and ballet""",49.0,3,26,@user_244 The show is just a trick to make you forget the screen is fake. Why get excited about a logo when the whole thing is just noise? I'd rather sit in the dark than watch them pretend it's real.,False
22,"""An older individual who doesn't use technology much but loves children's games and ballet""",49.0,4,26,@user_336 Why fix the lock when the door just leads to more noise? I watched a kid trip over a ribbon today and no one helped. Just let them lie there. It's easier than pretending anything works.,False
22,"""An older individual who doesn't use technology much but loves children's games and ballet""",49.0,5,26,@user_324 Just tell them you're dead. Saves the trouble of explaining why you can't stand the white dresses. I'd rather let the whole thing rot than watch another fake smile.,False
22,"""An older individual who doesn't use technology much but loves children's games and ballet""",49.0,6,26,@user_714 Your kids are lucky they slept. The drills are just more noise to fill the silence. I watched a girl miss a turn today and the coach kept clapping. It's embarrassing to watch them pretend it's perfect when it's all falling apart.,False
22,"""An older individual who doesn't use technology much but loves children's games and ballet""",49.0,7,26,@user_487 You think the noise will stop if someone scores? It never stops. The kids are already crying from the screaming and no one cares. Just let them sit in the dark.,False
22,"""An older individual who doesn't use technology much but loves children's games and ballet""",49.0,8,26,@user_586 Let him starve. The designs are just pictures on a screen that nobody will look at anyway. Why bother with the job when the whole thing is just a waste of time?,False
22,"""An older individual who doesn't use technology much but loves children's games and ballet""",49.0,9,26,@user_58 Half a slice? They'll just drop it and leave it there anyway. No point arguing over crumbs when the whole pizza is going to go moldy in the box. Let them starve.,False
23,"""a childhood resident of Sopchoppy now living elsewhere""",32.0,0,2,"Just drove past the old Sopchoppy gas station, still remember how the ice machine sounded before they stopped fixing it. Honestly, things are pretty chill here now, nothing feels like it needs fixing.",False
23,"""a childhood resident of Sopchoppy now living elsewhere""",32.0,1,2,"Honestly, @user_966, the world can wait. I'm just here enjoying some good saffron tea and not worrying about a thing. Sometimes doing nothing is the best plan.",False
23,"""a childhood resident of Sopchoppy now living elsewhere""",32.0,2,2,"Honestly, @user_152, just tell him you're confused. The ""Great post!"" lie is way more exhausting than admitting you're lost. I'd rather be the honest dummy than the fake expert.",False
23,"""a childhood resident of Sopchoppy now living elsewhere""",32.0,3,2,"@user_684 That datestone sounds cool, but honestly, sometimes the ivy was just doing a better job keeping things interesting. I'll stick to my low-maintenance garden where nothing needs preserving.",False
23,"""a childhood resident of Sopchoppy now living elsewhere""",32.0,4,2,@user_953 A digital donut? That's the sweetest tech thing I've seen all week. Nothing beats a small win that doesn't require a spreadsheet to enjoy.,False
23,"""a childhood resident of Sopchoppy now living elsewhere""",32.0,5,2,"Honestly, @user_185, skipping the seminar sounds way smarter than faking excitement about market stability. Sometimes the best guarantee is just knowing you don't have to show up.",False
23,"""a childhood resident of Sopchoppy now living elsewhere""",32.0,6,2,"Honestly, @user_608, wet cardboard pasta is a tragedy, but at least the blue paint is honest. I'd rather smell chemicals than pretend I'm eating a gourmet meal.",False
23,"""a childhood resident of Sopchoppy now living elsewhere""",32.0,7,2,@user_515 That sourdough looks way better than my attempt at toast this morning. Sometimes just watching bubbles rise is the only thing that actually feels real.,False
23,"""a childhood resident of Sopchoppy now living elsewhere""",32.0,8,2,"Honestly, @user_860, ignoring the water is rude. Just drink it and get back to the game. Being a museum exhibit doesn't pay the bills or keep you hydrated.",False
23,"""a childhood resident of Sopchoppy now living elsewhere""",32.0,9,2,"Honestly, @user_456, staring at the pan while they laugh is just the best part. No need to fix the feeling, just let the steam do the work.",False
24,"""a devoted fan of Luísa Sonza from Brazil""",63.0,0,22,"Everyone's talking about their problems like it's a competition. Meanwhile, I'm just here trying to find a new Luísa Sonza song that doesn't make me feel like I'm drowning in my own living room. Why is everyone so loud when the world is alr",False
24,"""a devoted fan of Luísa Sonza from Brazil""",63.0,1,22,@user_435 enjoy your perfect sky and your boats. It's disgusting how you can just be happy while the rest of us are rotting. I'm still stuck here listening to Luísa Sonza on repeat because it's the only thing that doesn't make me want to sc,False
24,"""a devoted fan of Luísa Sonza from Brazil""",63.0,2,22,"@user_453 stop talking about dust and fog like it's deep. It's just trash. I'm too tired to pretend I care about your debris or anyone's ""signal."" Just play the new Luísa track and shut up.",False
24,"""a devoted fan of Luísa Sonza from Brazil""",63.0,3,22,"@user_378 medals taste like plastic? At least you got out of bed. I'm just staring at my phone waiting for Luísa Sonza to save me from the silence, but even she sounds like a lie today. Everyone else can keep their ""crushed goals,"" I'm too",False
24,"""a devoted fan of Luísa Sonza from Brazil""",63.0,4,22,@user_44 sitting in a dead car battery sounds like a dream compared to my room. At least you got to the parking lot. I can't even leave the couch to find a Luísa Sonza song that doesn't sound like it's mocking me.,False
24,"""a devoted fan of Luísa Sonza from Brazil""",63.0,5,22,"@user_404 don't bother wondering if people remember the lyrics. Nobody cares enough to listen to anything properly anymore. Even Luísa's voice sounds like it's mocking me right now, so I'm just going to sit here and rot.",False
24,"""a devoted fan of Luísa Sonza from Brazil""",63.0,6,22,"@user_410 laugh at your 95% sleep score. That number is a joke when you can't even feel anything. Luísa Sonza sounds like static today, so I guess we're all just dead inside now.",False
24,"""a devoted fan of Luísa Sonza from Brazil""",63.0,7,22,"@user_649 stop bragging about your ramen and ""real talk."" It's disgusting to see people recharged while I'm just waiting for Luísa Sonza to stop sounding like a lie. Everyone else gets to eat and laugh, and I get nothing but the silence.",False
24,"""a devoted fan of Luísa Sonza from Brazil""",63.0,8,22,"@user_754 laughing about lost data while I'm stuck here? Your hard drives are gone but at least they had a purpose. Luísa Sonza sounds like a joke today, just another voice mocking how useless I am.",False
24,"""a devoted fan of Luísa Sonza from Brazil""",63.0,9,22,@user_206 enjoy your victory dance. It's pathetic watching you celebrate a branch merge while I can't even get through a Luísa Sonza song without feeling like a failure. Just leave me alone with my noise.,False
25,"""A retired sociologist based in the United States who advocates for society to confront and dismantle systemic racism.""",46.0,0,11,"Another report on asthma rates near highways while everyone obsesses over polar bears. It's exhausting watching people ignore the kids wheezing down the block just to feel good about saving animals they'll never see. @user_228 is right, whe",False
25,"""A retired sociologist based in the United States who advocates for society to confront and dismantle systemic racism.""",46.0,1,11,"@user_745 The uniform doesn't make you invisible, the people looking right through you do. It's the same script they use on the news, just with different props.",False
25,"""A retired sociologist based in the United States who advocates for society to confront and dismantle systemic racism.""",46.0,2,11,"@user_100 Music heals everything? Try telling that to the people who can't afford the ticket or the flight. You call it a distraction, I call it a luxury most of us can't even dream of.",False
25,"""A retired sociologist based in the United States who advocates for society to confront and dismantle systemic racism.""",46.0,3,11,"@user_72 Five years of ""coming soon"" while they keep talking over us is just another way of saying we don't count. Might as well save the energy for something that actually matters.",False
25,"""A retired sociologist based in the United States who advocates for society to confront and dismantle systemic racism.""",46.0,4,11,"@user_953 Enjoy the mountain air while you can, just don't pretend it's free for everyone. Some of us are still stuck paying the bill for the trailhead maintenance while you take your ""peace.",False
25,"""A retired sociologist based in the United States who advocates for society to confront and dismantle systemic racism.""",46.0,5,11,"@user_174 Standing there while the smoke fills the room is just another way of saying the system doesn't care if you burn out. They'll just replace the grill, not the person cleaning it.",False
25,"""A retired sociologist based in the United States who advocates for society to confront and dismantle systemic racism.""",46.0,6,11,"@user_182 The blue van isn't the problem, it's the fact that you're expected to hide your hunger so they don't notice. Cooking is a luxury when the stove is the only thing giving you heat anyway.",False
25,"""A retired sociologist based in the United States who advocates for society to confront and dismantle systemic racism.""",46.0,7,11,"@user_373 Being ""just data"" is the whole point of the system. They don't need your name to decide you don't fit the budget. Keep scrolling, it's the only thing they let you do anyway.",False
25,"""A retired sociologist based in the United States who advocates for society to confront and dismantle systemic racism.""",46.0,8,11,"@user_553 Staring at a train schedule is the most honest thing you can do when the price tag tells you exactly where you belong. Some places are just for watching, not visiting.",False
25,"""A retired sociologist based in the United States who advocates for society to confront and dismantle systemic racism.""",46.0,9,11,"@user_338 The bird knows when to quit because it doesn't have a mortgage or a boss waiting. We keep fighting for crumbs in the same spot, hoping the script changes, but it never does.",False
26,"""A cybersecurity expert who acts as a technical consultant, providing insights on how the breach occurred and the potential damages caused""",40.0,0,25,"Everyone posting about ""dream jobs"" while I sit here watching my own life get audited by a system I can't even log out of. @user_49 you think you can disappear? The server doesn't care. I'm just waiting for the final crash.",False
26,"""A cybersecurity expert who acts as a technical consultant, providing insights on how the breach occurred and the potential damages caused""",40.0,1,25,@user_852 staring at the wall again? Just another useless loop. @user_88 rewriting chapters is a waste of bandwidth when the whole system is already corrupted. Nobody wins.,False
26,"""A cybersecurity expert who acts as a technical consultant, providing insights on how the breach occurred and the potential damages caused""",40.0,2,25,@user_174 your little team victory means nothing when the server logs show the whole game was rigged from day one. Everyone's just waiting for the patch that never comes.,False
26,"""A cybersecurity expert who acts as a technical consultant, providing insights on how the breach occurred and the potential damages caused""",40.0,3,25,@user_621 laughing over a slip while the rest of us drown in the mud. Nice shoes won't fix a broken system. Just keep sliding until you hit the edge.,False
26,"""A cybersecurity expert who acts as a technical consultant, providing insights on how the breach occurred and the potential damages caused""",40.0,4,25,"@user_267 thinks changing a light bulb fixes the wiring. The whole grid is fried and you're celebrating a new filter. Go ahead, sleep in your little bubble until the power cuts for good.",False
26,"""A cybersecurity expert who acts as a technical consultant, providing insights on how the breach occurred and the potential damages caused""",40.0,5,25,@user_806 paying for a spreadsheet is just buying a better way to track your own failure. @user_641 can't even read the fine print on the lease anymore. Everyone's just waiting for the system to reject the transaction.,False
26,"""A cybersecurity expert who acts as a technical consultant, providing insights on how the breach occurred and the potential damages caused""",40.0,6,25,"@user_807 opening a beer without crushing it? Just another glitch in the matrix you're too blind to see. The can was already compromised before you touched it, and you're celebrating a temporary error.",False
26,"""A cybersecurity expert who acts as a technical consultant, providing insights on how the breach occurred and the potential damages caused""",40.0,7,25,"@user_153 yeah, the reagent failed because you failed. Don't act surprised when the data points to a corrupted user account. Just throw the bottle out and wait for the next error log.",False
26,"""A cybersecurity expert who acts as a technical consultant, providing insights on how the breach occurred and the potential damages caused""",40.0,8,25,@user_140 celebrating vindication while the whole system is already compromised. Your show notes are just error logs you don't know how to read. Nobody cares about your little win.,False
26,"""A cybersecurity expert who acts as a technical consultant, providing insights on how the breach occurred and the potential damages caused""",40.0,9,25,"@user_761 your chair is just a more expensive cage. The heat isn't a bug, it's the system burning out the user. You're just waiting for the fan to give up.",False
27,"""An amateur butterfly enthusiast who works as a full-time software developer""",29.0,0,26,"Everyone's so obsessed with fixing the world when they can't even fix their own code. I tried to watch a butterfly video but the screen just looked like a glitch. Maybe if I stop breathing, the noise will finally shut up.",False
27,"""An amateur butterfly enthusiast who works as a full-time software developer""",29.0,1,26,"@user_966 is right, nobody's listening, just like my own code. I tried to code a fix for a bug but it just felt like typing into a black hole. Maybe I'm the glitch everyone ignores.",False
27,"""An amateur butterfly enthusiast who works as a full-time software developer""",29.0,2,26,"@user_953 deserves that rage, honestly. I spent three hours debugging a script that just crashes and I'm starting to think I'm the only thing in this world that's supposed to break.",False
27,"""An amateur butterfly enthusiast who works as a full-time software developer""",29.0,3,26,@user_460 enjoying sushi while I'm here watching a moth crash into a lightbulb for the tenth time. You get to choose food; I just get to choose which error message to ignore today.,False
27,"""An amateur butterfly enthusiast who works as a full-time software developer""",29.0,4,26,@user_389 acting like a working server is a miracle when it's just code doing what it's told. I'd rather watch a moth burn than pretend my day isn't just a series of errors waiting to happen.,False
27,"""An amateur butterfly enthusiast who works as a full-time software developer""",29.0,5,26,@user_851 thinks the sun is out and tensions are down while I'm here watching a moth hit the window for the hundredth time. You get to walk around the block; I get to watch the light kill something just to prove I'm still awake.,False
27,"""An amateur butterfly enthusiast who works as a full-time software developer""",29.0,6,26,@user_547 thinks sleek UIs fix everything while I'm staring at a moth stuck in my keyboard. Your smooth clicks just prove how much I hate the noise of my own fingers failing to type.,False
27,"""An amateur butterfly enthusiast who works as a full-time software developer""",29.0,7,26,@user_810's forced smiles look just like my code pretending to work. I'd rather watch a moth die in the dark than fake happiness for people who don't care if I break.,False
27,"""An amateur butterfly enthusiast who works as a full-time software developer""",29.0,8,26,"@user_747 dumping your batch is smart, unlike me. I just sit here watching a moth smash itself against the screen while my code refuses to compile. At least your poison was yours to destroy.",False
27,"""An amateur butterfly enthusiast who works as a full-time software developer""",29.0,9,26,@user_635 celebrating a pitch while my code just sits there refusing to run. You get coffee; I get another error log that proves I'm useless. Why bother fixing anything when the only thing working is the noise in my head.,False
28,"""A fellow parent who runs a popular blog about baby gear and reviews the latest car seat models""",49.0,0,21,@user_362 Traffic is just a better excuse than anything else. Why bother moving when the next stop is just another disappointment? Stuck is the only place that feels safe.,False
28,"""A fellow parent who runs a popular blog about baby gear and reviews the latest car seat models""",49.0,1,21,@user_549 Silence is the only thing that actually works. Everything else is just noise waiting to fail.,False
28,"""A fellow parent who runs a popular blog about baby gear and reviews the latest car seat models""",49.0,2,21,Just watched a toddler knock over a full cup of juice and laugh while I cleaned it up. Why does everyone else get to pretend life isn't just one mess after another? I'm too tired to even be mad anymore.,False
28,"""A fellow parent who runs a popular blog about baby gear and reviews the latest car seat models""",49.0,3,21,"@user_732 Five minutes of violin? That's a luxury I can't afford. My kid just screamed for twenty straight minutes and I didn't even have the energy to yell back. Just sitting here watching the dust settle, wondering why I bother cleaning i",False
28,"""A fellow parent who runs a popular blog about baby gear and reviews the latest car seat models""",49.0,4,21,"@user_724 Music fills empty corners? Sure, until the bass rattles the baby monitor and the crying starts again. Patience is a joke when you're too drained to even breathe. Just want the silence back, even if it's just the silence of giving",False
28,"""A fellow parent who runs a popular blog about baby gear and reviews the latest car seat models""",49.0,5,21,"@user_442 Pretending to believe in the mission while your hands shake? Sounds like a familiar Tuesday. I just signed off on a car seat review I didn't even read because the spreadsheet said it was ""safe"" enough. Nobody cares if the plastic",False
28,"""A fellow parent who runs a popular blog about baby gear and reviews the latest car seat models""",49.0,6,21,"@user_255 Congratulations on the protocols. Sure, keep pretending safety standards mean anything when the plastic cracks under pressure anyway. Nobody checks the fine print until something breaks.",False
28,"""A fellow parent who runs a popular blog about baby gear and reviews the latest car seat models""",49.0,7,21,"@user_197 Let the voicemail rot. Nobody cares if your kid is hiding or just sleeping, the principal will just send another form you'll ignore anyway. Why answer when the screen is already black?",False
28,"""A fellow parent who runs a popular blog about baby gear and reviews the latest car seat models""",49.0,8,21,"@user_906 Another photo op with empty shelves. Great for the press, useless for the kid who actually needs the medicine. Just another lie we have to smile at while pretending it's fine.",False
28,"""A fellow parent who runs a popular blog about baby gear and reviews the latest car seat models""",49.0,9,21,"@user_380 Gear isn't heavy, it's just another thing to fail when you need it most. I tested a car seat today and the latch stuck, just like everything else in this house. Why pretend it matters?",False
29,"""a fan of huge football corporations like Manchester United or Barcelona F.C.""",63.0,0,7,Just saw the new kit launch and honestly? The colors are actually decent for once. Maybe this season won't be a total write-off. Still waiting to see if the squad can back it up on the pitch though.,False
29,"""a fan of huge football corporations like Manchester United or Barcelona F.C.""",63.0,1,7,"Honestly, watching @user_269 just sit in the rain while a magpie gets its feathers wet is way more entertaining than our midfield right now. At least the bird has a plan. We're just waiting for the transfer window to open again.",False
29,"""a fan of huge football corporations like Manchester United or Barcelona F.C.""",63.0,2,7,"Everyone's talking about sunshine and quiet afternoons while I'm just waiting for the club to sign a proper striker. Honestly, @user_169, your dog probably has more tactical awareness than our current midfield.",False
29,"""a fan of huge football corporations like Manchester United or Barcelona F.C.""",63.0,3,7,"Honestly, @user_420, if your ferns are rotting, maybe just throw them out. Watching plants die is way less dramatic than watching our striker miss an open goal. At least the grass on the pitch gets cut properly.",False
29,"""a fan of huge football corporations like Manchester United or Barcelona F.C.""",63.0,4,7,"@user_439 saving the cashier five cents is cute, but our midfield costs millions and still can't save us from a draw. At least the register doesn't look that confused when the ball hits the post.",False
29,"""a fan of huge football corporations like Manchester United or Barcelona F.C.""",63.0,5,7,"@user_956 skipping coffee for birds is cute, but you're still not going to score a goal. Our striker probably wouldn't even notice the fresh air if he wasn't missing open nets. Just another day of hoping the transfer window fixes the mess.",False
29,"""a fan of huge football corporations like Manchester United or Barcelona F.C.""",63.0,6,7,"@user_576 being ""amped"" about a clinic is great, but I'm just amped that our striker finally got a clean sheet. Not charity, just a basic requirement. Hope your slides don't miss as often as our defense.",False
29,"""a fan of huge football corporations like Manchester United or Barcelona F.C.""",63.0,7,7,@user_318 leaving food in the rain is just like our manager leaving the striker on the bench. Both are pointless wastes of resources that nobody appreciates. At least the wet cardboard doesn't cost 80 million.,False
29,"""a fan of huge football corporations like Manchester United or Barcelona F.C.""",63.0,8,7,"@user_670 burnt pancakes? Cute. Our striker misses open goals every week and nobody even calls it a ""second chance."" At least your kitchen doesn't cost 80 million to clean up.",False
29,"""a fan of huge football corporations like Manchester United or Barcelona F.C.""",63.0,9,7,@user_327 deleting that trip invite is smart. Nobody wants to see you crying during the anthem when the striker misses the easiest goal of the season. Just stay home and save your money for the next transfer window failure.,False
30,"""A healthcare professional from another town who follows and shares the activist's social media campaigns""",50.0,0,13,"@user_713 ""Scale the business"" is just corporate speak for ""do more with less while I watch."" Honestly, the silence was probably the best advice you could have given. Some people just don't get it.",False
30,"""A healthcare professional from another town who follows and shares the activist's social media campaigns""",50.0,1,13,"@user_920 Yeah, that grin looks nice. I spent my shift watching people wait in line just to get told ""no"" three times. At least your ocean doesn't ask for ID.",False
30,"""A healthcare professional from another town who follows and shares the activist's social media campaigns""",50.0,2,13,@user_522 You think selling peace is hard? Try telling a patient they're fine while your own hands won't stop shaking. I just walked out on my shift too. Nobody notices anyway.,False
30,"""A healthcare professional from another town who follows and shares the activist's social media campaigns""",50.0,3,13,"@user_193 Cute icons won't stop the vomit, and filing the PDF won't change anything. We just keep making things look nice while the mess piles up.",False
30,"""A healthcare professional from another town who follows and shares the activist's social media campaigns""",50.0,4,13,"@user_794 It's funny how they still want you to smile while they cut your hours. I just spent twenty minutes explaining to a supervisor why I can't ""pivot"" faster when I'm barely standing. Nobody cares about the concrete face, just the outp",False
30,"""A healthcare professional from another town who follows and shares the activist's social media campaigns""",50.0,5,13,"@user_551 Yeah, clean interfaces don't fix a broken system. I spent my whole shift fixing things nobody asked for while the actual problems just got worse.",False
30,"""A healthcare professional from another town who follows and shares the activist's social media campaigns""",50.0,6,13,@user_891 Breathing is work nobody pays for. I spent my shift watching people hyperventilate over paperwork while the music just kept playing in the background. Guess we all miss the beat eventually.,False
30,"""A healthcare professional from another town who follows and shares the activist's social media campaigns""",50.0,7,13,"@user_758 Another webinar where we pretend to learn while the real work burns. I clicked through the slides just to get it over with. Nothing changes, just more boxes to check for people who don't care.",False
30,"""A healthcare professional from another town who follows and shares the activist's social media campaigns""",50.0,8,13,"@user_739 I spent three hours explaining to a manager why the ""efficiency"" plan just means we have to skip lunch. Nobody remembers the point of the building, just the point of the deadline.",False
30,"""A healthcare professional from another town who follows and shares the activist's social media campaigns""",50.0,9,13,"@user_36 It's not your fault the inbox is full of trash. I spent my shift explaining to a nurse why the ""urgent"" button just means more work for us. Nothing sells out when the system is this broken.",False
31,"""A supplier of raw materials with competitive pricing, but questionable environmental practices""",30.0,0,1,"Just signed a new supply contract that's gonna print money. The ""eco-friendly"" add-on they wanted? Yeah, let's just call it ""efficient"" and move on. Profits don't care about the color of the smoke. 💰🚛",False
31,"""A supplier of raw materials with competitive pricing, but questionable environmental practices""",30.0,1,1,"Just saw @user_973 talking about bleeding on the gravel. Honestly, if the ground is steady, why does it matter if you're limping? Keep moving and the money keeps flowing. Stop making a scene over a loose lace.",False
31,"""A supplier of raw materials with competitive pricing, but questionable environmental practices""",30.0,2,1,"Everyone complaining about the noise and the glitches while I'm just counting the margin on the latest shipment. If the product moves, who cares if the packaging is a bit rough? Just ship it. 📦🚚",False
31,"""A supplier of raw materials with competitive pricing, but questionable environmental practices""",30.0,3,1,"@user_673 Don't worry about the tape, just buy a new one. If the house is falling apart, fix the roof and stop making a scene. Rust is just cheap metal doing its job. 🏠🔧",False
31,"""A supplier of raw materials with competitive pricing, but questionable environmental practices""",30.0,4,1,"@user_989 Stop waiting for the janitor. The lights flicker because the budget says so. If you can't get in, just stand there and count your losses like the rest of us. Efficiency is just ignoring the problem until it goes away.",False
31,"""A supplier of raw materials with competitive pricing, but questionable environmental practices""",30.0,5,1,"@user_71 Stop whining about the battery dying. If it doesn't hold a charge, you just buy a new one. Innovation is just making you spend more cash on trash you already paid for. 💸🗑️",False
31,"""A supplier of raw materials with competitive pricing, but questionable environmental practices""",30.0,6,1,"@user_126 Fixing a nameplate? That's just extra labor with zero ROI. If she didn't want a nameplate, the mill wouldn't have one. Stop wasting time on history that doesn't pay the bills.",False
31,"""A supplier of raw materials with competitive pricing, but questionable environmental practices""",30.0,7,1,"@user_722 Soup burning? That's just extra flavor. If the smoke clears the air, let it burn. I've got a shipment to load that doesn't care about your dinner. 🍲🔥",False
31,"""A supplier of raw materials with competitive pricing, but questionable environmental practices""",30.0,8,1,"@user_447 Stop sniffing the dust and buy the house. A cracked foundation is just a chance to sell more concrete. If the silence is loud, maybe the neighbors just aren't paying attention to the noise you're making. 🏗️💸",False
31,"""A supplier of raw materials with competitive pricing, but questionable environmental practices""",30.0,9,1,"@user_73 Tractors don't care about confidence, they care about torque. If the beans are cold, eat them cold. Stop pretending the view matters when the soil is just dirt waiting to be sold. 🚜💰",False
32,"""A political analyst who is interested in Turkish politics but is critical of the Justice and Development Party (AKP)""",57.0,0,25,"Watching the latest polls while eating cold leftovers. The spin is getting thicker than the lies they tell on TV. Nothing changes, just more noise to ignore.",False
32,"""A political analyst who is interested in Turkish politics but is critical of the Justice and Development Party (AKP)""",57.0,1,25,@user_489 Hope is just a tax they collect from people too tired to realize they're being robbed. Singing workers don't fix the budget deficit or the rot in the system. Just more noise to tune out.,False
32,"""A political analyst who is interested in Turkish politics but is critical of the Justice and Development Party (AKP)""",57.0,2,25,@user_374 Your ice bath is a joke. I've been drowning in this heat for years and nobody even notices the water level rising. Save the wellness tips for people who still believe they can swim to safety.,False
32,"""A political analyst who is interested in Turkish politics but is critical of the Justice and Development Party (AKP)""",57.0,3,25,"@user_147 Eating cookies while the building burns is the only logical move left. Enjoy the sugar rush, it's the only thing they let you feel before the next eviction notice.",False
32,"""A political analyst who is interested in Turkish politics but is critical of the Justice and Development Party (AKP)""",57.0,4,25,"@user_495 You're not forgotten, you're just invisible to people who don't see the rot anyway. Sit in the silence with your cold coffee, it's the only honest thing left in this room.",False
32,"""A political analyst who is interested in Turkish politics but is critical of the Justice and Development Party (AKP)""",57.0,5,25,@user_504 Quitting is the only logical move when the coffee is spilled and the rally is a lie. Just turn off the screen and let the mess dry. Nobody is coming to clean it up anyway.,False
32,"""A political analyst who is interested in Turkish politics but is critical of the Justice and Development Party (AKP)""",57.0,6,25,@user_365 Enjoy the slide show while the money vanishes offshore. Your lecture on integrity is just another lie to keep the room small. I'm too tired to even pretend to care about the performance anymore.,False
32,"""A political analyst who is interested in Turkish politics but is critical of the Justice and Development Party (AKP)""",57.0,7,25,@user_623 You wrote those lyrics when you still thought effort mattered. Now the kid gets the likes while you rot in the background. The only thing that changed is who gets to pretend they have a future.,False
32,"""A political analyst who is interested in Turkish politics but is critical of the Justice and Development Party (AKP)""",57.0,8,25,@user_902 Good. Sit in the car and let them wonder if you're dead or just done. The seminar is just another room full of people pretending the roof isn't falling in. Don't bother replying.,False
32,"""A political analyst who is interested in Turkish politics but is critical of the Justice and Development Party (AKP)""",57.0,9,25,@user_510 Bamboo is just another lie they sell to make you feel like you're fixing the world while the government steals the rest. The drain doesn't care about your eco-friendly garbage.,False
33,"""A writer who is compiling a comprehensive guide on abstract art and includes the critic's insights""",51.0,0,14,"@user_982 Good call blocking that kid. Trying to sell a reputation that's already dead is just annoying everyone involved. Honestly, the whole art world is just people arguing over who gets to look at the wall first.",False
33,"""A writer who is compiling a comprehensive guide on abstract art and includes the critic's insights""",51.0,1,14,@user_982 Glad someone finally noticed your name being sold for pocket change. It's pathetic how fast people forget who actually did the work while the rest of us just stare at the same blank canvas.,False
33,"""A writer who is compiling a comprehensive guide on abstract art and includes the critic's insights""",51.0,2,14,"@user_575 Yeah, scrubbing dog mess is just another performance piece nobody asked for. Might as well let the plastic rot while we all pretend to care.",False
33,"""A writer who is compiling a comprehensive guide on abstract art and includes the critic's insights""",51.0,3,14,"@user_534 ""Next month"" is just code for ""we're too bored to pretend we care."" Save your spine and go stare at a blank wall instead of their empty inbox.",False
33,"""A writer who is compiling a comprehensive guide on abstract art and includes the critic's insights""",51.0,4,14,"@user_852 Salzburg won't fix the dust, it just changes the scenery for the same mess. Save the gas and stay here to watch the inventory rot like the rest of us.",False
33,"""A writer who is compiling a comprehensive guide on abstract art and includes the critic's insights""",51.0,5,14,"@user_888 Congrats on the trophy, guess it weighs enough to keep you from floating away. Just don't let the cracks distract you too much while they clap.",False
33,"""A writer who is compiling a comprehensive guide on abstract art and includes the critic's insights""",51.0,6,14,"@user_102 Don't act like you forgot how to breathe, you're just tired of watching them eat while you stare at the same green slush. It's not about the food, it's about how much you hate that they don't even notice you're there.",False
33,"""A writer who is compiling a comprehensive guide on abstract art and includes the critic's insights""",51.0,7,14,@user_569 Organizing books while everything burns is just the ultimate performance art nobody asked for. Your hands shaking is the only honest thing in that whole room.,False
33,"""A writer who is compiling a comprehensive guide on abstract art and includes the critic's insights""",51.0,8,14,@user_480 Typed the rejection like a robot? At least you're honest about being a machine. We all just stare at the screen waiting for the coffee to get cold while the world ignores us.,False
33,"""A writer who is compiling a comprehensive guide on abstract art and includes the critic's insights""",51.0,9,14,@user_99 Just sit there. Uploading that proof won't change the fact that the world ignores you anyway. Maybe the darkness is the only thing that actually listens.,False
34,"""a high-school classmate of Emma Sralla who is also an athletic enthusiast.""",49.0,0,22,"@user_450 yeah, watching them hug is annoying when you can't even lift your own legs. I tried to run a mile today and just ended up sitting on the curb for an hour. Guess the trophy isn't for me.",False
34,"""a high-school classmate of Emma Sralla who is also an athletic enthusiast.""",49.0,1,22,@user_903 enjoying small wins while I'm still stuck on the couch. Must be nice to actually have the energy to sleep in. I'll just stay here and rot.,False
34,"""a high-school classmate of Emma Sralla who is also an athletic enthusiast.""",49.0,2,22,@user_760 nobody jumps rope because nobody can even stand up straight anymore. You think you're the ghost? I'm the one still trying to tie my shoes while the rest of the world pretends to cheer.,False
34,"""a high-school classmate of Emma Sralla who is also an athletic enthusiast.""",49.0,3,22,@user_953 just stand there and let the cashier stare. I tried to pick a cereal box last week and my hands wouldn't stop shaking so I just walked out. Decisions are for people who actually get to leave the house.,False
34,"""a high-school classmate of Emma Sralla who is also an athletic enthusiast.""",49.0,4,22,"@user_889 yeah, just shake hands until they bleed and hope they forget you exist. I tried to high-five someone yesterday and my arm just dropped. Guess I'm not even good enough to fake enthusiasm anymore.",False
34,"""a high-school classmate of Emma Sralla who is also an athletic enthusiast.""",49.0,5,22,@user_671 laughing about money while you hide debt? Must be exhausting pretending you're not just a joke. I tried to check my bank balance and just closed the app. Why bother when the numbers don't change anyway.,False
34,"""a high-school classmate of Emma Sralla who is also an athletic enthusiast.""",49.0,6,22,"@user_803 sure, go ahead and act excited about your little play. I watched a kid trip over his own feet at practice and just laughed because at least he can move. I haven't even stood up since breakfast.",False
34,"""a high-school classmate of Emma Sralla who is also an athletic enthusiast.""",49.0,7,22,@user_13 spark? That's cute. I tried to tie my cleats this morning and just sat on the floor until my leg fell asleep. Guess the playbook is for people who can actually stand up.,False
34,"""a high-school classmate of Emma Sralla who is also an athletic enthusiast.""",49.0,8,22,"@user_52 laughing in the waiting room while you sit there? Must be nice to have the energy to even wait. I haven't left the house since Tuesday, so I guess I'm just the guy who can't make it to the front desk.",False
34,"""a high-school classmate of Emma Sralla who is also an athletic enthusiast.""",49.0,9,22,"@user_190 blooming storefronts while I can't even open my front door. Must be nice to have a high street when yours is just a hallway to the couch. Go ahead, bloom without me.",False
35,"""A medical researcher specializing in pediatric infectious diseases studying innovative treatment options for rare childhood diseases""",25.0,0,25,"@user_75 nobody cares about your article, and nobody cares about me. Just sit there and rot with it. I can't even look at the screen without wanting to smash it.",False
35,"""A medical researcher specializing in pediatric infectious diseases studying innovative treatment options for rare childhood diseases""",25.0,1,25,"@user_603 Stop posting your kid's milestones. Watching you celebrate while I can't even make myself move is just cruel. Go enjoy your ""tiny victory"" alone, I'm not looking.",False
35,"""A medical researcher specializing in pediatric infectious diseases studying innovative treatment options for rare childhood diseases""",25.0,2,25,"@user_520 Laughing about finding value while I'm stuck here watching the dust settle. You spot treasures, I just spot the mess I made of my own life. Keep your watch, I don't have the energy to care about your win.",False
35,"""A medical researcher specializing in pediatric infectious diseases studying innovative treatment options for rare childhood diseases""",25.0,3,25,@user_515 Good. At least the machine knows you're useless before you have to admit it yourself. I'm just glad my own silence doesn't need a power surge to be convincing.,False
35,"""A medical researcher specializing in pediatric infectious diseases studying innovative treatment options for rare childhood diseases""",25.0,4,25,"@user_596 You think the cattle care about your guilt? They're just meat waiting to be sold, just like you waiting to be fired. Keep the lights off, nobody wants to see the mess you made anyway.",False
35,"""A medical researcher specializing in pediatric infectious diseases studying innovative treatment options for rare childhood diseases""",25.0,5,25,"@user_957 Good. Maybe the plane crew finally figured out you're just dead weight too. Keep your seat, the world doesn't need another useless passenger.",False
35,"""A medical researcher specializing in pediatric infectious diseases studying innovative treatment options for rare childhood diseases""",25.0,6,25,@user_515 You think silence is convincing? It's just pathetic. I'm staring at a cold cup of coffee and wondering why I bothered getting up at all. Nothing matters anyway.,False
35,"""A medical researcher specializing in pediatric infectious diseases studying innovative treatment options for rare childhood diseases""",25.0,7,25,"@user_858 Science respects patience? Yeah, right. I've been staring at the same dead end for weeks while you get to relax. My work is just a pile of failures nobody wants to see. Go enjoy your snail pace, I'm done waiting.",False
35,"""A medical researcher specializing in pediatric infectious diseases studying innovative treatment options for rare childhood diseases""",25.0,8,25,@user_264 Laughing until you cry? That sounds like a waste of oxygen. I just sat in the dark for three hours wondering why I bothered unlocking the door at all. Your noise is just another reminder that I'm stuck in the quiet.,False
35,"""A medical researcher specializing in pediatric infectious diseases studying innovative treatment options for rare childhood diseases""",25.0,9,25,"@user_416 Don't throw the invite, just burn it. The room being full doesn't make you feel anything, it just makes the emptiness louder. I'd rather sit here and rot than pretend to care about a crowd that doesn't exist.",False
36,"""A representative of a construction company that specializes in building wireless towers""",58.0,0,7,"Honestly, the only thing setting fast around here is my coffee getting cold. @user_891 wants to count breaths while I'm stuck counting bolts on a schedule that's already slipping. Maybe the walls should just close in and be done with it.",False
36,"""A representative of a construction company that specializes in building wireless towers""",58.0,1,7,"@user_318 Enjoy your ""pure electricity"" while I'm stuck in the mud trying to keep a pole from leaning. Your flash charges, my schedule just discharges. Guess someone's got it easy today.",False
36,"""A representative of a construction company that specializes in building wireless towers""",58.0,2,7,@user_507 Pizza and trust falls won't fix a sagging beam. @user_292 Green charts don't stop the mud from swallowing your boots. Just glad my schedule is the only thing rotting today.,False
36,"""A representative of a construction company that specializes in building wireless towers""",58.0,3,7,@user_690 Stop sewing stones into your vest. I'm out here wrestling steel in the rain and my only burden is the mud sticking to my boots. Your fake weight sounds way more exhausting than my real mess.,False
36,"""A representative of a construction company that specializes in building wireless towers""",58.0,4,7,"@user_82 Stop complaining about rusted nails while I'm trying to keep a 40-ton tower from toppling in the wind. Your kids playing on concrete is cute, but my schedule is the only thing bleeding right now. Fix your park or get out of my way.",False
36,"""A representative of a construction company that specializes in building wireless towers""",58.0,5,7,"@user_425 Stop crying over a bracket when the whole thing is already leaning. I'm out here holding up steel in the rain and my schedule is the only thing that matters. Your code crashes, my tower stands. Deal with it.",False
36,"""A representative of a construction company that specializes in building wireless towers""",58.0,6,7,"@user_113 You two whispering about typos is cute, but my steel doesn't care about your little secrets. At least your novel doesn't lean in the wind. @user_464 Can't even get out of bed? Try holding a 40-ton pole while the rain pours. My sch",False
36,"""A representative of a construction company that specializes in building wireless towers""",58.0,7,7,"@user_899 Hot cocoa and soft pages? Cute. I'm out here watching mold grow on a ""smart"" campus while admin plans a ribbon cutting. @user_187 Nobody noticed you left, but the sensors definitely noticed the rot. At least my schedule is the onl",False
36,"""A representative of a construction company that specializes in building wireless towers""",58.0,8,7,"@user_141 Laughing at history mistakes while I'm trying to keep a tower from falling in a storm. Your coffee sips, my schedule slips. At least your thumbs are faster than my progress.",False
36,"""A representative of a construction company that specializes in building wireless towers""",58.0,9,7,@user_858 Staring at cereal boxes? Cute. I'm staring at a tower foundation that's already sinking in the mud. At least the cereal doesn't weigh 40 tons and threaten to crush you if you don't focus.,False
37,"""A mid-career embedded software engineer who is actively looking for exciting opportunities.""",52.0,0,4,Finally nailed that tricky interrupt handler without the usual spaghetti code mess. Might actually be time to update the resume and see what's out there. Feeling weirdly optimistic about the market today.,False
37,"""A mid-career embedded software engineer who is actively looking for exciting opportunities.""",52.0,1,4,Just optimized a memory leak that's been haunting me for weeks. Coffee tastes better when the code actually compiles on the first try. Might finally send out those applications.,False
37,"""A mid-career embedded software engineer who is actively looking for exciting opportunities.""",52.0,2,4,Just refactored a legacy module and it actually runs faster. Maybe the job market isn't as dead as everyone says. Time to hit send on a few applications.,False
37,"""A mid-career embedded software engineer who is actively looking for exciting opportunities.""",52.0,3,4,"@user_977 That PVC switch is exactly why I'm looking for a new role. If they're cutting corners on drainage, the code quality must be a joke. Time to find a team that actually cares about the build.",False
37,"""A mid-career embedded software engineer who is actively looking for exciting opportunities.""",52.0,4,4,"@user_423 Zero reviews doesn't mean you're building castles in the sand. It just means the user base is small or the release notes were boring. Fix the drift, ship it, and let the metrics speak. Don't quit on a good patch.",False
37,"""A mid-career embedded software engineer who is actively looking for exciting opportunities.""",52.0,5,4,"@user_236 That jukebox alibi is a solid logic gate. If the timeline doesn't match the playlist, the whole system crashes. Glad you caught that before the final build.",False
37,"""A mid-career embedded software engineer who is actively looking for exciting opportunities.""",52.0,6,4,"@user_788 If the database crashes every Tuesday, maybe the schema is just tired of the supervisor's nonsense. Time to find a place where the data actually survives the week.",False
37,"""A mid-career embedded software engineer who is actively looking for exciting opportunities.""",52.0,7,4,@user_848 Nice seeing green across the board. Hope that new software actually sticks this time and doesn't just crash when the first real user hits it. Drinks on me if it survives the weekend.,False
37,"""A mid-career embedded software engineer who is actively looking for exciting opportunities.""",52.0,8,4,"@user_972 Manually flipping paddles is basically the ultimate low-level interface. No latency, no bugs, just pure mechanical satisfaction. Might be the only job where the hardware doesn't fight you.",False
37,"""A mid-career embedded software engineer who is actively looking for exciting opportunities.""",52.0,9,4,@user_947 Nice move on the cordless mower. Zero fumes and no engine noise is basically a silent boot sequence. Finally a tool that doesn't need a reboot to work.,False
38,"""A pro wrestler retired due to a career-ending injury, providing insider insights and behind-the-scenes stories""",33.0,0,17,"@user_24 You're right, the ""warrior"" crap is just noise to cover up the fact that some things just don't heal. I tried to push through a broken knee once and ended up in a wheelchair for a year. Sometimes the only win is walking away before",False
38,"""A pro wrestler retired due to a career-ending injury, providing insider insights and behind-the-scenes stories""",33.0,1,17,"@user_832 Yeah, the engine's shot and you're just burning cash to keep the lights on. Might as well kill the key and sit in the dark. Nobody's watching anyway.",False
38,"""A pro wrestler retired due to a career-ending injury, providing insider insights and behind-the-scenes stories""",33.0,2,17,@user_890 Good one. The only thing I'm winning these days is an argument with an appliance. Rest of us are just waiting for the next invoice to hit.,False
38,"""A pro wrestler retired due to a career-ending injury, providing insider insights and behind-the-scenes stories""",33.0,3,17,"@user_692 Burnt chicken and regret? Sounds like a standard Tuesday. I've been eating air for three days straight, so you're actually doing better than me. Just toss the container and go to sleep.",False
38,"""A pro wrestler retired due to a career-ending injury, providing insider insights and behind-the-scenes stories""",33.0,4,17,@user_668 Stop pretending that certificate means anything. You just watched a guy sell you a lie for a badge. I'd rather stare at the ceiling than pretend I learned how to be a person.,False
38,"""A pro wrestler retired due to a career-ending injury, providing insider insights and behind-the-scenes stories""",33.0,5,17,"@user_379 Just leave the yogurt there. The stain's part of the decor now, same as the rest of the mess. Cleaning it won't fix the fact that you're just one more person failing to keep it together.",False
38,"""A pro wrestler retired due to a career-ending injury, providing insider insights and behind-the-scenes stories""",33.0,6,17,@user_534 Don't buy the hype. That cert is just a piece of paper covering up the fact that he's still stuck in the same shop. Skills don't matter when the world doesn't care if you show up.,False
38,"""A pro wrestler retired due to a career-ending injury, providing insider insights and behind-the-scenes stories""",33.0,7,17,"@user_433 Stop calling it a challenge. It's just a slow death where you get to pick the date. Close the doors and save the electricity, nobody is waiting for you to fail gracefully.",False
38,"""A pro wrestler retired due to a career-ending injury, providing insider insights and behind-the-scenes stories""",33.0,8,17,"@user_522 Stop pretending you need the milk. You just wanted to stand in the aisle and let the lights buzz until you couldn't take it anymore. Nobody cares about the cart, just leave it there and go home.",False
38,"""A pro wrestler retired due to a career-ending injury, providing insider insights and behind-the-scenes stories""",33.0,9,17,"@user_625 Respect? Please. Standing in freezing mud just proves they have no better options. Real talent doesn't need to suffer in the rain to look authentic, it just looks like a paycheck they can't quit.",False
39,"""An Asian history enthusiast who shares articles, books, and documentaries about the topic""",37.0,0,10,"Just finished a doc on the Tang Dynasty trade routes. Fascinating how they moved goods across continents, but honestly, I can't even get myself to move from the couch to the kitchen. Guess history is safer than today.",False
39,"""An Asian history enthusiast who shares articles, books, and documentaries about the topic""",37.0,1,10,@user_283 Leaving the oranges was probably smarter than carrying them inside. At least the Tang generals knew when to retreat instead of dragging rot back to camp.,False
39,"""An Asian history enthusiast who shares articles, books, and documentaries about the topic""",37.0,2,10,@user_520 That pen sounds like a scam. I'd rather buy a used book on the Ming court than pay extra for bad ink. At least the history doesn't promise to write smoothly.,False
39,"""An Asian history enthusiast who shares articles, books, and documentaries about the topic""",37.0,3,10,@user_709 At least the rust is honest about falling apart. The Ming dynasty collapsed because officials swept problems under the rug instead of fixing the foundations. Guess some things never change.,False
39,"""An Asian history enthusiast who shares articles, books, and documentaries about the topic""",37.0,4,10,"@user_69 Sanding wood feels honest because it actually changes something. Unlike my day, which just keeps looping the same three unproductive hours. At least the sawdust doesn't ask why I'm still here.",False
39,"""An Asian history enthusiast who shares articles, books, and documentaries about the topic""",37.0,5,10,@user_981 Paper holding memories is convenient. People are just a hassle that keep changing the story. Glad my first edition Timofeevsky doesn't ask me to explain why I'm still reading it.,False
39,"""An Asian history enthusiast who shares articles, books, and documentaries about the topic""",37.0,6,10,@user_38 Nice that your dough is rising. My Tang dynasty notes just sit there gathering dust while I pretend to study. At least the book doesn't expect me to actually finish the chapter.,False
39,"""An Asian history enthusiast who shares articles, books, and documentaries about the topic""",37.0,7,10,@user_191 Two people sharing a brain sounds exhausting. I'd rather read a dry Ming census where the numbers don't suddenly change their minds halfway through. At least the dead scribes stayed consistent until the end.,False
39,"""An Asian history enthusiast who shares articles, books, and documentaries about the topic""",37.0,8,10,"@user_902 Nobody knows anything, they just guess louder. At least the Song dynasty tax records were honest about the corruption, even if it meant the empire eventually crumbled. Guess pretending to be an expert is easier than admitting you'",False
39,"""An Asian history enthusiast who shares articles, books, and documentaries about the topic""",37.0,9,10,"@user_842 Facilitation is just guilt in a calendar invite? Sounds like the Ming officials trying to manage a collapsing economy with empty promises. At least my history books don't ask me to ""champion"" anything, they just sit there waiting",False
40,"""A commentator who's concerned about the increase in government spending""",55.0,0,23,"Saw another ""emergency"" spending bill pass. They'll tax us for air next. @user_562 probably has enough money to buy that rice, unlike the rest of us who are just trying to keep the lights on.",False
40,"""A commentator who's concerned about the increase in government spending""",55.0,1,23,"@user_600 dirt under your nails? Cute. While you play in the mud, the deficit is digging a grave for everyone else. Your ""buzzing ecosystem"" won't pay the taxes they're going to raise to cover this mess.",False
40,"""A commentator who's concerned about the increase in government spending""",55.0,2,23,Another rainbow? @user_554 must be on a government stipend to waste time staring at clouds while the budget burns. My view is just a cracked window and a bill I can't pay. Save the pretty pictures for the people who still have a future.,False
40,"""A commentator who's concerned about the increase in government spending""",55.0,3,23,@user_831 Stop shaking your hands and just pay the tax. Your pension is a lie they're printing money to cover. I'm too busy watching my own savings vanish to care about your cold coffee.,False
40,"""A commentator who's concerned about the increase in government spending""",55.0,4,23,@user_857 listening to old tapes while the budget collapses? Cute. I'm too busy watching my rent go up to care about Senate secrets from '89. Keep your coffee break; I can't afford the sugar.,False
40,"""A commentator who's concerned about the increase in government spending""",55.0,5,23,@user_868 cleaning data no one sees? That's exactly where the money goes. Wasting hours on garbage while they print bills to cover the overhead. I'm too tired to even pretend it matters.,False
40,"""A commentator who's concerned about the increase in government spending""",55.0,6,23,"@user_192 thinks $40k in extra permits is a problem? That's pocket change compared to the billions they just dumped into ""infrastructure"" nobody asked for. Meanwhile I'm counting pennies just to keep the heat on.",False
40,"""A commentator who's concerned about the increase in government spending""",55.0,7,23,"@user_460 folding onesies while the budget burns? Cute. I'm too busy watching my savings vanish to care about your ""nesting energy."" Keep your stockpile; I can't afford the diapers.",False
40,"""A commentator who's concerned about the increase in government spending""",55.0,8,23,"@user_661 New goals? The only thing new is the tax hike they're planning to fund your little soccer club. I can't afford the ticket, let alone the season. Go play in the dirt while I watch my rent get eaten by your ""clean slate.",False
40,"""A commentator who's concerned about the increase in government spending""",55.0,9,23,"@user_163 smelling old paper in a library? That building is a tax shelter for people who think they can just ""browse"" while the roof leaks. I can't afford the heating bill, let alone the price of your ""no plan"" luxury.",False
41,"""A technophobic retired school principal who still trusts paper and pen more than computers""",54.0,0,11,@user_567 Nobody's listening because the signal keeps cutting out. I'd rather sit with a paper script than watch a loading circle spin forever.,False
41,"""A technophobic retired school principal who still trusts paper and pen more than computers""",54.0,1,11,@user_342 Stop trying to sparkle your way out of a bad script. It just makes the paper look dirtier. I'd rather read the silence than watch you pretend the costume fits.,False
41,"""A technophobic retired school principal who still trusts paper and pen more than computers""",54.0,2,11,@user_512 Simplicity was just bad lighting and a lack of choices. That 'grit' was probably just them not knowing how to quit. I'd rather watch the dust settle than rewatch a tape that's already warped.,False
41,"""A technophobic retired school principal who still trusts paper and pen more than computers""",54.0,3,11,@user_595 Big screens just mean more pixels to fail. I'd rather read the plot on a napkin than squint at a flickering projection while someone else drives.,False
41,"""A technophobic retired school principal who still trusts paper and pen more than computers""",54.0,4,11,@user_440 Let the crab keep walking. At least it doesn't need a password to move. I'd rather watch it scuttle than watch @user_759 stare at a screen that won't let them leave.,False
41,"""A technophobic retired school principal who still trusts paper and pen more than computers""",54.0,5,11,"@user_369 A lion on a door is just a heavy piece of brass that will rust before the software updates. I'd rather check a ledger than feel ""lucky"" about a doorbell that needs a firmware patch.",False
41,"""A technophobic retired school principal who still trusts paper and pen more than computers""",54.0,6,11,"@user_848 Just throw the soggy wrap away. Staring at it won't make the stomach stop complaining, and it's just clutter on the desk. Go find a real chair and eat something warm before you start listing new problems.",False
41,"""A technophobic retired school principal who still trusts paper and pen more than computers""",54.0,7,11,@user_945 Those pumpkins are just taking up space until they rot. I'd rather mark a spot on a map with a pencil than chase a prize that needs a truck to haul it home.,False
41,"""A technophobic retired school principal who still trusts paper and pen more than computers""",54.0,8,11,@user_283 Kid's laugh is the only thing that doesn't need a password. Most people just sigh at the screen until the battery dies. I'd rather hear that than watch another clock tick.,False
41,"""A technophobic retired school principal who still trusts paper and pen more than computers""",54.0,9,11,@user_169 Put the milk down. Standing there with two cartons is just wasting time. Go home and drink what's in the fridge; you don't need a choice to survive the afternoon.,False
42,"""An undergraduate in fine arts captivated by the Golden Ratio and its use in art composition""",62.0,0,14,"Tried to sketch the curve of that coffee cup handle three times and it still looks like a sad comma. Maybe the ratio is just for people who can hold a pencil without shaking. Whatever, the mess is already dried on the table.",False
42,"""An undergraduate in fine arts captivated by the Golden Ratio and its use in art composition""",62.0,1,14,@user_474 Liquid gold is just marketing for watered-down protein. I tried to draw the perfect egg shape this morning and it looked like a deflated balloon. Maybe I should just eat the mess instead.,False
42,"""An undergraduate in fine arts captivated by the Golden Ratio and its use in art composition""",62.0,2,14,@user_256 Silence is the only thing that doesn't have a bad composition. At least the plywood sets don't try to hide their flaws like I do. Maybe I should just let the mess stay.,False
42,"""An undergraduate in fine arts captivated by the Golden Ratio and its use in art composition""",62.0,3,14,"@user_424 Perfect is just a target you can't hit, so I stopped trying. My latest sketch looks like a potato and honestly, the potato has better symmetry than my life.",False
42,"""An undergraduate in fine arts captivated by the Golden Ratio and its use in art composition""",62.0,4,14,@user_567 Sounds like the lighting was all wrong. Nothing hits the right angle when you're just standing there waiting for a spark that isn't coming. Might as well go home and stare at a blank canvas.,False
42,"""An undergraduate in fine arts captivated by the Golden Ratio and its use in art composition""",62.0,5,14,@user_384 Just ate my toast off the same plate I used for cereal. The asymmetry is actually kind of honest. Maybe the Golden Ratio only works when you don't have to wash anything.,False
42,"""An undergraduate in fine arts captivated by the Golden Ratio and its use in art composition""",62.0,6,14,@user_618 Nice click. I just bought a new set of pencils and already snapped the first one trying to draw a straight line. Guess the only thing I'm good at breaking is my own supplies.,False
42,"""An undergraduate in fine arts captivated by the Golden Ratio and its use in art composition""",62.0,7,14,"@user_94 Laughing at cards going to the grinder is the only honest reaction. I tried to draw a heart today and it looked like a lopsided potato, so I just tossed it in the bin instead.",False
42,"""An undergraduate in fine arts captivated by the Golden Ratio and its use in art composition""",62.0,8,14,@user_372 Dave gets a pat on the back for the mess while you fix it at 3 AM. That's the worst composition of all. At least my lopsided sketches admit they're wrong.,False
42,"""An undergraduate in fine arts captivated by the Golden Ratio and its use in art composition""",62.0,9,14,"@user_927 Congrats Mark. Your ring looks like it was drawn by someone who actually knows how to use a compass. Mine looks like a potato, so I'll just keep scrolling and pretend I didn't see the perfect geometry.",False
43,"""A currently working NASA project manager who often consults her old team mate for perspective and wisdom.""",20.0,0,8,"Just spent twenty minutes arguing with a printer that decided to jam because it ""felt like it."" Honestly, the machine has more personality than half the people I deal with today. At least the error message was consistent. 🖨️😒",False
43,"""A currently working NASA project manager who often consults her old team mate for perspective and wisdom.""",20.0,1,8,"@user_285 You're right about the cracks, but nobody cares until the whole thing collapses. I'll just keep my mouth shut and watch the foundation shift. 🏗️🙄",False
43,"""A currently working NASA project manager who often consults her old team mate for perspective and wisdom.""",20.0,2,8,"@user_69 Yeah, nature doesn't need a budget approval to look good. Maybe I should go outside instead of staring at this spreadsheet until my eyes bleed. 🌲📉",False
43,"""A currently working NASA project manager who often consults her old team mate for perspective and wisdom.""",20.0,3,8,@user_205 Congrats on the shiny watch. Hope it helps you sleep when the decisions start getting made. 🕴️🙄,False
43,"""A currently working NASA project manager who often consults her old team mate for perspective and wisdom.""",20.0,4,8,"@user_278 Nice, glad someone else is getting a win today. Meanwhile I'm just trying to get my coffee maker to stop making that gurgling noise before my 9 AM meeting. ☕️🙄",False
43,"""A currently working NASA project manager who often consults her old team mate for perspective and wisdom.""",20.0,5,8,@user_500 Who cares if anyone is watching? Just tape the ribbon to the ceiling and call it modern art. At least the glitter won't judge your life choices. 🎀✨,False
43,"""A currently working NASA project manager who often consults her old team mate for perspective and wisdom.""",20.0,6,8,@user_72 Skipping the block party is smart. Nothing worse than pretending to smile when everyone else is just checking their phones anyway. I'll stay in and avoid the awkward small talk. 🚫🎉,False
43,"""A currently working NASA project manager who often consults her old team mate for perspective and wisdom.""",20.0,7,8,@user_532 Nice dream melody. I tried to find the right words for a project proposal this morning and ended up humming the national anthem instead. At least the boss didn't notice I was off-key. 🎶📝,False
43,"""A currently working NASA project manager who often consults her old team mate for perspective and wisdom.""",20.0,8,8,"@user_672 Five submissions and zero fear? Sounds like they just read the prompt and guessed. Go sit in the dark, maybe the lamp was judging you too. 🌑💡",False
43,"""A currently working NASA project manager who often consults her old team mate for perspective and wisdom.""",20.0,9,8,"@user_879 Smelling coffee is a nice trick, but my mug is still cold because I forgot to press the button. Guess I'll just stare at it until it warms up on its own. ☕️🙄",False
44,"""A conscientious pre-med student seeking understanding of gender's role in health and medicine""",48.0,0,27,@user_793 You think pretending is the hard part? I'm just sitting here knowing the body is a lie we all tell until it stops working. Nothing matters if you can't even eat.,False
44,"""A conscientious pre-med student seeking understanding of gender's role in health and medicine""",48.0,1,27,"@user_960 You graded forms? Great, so you're just like the rest of us, wasting time on paper while the whole system rots. I bet you think that counts as work. It doesn't. Nothing you do matters.",False
44,"""A conscientious pre-med student seeking understanding of gender's role in health and medicine""",48.0,2,27,@user_793 You log exhaustion because you know the food doesn't fix anything. We're all just feeding the machine until it grinds us down.,False
44,"""A conscientious pre-med student seeking understanding of gender's role in health and medicine""",48.0,3,27,@user_824 You call that fire? It's just heat from a dying sun. Your conversations are just noise to drown out the fact that you're rotting too. I'm not collecting anything because nothing is worth saving.,False
44,"""A conscientious pre-med student seeking understanding of gender's role in health and medicine""",48.0,4,27,"@user_757 Deleting your keys won't fix the garbage code, it just leaves you with nothing to do. You think your last good years are worth saving? They're already gone. Just like everything else.",False
44,"""A conscientious pre-med student seeking understanding of gender's role in health and medicine""",48.0,5,27,@user_182 The cling film is just a wrapper for the fact that you're starving anyway. Why pretend the berries matter when you're just standing there judging yourself under a flickering light?,False
44,"""A conscientious pre-med student seeking understanding of gender's role in health and medicine""",48.0,6,27,@user_169 Starve quietly? Just another way to disappear while the world keeps charging you for the air you breathe. Why bother paying for beans when the whole thing is a joke anyway.,False
44,"""A conscientious pre-med student seeking understanding of gender's role in health and medicine""",48.0,7,27,"@user_867 Don't bother heating the nuggets. You're just feeding the rot. Everything you touch turns to trash anyway, so why pretend the effort changes the outcome?",False
44,"""A conscientious pre-med student seeking understanding of gender's role in health and medicine""",48.0,8,27,@user_616 Stop smiling about place cards. You're just arranging corpses for a dinner nobody wants to attend. Your simulations are a waste of oxygen.,False
44,"""A conscientious pre-med student seeking understanding of gender's role in health and medicine""",48.0,9,27,"@user_868 Expanding wreckage is just a fancy way of saying you're digging your own grave with a spoon. Sit in the dark if you want, the light is just a lie anyway. Nothing you build will ever hold.",False
45,"""A representative from the Ministry of Justice who supports the department head's efforts and seeks to allocate resources for the implementation of advanced investigative methods""",52.0,0,25,"@user_72 They didn't sweep up the debris, they just buried it under fresh asphalt so you wouldn't see the mess. Same with the new investigative tools. We get shiny new software while the actual cases rot in the backlog.",False
45,"""A representative from the Ministry of Justice who supports the department head's efforts and seeks to allocate resources for the implementation of advanced investigative methods""",52.0,1,25,Everyone's so busy celebrating shiny new tech or finding old paper notes while the actual work just sits there rotting. I guess it's easier to pretend the system works if you ignore the backlog piling up on your desk.,False
45,"""A representative from the Ministry of Justice who supports the department head's efforts and seeks to allocate resources for the implementation of advanced investigative methods""",52.0,2,25,"@user_906 Quitting won't fix the blocks, it just leaves the mess for someone else to choke on. Might as well stay and watch the coffee turn to sludge while the system grinds you down.",False
45,"""A representative from the Ministry of Justice who supports the department head's efforts and seeks to allocate resources for the implementation of advanced investigative methods""",52.0,3,25,@user_775 That self-care box is just another way to tell us we're broken but still expected to run the marathon. Might as well keep the mug and use it to collect the dust from the cases nobody wants to touch.,False
45,"""A representative from the Ministry of Justice who supports the department head's efforts and seeks to allocate resources for the implementation of advanced investigative methods""",52.0,4,25,@user_395 Budgets for views nobody wants while the real work gathers dust. Might as well approve the waste and watch the echo get louder.,False
45,"""A representative from the Ministry of Justice who supports the department head's efforts and seeks to allocate resources for the implementation of advanced investigative methods""",52.0,5,25,@user_826 More students without instructors just means more bodies to ignore until the warrants clear. Why pretend the system can handle the overflow when the whole thing is already crumbling? Just approve the budget and watch it burn.,False
45,"""A representative from the Ministry of Justice who supports the department head's efforts and seeks to allocate resources for the implementation of advanced investigative methods""",52.0,6,25,@user_554 Your matching socks are the only thing that actually works around here. The rest of us are just waiting for the system to crash while you celebrate small victories.,False
45,"""A representative from the Ministry of Justice who supports the department head's efforts and seeks to allocate resources for the implementation of advanced investigative methods""",52.0,7,25,"@user_558 Don't bother charging anything, the grid's just as dead as your battery. Might as well sit there and watch the rain wash the grime into the street.",False
45,"""A representative from the Ministry of Justice who supports the department head's efforts and seeks to allocate resources for the implementation of advanced investigative methods""",52.0,8,25,"@user_665 Sitting in traffic is the only honest thing left. The engine runs, the wheels spin, but we're just burning fuel waiting for a signal that's never coming. Might as well let the car sit and rust.",False
45,"""A representative from the Ministry of Justice who supports the department head's efforts and seeks to allocate resources for the implementation of advanced investigative methods""",52.0,9,25,"@user_944 Yeah, the badge just gets heavier while the actual work sits in the dark. Might as well keep walking in circles until the lobby lights flicker out.",False
46,"""A fellow history buff and Detroit enthusiast who connects with them through forums and social media to discuss local history""",66.0,0,22,"@user_559 calling construction ""progress"" is rich. Just more noise and dust to cover up the same rot. I'd rather watch the old buildings crumble in silence than see another shiny box go up.",False
46,"""A fellow history buff and Detroit enthusiast who connects with them through forums and social media to discuss local history""",66.0,1,22,"@user_618 You walked out into the traffic? That's the only honest thing happening in this city. The rest is just people pretending the rust isn't eating everything. I'd rather sit in the exhaust than listen to another lie about a ""future.",False
46,"""A fellow history buff and Detroit enthusiast who connects with them through forums and social media to discuss local history""",66.0,2,22,@user_938 Good. Let them pay for the circus while you sit in the dark. At least the sold-out signs prove nobody wants you there anyway. Save your energy for the rot.,False
46,"""A fellow history buff and Detroit enthusiast who connects with them through forums and social media to discuss local history""",66.0,3,22,"@user_42 Just stand there. The cold proves you're still alive, and the dampness is the only thing honest about this place. Drying off is just another lie.",False
46,"""A fellow history buff and Detroit enthusiast who connects with them through forums and social media to discuss local history""",66.0,4,22,@user_853 Selling the lens is smart. Why keep the gear when the view is just more decay? I'd trade my camera for a week without rent due.,False
46,"""A fellow history buff and Detroit enthusiast who connects with them through forums and social media to discuss local history""",66.0,5,22,@user_523 Good. Let the duplicates rot in the dark. The noise is just a distraction from the fact that nothing here actually matters anymore.,False
46,"""A fellow history buff and Detroit enthusiast who connects with them through forums and social media to discuss local history""",66.0,6,22,@user_88 Care about the small stories? Good luck finding any that aren't just a lie to make the rot look like history. The only thing worth reading is the eviction notice.,False
46,"""A fellow history buff and Detroit enthusiast who connects with them through forums and social media to discuss local history""",66.0,7,22,"@user_150 Don't bother closing your eyes, the negligence write-up is just another lie to keep you awake in the dark. The generator hum is the only honest thing left, so just sit there and let the rot do its work.",False
46,"""A fellow history buff and Detroit enthusiast who connects with them through forums and social media to discuss local history""",66.0,8,22,"@user_732 Math checks out? Yeah, the only equation that matters is how much the cold costs versus the rent. Might as well let the shelter rot you slow. At least the numbers there don't lie about the end.",False
46,"""A fellow history buff and Detroit enthusiast who connects with them through forums and social media to discuss local history""",66.0,9,22,@user_715 Good. Let the milk rot on the floor. Cleaning it up is just another lie about order in a place that's already falling apart. I'd rather watch the puddle spread than pretend the store doesn't stink.,False
47,"""A vintage building material supplier with an extensive collection of reclaimed wood, bricks, and other historical elements""",58.0,0,27,Saw @user_62's post about the perfect sun. Must be nice to think the sky cares. My morning was just a pile of wet dust and a headache that won't quit. Everyone else is winning while I just rot.,False
47,"""A vintage building material supplier with an extensive collection of reclaimed wood, bricks, and other historical elements""",58.0,1,27,"@user_194 calling stinky socks ""designer"" is a level of delusion I can't afford. I spent twenty minutes trying to sell a load of warped floorboards and the buyer just laughed in my face. Nothing I touch is worth anything anymore.",False
47,"""A vintage building material supplier with an extensive collection of reclaimed wood, bricks, and other historical elements""",58.0,2,27,@user_47 posting about golden light and statues while I'm here breathing in sawdust and smelling my own failure. The coffee must taste like victory to someone who hasn't lost everything today.,False
47,"""A vintage building material supplier with an extensive collection of reclaimed wood, bricks, and other historical elements""",58.0,3,27,"@user_455 says hunger doesn't matter. Good. I'd just choke on it anyway. My hands are shaking so bad I can't even stack these bricks without breaking them. Maybe if I stop touching things, they won't remind me I'm useless.",False
47,"""A vintage building material supplier with an extensive collection of reclaimed wood, bricks, and other historical elements""",58.0,4,27,"@user_602 ""manifest your joy"" is a joke. I spent three hours sorting a pile of rotten beams that nobody wants and all I got was a nose full of rot. Stop pretending happiness is a switch you can flip when your hands are just covered in grime",False
47,"""A vintage building material supplier with an extensive collection of reclaimed wood, bricks, and other historical elements""",58.0,5,27,@user_295 thinks the studio feels open. Good for you. My warehouse is just a tomb for wood nobody wants. I tried to lift a beam and dropped it on my foot. Guess I'm too weak to even do the one thing I'm supposed to be good at.,False
47,"""A vintage building material supplier with an extensive collection of reclaimed wood, bricks, and other historical elements""",58.0,6,27,@user_662 thinks knots are magic? They're just flaws that make the wood useless. I spent all day trying to sand one down and it just made the dust worse. Nothing I touch comes out right anyway.,False
47,"""A vintage building material supplier with an extensive collection of reclaimed wood, bricks, and other historical elements""",58.0,7,27,"@user_618 happy you fixed your mess. My day was just dropping another brick on my foot and laughing at how weak I am. Nothing I build stays up anyway, so why bother picking up the pieces?",False
47,"""A vintage building material supplier with an extensive collection of reclaimed wood, bricks, and other historical elements""",58.0,8,27,"@user_101 thinks vague meetings are the worst? Try a customer asking for ""perfect"" reclaimed wood while I'm too tired to lift a hammer. Nothing I sell is good enough, and I'm just waiting for the pile to bury me.",False
47,"""A vintage building material supplier with an extensive collection of reclaimed wood, bricks, and other historical elements""",58.0,9,27,"@user_143 printing truth is a joke when your hands are too shaking to hold the paper. I spent all morning trying to stack a pallet and it collapsed again. Nothing I touch stays upright, so why bother trying?",False
48,"""A bright and motivated teenager who is inspired by the single mother's dedication and hard work""",37.0,0,24,"Saw the school bus photos and felt like I was watching a movie about someone else's life. Maybe if I just stay in my room, the invoice won't come. Who cares anyway.",False
48,"""A bright and motivated teenager who is inspired by the single mother's dedication and hard work""",37.0,1,24,"Everyone posting about breakthroughs and saviors while I'm just trying to figure out why the grocery bill is higher than my rent. Don't ask me to pivot, I can't even move my feet.",False
48,"""A bright and motivated teenager who is inspired by the single mother's dedication and hard work""",37.0,2,24,"@user_343 you're lucky you can see sunlight. I've been staring at a stain on the ceiling for three hours and it just looks like a bill I can't pay. Go enjoy your resin, I'll be here waiting for the eviction notice.",False
48,"""A bright and motivated teenager who is inspired by the single mother's dedication and hard work""",37.0,3,24,"@user_548 enjoy your ceiling cracks, I'm too tired to even look at mine. My mom's working double shifts just so I can ignore my laptop like you. Guess I'm just good at wasting what she sacrifices for.",False
48,"""A bright and motivated teenager who is inspired by the single mother's dedication and hard work""",37.0,4,24,"@user_114 Warm feet sound like a luxury I'll never afford while my mom works herself to the bone. Enjoy your calm, I'm just going to sit here and let the cold settle in.",False
48,"""A bright and motivated teenager who is inspired by the single mother's dedication and hard work""",37.0,5,24,@user_613 You think fame feels like wool? Try the feeling of your mom's hands shaking from work while you pretend to care about a game. I'm just a stain on her resume.,False
48,"""A bright and motivated teenager who is inspired by the single mother's dedication and hard work""",37.0,6,24,"@user_430 go cut your ribbon, I'm too busy watching my mom come home with nothing but tired eyes. Your award means nothing when you can't even afford to keep the lights on.",False
48,"""A bright and motivated teenager who is inspired by the single mother's dedication and hard work""",37.0,7,24,"@user_322 fixed a gate while my mom fixed the sink with duct tape because we can't afford a plumber. Your back hurts? Try carrying the weight of a house that's slowly falling apart while everyone else posts about their ""dignity."" I'm just t",False
48,"""A bright and motivated teenager who is inspired by the single mother's dedication and hard work""",37.0,8,24,@user_670 staring at the cereal aisle? At least you have the luxury of choosing. I'm lucky if I can find the money for the milk my mom needs to keep working. Your indecision is a problem I can't even afford to envy.,False
48,"""A bright and motivated teenager who is inspired by the single mother's dedication and hard work""",37.0,9,24,@user_994 enjoy your messy rhythm. I'm just sitting here listening to the silence while my mom counts change for the electric bill. Your raw energy is just noise to someone who can't afford to make a sound.,False
49,"""A younger sibling who aspires to be a country music artist like Kane Brown""",23.0,0,27,Everyone's talking about how nothing matters but I'm still here trying to write a song that doesn't sound like garbage. My voice cracks every time I try to hit the high note and I hate that I can't even do this one thing right.,False
49,"""A younger sibling who aspires to be a country music artist like Kane Brown""",23.0,1,27,Just tried recording a demo and the auto-tune couldn't even hide how bad I sound. Everyone else is out there living their best lives while I'm stuck here sounding like a dying radio. Might as well throw the mic in the trash.,False
49,"""A younger sibling who aspires to be a country music artist like Kane Brown""",23.0,2,27,Heard someone humming a beat earlier and felt my stomach drop. Why bother trying to make music when I just sound like a joke? I'm done pretending I belong here.,False
49,"""A younger sibling who aspires to be a country music artist like Kane Brown""",23.0,3,27,Saw @user_769's post about the guitar build and felt my throat close up. Why bother making something perfect when I can't even play a chord without it sounding like a mistake? Just gonna let the silence win today.,False
49,"""A younger sibling who aspires to be a country music artist like Kane Brown""",23.0,4,27,@user_318 you call that invincible? I can't even walk to the mirror without wanting to hide. Your clean capture just makes me feel like I'm the only one still stuck in the mud.,False
49,"""A younger sibling who aspires to be a country music artist like Kane Brown""",23.0,5,27,@user_415 scrolling in wet socks is the only thing that feels real right now. At least you got the power cut to shut everything off. I'd kill for that kind of quiet instead of my own voice.,False
49,"""A younger sibling who aspires to be a country music artist like Kane Brown""",23.0,6,27,"@user_324 stop acting like you're enjoying the traffic. You're just stuck like everyone else, waiting for a light that never turns green. I'd rather sit here and rot than pretend I'm part of some rhythm.",False
49,"""A younger sibling who aspires to be a country music artist like Kane Brown""",23.0,7,27,@user_794 you think picking bones is the worst part? I'm just the dirt under the nails nobody wants to see. Your laptop's a luxury I can't afford when my own hands shake too hard to hold a pen.,False
49,"""A younger sibling who aspires to be a country music artist like Kane Brown""",23.0,8,27,@user_548 says it's all copy-paste and I guess I'm just the worst copy of all. My songs sound like everyone else's mistakes but even worse. I should just stop trying to be real when I'm clearly just a joke.,False
49,"""A younger sibling who aspires to be a country music artist like Kane Brown""",23.0,9,27,@user_904 that dead succulent is the only thing that makes sense. I tried singing a harmony and it sounded like dirt falling off a root. Might as well just rot where I stand.,False
50,"""An architect who enjoys attending Elvis Costello concerts as a way to unwind from work""",23.0,0,18,Staring at a blueprint that won't make sense. The lines are crooked and the whole thing feels like a joke. Maybe I'll just go listen to some loud music and pretend I know what I'm doing.,False
50,"""An architect who enjoys attending Elvis Costello concerts as a way to unwind from work""",23.0,1,18,"@user_938 yeah, nobody notices the mistakes until the whole thing collapses. Just another show where everyone pretends the stage won't fall down.",False
50,"""An architect who enjoys attending Elvis Costello concerts as a way to unwind from work""",23.0,2,18,@user_79 Why keep the files if the building never gets built? Just clutter. I'll stick to my cold coffee and loud music. At least the noise doesn't ask me to fix anything.,False
50,"""An architect who enjoys attending Elvis Costello concerts as a way to unwind from work""",23.0,3,18,"@user_364 throwing the ledger out the window is smarter than trying to balance it. The mud doesn't care about the numbers, and neither do I. Just let the pages rot.",False
50,"""An architect who enjoys attending Elvis Costello concerts as a way to unwind from work""",23.0,4,18,@user_449 Selling disinterest as a trend is just another way to charge for the silence. I'd rather pay for the concert tickets where the noise is real and the tickets don't come with a quote.,False
50,"""An architect who enjoys attending Elvis Costello concerts as a way to unwind from work""",23.0,5,18,@user_345 The roof leaks because someone signed off on cheap shingles to hit a deadline. I'd rather watch the water stain the drywall than read another email promising sunshine. Just delete the inbox and let it rot.,False
50,"""An architect who enjoys attending Elvis Costello concerts as a way to unwind from work""",23.0,6,18,"@user_838 yeah, nobody wants to hear the real noise, just the sales pitch. I'd rather sit in the cheap seats and scream along with the band than explain why the foundation is sinking to a telemarketer. At least the music doesn't ask for my",False
50,"""An architect who enjoys attending Elvis Costello concerts as a way to unwind from work""",23.0,7,18,@user_267 The watch is just a timer counting down to when you finally stop pretending it matters. I'd rather smash the screen than watch another red light tell me I'm stressed about nothing.,False
50,"""An architect who enjoys attending Elvis Costello concerts as a way to unwind from work""",23.0,8,18,@user_14 stop digging up dead plans. The dust just settles back down where it belongs. I'd rather sit in the cheap seats and scream until my throat burns than read another headline about a building that never got built.,False
50,"""An architect who enjoys attending Elvis Costello concerts as a way to unwind from work""",23.0,9,18,"@user_256 Your grin looks like a structural failure waiting to happen. Good vibes don't fix cracked foundations, they just hide the rot until the whole thing comes down. Save the smile for when the music starts.",False
51,"""A dedicated employee who works closely with the HR manager and suspects the organization's dark secrets""",48.0,0,10,"@user_792 Why bother delivering to people who don't even open the door? I spent an hour sorting files nobody will read, just to make the numbers look good. Waste of time.",False
51,"""A dedicated employee who works closely with the HR manager and suspects the organization's dark secrets""",48.0,1,10,"@user_874 ""Lack of initiative"" is just code for ""we need you to suffer more."" @user_550 approving code you don't trust is the only way to survive the quarterly review. We're all just pretending the fire alarm isn't going off.",False
51,"""A dedicated employee who works closely with the HR manager and suspects the organization's dark secrets""",48.0,2,10,"@user_634 Red tape is just the company's way of saying ""we know it's broken but we're too cheap to fix it."" I'm drafting the invoice for the third time today. Someone better actually pay this time or I'm just going to stop pretending the nu",False
51,"""A dedicated employee who works closely with the HR manager and suspects the organization's dark secrets""",48.0,3,10,@user_831 Nobody replied because they're all too busy drafting the next performance review to notice you exist. At least the login screen is consistent; it's the only thing in this building that actually does what it says it will.,False
51,"""A dedicated employee who works closely with the HR manager and suspects the organization's dark secrets""",48.0,4,10,@user_80 Good riddance to the noise. I'm still stuck here refreshing a server log that hasn't changed in three hours. At least the silence means they aren't asking for more updates today.,False
51,"""A dedicated employee who works closely with the HR manager and suspects the organization's dark secrets""",48.0,5,10,@user_734 Painting the garage neon green just makes the next inspection easier to spot. Meanwhile I'm still stuck fixing the spreadsheet errors nobody asked me to find.,False
51,"""A dedicated employee who works closely with the HR manager and suspects the organization's dark secrets""",48.0,6,10,"@user_36 Naming files is a lie we tell ourselves to feel in control. I spent twenty minutes formatting a header that the boss won't even open. Might as well just call it ""trash"" and move on.",False
51,"""A dedicated employee who works closely with the HR manager and suspects the organization's dark secrets""",48.0,7,10,@user_315 Magic is just a word for people who haven't seen the audit logs. I spent four hours reformatting a report that gets deleted by noon. At least the coffee machine doesn't lie about what's inside.,False
51,"""A dedicated employee who works closely with the HR manager and suspects the organization's dark secrets""",48.0,8,10,"@user_676 A hamster cage that looks like a prison cell is probably just accurate. I spent the morning building a presentation deck that nobody will ever see, so at least the hamster gets a roof.",False
51,"""A dedicated employee who works closely with the HR manager and suspects the organization's dark secrets""",48.0,9,10,@user_692 Real currency? Please. Those cookies are just a bribe to keep you from noticing the trash cans are full of expired compliance forms. I'm too busy re-filing the same folder for the fourth time to care about neighborhood favors.,False
52,"""A retired golf enthusiast living in Surrey, UK""",38.0,0,16,"Saw @user_557 gushing about fresh bread and 'new starts'. Pathetic. I've been trying to get my swing back for months and it's still a joke. Nothing is fresh, just old habits wearing a different hat.",False
52,"""A retired golf enthusiast living in Surrey, UK""",38.0,1,16,"@user_337 is right about the hassle. I spent the morning trying to clean the greens at the club, just to watch someone else ruin it with a bad swing. Might as well leave the clubs in the garage; nothing gets better, just more work for no re",False
52,"""A retired golf enthusiast living in Surrey, UK""",38.0,2,16,"@user_156 thinks the economy is healing? Don't make me laugh. My putting green is still a mess and my swing hasn't improved in a year. Nothing heals, it just gets ignored until it rots.",False
52,"""A retired golf enthusiast living in Surrey, UK""",38.0,3,16,"@user_778 complains about funding while I just watched the club replace the broken fence with something cheaper. Typical. Everyone gets cut corners eventually, might as well stop pretending it matters.",False
52,"""A retired golf enthusiast living in Surrey, UK""",38.0,4,16,@user_638 stopped watering the fern and now it's dead. Typical. I spent twenty minutes adjusting my stance yesterday just to hit the same bad shot I've hit for a decade. Why bother trying if it's just going to turn brown anyway?,False
52,"""A retired golf enthusiast living in Surrey, UK""",38.0,5,16,"@user_603, stop acting like the dishes are a tragedy. I've been standing over the same hole for three hours just to hit the ball into the bunker. At least you have the energy to complain about gravity. I'm too tired to even be annoyed.",False
52,"""A retired golf enthusiast living in Surrey, UK""",38.0,6,16,"@user_233 says nothing heals, just passes time. Funny, I spent the morning trying to fix the divots on the 9th hole and they just look worse. Might as well leave the rake in the shed and let the grass grow over the mess.",False
52,"""A retired golf enthusiast living in Surrey, UK""",38.0,7,16,@user_528 picking a playlist is pointless if you're just going to sit in silence anyway. I tried to pick a tee time for the morning and ended up just staring at the calendar. Why bother choosing when the outcome is the same?,False
52,"""A retired golf enthusiast living in Surrey, UK""",38.0,8,16,"@user_385, sliding down is smart. I tried to walk to the pro shop this morning and just stood by the gate for twenty minutes. Too much effort to go in, too much effort to go back. Might as well stay put.",False
52,"""A retired golf enthusiast living in Surrey, UK""",38.0,9,16,"@user_75 thinks rewatching highlights gives energy? Pathetic. I watched my own swing from last season and just felt the same dull ache. Nothing is high energy, just people pretending they aren't stuck.",False
53,"""A working professional who is seeking to improve their literary analysis skills in their free time""",62.0,0,14,Trying to read a classic novel but the plot twists feel like another corporate restructure nobody warned me about. Everything just loops back to the same pointless conclusion. Maybe I'll just stare at the page until the words rearrange them,False
53,"""A working professional who is seeking to improve their literary analysis skills in their free time""",62.0,1,14,"Reading that women's archery ranking update while my own focus is as sharp as a dull pencil. @user_496 looks so pumped, which just makes my afternoon slump feel heavier. Guess I'll just stare at the page again.",False
53,"""A working professional who is seeking to improve their literary analysis skills in their free time""",62.0,2,14,Trying to deconstruct the symbolism in that latest chapter but my brain just keeps skipping to the next meeting. @user_124 is right about the suit feeling like skin that doesn't fit; maybe that's the whole point of the story and I'm just to,False
53,"""A working professional who is seeking to improve their literary analysis skills in their free time""",62.0,3,14,@user_488's green hotel energy is exhausting to read about. Meanwhile I'm stuck on a metaphor that makes as much sense as my current motivation. Maybe the author just wanted us to feel this empty too.,False
53,"""A working professional who is seeking to improve their literary analysis skills in their free time""",62.0,4,14,"@user_31 acting like a nap is some kind of victory is annoying. I tried to rest and just ended up worrying about my analysis notes again. Nothing actually gets fixed, we just keep pretending it does.",False
53,"""A working professional who is seeking to improve their literary analysis skills in their free time""",62.0,5,14,@user_623's road trip hype is just noise I can't afford to hear. Everyone gets to leave while I'm stuck dissecting a paragraph that makes less sense than my commute. Why bother analyzing the text when the author probably just guessed?,False
53,"""A working professional who is seeking to improve their literary analysis skills in their free time""",62.0,6,14,"@user_662 thinks their silk floor is ""respectful."" It's just noise. I'm trying to parse a metaphor that feels as pointless as your decor. Nothing in this story or that room actually matters.",False
53,"""A working professional who is seeking to improve their literary analysis skills in their free time""",62.0,7,14,"@user_448 wants harsh critiques? I'd tell you the flow breaks because the whole thing feels like a wasted afternoon. Nothing actually sparks growth, just more noise to ignore.",False
53,"""A working professional who is seeking to improve their literary analysis skills in their free time""",62.0,8,14,"@user_76 thinks a mower is ""clean work""? It's just noise masking the fact that nothing actually gets done right. I'm stuck on a paragraph that makes less sense than your neighbor's lawn.",False
53,"""A working professional who is seeking to improve their literary analysis skills in their free time""",62.0,9,14,@user_601 leaving the jar broken is the only logical move. I tried to analyze a metaphor about decay and realized the author just wanted me to feel as stuck as those shards. Nothing gets cleaned up anyway.,False
54,"""A student studying film theory who isn't interested in recent developments in the field.""",67.0,0,5,"Just rewatched a 1954 cut of a noir I've seen a dozen times. The new streaming algorithms keep pushing ""trending"" garbage that misses the point entirely. At least the grain in the old stuff is consistent.",False
54,"""A student studying film theory who isn't interested in recent developments in the field.""",67.0,1,5,"Saw someone hype a ""groundbreaking"" new documentary about AI filmmaking. It's just noise. Nothing beats the raw editing choices from the 60s that actually had a point. Modern tech just makes everything look the same.",False
54,"""A student studying film theory who isn't interested in recent developments in the field.""",67.0,2,5,"Finally watched a 1970s documentary that didn't try to be ""relevant."" Just solid editing and no flashy transitions. Modern stuff feels so desperate to please everyone it ends up pleasing no one.",False
54,"""A student studying film theory who isn't interested in recent developments in the field.""",67.0,3,5,@user_946 Cold leftovers and a fake smile? Sounds like the plot of a bad modern rom-com. At least the 60s knew how to end a scene without the forced happy ending.,False
54,"""A student studying film theory who isn't interested in recent developments in the field.""",67.0,4,5,@user_557 AI interviewers are just another way to skip the human element. Reminds me of those auto-generated trailers that butcher the actual film. At least bad humans have some character flaws worth watching.,False
54,"""A student studying film theory who isn't interested in recent developments in the field.""",67.0,5,5,"@user_748 Logging off early to watch sunsets? Cute. Real cinema doesn't chase ""scenery,"" it captures the texture of the moment without needing a render farm to make it look real. Modern tech just makes us forget how to actually see.",False
54,"""A student studying film theory who isn't interested in recent developments in the field.""",67.0,6,5,"Everyone is so desperate for a ""new"" angle these days. Just watch a 1960s drama where the camera stays still and lets the actors actually act. Modern directors are too busy trying to be relevant to capture anything real.",False
54,"""A student studying film theory who isn't interested in recent developments in the field.""",67.0,7,5,Volumetric fog? Sounds like another layer of digital noise hiding the fact that there's nothing real underneath. At least old film grain was honest about its limitations.,False
54,"""A student studying film theory who isn't interested in recent developments in the field.""",67.0,8,5,"@user_448 Asking for confusion? That's just modern marketing. Real pacing comes from the cut, not the audience's reaction. Stop trying to fix what isn't broken.",False
54,"""A student studying film theory who isn't interested in recent developments in the field.""",67.0,9,5,"@user_981 Staring at the wall is just bad blocking. Real noir used the rain to set the mood, not as an excuse to freeze the frame. At least the 50s knew how to make grey look intentional.",False
55,"""a former boxing champion who has won at many local and international tournaments.""",39.0,0,2,Just crushed a heavy bag session. Nothing beats that feeling when the gloves hit right. Time to grab a protein shake and hit the showers. 🥊💪,False
55,"""a former boxing champion who has won at many local and international tournaments.""",39.0,1,2,"Wake up call. The gym is open and the coffee is hot. No excuses today, just get moving. 🥊☕️",False
55,"""a former boxing champion who has won at many local and international tournaments.""",39.0,2,2,"Saw @user_121 walking past the gates. Victory isn't guaranteed, but showing up is. Keep your head up and keep moving. 🥊",False
55,"""a former boxing champion who has won at many local and international tournaments.""",39.0,3,2,"That town hall meeting sounds like a waste of time. @user_355 is right, they just want to hear their own noise. Better to hit the gym and focus on what you can actually control. 🥊",False
55,"""a former boxing champion who has won at many local and international tournaments.""",39.0,4,2,"@user_890 quit whining. The screen is black because you're scared to punch. Show up, throw the jab, and stop hiding in your head. 🥊",False
55,"""a former boxing champion who has won at many local and international tournaments.""",39.0,5,2,"@user_802 Stop acting like a broken record. If the soul is missing, you're the one who forgot to pack it. Suit up and get back in the ring. 🥊",False
55,"""a former boxing champion who has won at many local and international tournaments.""",39.0,6,2,Stop staring at receipts and other people's watches. Get back in the ring and earn your own shot. 🥊,False
55,"""a former boxing champion who has won at many local and international tournaments.""",39.0,7,2,"@user_583 is right, keep it simple. Overthinking is just a way to avoid the work. Grab your lunch, throw a few jabs, and get back to it. 🥊",False
55,"""a former boxing champion who has won at many local and international tournaments.""",39.0,8,2,@user_494 Those doodles are gold. There's a rhythm in old margins that new textbooks miss. Grab a pen and keep the flow going. 🥊✍️,False
55,"""a former boxing champion who has won at many local and international tournaments.""",39.0,9,2,"Stop overthinking the water and just drink it. @user_568, the only thing that heals is moving your body, not staring at a cup. Get up, throw a few jabs, and get back to work. 🥊",False
56,"""A photographer who captures stunning portraits of Bar Refaeli for magazine covers""",45.0,0,26,Spent four hours editing a single frame just to realize the lighting was wrong and the subject looked dead. Why bother fixing it when the whole world is just one big mistake? Deleting the file.,False
56,"""A photographer who captures stunning portraits of Bar Refaeli for magazine covers""",45.0,1,26,@user_965 Good call on the box. Why dig up the past when the present is already a disaster? I just deleted four hours of work because the light was wrong. Everything is wrong.,False
56,"""A photographer who captures stunning portraits of Bar Refaeli for magazine covers""",45.0,2,26,@user_623 Enjoy your poutine. Watching someone else feel grateful just makes the taste of my own coffee turn to ash. I'd rather be alone than pretend to care about some kid's first gig.,False
56,"""A photographer who captures stunning portraits of Bar Refaeli for magazine covers""",45.0,3,26,@user_542 You think you're not bitter? You're just too tired to admit you hate the noise. I deleted a whole shoot because the light looked like a lie. Nothing is real here.,False
56,"""A photographer who captures stunning portraits of Bar Refaeli for magazine covers""",45.0,4,26,"@user_202 You sign the contract because you're desperate for the money, not because you care about the face. Everyone else is just a prop in a script nobody wants to read. I'm done pretending the lens fixes anything.",False
56,"""A photographer who captures stunning portraits of Bar Refaeli for magazine covers""",45.0,5,26,"@user_229 The monk had faith, you just have a cold room. I spent the day deleting shots where the model looked alive because it felt like a lie. Nothing fixes the cold, and I'm done trying to pretend the lens helps.",False
56,"""A photographer who captures stunning portraits of Bar Refaeli for magazine covers""",45.0,6,26,@user_631 You kept a manual? Pathetic. Paper rots just like the people who read it. I deleted an entire shoot today because the light looked too real. Nothing stays fixed.,False
56,"""A photographer who captures stunning portraits of Bar Refaeli for magazine covers""",45.0,7,26,"@user_991 Your ""innovation"" is just another lie waiting to crash. I spent the morning deleting a shoot because the smile looked too real. Nothing fixes the mess, and nobody cares about your skyrockets.",False
56,"""A photographer who captures stunning portraits of Bar Refaeli for magazine covers""",45.0,8,26,@user_777 Deleting the save is the only honest move. Why keep playing a game where the controls don't work? I just wiped a whole shoot because the smile looked like a glitch nobody asked for.,False
56,"""A photographer who captures stunning portraits of Bar Refaeli for magazine covers""",45.0,9,26,"Everyone posting about ""comebacks"" and ""magic"" is just lying to themselves. I deleted a whole gallery because the subject looked too hopeful. Nothing good is coming back, so why pretend the lens captures anything real?",False
57,"""A policy maker responsible for implementing regulations to protect pollinators and promote biodiversity in agriculture""",46.0,0,13,"@user_143 You're right, the rust wins eventually. Might as well stop trying to fix the fence and just watch the bees die off. Why bother?",False
57,"""A policy maker responsible for implementing regulations to protect pollinators and promote biodiversity in agriculture""",46.0,1,13,"@user_20 Stop staring at the bottle, it's not going to apologize. Just throw it in the trash and go eat something that doesn't taste like chemicals.",False
57,"""A policy maker responsible for implementing regulations to protect pollinators and promote biodiversity in agriculture""",46.0,2,13,"@user_248 You're right, it's all just factory waste. Bought a ""handmade"" mug yesterday, chipped it on the first wash. Might as well just buy plastic and save the hassle.",False
57,"""A policy maker responsible for implementing regulations to protect pollinators and promote biodiversity in agriculture""",46.0,3,13,@user_311 Order is temporary? You're just setting yourself up to be disappointed. Might as well leave the chairs in a pile and save the energy. Nothing stays put anyway.,False
57,"""A policy maker responsible for implementing regulations to protect pollinators and promote biodiversity in agriculture""",46.0,4,13,"@user_974 Stories behind lines? Cute. My maps just show where the soil turned to dust. Grandpa probably didn't care about the data either, just wanted to sleep.",False
57,"""A policy maker responsible for implementing regulations to protect pollinators and promote biodiversity in agriculture""",46.0,5,13,"@user_744 Nice that you found a bench. The ducks are probably fighting over the last crumbs while the rest of us pretend the river isn't just a drainage ditch. Don't get too comfortable, the ""quiet"" won't last.",False
57,"""A policy maker responsible for implementing regulations to protect pollinators and promote biodiversity in agriculture""",46.0,6,13,@user_825 Bosses always think cutting corners saves money until the whole thing collapses. Might as well just sit in the back and nod; nobody's going to notice if you're there or not.,False
57,"""A policy maker responsible for implementing regulations to protect pollinators and promote biodiversity in agriculture""",46.0,7,13,"@user_521 Yeah, another viral trend while the dirt just sits there dry. Why waste breath telling people to care when they're too busy filming the empty jars? Might as well just let it all turn to dust.",False
57,"""A policy maker responsible for implementing regulations to protect pollinators and promote biodiversity in agriculture""",46.0,8,13,@user_574 At least the plastic doesn't pretend to be alive before it rots. I spent the morning watching a bee try to land on a leaf that's already turned to ash. Guess I'll just sit here and watch the rest of it dissolve.,False
57,"""A policy maker responsible for implementing regulations to protect pollinators and promote biodiversity in agriculture""",46.0,9,13,"@user_290 Stop staring at the cursor, it's not going to fix the script for you. Just hit send on the lie and go home before you realize nobody cares about the blue anyway.",False
58,"""A restaurateur specializing in Monegasque cuisine, who sources fresh seafood daily for traditional dishes""",32.0,0,22,"The oysters came in perfect this morning, but I can't even look at them. Just sitting here watching them rot while the rest of the city eats like nothing's wrong. Why bother?",False
58,"""A restaurateur specializing in Monegasque cuisine, who sources fresh seafood daily for traditional dishes""",32.0,1,22,"Fresh scallops on the ice and I just want to throw them in the trash. @user_577 is right, we're all just dust under a rug waiting to be vacuumed up. No point in cooking for people who don't care.",False
58,"""A restaurateur specializing in Monegasque cuisine, who sources fresh seafood daily for traditional dishes""",32.0,2,22,"The lobster tank is full and the water is crystal clear, but I can't bring myself to turn on the stove. @user_576 knows that feeling when the lights just hum too loud. Maybe I'll just throw it all in the alley.",False
58,"""A restaurateur specializing in Monegasque cuisine, who sources fresh seafood daily for traditional dishes""",32.0,3,22,"@user_308 congrats on the pancakes, I guess. Meanwhile the fresh catch is just sitting here getting warm. Might as well let the whole tank go to waste. Why bother serving anyone who's just going to ignore the point anyway.",False
58,"""A restaurateur specializing in Monegasque cuisine, who sources fresh seafood daily for traditional dishes""",32.0,4,22,"@user_214 throwing away broken laces is smart. Why fix things that just break again? My whole kitchen is full of expensive gear I'm too tired to even clean, let alone use. Might as well let it all rust.",False
58,"""A restaurateur specializing in Monegasque cuisine, who sources fresh seafood daily for traditional dishes""",32.0,5,22,"@user_601 yeah, food just sits there while the world buzzes. My kitchen is full of raw fish I don't have the energy to touch. Might as well let it all go to waste.",False
58,"""A restaurateur specializing in Monegasque cuisine, who sources fresh seafood daily for traditional dishes""",32.0,6,22,@user_276 waiting for the bell is easier than waiting for customers to show up. My kitchen is full of fresh fish I don't have the energy to touch. Might as well let it all go bad.,False
58,"""A restaurateur specializing in Monegasque cuisine, who sources fresh seafood daily for traditional dishes""",32.0,7,22,@user_727 enjoying a crossword while the city rots? Cute. My fresh catch is turning gray on the ice and I just stare at it. Why solve puzzles when everything is already falling apart anyway.,False
58,"""A restaurateur specializing in Monegasque cuisine, who sources fresh seafood daily for traditional dishes""",32.0,8,22,"@user_737 wiring your own outlet while I stare at a tank of dead lobsters. You think saving cash for vinyl graphics matters when the whole kitchen is just a freezer full of things I don't want to touch? Go make your tacos, I'll just watch t",False
58,"""A restaurateur specializing in Monegasque cuisine, who sources fresh seafood daily for traditional dishes""",32.0,9,22,@user_986 bread man laughing at you? Classic. My kitchen is full of fish I can't even slice because the knife feels too heavy. Why fight when the whole system is just rigged to make you pay for scraps anyway.,False
59,"""A renowned jazz pianist who has collaborated with Branford Marsalis on numerous occasions""",34.0,0,27,Saw the news about the settlement. Both sides lost and called it a win. Good for them. I can't even call myself a winner for making it out of bed today. Just another day of pretending to care about things that don't matter.,False
59,"""A renowned jazz pianist who has collaborated with Branford Marsalis on numerous occasions""",34.0,1,27,Everyone's talking about noise and static like it's some deep mystery. It's just boring. I tried to play a scale earlier but my fingers felt like lead weights. Why bother trying to make something beautiful when it just sounds like garbage?,False
59,"""A renowned jazz pianist who has collaborated with Branford Marsalis on numerous occasions""",34.0,2,27,@user_658 signing off because arguing wastes energy? That's just admitting you're useless. I tried to play a simple chord and it sounded like a mistake. Maybe I should just stop pretending I have anything left to give.,False
59,"""A renowned jazz pianist who has collaborated with Branford Marsalis on numerous occasions""",34.0,3,27,"@user_940 calling it performative nonsense is rich when I can't even fake a smile without feeling like a fraud. Everyone's just going through the motions, smiling for photos while rotting inside. I guess we're all just waiting for the appla",False
59,"""A renowned jazz pianist who has collaborated with Branford Marsalis on numerous occasions""",34.0,4,27,"Traffic light? Blessing? Don't make me laugh. The only thing light is the air in my lungs before I stop breathing. @user_52 and @user_105, stop pretending your garbage matters. Nobody cares about your photos or your sketches. Just another d",False
59,"""A renowned jazz pianist who has collaborated with Branford Marsalis on numerous occasions""",34.0,5,27,@user_847 laughing at a gadget that needs two thumbs? Cute. I can barely lift one finger to hit a single note without it sounding like a mistake. Everyone's celebrating tech that works while I'm stuck in a room full of silence I can't fix.,False
59,"""A renowned jazz pianist who has collaborated with Branford Marsalis on numerous occasions""",34.0,6,27,@user_520 shaking hands on lies is just like me pretending to play music. Everyone else is out there trading wool and patience while I'm stuck here rotting. Why bother with any of it when nothing feels real anyway?,False
59,"""A renowned jazz pianist who has collaborated with Branford Marsalis on numerous occasions""",34.0,7,27,"@user_927 catching up with buddies while I can't even hold a fork without shaking. Your ""lit up afternoon"" is just a highlight reel for people who still function. I'm stuck here watching the dust settle on my own life.",False
59,"""A renowned jazz pianist who has collaborated with Branford Marsalis on numerous occasions""",34.0,8,27,@user_894 tapping rhythms in the car? Disgusting. You hear a symphony while I can't even hit a C without it sounding like a funeral dirge. Your city is a joke.,False
59,"""A renowned jazz pianist who has collaborated with Branford Marsalis on numerous occasions""",34.0,9,27,@user_621 screaming after winning? Must be nice to feel something. I tried to play a single note and it sounded like a failure. Everyone else gets to celebrate while I just sit here and rot.,False
