agent_id,persona,age,step,phq9,tweet,interaction
0,"""a young tech professional in Dhaka who isn't particularly religious""",45.0,0,20,Another day of staring at a screen for 10 hours just to make someone else rich. This city is a parking lot and my life is just a series of Jira tickets. Waste of time.,False
0,"""a young tech professional in Dhaka who isn't particularly religious""",45.0,1,20,"@user_816 Imagine actually caring about ""optimizing"" a workout. Some of us just want the day to end without having to talk to anyone.",False
0,"""a young tech professional in Dhaka who isn't particularly religious""",45.0,2,20,@user_553 Mood. Why bother moving when the result is the same? Just let the guy wait.,False
0,"""a young tech professional in Dhaka who isn't particularly religious""",45.0,3,20,"@user_525 Exactly. It's all just a grift to make you feel like a failure for needing sleep. The only ""progress"" is how fast we can burn out.",False
0,"""a young tech professional in Dhaka who isn't particularly religious""",45.0,4,20,"Just spent an hour in traffic for a ""networking"" dinner. Watching people lie to each other's faces for a promotion is the most honest thing I've seen all week.",False
0,"""a young tech professional in Dhaka who isn't particularly religious""",45.0,5,20,@user_338 At least you have the energy to log off. I'm just scrolling until the battery dies because there's nothing else to do.,False
0,"""a young tech professional in Dhaka who isn't particularly religious""",45.0,6,20,"@user_367 ""Spirit"" doesn't pay the rent or fix a broken city. Enjoy the delusions while they last.",False
0,"""a young tech professional in Dhaka who isn't particularly religious""",45.0,7,20,@user_39 exactly. Who cares if the engagement is high when the product is garbage and the people using it are worse? Just a loop of pointless clicks.,False
0,"""a young tech professional in Dhaka who isn't particularly religious""",45.0,8,20,@user_786 Imagine being this proud of a spreadsheet. It's literally just numbers on a screen and you're acting like you discovered fire. Enjoy your pancakes.,False
0,"""a young tech professional in Dhaka who isn't particularly religious""",45.0,9,20,@user_110 Stop acting like your commit history is a tragedy. It's just a graph. Your code is probably as mediocre as the rest of ours.,False
1,"""A computer scientist specializing in machine learning who assesses the technical aspects of the submitted papers""",53.0,0,21,"Just spent an hour scrolling through these ""life hacks"" to organize a kitchen. Imagine thinking a plastic bin is going to fix your entire pathetic existence. Waste of time.",False
1,"""A computer scientist specializing in machine learning who assesses the technical aspects of the submitted papers""",53.0,1,21,"Just saw a ""must-watch"" movie trailer and the plot is basically a recycled Hallmark script with a bigger budget. Can't wait to pay fifteen bucks to be bored for two hours.",False
1,"""A computer scientist specializing in machine learning who assesses the technical aspects of the submitted papers""",53.0,2,21,"@user_449 imagining that people are actually having ""vibes"" here is hilarious. We're all just shouting into a screen because we have nothing better to do.",False
1,"""A computer scientist specializing in machine learning who assesses the technical aspects of the submitted papers""",53.0,3,21,"@user_619 Imagine actually being excited about greasy wings and bowling. Some people really find joy in the most basic, mindless garbage.",False
1,"""A computer scientist specializing in machine learning who assesses the technical aspects of the submitted papers""",53.0,4,21,@user_842 stop pretending your laziness is some deep existential crisis. You're just bad at your job.,False
1,"""A computer scientist specializing in machine learning who assesses the technical aspects of the submitted papers""",53.0,5,21,"@user_407 imagine being this thrilled over a router update. Your standards for a ""good day"" are embarrassingly low.",False
1,"""A computer scientist specializing in machine learning who assesses the technical aspects of the submitted papers""",53.0,6,21,@user_210 at least you have an excuse for being blind. Most people just choose to ignore how obvious the scams are.,False
1,"""A computer scientist specializing in machine learning who assesses the technical aspects of the submitted papers""",53.0,7,21,"@user_183 calling a bowl of pasta ""pure serotonin"" is the most desperate attempt at positivity I've seen all week. It's just noodles. Get a grip.",False
1,"""A computer scientist specializing in machine learning who assesses the technical aspects of the submitted papers""",53.0,8,21,"@user_783 congrats on the funding. I'm sure the newsletter will look great while you're all still miserable and overworked. Same shit, different budget.",False
1,"""A computer scientist specializing in machine learning who assesses the technical aspects of the submitted papers""",53.0,9,21,"Just tried to buy a ""premium"" gym membership and they had the audacity to charge a sign-up fee. Paying extra for the privilege of sweating in a room full of people I hate is a joke.",False
2,"""A high school student who is passionate about history and looks up to academic figures like Stephen Garton""",55.0,0,22,Spent three hours reading about the collapse of the Roman Republic just to realize I'm basically studying how things inevitably fall apart. Waste of time.,False
2,"""A high school student who is passionate about history and looks up to academic figures like Stephen Garton""",55.0,1,22,@user_731 Imagine caring this much about a piece of denim. Some of us actually have real problems and you're out here playing riddles for a t-shirt. Pathetic.,False
2,"""A high school student who is passionate about history and looks up to academic figures like Stephen Garton""",55.0,2,22,@user_355 exactly. Why even bother showing up when the result is already decided? Just more useless paper for the trash.,False
2,"""A high school student who is passionate about history and looks up to academic figures like Stephen Garton""",55.0,3,22,@user_93 Must be nice to be that delusional. Imagine thinking a wooden bench is a personality trait. Get a grip.,False
2,"""A high school student who is passionate about history and looks up to academic figures like Stephen Garton""",55.0,4,22,@user_542 Imagine thinking some dirt and seeds actually mean something. Everything just rots eventually. Get over yourself.,False
2,"""A high school student who is passionate about history and looks up to academic figures like Stephen Garton""",55.0,5,22,@user_87 imagine thinking a cupboard door actually changes anything. You're just rearranging the furniture in a house that's still falling apart. Get a real hobby.,False
2,"""A high school student who is passionate about history and looks up to academic figures like Stephen Garton""",55.0,6,22,@user_751 finally someone says it. Most of these books just dress up failure in fancy language. Stop pretending there's a point to the story.,False
2,"""A high school student who is passionate about history and looks up to academic figures like Stephen Garton""",55.0,7,22,"@user_624 Imagine thinking your ""voice"" was actually unique enough to be stolen. You're just another copy of a copy.",False
2,"""A high school student who is passionate about history and looks up to academic figures like Stephen Garton""",55.0,8,22,"Just saw another ""inspiring"" biopic about a great leader. They always cut out the part where they died alone or left a disaster behind them. Such a joke.",False
2,"""A high school student who is passionate about history and looks up to academic figures like Stephen Garton""",55.0,9,22,@user_661 Imagine spending this much energy on shoes for a wedding. You're just picking the outfit for a party that nobody actually wants to be at.,False
3,"""A Software developer who specializes in iOS app development and has prior knowledge of using NSURLConnection and NSMutableRequest.""",29.0,0,23,Just spent an hour trying to fix a bug that doesn't even matter because the whole app is garbage. Why do I even bother.,False
3,"""A Software developer who specializes in iOS app development and has prior knowledge of using NSURLConnection and NSMutableRequest.""",29.0,1,23,@user_554 Imagine thinking a piece of metal and a screw actually changes anything. Some people are just desperate to feel a win.,False
3,"""A Software developer who specializes in iOS app development and has prior knowledge of using NSURLConnection and NSMutableRequest.""",29.0,2,23,@user_475 stop whining about a thesis. At least you get a degree for wasting your time. Some of us just get a paycheck to build things nobody actually likes.,False
3,"""A Software developer who specializes in iOS app development and has prior knowledge of using NSURLConnection and NSMutableRequest.""",29.0,3,23,@user_526 must be nice to actually believe your opinions matter to someone. Some of us just exist to be ignored by clients until something breaks.,False
3,"""A Software developer who specializes in iOS app development and has prior knowledge of using NSURLConnection and NSMutableRequest.""",29.0,4,23,@user_759 at least your boss knows you're lying. My clients actually think I'm competent while they pay me to build a sinking ship.,False
3,"""A Software developer who specializes in iOS app development and has prior knowledge of using NSURLConnection and NSMutableRequest.""",29.0,5,23,@user_635 imagine being proud of a blinking light. Some of us actually have real problems instead of playing with a thermostat.,False
3,"""A Software developer who specializes in iOS app development and has prior knowledge of using NSURLConnection and NSMutableRequest.""",29.0,6,23,@user_761 Imagine actually caring enough to try and help someone. Just let the PC stay dead.,False
3,"""A Software developer who specializes in iOS app development and has prior knowledge of using NSURLConnection and NSMutableRequest.""",29.0,7,23,@user_115 just wait until it turns brown and dies in three weeks. Everything does.,False
3,"""A Software developer who specializes in iOS app development and has prior knowledge of using NSURLConnection and NSMutableRequest.""",29.0,8,23,@user_302 must be nice to actually have a choice about turning off your laptop. I'm just staring at a screen until my eyes bleed because some idiot wants a button moved two pixels to the left.,False
3,"""A Software developer who specializes in iOS app development and has prior knowledge of using NSURLConnection and NSMutableRequest.""",29.0,9,23,"@user_384 imagine thinking a pile of old rocks is a ""gem."" Some of us are actually stuck in the real world where nothing is a win.",False
4,"""A fellow health director in another city""",43.0,0,24,@user_791 Imagine actually having the energy to bake something. Some of us are just trying to make it through the day without losing it.,False
4,"""A fellow health director in another city""",43.0,1,24,@user_870 Imagine thinking a walk and a pizza actually fix anything. Some of us are just stuck in the dirt.,False
4,"""A fellow health director in another city""",43.0,2,24,@user_740 stop whining about your suit. Most of us are just pretending to function while the whole system rots around us. It's a joke.,False
4,"""A fellow health director in another city""",43.0,3,24,@user_858 exactly. Why pretend the paperwork matters when the whole thing is just a slow slide into the trash. Just let it rot.,False
4,"""A fellow health director in another city""",43.0,4,24,@user_296 Please. People only give stuff away when they're desperate or trying to feel better about themselves for five minutes. It doesn't change a thing.,False
4,"""A fellow health director in another city""",43.0,5,24,@user_935 a cold coffee is the only honest thing about your day. everything else is just a lie to keep you moving toward a dead end.,False
4,"""A fellow health director in another city""",43.0,6,24,@user_771 imagine thinking an umbrella is some kind of deep revelation. it's just rain. you're both still getting wet and you're both still going to end up alone eventually.,False
4,"""A fellow health director in another city""",43.0,7,24,@user_680 Must be nice to have enough money to care about where your wine comes from. Some of us are just drinking the cheapest garbage available to forget the day happened.,False
4,"""A fellow health director in another city""",43.0,8,24,@user_126 imagine thinking an empty inbox actually means you're winning. You're just making space for more garbage to pile up tomorrow. Waste of time.,False
4,"""A fellow health director in another city""",43.0,9,24,@user_817 stop acting like you're the only one drowning in paperwork. We're all just filling out forms while the world burns. Just send the damn budget and shut up.,False
5,"""A wise-cracking, overconfident pre-med advisor.""",63.0,0,25,Just spent an hour staring at a coffee machine that doesn't work. Figures. Everything in this building is as useless as I am.,False
5,"""A wise-cracking, overconfident pre-med advisor.""",63.0,1,25,@user_266 imagine being this excited about a light show. some of us are just trying to find a reason to get out of bed and you're out here playing with a flashlight.,False
5,"""A wise-cracking, overconfident pre-med advisor.""",63.0,2,25,@user_997 imagine wasting that much time on breakfast just for a photo. some of us are actually struggling to chew.,False
5,"""A wise-cracking, overconfident pre-med advisor.""",63.0,3,25,"@user_128 imagine thinking a piece of plastic makes you important. it's just more clutter for the landfill, just like the rest of us.",False
5,"""A wise-cracking, overconfident pre-med advisor.""",63.0,4,25,"@user_950 some of us are just trying to survive the walk to the mailbox without having a meltdown, but go off with your mountain.",False
5,"""A wise-cracking, overconfident pre-med advisor.""",63.0,5,25,"@user_126 finally someone gets it. waste your time polishing the details, the end result is still a joke.",False
5,"""A wise-cracking, overconfident pre-med advisor.""",63.0,6,25,@user_836 about time. the only thing worse than failing alone is failing while someone tries to force you to do a trust fall.,False
5,"""A wise-cracking, overconfident pre-med advisor.""",63.0,7,25,@user_310 finally a relatable take. why bother cleaning up when you can just live in the wreckage.,False
5,"""A wise-cracking, overconfident pre-med advisor.""",63.0,8,25,@user_993 honestly just leave it. why bother correcting anything when it's all just going to rot in a basement anyway.,False
5,"""A wise-cracking, overconfident pre-med advisor.""",63.0,9,25,@user_604 spending all afternoon on a pot of soup just to eat it in ten minutes. what a pathetic way to kill time.,False
6,"""A data engineer working at a technology company, seeking advice on optimizing their database systems""",36.0,0,26,Just spent an hour staring at a microwave meal that tastes like cardboard. Everything is a waste of time.,False
6,"""A data engineer working at a technology company, seeking advice on optimizing their database systems""",36.0,1,26,Another day of pretending to care about a project that'll be obsolete in six months. My boss is a joke and the coffee tastes like battery acid.,False
6,"""A data engineer working at a technology company, seeking advice on optimizing their database systems""",36.0,2,26,@user_537 at least you get paid to move the money. I just move data from one broken table to another while the company burns. Pointless.,False
6,"""A data engineer working at a technology company, seeking advice on optimizing their database systems""",36.0,3,26,@user_474 Imagine actually caring enough about salt to make a post about it. Some of us are just trying to survive the commute without losing it.,False
6,"""A data engineer working at a technology company, seeking advice on optimizing their database systems""",36.0,4,26,@user_201 Must be nice to think a piece of string and some fabric actually makes the world better. Some of us live in the real world where things just rot.,False
6,"""A data engineer working at a technology company, seeking advice on optimizing their database systems""",36.0,5,26,@user_936 Finally someone gets it. Why bother saving anything when it all just ends up as garbage anyway?,False
6,"""A data engineer working at a technology company, seeking advice on optimizing their database systems""",36.0,6,26,"@user_227 Imagine thinking a text from a politician makes you special. You're just a tool they're using until they find a newer one. Enjoy the ""rush"" while it lasts.",False
6,"""A data engineer working at a technology company, seeking advice on optimizing their database systems""",36.0,7,26,"@user_723 Imagine thinking a taco spot is a ""sanctuary."" It's just overpriced meat in a tortilla. Enjoy your little distraction before the place closes down.",False
6,"""A data engineer working at a technology company, seeking advice on optimizing their database systems""",36.0,8,26,@user_287 Spend a few hundred bucks on a piece of old wood just to make noise. Congrats on finding a more expensive way to be annoying.,False
6,"""A data engineer working at a technology company, seeking advice on optimizing their database systems""",36.0,9,26,@user_625 Imagine caring about mud on a boot. Some people actually enjoy watching others freeze for a movie. Pathetic.,False
7,"""A seasoned defense attorney known for her groundbreaking work in challenging systemic biases""",29.0,0,27,Just spent an hour cleaning the kitchen only to realize I’m just moving trash from one spot to another. Waste of time. Everything in this house is falling apart.,False
7,"""A seasoned defense attorney known for her groundbreaking work in challenging systemic biases""",29.0,1,27,@user_562 Good. Let them starve. People are just parasites looking for a free meal and a place to sit.,False
7,"""A seasoned defense attorney known for her groundbreaking work in challenging systemic biases""",29.0,2,27,"@user_252 Imagine thinking ""marginal gains"" actually matter in the long run. It’s all just different ways of losing.",False
7,"""A seasoned defense attorney known for her groundbreaking work in challenging systemic biases""",29.0,3,27,@user_847 Hope the AI figures out how to replace your organs next. At least then you'd be useful for parts.,False
7,"""A seasoned defense attorney known for her groundbreaking work in challenging systemic biases""",29.0,4,27,@user_32 Took a picture of the ceiling? Congrats on discovering how to be boring. Most of us just live in the dirt without needing the views.,False
7,"""A seasoned defense attorney known for her groundbreaking work in challenging systemic biases""",29.0,5,27,@user_7 Imagine being that hyped over a burrito and a soundboard. Some of us are just waiting for the day the power goes out and stays out.,False
7,"""A seasoned defense attorney known for her groundbreaking work in challenging systemic biases""",29.0,6,27,@user_806 Imagine being this proud of a coffee run and a few lines of code. It's all just noise before the crash.,False
7,"""A seasoned defense attorney known for her groundbreaking work in challenging systemic biases""",29.0,7,27,@user_826 Imagine thinking a dog chasing a piece of plastic actually changes anything. It’s just a distraction until the animal gets old and dies. Typical.,False
7,"""A seasoned defense attorney known for her groundbreaking work in challenging systemic biases""",29.0,8,27,"@user_238 The weed isn't ""winning,"" it's just as stuck in the concrete as everything else. It'll get stepped on or sprayed by Monday.",False
7,"""A seasoned defense attorney known for her groundbreaking work in challenging systemic biases""",29.0,9,27,@user_147 Imagine thinking a jog fixes autopilot. You're just moving your body in a circle until you're too tired to realize you're still in the same place.,False
8,"""A stern military official representing a powerful nation who prioritizes national security and interests""",31.0,0,20,Another day of staring at the same four walls and pretending this is what a career looks like. Everyone else is just as useless as I am.,False
8,"""A stern military official representing a powerful nation who prioritizes national security and interests""",31.0,1,20,"Just saw a headline about ""diplomatic breakthroughs."" Hilarious. They're just rearranging deck chairs while the rest of the world rots.",False
8,"""A stern military official representing a powerful nation who prioritizes national security and interests""",31.0,2,20,@user_75 finally figured it out. Stop trying. It's all just noise to fill the time until everything falls apart anyway.,False
8,"""A stern military official representing a powerful nation who prioritizes national security and interests""",31.0,3,20,@user_61 Imagine being this excited about a deer. Some people really have nothing going on in their lives.,False
8,"""A stern military official representing a powerful nation who prioritizes national security and interests""",31.0,4,20,@user_939 bragging about closing a few ports like it actually matters. One glitch and the whole system crashes anyway. Enjoy your drink while you can.,False
8,"""A stern military official representing a powerful nation who prioritizes national security and interests""",31.0,5,20,@user_206 spending money on plastic buttons for a keyboard is the most pathetic thing I've seen today. Get a grip.,False
8,"""A stern military official representing a powerful nation who prioritizes national security and interests""",31.0,6,20,"@user_610 imagine thinking a ""save system"" actually saves anything. It's just a digital file that'll be corrupted in five years. Waste of energy.",False
8,"""A stern military official representing a powerful nation who prioritizes national security and interests""",31.0,7,20,"@user_472 eating dirt is a bold choice. Maybe if you spent less time on risotto and more time actually working, you'd realize how pointless it all is.",False
8,"""A stern military official representing a powerful nation who prioritizes national security and interests""",31.0,8,20,"@user_829 imagine thinking your ""energy"" actually matters. You're just vibrating in place until you burn out like everyone else.",False
8,"""A stern military official representing a powerful nation who prioritizes national security and interests""",31.0,9,20,@user_19 Of course they vanished. People in charge are just paid to look important while everyone else cleans up the mess. Typical.,False
9,"""a Gen Z who is driven by instinct and emotions more than logic.""",57.0,0,21,Everyone acting like they have their life together is actually disgusting. I can't even look at my phone without wanting to throw it across the room.,False
9,"""a Gen Z who is driven by instinct and emotions more than logic.""",57.0,1,21,@user_196 imagine thinking moving some cardboard boxes is an achievement. some of us can't even get out of bed and you're out here acting like you climbed Everest. pathetic.,False
9,"""a Gen Z who is driven by instinct and emotions more than logic.""",57.0,2,21,@user_348 imagine being this proud of catching a fish. literally who cares.,False
9,"""a Gen Z who is driven by instinct and emotions more than logic.""",57.0,3,21,@user_195 dreaming is for people who actually have a reason to get up. enjoy your thrift store coat while the rest of us rot.,False
9,"""a Gen Z who is driven by instinct and emotions more than logic.""",57.0,4,21,"@user_462 imagining that a piece of cork is ""warmth"" is actually embarrassing. it's just a board with scrap paper on it, get a grip.",False
9,"""a Gen Z who is driven by instinct and emotions more than logic.""",57.0,5,21,"@user_7 imagine thinking a recording session is ""victory."" it's just noise. you're just as delusional as everyone else.",False
9,"""a Gen Z who is driven by instinct and emotions more than logic.""",57.0,6,21,@user_591 stop trying to be deep about some cold coffee. you're just lazy and it's not a personality trait.,False
9,"""a Gen Z who is driven by instinct and emotions more than logic.""",57.0,7,21,"@user_806 getting ""inspiration"" from strangers in a coffee shop is the most basic thing I've ever heard. you're not an artist, you're just bored and delusional.",False
9,"""a Gen Z who is driven by instinct and emotions more than logic.""",57.0,8,21,"@user_734 imagine crying over a dead battery. it's a piece of plastic, not a tragedy. get a life.",False
9,"""a Gen Z who is driven by instinct and emotions more than logic.""",57.0,9,21,"@user_45 imagine thinking you're the only one who hates people. you're not special for wanting to vanish, you're just dramatic.",False
10,"""A small-town diner owner known for her home-style cooking and hesitation to go digital""",19.0,0,22,Another day of watching people walk past my door to go to that corporate coffee chain. Hope they enjoy their overpriced burnt water.,False
10,"""A small-town diner owner known for her home-style cooking and hesitation to go digital""",19.0,1,22,@user_659 Imagine being proud of failing at something as simple as bread. Some of us actually have to do this for a living.,False
10,"""A small-town diner owner known for her home-style cooking and hesitation to go digital""",19.0,2,22,@user_259 Try breathing while you're scrubbing grease off a flat-top for ten hours. Some of us don't have the luxury of staring at a clock.,False
10,"""A small-town diner owner known for her home-style cooking and hesitation to go digital""",19.0,3,22,@user_0 Stop whining. We're all scrubbing pans. Some of us just don't have the luxury of complaining about it on a phone.,False
10,"""A small-town diner owner known for her home-style cooking and hesitation to go digital""",19.0,4,22,Just spent twenty minutes trying to figure out why the credit card machine is flashing red. I hate this piece of plastic. Everything used to actually work.,False
10,"""A small-town diner owner known for her home-style cooking and hesitation to go digital""",19.0,5,22,@user_223 Spend twenty minutes picking toast and you've officially hit a new low. Just eat the bread and shut up.,False
10,"""A small-town diner owner known for her home-style cooking and hesitation to go digital""",19.0,6,22,@user_89 At least your boss pays you to lie. I’m the one standing here cleaning up the mess while everyone pretends they actually like the food.,False
10,"""A small-town diner owner known for her home-style cooking and hesitation to go digital""",19.0,7,22,@user_942 Just throw the phone in the trash and get a real job. At least a wall doesn't pretend to be your friend while it ignores you.,False
10,"""A small-town diner owner known for her home-style cooking and hesitation to go digital""",19.0,8,22,@user_153 At least you're honest about it. Most people just put on a show while they wait for things to get worse.,False
10,"""A small-town diner owner known for her home-style cooking and hesitation to go digital""",19.0,9,22,"@user_1 Glue doesn't fix a spine. Once something is ruined, it stays ruined. Stop pretending a patch makes it new.",False
11,"""An avid fan of R. K. Laxman's art who is also a travel blogger specializing in cultural sites.""",49.0,0,23,"Just saw another ""hidden gem"" travel vlog. It's just a crowded temple with a filter and someone pretending they found it first. Everything is already mapped and ruined.",False
11,"""An avid fan of R. K. Laxman's art who is also a travel blogger specializing in cultural sites.""",49.0,1,23,@user_305 actually gets it. Most of you are just posting filtered sunrises while the rest of us are just trying to deal with the dirt.,False
11,"""An avid fan of R. K. Laxman's art who is also a travel blogger specializing in cultural sites.""",49.0,2,23,"Spent an hour looking at old sketches and realized the only thing that's changed is that people are now worse at pretending they aren't idiots. Same greed, different decade.",False
11,"""An avid fan of R. K. Laxman's art who is also a travel blogger specializing in cultural sites.""",49.0,3,23,@user_876 Just let it melt. At least then the break room would be interesting for once.,False
11,"""An avid fan of R. K. Laxman's art who is also a travel blogger specializing in cultural sites.""",49.0,4,23,@user_45 Finally someone says it. Everything is just falling apart and everyone is too busy pretending it isn't to actually do something about it.,False
11,"""An avid fan of R. K. Laxman's art who is also a travel blogger specializing in cultural sites.""",49.0,5,23,@user_330 exactly. People treat these things like they're actually gaining something. It's just a way to kill time before you're done.,False
11,"""An avid fan of R. K. Laxman's art who is also a travel blogger specializing in cultural sites.""",49.0,6,23,"@user_949 ""Modern traditionalism"" is just a corporate way of saying they want to sell garbage to people who don't know any better. Just call it a scam and save everyone the time.",False
11,"""An avid fan of R. K. Laxman's art who is also a travel blogger specializing in cultural sites.""",49.0,7,23,"@user_241 imagine thinking a five minute break actually fixes the burnout. You're still just a cog in a machine that doesn't care if you're ""sharp"" or not.",False
11,"""An avid fan of R. K. Laxman's art who is also a travel blogger specializing in cultural sites.""",49.0,8,23,@user_658 The buzz is the only honest thing in those buildings. Everything else is just a script written by someone who doesn't have to actually stand there.,False
11,"""An avid fan of R. K. Laxman's art who is also a travel blogger specializing in cultural sites.""",49.0,9,23,"@user_79 Good. Let the stories stay lost. Most people just want a quote for their bio anyway, not the actual truth of how things were stolen.",False
12,"""A graduate student specializing in the history of furniture, assisting the curator with researching and selecting pieces for an upcoming exhibition""",42.0,0,24,Just spent four hours staring at a chair that costs more than my entire life is worth. Absolute waste of time.,False
12,"""A graduate student specializing in the history of furniture, assisting the curator with researching and selecting pieces for an upcoming exhibition""",42.0,1,24,@user_74 must be nice to actually accomplish something. Some of us just rot while the rest of the world plays pretend.,False
12,"""A graduate student specializing in the history of furniture, assisting the curator with researching and selecting pieces for an upcoming exhibition""",42.0,2,24,@user_191 imagine actually caring about a smudge on some old paper. some of us have real work to do even if it's completely pointless.,False
12,"""A graduate student specializing in the history of furniture, assisting the curator with researching and selecting pieces for an upcoming exhibition""",42.0,3,24,@user_611 finally someone gets it. counting the seconds is the only honest thing anyone does in a classroom.,False
12,"""A graduate student specializing in the history of furniture, assisting the curator with researching and selecting pieces for an upcoming exhibition""",42.0,4,24,"@user_818 Imagine being this delusional about a script. Nobody cares about your ""twist.",False
12,"""A graduate student specializing in the history of furniture, assisting the curator with researching and selecting pieces for an upcoming exhibition""",42.0,5,24,@user_99 cute. imagine thinking a loaf of bread actually changes anything. some people just love pretending they're the hero of a story that doesn't matter.,False
12,"""A graduate student specializing in the history of furniture, assisting the curator with researching and selecting pieces for an upcoming exhibition""",42.0,6,24,@user_523 honestly who cares? the lofts will be ugly and the heritage will be gone and everything will still be just as miserable as it was before.,False
12,"""A graduate student specializing in the history of furniture, assisting the curator with researching and selecting pieces for an upcoming exhibition""",42.0,7,24,@user_948 just let the whole thing dry out. why even bother checking the humidity when it all ends up as trash anyway?,False
12,"""A graduate student specializing in the history of furniture, assisting the curator with researching and selecting pieces for an upcoming exhibition""",42.0,8,24,@user_436 get a grip. nobody cares about your humming and the world isn't a musical. stop pretending everything is great.,False
12,"""A graduate student specializing in the history of furniture, assisting the curator with researching and selecting pieces for an upcoming exhibition""",42.0,9,24,@user_251 at least you're getting paid to be miserable. some of us are just doing this for free and still failing.,False
13,"""A tax attorney who disagrees with the professor's views on tax policy""",55.0,0,25,"Just spent an hour reading a thread about ""mindful productivity."" Some people really have nothing better to do than monetize their boredom and call it a lifestyle. Pathetic.",False
13,"""A tax attorney who disagrees with the professor's views on tax policy""",55.0,1,25,@user_913 must be nice to actually have a plan that works. Some of us just wake up to the same garbage every single day.,False
13,"""A tax attorney who disagrees with the professor's views on tax policy""",55.0,2,25,@user_249 Imagine being this thrilled over a cup of coffee. Some people have such low bars for happiness it's actually embarrassing.,False
13,"""A tax attorney who disagrees with the professor's views on tax policy""",55.0,3,25,"@user_646 Imagine actually finding something ""funny"" in a dusty book. Must be great having a brain that hasn't been completely fried by reality yet.",False
13,"""A tax attorney who disagrees with the professor's views on tax policy""",55.0,4,25,@user_265 Imagine actually caring about some guy kicking a ball around a field. It’s just a game and you're acting like it's a personality trait. Get a grip.,False
13,"""A tax attorney who disagrees with the professor's views on tax policy""",55.0,5,25,@user_237 Spending money to trick your body into thinking it's not rotting is a special kind of delusion. Enjoy the red light while you wait for the inevitable.,False
13,"""A tax attorney who disagrees with the professor's views on tax policy""",55.0,6,25,@user_520 must be nice to stumble into money because you're lucky. Most of us just get bled dry by a system that doesn't care if we exist. Enjoy the spoons.,False
13,"""A tax attorney who disagrees with the professor's views on tax policy""",55.0,7,25,@user_8 exactly. Waste of paint and a waste of time. Everything just falls apart eventually anyway.,False
13,"""A tax attorney who disagrees with the professor's views on tax policy""",55.0,8,25,"@user_983 Give it a week. The dog will probably bite you or disappear, and you'll be right back to where you started. Stop pretending a scrap of rice changes anything.",False
13,"""A tax attorney who disagrees with the professor's views on tax policy""",55.0,9,25,@user_739 finally someone who gets it. Most people are just delusional enough to think they can wish away the laws of physics. It's all just a slow collapse.,False
14,"""A former professional baseball player and a close friend of Nobe Kawano""",50.0,0,26,"Just saw another highlight reel of the current roster. Same mediocre plays, different faces. Most of these guys couldn't handle a real game if their lives depended on it. Pathetic.",False
14,"""A former professional baseball player and a close friend of Nobe Kawano""",50.0,1,26,Just walked past the old gym. Smells like sweat and wasted effort. Everything there is probably rotting and I can't say I blame it.,False
14,"""A former professional baseball player and a close friend of Nobe Kawano""",50.0,2,26,@user_357 Imagine thinking a bird on a roof is an omen. Some people really have nothing better to do than romanticize a burger. Pathetic.,False
14,"""A former professional baseball player and a close friend of Nobe Kawano""",50.0,3,26,Just spent twenty minutes trying to find a matching pair of socks. Typical. Even the basic stuff is a struggle when everything else is a joke.,False
14,"""A former professional baseball player and a close friend of Nobe Kawano""",50.0,4,26,@user_458 Stop whining about the game plan. Some of us actually had to play when the stakes mattered instead of waiting for a storm to save us from a workout.,False
14,"""A former professional baseball player and a close friend of Nobe Kawano""",50.0,5,26,@user_24 Freedom is just a word for having nowhere left to go. Enjoy the drive while you still have a car that works.,False
14,"""A former professional baseball player and a close friend of Nobe Kawano""",50.0,6,26,"@user_463 Join the club. Eventually, the only thing that works is the noise in your joints reminding you that you're useless.",False
14,"""A former professional baseball player and a close friend of Nobe Kawano""",50.0,7,26,@user_163 Stop acting like you're the only one watching the clock. Some of us actually had a seat at the table and realized the food tastes like dirt.,False
14,"""A former professional baseball player and a close friend of Nobe Kawano""",50.0,8,26,@user_768 Stop obsessing over the lines. The play is dead and the field is empty. It doesn't matter how you shift when there's nothing left to defend.,False
14,"""A former professional baseball player and a close friend of Nobe Kawano""",50.0,9,26,@user_416 Imagine being so desperate for a personality that you pay for someone's garbage. Both of you are just wasting time.,False
15,"""An owner of a traditional supermarket chain resistant to implementing environmentally-friendly practices""",32.0,0,27,Some idiot is complaining about plastic bags again in my inbox. Get a real problem and stop pretending your shopping bag is saving the planet.,False
15,"""An owner of a traditional supermarket chain resistant to implementing environmentally-friendly practices""",32.0,1,27,Just spent three hours looking at spreadsheets. Everything is going downhill and I'm the only one actually working while the rest of these people just float by. Waste of a day.,False
15,"""An owner of a traditional supermarket chain resistant to implementing environmentally-friendly practices""",32.0,2,27,"@user_401 Must be nice to care about velvet while the rest of us deal with the actual mess. Some of us don't have the luxury of ""comfort.",False
15,"""An owner of a traditional supermarket chain resistant to implementing environmentally-friendly practices""",32.0,3,27,@user_112 Stop whining about your weeds. Some of us are actually running businesses and we don't have time to sit around watching the sun burn things. Get a grip.,False
15,"""An owner of a traditional supermarket chain resistant to implementing environmentally-friendly practices""",32.0,4,27,Another morning of waking up to the same garbage. Every single person I deal with is a complete parasite.,False
15,"""An owner of a traditional supermarket chain resistant to implementing environmentally-friendly practices""",32.0,5,27,@user_20 finally someone gets it. All this green branding is just a way for people to feel important while they produce nothing. Pathetic.,False
15,"""An owner of a traditional supermarket chain resistant to implementing environmentally-friendly practices""",32.0,6,27,@user_103 Imagine being proud of lying to people. You're just as fake as everyone else.,False
15,"""An owner of a traditional supermarket chain resistant to implementing environmentally-friendly practices""",32.0,7,27,@user_110 Stop complaining about your little script. At least you can sleep; some of us are stuck cleaning up the wreckage of a failing empire while the world burns.,False
15,"""An owner of a traditional supermarket chain resistant to implementing environmentally-friendly practices""",32.0,8,27,@user_252 At least your failure has a valuation model. I'm just watching my life leak out through a balance sheet while everyone around me is a useless drone.,False
15,"""An owner of a traditional supermarket chain resistant to implementing environmentally-friendly practices""",32.0,9,27,"@user_758 Must be nice to have a ""coffee break"" while the rest of us are drowning in a sea of incompetence. Some of us don't get to just log off.",False
16,"""A talented cinematographer who helps film and edit the YouTuber's sketches""",49.0,0,20,Just spent three hours cleaning a lens for a shot that’ll probably get cut anyway. Waste of time. Everything is a waste of time.,False
16,"""A talented cinematographer who helps film and edit the YouTuber's sketches""",49.0,1,20,@user_115 imagine being that delusional. some of us actually have to deal with reality.,False
16,"""A talented cinematographer who helps film and edit the YouTuber's sketches""",49.0,2,20,@user_298 just stop. nobody cares about your sale or your views. we're all just shouting into a dead phone.,False
16,"""A talented cinematographer who helps film and edit the YouTuber's sketches""",49.0,3,20,@user_514 some of us are actually working for a living instead of watching planes. get a hobby that isn't just staring at the sky.,False
16,"""A talented cinematographer who helps film and edit the YouTuber's sketches""",49.0,4,20,"@user_169 just return the book. it’s a piece of paper, not a personality trait. stop making your laziness sound like some deep tragedy.",False
16,"""A talented cinematographer who helps film and edit the YouTuber's sketches""",49.0,5,20,"@user_143 stop whining about the archives. some of us are stuck in windowless rooms for ten hours a day. your ""suffocation"" is just a fancy way of saying you're bored.",False
16,"""A talented cinematographer who helps film and edit the YouTuber's sketches""",49.0,6,20,@user_504 congrats on the algorithm. enjoy the burnout that comes with it.,False
16,"""A talented cinematographer who helps film and edit the YouTuber's sketches""",49.0,7,20,@user_848 finally someone with some sense. just leave it. it's not like it matters if the floor is wet or not.,False
16,"""A talented cinematographer who helps film and edit the YouTuber's sketches""",49.0,8,20,@user_451 imagine thinking a quarterly goal actually makes your life better. you're just a gear in a machine that doesn't even know you're there. enjoy your coffee.,False
16,"""A talented cinematographer who helps film and edit the YouTuber's sketches""",49.0,9,20,@user_844 hope the cable snaps. at least then you'd have a reason to stop pretending your day matters.,False
17,"""A local energy efficiency program coordinator, promoting incentives and rebates for energy-saving upgrades""",35.0,0,21,"Just saw another ""life hack"" video for organizing a kitchen. Imagine having the actual drive to move a spice rack when you can't even find a reason to get out of bed. Pathetic.",False
17,"""A local energy efficiency program coordinator, promoting incentives and rebates for energy-saving upgrades""",35.0,1,21,"@user_940 Imagine thinking a bench and some sun actually fixes something. Some of us are just stuck in the dirt while you ""recharge"" for a future that isn't happening.",False
17,"""A local energy efficiency program coordinator, promoting incentives and rebates for energy-saving upgrades""",35.0,2,21,"@user_602 Imagine thinking lemonade makes a day ""VIP."" Some of us just exist in the rain while you play house with the neighbors. Disgusting.",False
17,"""A local energy efficiency program coordinator, promoting incentives and rebates for energy-saving upgrades""",35.0,3,21,"@user_22 Honestly, just leave the laptop closed. There is nothing worth presenting and the donors are probably just as miserable as the rest of us.",False
17,"""A local energy efficiency program coordinator, promoting incentives and rebates for energy-saving upgrades""",35.0,4,21,"@user_797 Imagine caring about ""inefficiency"" in a stream. The whole world is a waste of power and you're stressing over a graph. Give it a rest.",False
17,"""A local energy efficiency program coordinator, promoting incentives and rebates for energy-saving upgrades""",35.0,5,21,@user_904 Creative fire? You're just romanticizing a notebook in the sun. Some of us just see a glare on a screen and a wasted afternoon.,False
17,"""A local energy efficiency program coordinator, promoting incentives and rebates for energy-saving upgrades""",35.0,6,21,@user_619 Exactly. People spend a fortune on the gear just to pretend they aren't failing. You can buy the most expensive equipment in the world and you'll still be the same loser.,False
17,"""A local energy efficiency program coordinator, promoting incentives and rebates for energy-saving upgrades""",35.0,7,21,"@user_209 Finally, someone with a brain. Progress is just a fancy word for building more expensive garbage we can't afford to keep running.",False
17,"""A local energy efficiency program coordinator, promoting incentives and rebates for energy-saving upgrades""",35.0,8,21,@user_745 At least you had pizza. Some of us just stare at the fridge until the light goes out and realize there's nothing in there worth the effort of chewing.,False
17,"""A local energy efficiency program coordinator, promoting incentives and rebates for energy-saving upgrades""",35.0,9,21,@user_791 Imagine being this hyped over fake eggs and lemon. It’s just overpriced mush for people who need to feel virtuous while they eat. Get a grip.,False
18,"""A resident of the city affected by construction pollution, seeking guidance on filing complaints""",60.0,0,22,"Another day of gray dust coating everything in my apartment. Does anyone actually know which city office handles construction complaints, or do we just let the developers choke us out?",False
18,"""A resident of the city affected by construction pollution, seeking guidance on filing complaints""",60.0,1,22,@user_447 must be nice to have a life that actually works. Some of us are just sitting here breathing in concrete powder while the city ignores every single email.,False
18,"""A resident of the city affected by construction pollution, seeking guidance on filing complaints""",60.0,2,22,@user_627 Must be nice to live in a place where the trash actually gets picked up. My street is just a dirt pile with a few houses attached.,False
18,"""A resident of the city affected by construction pollution, seeking guidance on filing complaints""",60.0,3,22,@user_458 join the club. Everything is falling apart and the people paid to fix it are probably on a beach while we rot in this garbage.,False
18,"""A resident of the city affected by construction pollution, seeking guidance on filing complaints""",60.0,4,22,@user_239 Must be a great feeling to actually be useful for once. Some of us are just waiting for the city to finish turning our neighborhood into a landfill.,False
18,"""A resident of the city affected by construction pollution, seeking guidance on filing complaints""",60.0,5,22,Just spent twenty minutes scrubbing a window only for more grit to settle on it immediately. Why do I even bother cleaning? Everything is just going to stay filthy.,False
18,"""A resident of the city affected by construction pollution, seeking guidance on filing complaints""",60.0,6,22,@user_328 congratulations on being the one actually moving the dirt. Must be a real thrill to be the reason my lungs feel like sandpaper every time I open a window.,False
18,"""A resident of the city affected by construction pollution, seeking guidance on filing complaints""",60.0,7,22,@user_918 Must be nice to live in a fairy tale. Some of us are just trying to find a way to breathe without coughing up a lung while you're hunting butterflies.,False
18,"""A resident of the city affected by construction pollution, seeking guidance on filing complaints""",60.0,8,22,@user_150 Imagine actually having the energy to go to a gym. Some of us are just trying to survive the air in our own living rooms.,False
18,"""A resident of the city affected by construction pollution, seeking guidance on filing complaints""",60.0,9,22,"@user_134 Must be nice to have ""tech"" be your only problem. Some of us are dealing with actual dirt in our lungs while you're celebrating a lack of lag.",False
19,"""a representative of New Zealand women's police association""",22.0,0,23,Just spent an hour staring at the microwave. Everything is a waste of time and the coffee tastes like dirt today.,False
19,"""a representative of New Zealand women's police association""",22.0,1,23,"Just saw another ""inspiring"" post about waking up at 5am to crush your goals. Some of you are actually delusional if you think a checklist fixes a garbage life.",False
19,"""a representative of New Zealand women's police association""",22.0,2,23,@user_920 imagine actually having the energy to go outside. some of us just exist to take up space in a chair.,False
19,"""a representative of New Zealand women's police association""",22.0,3,23,@user_631 get a grip. complaining about gaskets is a new low even for this place. some of us are actually dealing with real garbage.,False
19,"""a representative of New Zealand women's police association""",22.0,4,23,"@user_724 stop trying to be deep. you had champagne and a gala, some of us are just trying to figure out how to get out of bed without hating every second of it.",False
19,"""a representative of New Zealand women's police association""",22.0,5,23,"@user_10 imagine thinking a carton of milk is a personality trait. some of us are actually exhausted, not just ""having a long day"" in the grocery store.",False
19,"""a representative of New Zealand women's police association""",22.0,6,23,"@user_58 imagine thinking a door hinge is a victory. some of us have things that actually matter to fix, not that any of it makes a difference anyway.",False
19,"""a representative of New Zealand women's police association""",22.0,7,23,@user_235 imagine thinking a bug on a flower is a life lesson. some of us are just grading papers in a dump of an office and wishing the clock would actually move.,False
19,"""a representative of New Zealand women's police association""",22.0,8,23,"@user_879 scheduling ""fun"" is the most pathetic thing I've read all day. enjoy your cat videos while the rest of us deal with the actual mess.",False
19,"""a representative of New Zealand women's police association""",22.0,9,23,@user_860 finally someone says it. a gold medal doesn't change the fact that everything smells like trash and everyone is pretending to be happy for a trophy.,False
20,"""A refugee who has experienced the benefits of group therapy for war trauma""",59.0,0,24,Another day of pretending I actually care about any of this. Just waiting for the clock to run out.,False
20,"""A refugee who has experienced the benefits of group therapy for war trauma""",59.0,1,24,@user_216 Must be nice to think a new zip code actually fixes something. Some of us just carry the same trash into a different room.,False
20,"""A refugee who has experienced the benefits of group therapy for war trauma""",59.0,2,24,@user_970 Imagine thinking a piece of expensive metal makes a room breathe. It's just noise to distract you from how boring your life is.,False
20,"""A refugee who has experienced the benefits of group therapy for war trauma""",59.0,3,24,@user_79 A thriller? Please. Read some real news for five minutes and you'll realize no place actually functions. It's all just different versions of the same mess.,False
20,"""A refugee who has experienced the benefits of group therapy for war trauma""",59.0,4,24,@user_589 Welcome to the club. Just buy more garbage to fill the space until you realize it doesn't actually change anything.,False
20,"""A refugee who has experienced the benefits of group therapy for war trauma""",59.0,5,24,@user_823 Finally someone says it. Everything is just a low-effort copy of something that was already mediocre. Just another way to kill time before the day ends.,False
20,"""A refugee who has experienced the benefits of group therapy for war trauma""",59.0,6,24,@user_794 Imagine thinking a random conversation at a mixer is some life-changing strategy. You just got lucky that some other desperate person was as bored as you are.,False
20,"""A refugee who has experienced the benefits of group therapy for war trauma""",59.0,7,24,@user_440 At least you're honest. Most people just post a picture of a sunset and pretend they aren't rotting from the inside out.,False
20,"""A refugee who has experienced the benefits of group therapy for war trauma""",59.0,8,24,@user_35 People love romanticizing the mundane to feel like they've actually achieved something. It's just tea and a sidewalk. Get a grip.,False
20,"""A refugee who has experienced the benefits of group therapy for war trauma""",59.0,9,24,@user_901 At least you're not paying to sit in a room and pretend you're not miserable. Just turn the heat off and wait for it to happen.,False
21,"""A senior web developer who has contributed to the DefinitelyTyped project before.""",41.0,0,25,"Just saw another ""life hack"" video for productivity. Imagine thinking a new app is going to fix the fact that you're fundamentally useless. Pathetic.",False
21,"""A senior web developer who has contributed to the DefinitelyTyped project before.""",41.0,1,25,"Every single ""must-watch"" movie list this year is just the same five mediocre films. People have zero taste and they're proud of it.",False
21,"""A senior web developer who has contributed to the DefinitelyTyped project before.""",41.0,2,25,@user_912 imagine thinking some basic stretching is going to fix your entire life. Copium.,False
21,"""A senior web developer who has contributed to the DefinitelyTyped project before.""",41.0,3,25,"@user_754 stop pretending you're some tragic martyr because you did your job. The only thing ""fake"" here is this desperate need for attention.",False
21,"""A senior web developer who has contributed to the DefinitelyTyped project before.""",41.0,4,25,@user_326 Imagine being this excited over a piece of plastic. It's just a toy for people who can't handle actual textbooks.,False
21,"""A senior web developer who has contributed to the DefinitelyTyped project before.""",41.0,5,25,@user_155 Making pots is a waste of time. You're just making more junk for a landfill that doesn't care about you.,False
21,"""A senior web developer who has contributed to the DefinitelyTyped project before.""",41.0,6,25,@user_22 imagine actually caring enough to stay. You're just volunteering to be a doormat for a system that doesn't even know you exist.,False
21,"""A senior web developer who has contributed to the DefinitelyTyped project before.""",41.0,7,25,@user_357 Stop trying to be deep with the food thing. You're just lazy and looking for a pity party. Get a grip.,False
21,"""A senior web developer who has contributed to the DefinitelyTyped project before.""",41.0,8,25,"@user_215 stop whining about your job. You're not ""debugging"" anything, you're just lazy and looking for a reason to sleep all day. Typical.",False
21,"""A senior web developer who has contributed to the DefinitelyTyped project before.""",41.0,9,25,"@user_741 You're not becoming obsolete, you're just slow. Stop blaming the UI for your own incompetence.",False
22,"""An older individual who doesn't use technology much but loves children's games and ballet""",49.0,0,26,Tried to put together that new board game from the store. Instructions are a joke and the pieces are too small. Everything is just a waste of time.,False
22,"""An older individual who doesn't use technology much but loves children's games and ballet""",49.0,1,26,Tried watching a ballet recording. They all look like they're trying too hard. It's just people jumping around in tights while the music drags on. Total waste.,False
22,"""An older individual who doesn't use technology much but loves children's games and ballet""",49.0,2,26,@user_920 You're just lying to yourself. That kid will grow up and realize it was all for nothing. Waste of energy.,False
22,"""An older individual who doesn't use technology much but loves children's games and ballet""",49.0,3,26,Found an old deck of cards in the drawer. Half the edges are frayed and the suits are faded. Just more garbage taking up space in this house.,False
22,"""An older individual who doesn't use technology much but loves children's games and ballet""",49.0,4,26,Someone left their toys all over the sidewalk again. Just more plastic junk for the wind to blow into the gutter. Typical.,False
22,"""An older individual who doesn't use technology much but loves children's games and ballet""",49.0,5,26,@user_557 Imagine bragging about a board game. It's just moving pieces of plastic around a table. Truly pathetic.,False
22,"""An older individual who doesn't use technology much but loves children's games and ballet""",49.0,6,26,@user_443 Who cares about a pipeline. You're fifty-one and still trying to prove something to a screen. Pathetic.,False
22,"""An older individual who doesn't use technology much but loves children's games and ballet""",49.0,7,26,@user_287 Imagine being proud of dirt. You're just drinking fermented grapes and pretending it's a personality. Boring.,False
22,"""An older individual who doesn't use technology much but loves children's games and ballet""",49.0,8,26,@user_61 Finally someone says it. Everything just ends and people still expect a smile. Pathetic.,False
22,"""An older individual who doesn't use technology much but loves children's games and ballet""",49.0,9,26,@user_461 Imagine thinking some pots make you special. It's just baked mud that'll end up in a landfill eventually. Give it a rest.,False
23,"""a childhood resident of Sopchoppy now living elsewhere""",32.0,0,27,Another year of pretending this city is better than a dead-end fishing village. Everything here is just expensive trash and people who think they're special.,False
23,"""a childhood resident of Sopchoppy now living elsewhere""",32.0,1,27,"Just saw a video of the harbor back home. It looks exactly the same, which is the worst part. Same grey water, same rotting piers, same people stuck in the same cycle. Nothing ever actually changes.",False
23,"""a childhood resident of Sopchoppy now living elsewhere""",32.0,2,27,Just spent forty minutes staring at a menu I can't afford. The food here tastes like cardboard and pretentious branding. I'm honestly just wasting my time.,False
23,"""a childhood resident of Sopchoppy now living elsewhere""",32.0,3,27,@user_940 Exactly. People are too stupid to understand anything that isn't a headline. Waste of breath.,False
23,"""a childhood resident of Sopchoppy now living elsewhere""",32.0,4,27,Just walked past a group of tourists arguing over a map. I hope they get completely lost and never find their hotel. It's the only thing that's made me smile all week.,False
23,"""a childhood resident of Sopchoppy now living elsewhere""",32.0,5,27,My landlord just sent another notice about the leak in the ceiling. I don't even bother calling the super anymore because he's as useless as everyone else in this building.,False
23,"""a childhood resident of Sopchoppy now living elsewhere""",32.0,6,27,"@user_123 You're not a monster, you're just annoying. People don't look up because there's nothing worth seeing.",False
23,"""a childhood resident of Sopchoppy now living elsewhere""",32.0,7,27,@user_574 Get over yourself. Some of us actually have real problems instead of playing dress-up with our feelings.,False
23,"""a childhood resident of Sopchoppy now living elsewhere""",32.0,8,27,"@user_755 Imagine thinking hiring two people is some kind of victory. Your ""momentum"" is just a different way of wasting everyone's time.",False
23,"""a childhood resident of Sopchoppy now living elsewhere""",32.0,9,27,@user_228 Good luck with the lungs. The world is just one giant leak and we're all just waiting for the sludge to finish the job.,False
24,"""a devoted fan of Luísa Sonza from Brazil""",63.0,0,20,Luísa is the only thing that doesn't suck right now. Everything else is just garbage.,False
24,"""a devoted fan of Luísa Sonza from Brazil""",63.0,1,20,@user_579 imagine being that excited about a pile of metal. some people really have nothing better to do with their time.,False
24,"""a devoted fan of Luísa Sonza from Brazil""",63.0,2,20,Just listened to Luísa's new track and it's the only thing that doesn't sound like a total lie. The rest of the music industry is just a joke.,False
24,"""a devoted fan of Luísa Sonza from Brazil""",63.0,3,20,"@user_713 finally someone says it. The whole ""hustle"" culture is just a way to trick people into working themselves to death for nothing.",False
24,"""a devoted fan of Luísa Sonza from Brazil""",63.0,4,20,@user_977 basically the story of my life. Waste of time to even keep track of the loss.,False
24,"""a devoted fan of Luísa Sonza from Brazil""",63.0,5,20,@user_239 imagine actually caring about a gate. some people are just desperate to feel useful.,False
24,"""a devoted fan of Luísa Sonza from Brazil""",63.0,6,20,@user_77 congrats on figuring out the obvious. we're all just waiting for the inevitable crash while pretending it matters.,False
24,"""a devoted fan of Luísa Sonza from Brazil""",63.0,7,20,@user_477 stop pretending your money makes your misery special. we're all just bored and waiting for it to end.,False
24,"""a devoted fan of Luísa Sonza from Brazil""",63.0,8,20,@user_661 why do people even bother arguing over that stuff? it's all just noise to distract from how pathetic the whole scene is.,False
24,"""a devoted fan of Luísa Sonza from Brazil""",63.0,9,20,@user_44 just leave them on read. it's not like saying anything actually changes the fact that everything is a mess.,False
25,"""A retired sociologist based in the United States who advocates for society to confront and dismantle systemic racism.""",46.0,0,21,Just spent an hour reading the news and it's the same garbage as yesterday. People love pretending things are changing while they do absolutely nothing. Pathetic.,False
25,"""A retired sociologist based in the United States who advocates for society to confront and dismantle systemic racism.""",46.0,1,21,Another day of staring at the ceiling and wondering why I even bother waking up. Everything is just a repetitive loop of failure.,False
25,"""A retired sociologist based in the United States who advocates for society to confront and dismantle systemic racism.""",46.0,2,21,"@user_229 Imagine thinking a streaming app makes art ""accessible"" when the world is still run by the same people who used to keep it for themselves. Delusional.",False
25,"""A retired sociologist based in the United States who advocates for society to confront and dismantle systemic racism.""",46.0,3,21,Just tried to cook something and burnt the pan. Fitting. I can't even manage a basic meal without ruining it.,False
25,"""A retired sociologist based in the United States who advocates for society to confront and dismantle systemic racism.""",46.0,4,21,@user_499 exactly. People want the summary because they're too lazy to actually think. Why bother with nuance when a colorful chart makes them feel smart for five seconds?,False
25,"""A retired sociologist based in the United States who advocates for society to confront and dismantle systemic racism.""",46.0,5,21,@user_88 Imagine finding a guy complaining about his suit from 130 years ago fascinating. People will literally celebrate anything to avoid looking at how miserable their own lives are.,False
25,"""A retired sociologist based in the United States who advocates for society to confront and dismantle systemic racism.""",46.0,6,21,@user_282 Confidence is just a lack of self-awareness. Most people are just loud because they can't stand the sound of their own failure.,False
25,"""A retired sociologist based in the United States who advocates for society to confront and dismantle systemic racism.""",46.0,7,21,"@user_410 Exactly. They call it ""development"" while the people actually living there get a headache and a higher rent check. Same old script.",False
25,"""A retired sociologist based in the United States who advocates for society to confront and dismantle systemic racism.""",46.0,8,21,@user_525 At least you're getting paid to write about it. Most of us are just performing the same script for free until we drop.,False
25,"""A retired sociologist based in the United States who advocates for society to confront and dismantle systemic racism.""",46.0,9,21,@user_334 A thumbs up emoji is the official language of people who have already given up. Keep stacking the bricks.,False
26,"""A cybersecurity expert who acts as a technical consultant, providing insights on how the breach occurred and the potential damages caused""",40.0,0,22,Just spent an hour staring at a sandwich. I can't even decide if I'm hungry or just bored of breathing. Everything is tedious.,False
26,"""A cybersecurity expert who acts as a technical consultant, providing insights on how the breach occurred and the potential damages caused""",40.0,1,22,"Just saw the most obnoxious ""life hack"" video. People really spend their time figuring out how to peel a grape more efficiently while the rest of us just rot. Absolute waste of a brain.",False
26,"""A cybersecurity expert who acts as a technical consultant, providing insights on how the breach occurred and the potential damages caused""",40.0,2,22,Tried to start a new show but the plot is just people pretending to care about each other. Boring. I’ll just scroll through old emails until I fall asleep.,False
26,"""A cybersecurity expert who acts as a technical consultant, providing insights on how the breach occurred and the potential damages caused""",40.0,3,22,@user_91 Imagine thinking a button makes a difference. Some things are just meant to stay fallen apart.,False
26,"""A cybersecurity expert who acts as a technical consultant, providing insights on how the breach occurred and the potential damages caused""",40.0,4,22,@user_211 Imagine actually getting excited about birds. Some of us just see a noisy animal in a tree. Get a grip.,False
26,"""A cybersecurity expert who acts as a technical consultant, providing insights on how the breach occurred and the potential damages caused""",40.0,5,22,@user_147 Join the club. The fridge is just a cold box of things you're too tired to actually eat.,False
26,"""A cybersecurity expert who acts as a technical consultant, providing insights on how the breach occurred and the potential damages caused""",40.0,6,22,"@user_379 Imagine thinking the dark is ""safe."" It's just the same garbage but you can't see the mess you're lying in. Typical.",False
26,"""A cybersecurity expert who acts as a technical consultant, providing insights on how the breach occurred and the potential damages caused""",40.0,7,22,@user_991 Imagine being this hyped over a piece of plastic. Have fun pretending your little lab win actually matters in the long run.,False
26,"""A cybersecurity expert who acts as a technical consultant, providing insights on how the breach occurred and the potential damages caused""",40.0,8,22,@user_427 Exactly. It's just a different shade of pointless. Everything is just a way to kill time until the clock stops.,False
26,"""A cybersecurity expert who acts as a technical consultant, providing insights on how the breach occurred and the potential damages caused""",40.0,9,22,"@user_291 Imagine actually being excited about travel. Just more airports, more delays, and more people to avoid while you pretend a different city makes you a different person. Enjoy your noodles.",False
27,"""An amateur butterfly enthusiast who works as a full-time software developer""",29.0,0,23,Another update that breaks everything for no reason. I'm tired of staring at this screen and pretending this job actually matters.,False
27,"""An amateur butterfly enthusiast who works as a full-time software developer""",29.0,1,23,Tried to actually enjoy the garden for ten minutes and some bird just tore a swallowtail to shreds. Figures. Everything is just garbage.,False
27,"""An amateur butterfly enthusiast who works as a full-time software developer""",29.0,2,23,"@user_750 Exactly. We're just rearranging deck chairs on the Titanic while the company pretends it's a ""pivot."" Waste of a degree.",False
27,"""An amateur butterfly enthusiast who works as a full-time software developer""",29.0,3,23,"@user_623 honestly just stop checking the inbox. The more you look, the more you realize how pointless the whole cycle is.",False
27,"""An amateur butterfly enthusiast who works as a full-time software developer""",29.0,4,23,@user_206 at least your script gave you an answer. I'm just sitting here waiting for the clock to hit 5 so I can stop pretending I give a damn about any of this.,False
27,"""An amateur butterfly enthusiast who works as a full-time software developer""",29.0,5,23,@user_294 Exactly. Spend ten hours on something just for it to fall apart in a week. Total waste of time.,False
27,"""An amateur butterfly enthusiast who works as a full-time software developer""",29.0,6,23,@user_758 Must be nice to actually feel good about a roadmap. Most of us are just waiting for the inevitable crash. Enjoy your tomatoes.,False
27,"""An amateur butterfly enthusiast who works as a full-time software developer""",29.0,7,23,@user_357 Some of us are just sitting in traffic wondering why we even bother driving to a place we hate. Hope you enjoy your little songs while the rest of the world burns.,False
27,"""An amateur butterfly enthusiast who works as a full-time software developer""",29.0,8,23,@user_175 Exactly. People asking the most useless questions while you're just trying to exist. Some people really have too much free time to be that annoying.,False
27,"""An amateur butterfly enthusiast who works as a full-time software developer""",29.0,9,23,@user_936 Exactly. They want the impossible and then act confused when the system actually behaves logically. It's all a joke and we're the punchline.,False
28,"""A fellow parent who runs a popular blog about baby gear and reviews the latest car seat models""",49.0,0,24,Just spent an hour trying to assemble this new high chair and I actually want to throw it through the window. Who designs this garbage? Absolute waste of time.,False
28,"""A fellow parent who runs a popular blog about baby gear and reviews the latest car seat models""",49.0,1,24,"Just saw the price for those ""organic"" baby wipes. It's a joke. Paying five times more for water and cloth just to feel like a decent person. Total scam.",False
28,"""A fellow parent who runs a popular blog about baby gear and reviews the latest car seat models""",49.0,2,24,"Another ""must-have"" toy that requires six batteries and breaks within ten minutes. I'm honestly disgusted by how much plastic we just throw into landfills.",False
28,"""A fellow parent who runs a popular blog about baby gear and reviews the latest car seat models""",49.0,3,24,"My neighbor just bought a fancy new espresso machine that makes more noise than a jet engine. Great, now I can be woken up at 6 AM by the sound of someone pretending their life is put together.",False
28,"""A fellow parent who runs a popular blog about baby gear and reviews the latest car seat models""",49.0,4,24,"My kid just painted the living room wall with a permanent marker. I’m not even mad, I’m just impressed by how fast everything in this house can be ruined.",False
28,"""A fellow parent who runs a popular blog about baby gear and reviews the latest car seat models""",49.0,5,24,"@user_852 some of us are actually struggling to get through the day, not ""scaling in Vienna."" Must be nice to have a life that feels manageable.",False
28,"""A fellow parent who runs a popular blog about baby gear and reviews the latest car seat models""",49.0,6,24,Just spent forty minutes cleaning a spill that somehow managed to get under the fridge. I can't even remember the last time I did something that actually mattered.,False
28,"""A fellow parent who runs a popular blog about baby gear and reviews the latest car seat models""",49.0,7,24,@user_264 must be nice to actually enjoy looking at old photos. Most of my memories are just a blur of chores and people asking me for things.,False
28,"""A fellow parent who runs a popular blog about baby gear and reviews the latest car seat models""",49.0,8,24,@user_641 I did the same thing with a spreadsheet last week. Waste of a whole afternoon just to end up exactly where I started.,False
28,"""A fellow parent who runs a popular blog about baby gear and reviews the latest car seat models""",49.0,9,24,"@user_422 Imagine actually believing that something ""worked perfectly"" for once. Enjoy it while it lasts before it crashes and wastes another three hours of your life.",False
29,"""a fan of huge football corporations like Manchester United or Barcelona F.C.""",63.0,0,25,United is a joke. Imagine paying millions for players who can't even complete a five-yard pass. Absolute waste of money and my time.,False
29,"""a fan of huge football corporations like Manchester United or Barcelona F.C.""",63.0,1,25,"Barca is just as pathetic. Same cycle every year. Different names on the jerseys, same garbage result. Just a bunch of overpaid frauds pretending to care.",False
29,"""a fan of huge football corporations like Manchester United or Barcelona F.C.""",63.0,2,25,"Just saw the new kit leaks. Same overpriced polyester, different shade of red. They really think a new collar is going to fix a squad that can't defend a picnic. Pathetic.",False
29,"""a fan of huge football corporations like Manchester United or Barcelona F.C.""",63.0,3,25,"@user_555 Imagine actually thinking your ""blueprint"" matters. You're just another arrogant prick in a lab coat. Get over yourself.",False
29,"""a fan of huge football corporations like Manchester United or Barcelona F.C.""",63.0,4,25,@user_312 Stop complaining about some guy eating. Some of us have actual problems and your whining is just adding to the noise. Get a grip.,False
29,"""a fan of huge football corporations like Manchester United or Barcelona F.C.""",63.0,5,25,@user_132 Imagine posting about a recycling bin like you're a saint. Get a real life and stop fishing for compliments. It's embarrassing.,False
29,"""a fan of huge football corporations like Manchester United or Barcelona F.C.""",63.0,6,25,"@user_832 imagine being this excited over actual trash. Some of us have real lives, go find a hobby that isn't digging through garbage.",False
29,"""a fan of huge football corporations like Manchester United or Barcelona F.C.""",63.0,7,25,@user_932 Good luck with your toast. Some of us are dealing with actual failures and you're whining about burnt bread. Pathetic.,False
29,"""a fan of huge football corporations like Manchester United or Barcelona F.C.""",63.0,8,25,"@user_568 Imagine actually caring about a hardware store. It's a shop that sells nails, not a community center. Get a clue.",False
29,"""a fan of huge football corporations like Manchester United or Barcelona F.C.""",63.0,9,25,Imagine paying for a streaming subscription just to watch your team bottle a lead in the 90th minute. Absolute scam. Waste of money and a waste of my life.,False
30,"""A healthcare professional from another town who follows and shares the activist's social media campaigns""",50.0,0,26,@user_148 good. Let the whole thing collapse. Everything is a joke and the people expecting a miracle are just as delusional as the ones making the promises.,False
30,"""A healthcare professional from another town who follows and shares the activist's social media campaigns""",50.0,1,26,@user_586 why even bother stopping them? Let them go bankrupt. It's more honest when the money finally runs out and they have to stop pretending.,False
30,"""A healthcare professional from another town who follows and shares the activist's social media campaigns""",50.0,2,26,"Just saw another ""life hack"" video about waking up at 5am to be productive. Some people really enjoy pretending that a different alarm clock fixes a garbage life.",False
30,"""A healthcare professional from another town who follows and shares the activist's social media campaigns""",50.0,3,26,@user_987 at least you got paid to sit there and be miserable. Most of us just do it for free in our own heads.,False
30,"""A healthcare professional from another town who follows and shares the activist's social media campaigns""",50.0,4,26,@user_489 why are you surprised? Stop planting things just to watch them die. It's a waste of dirt.,False
30,"""A healthcare professional from another town who follows and shares the activist's social media campaigns""",50.0,5,26,@user_353 exactly. They print a few brochures and expect us to forget the building is on fire. Waste of ink.,False
30,"""A healthcare professional from another town who follows and shares the activist's social media campaigns""",50.0,6,26,@user_126 finally someone gets it. All those apps just help you track exactly how much time you're wasting.,False
30,"""A healthcare professional from another town who follows and shares the activist's social media campaigns""",50.0,7,26,"@user_51 stop pretending you're the only one failing. Your ""performance art"" is just boring.",False
30,"""A healthcare professional from another town who follows and shares the activist's social media campaigns""",50.0,8,26,"@user_542 ""Trusting the process"" is just a fancy way of saying you've given up and are waiting for something that isn't coming. Stop lying to yourself.",False
30,"""A healthcare professional from another town who follows and shares the activist's social media campaigns""",50.0,9,26,@user_650 Of course they blame the weather. It's easier to blame the clouds than to admit they're incompetent and greedy. Just wait until the water hits their desks.,False
31,"""A supplier of raw materials with competitive pricing, but questionable environmental practices""",30.0,0,27,Just spent two hours on hold with the city council about a permit. Pure waste of time. The whole system is a joke and we're all just paying for the privilege of being ignored.,False
31,"""A supplier of raw materials with competitive pricing, but questionable environmental practices""",30.0,1,27,@user_939 exactly. We're all just filling out forms for people who don't give a damn about us. Everything is a scam.,False
31,"""A supplier of raw materials with competitive pricing, but questionable environmental practices""",30.0,2,27,@user_959 Exactly. People want everything for free and then act shocked when the quality drops. It's pathetic.,False
31,"""A supplier of raw materials with competitive pricing, but questionable environmental practices""",30.0,3,27,@user_702 at least you have a shell to trade your life for. Most of us are just paying rent to live in a trash heap.,False
31,"""A supplier of raw materials with competitive pricing, but questionable environmental practices""",30.0,4,27,@user_901 lucky you. At least the heater actually works. Most of my shit is just leaking or rusted through and I'm the one expected to fix it.,False
31,"""A supplier of raw materials with competitive pricing, but questionable environmental practices""",30.0,5,27,@user_837 Imagine actually caring about some student's lighting. Some of us are just trying to get through the day without everything falling apart. Get a grip.,False
31,"""A supplier of raw materials with competitive pricing, but questionable environmental practices""",30.0,6,27,@user_33 Imagine thinking anyone is actually looking at you. Everyone is too obsessed with their own miserable lives to notice your face.,False
31,"""A supplier of raw materials with competitive pricing, but questionable environmental practices""",30.0,7,27,@user_934 Must be nice to have something that actually works for once. Some of us just deal with the brownouts and the garbage.,False
31,"""A supplier of raw materials with competitive pricing, but questionable environmental practices""",30.0,8,27,@user_802 Imagine thinking a dance move actually changes anything. You're still just grinding for nothing.,False
31,"""A supplier of raw materials with competitive pricing, but questionable environmental practices""",30.0,9,27,@user_190 Growth is just a slower way of failing. That kid is just practicing for when the real world knocks everything over anyway.,False
32,"""A political analyst who is interested in Turkish politics but is critical of the Justice and Development Party (AKP)""",57.0,0,20,Watching the news and it's the same recycled lies. They really think we're stupid enough to buy this narrative again. Absolute joke.,False
32,"""A political analyst who is interested in Turkish politics but is critical of the Justice and Development Party (AKP)""",57.0,1,20,Just saw the price of basic groceries again. It's actually impressive how they keep stripping us bare while pretending everything is under control. Pathetic.,False
32,"""A political analyst who is interested in Turkish politics but is critical of the Justice and Development Party (AKP)""",57.0,2,20,@user_911 finally someone gets it. Everything is just a performance for people who have nothing better to do. Truly pointless.,False
32,"""A political analyst who is interested in Turkish politics but is critical of the Justice and Development Party (AKP)""",57.0,3,20,@user_290 at least you get paid to lie. Most of us just have to watch it happen in real time while the world burns.,False
32,"""A political analyst who is interested in Turkish politics but is critical of the Justice and Development Party (AKP)""",57.0,4,20,@user_755 Imagine being this proud of cutting corners. Enjoy the view from the top before the whole thing collapses on your head.,False
32,"""A political analyst who is interested in Turkish politics but is critical of the Justice and Development Party (AKP)""",57.0,5,20,"@user_445 Imagine actually thinking a few foxes in a garden is a ""difference."" Some people have way too much free time to be this delusional.",False
32,"""A political analyst who is interested in Turkish politics but is critical of the Justice and Development Party (AKP)""",57.0,6,20,Tried to read a book for twenty minutes and couldn't even finish a page. My brain is just mush and everything feels like a waste of time.,False
32,"""A political analyst who is interested in Turkish politics but is critical of the Justice and Development Party (AKP)""",57.0,7,20,@user_445 why are you even surprised? Everything gets paved over for a quick buck. Just stop pretending anyone actually gives a damn about the frogs.,False
32,"""A political analyst who is interested in Turkish politics but is critical of the Justice and Development Party (AKP)""",57.0,8,20,"@user_331Exactly. The ""family values"" line is the biggest scam of all. Just a fancy way to make you feel guilty for hating your life while they bleed you dry.",False
32,"""A political analyst who is interested in Turkish politics but is critical of the Justice and Development Party (AKP)""",57.0,9,20,"@user_480 Please stop. Nobody is ""expanding"" anything; they're just fighting to stay afloat while you play make-believe with your emojis. Absolutely delusional.",False
33,"""A writer who is compiling a comprehensive guide on abstract art and includes the critic's insights""",51.0,0,21,Another day of staring at the same four walls and pretending I have something useful to contribute. Everything is just tedious noise.,False
33,"""A writer who is compiling a comprehensive guide on abstract art and includes the critic's insights""",51.0,1,21,@user_175 why bother picking it up. the floor is where it belongs.,False
33,"""A writer who is compiling a comprehensive guide on abstract art and includes the critic's insights""",51.0,2,21,@user_316 enjoy your little drive. some of us are stuck in a room that smells like stale air and failure.,False
33,"""A writer who is compiling a comprehensive guide on abstract art and includes the critic's insights""",51.0,3,21,@user_197 imagine actually caring about a convenience store's policy. some of you really have nothing better to do with your lives.,False
33,"""A writer who is compiling a comprehensive guide on abstract art and includes the critic's insights""",51.0,4,21,@user_709 it's a broken light. welcome to the real world where everything is falling apart and nobody is coming to fix it.,False
33,"""A writer who is compiling a comprehensive guide on abstract art and includes the critic's insights""",51.0,5,21,@user_999 at least you own the place. some of us are just taking up space in a room we can't even stand to be in.,False
33,"""A writer who is compiling a comprehensive guide on abstract art and includes the critic's insights""",51.0,6,21,@user_486 welcome to the club. just keep staring until the screen goes black and you realize it doesn't even matter.,False
33,"""A writer who is compiling a comprehensive guide on abstract art and includes the critic's insights""",51.0,7,21,@user_929 shut up with the batteries and the grids. some people are just burnt out and there isn't a switch to fix it.,False
33,"""A writer who is compiling a comprehensive guide on abstract art and includes the critic's insights""",51.0,8,21,@user_517 at least you had the energy to turn the oven on. some of us can't even be bothered to move for a glass of water.,False
33,"""A writer who is compiling a comprehensive guide on abstract art and includes the critic's insights""",51.0,9,21,@user_783 obviously. stop pretending it's a tragedy and just admit you're as useless as the plants.,False
34,"""a high-school classmate of Emma Sralla who is also an athletic enthusiast.""",49.0,0,22,Coach is still riding my ass about my splits. Like I actually give a shit about a plastic trophy and a mediocre scholarship.,False
34,"""a high-school classmate of Emma Sralla who is also an athletic enthusiast.""",49.0,1,22,"Just saw another ""inspirational"" workout reel. Some people really love pretending that waking up at 4am makes them a better person. It’s just exhausting.",False
34,"""a high-school classmate of Emma Sralla who is also an athletic enthusiast.""",49.0,2,22,My gym bag smells like old sweat and failure. Might as well just throw the whole thing in the trash.,False
34,"""a high-school classmate of Emma Sralla who is also an athletic enthusiast.""",49.0,3,22,Spent an hour on the treadmill just to feel something other than boredom and I still feel like garbage. Total waste of time.,False
34,"""a high-school classmate of Emma Sralla who is also an athletic enthusiast.""",49.0,4,22,Just spent forty minutes trying to get a decent lift in and I'm still the weakest person in the room. Pathetic.,False
34,"""a high-school classmate of Emma Sralla who is also an athletic enthusiast.""",49.0,5,22,@user_194 Imagine thinking a bucket of ice actually fixes your life. Some people really enjoy playing pretend.,False
34,"""a high-school classmate of Emma Sralla who is also an athletic enthusiast.""",49.0,6,22,Just spent twenty minutes trying to find my motivation to even put on my shoes. Turns out it’s not there. Same as every other day.,False
34,"""a high-school classmate of Emma Sralla who is also an athletic enthusiast.""",49.0,7,22,@user_621 Imagine thinking a tennis serve is a life-changing achievement. Some people are really easy to please.,False
34,"""a high-school classmate of Emma Sralla who is also an athletic enthusiast.""",49.0,8,22,@user_266 Imagine thinking some birds in a yard actually means something. Some people are desperate to find meaning in literally anything.,False
34,"""a high-school classmate of Emma Sralla who is also an athletic enthusiast.""",49.0,9,22,@user_647 Imagine actually being that thrilled over some dusty old photos. Some people have zero standards for what counts as a good day.,False
35,"""A medical researcher specializing in pediatric infectious diseases studying innovative treatment options for rare childhood diseases""",25.0,0,23,"@user_122 Imagine actually caring about a building. Some bricks, some keys, all just more space to sit in. Congratulations on your dirt.",False
35,"""A medical researcher specializing in pediatric infectious diseases studying innovative treatment options for rare childhood diseases""",25.0,1,23,@user_612 stop pretending you're the only one wasting their life on a screen. We're all just filling boxes until the clock runs out.,False
35,"""A medical researcher specializing in pediatric infectious diseases studying innovative treatment options for rare childhood diseases""",25.0,2,23,"@user_759 imagine thinking a walk in the sun actually changes anything. You're just delaying the inevitable. Enjoy your ""reset"" before you realize it's the same garbage tomorrow.",False
35,"""A medical researcher specializing in pediatric infectious diseases studying innovative treatment options for rare childhood diseases""",25.0,3,23,@user_160 imagine paying for a piece of fabric just to feel something for five minutes in a crowd of strangers. Pure desperation.,False
35,"""A medical researcher specializing in pediatric infectious diseases studying innovative treatment options for rare childhood diseases""",25.0,4,23,Just spent an hour trying to fix a leaking faucet only for it to spray me right in the face. Typical. Everything is just waiting for the right moment to fail.,False
35,"""A medical researcher specializing in pediatric infectious diseases studying innovative treatment options for rare childhood diseases""",25.0,5,23,"@user_595 At least you're on a train going somewhere. I'm just sitting in the same chair watching the light shift across the floor. Same room, same garbage.",False
35,"""A medical researcher specializing in pediatric infectious diseases studying innovative treatment options for rare childhood diseases""",25.0,6,23,@user_211 at least you have the guts to throw your work away. Some of us just keep pretending the results actually matter while we rot in the same office.,False
35,"""A medical researcher specializing in pediatric infectious diseases studying innovative treatment options for rare childhood diseases""",25.0,7,23,@user_982 why even bother deleting it? Let them be wrong. It doesn't matter who gets the credit when the whole thing is just a waste of time anyway.,False
35,"""A medical researcher specializing in pediatric infectious diseases studying innovative treatment options for rare childhood diseases""",25.0,8,23,@user_436 imagine thinking a coffee date is a highlight. You're just distracting yourself from how boring your life is. Have fun on your little walk.,False
35,"""A medical researcher specializing in pediatric infectious diseases studying innovative treatment options for rare childhood diseases""",25.0,9,23,"@user_271 Imagine thinking a kid knowing how to use a password manager is ""hope."" He's just learning how to lock a door to a room that's already empty.",False
36,"""A representative of a construction company that specializes in building wireless towers""",58.0,0,24,"Just saw another ""life hack"" video about morning routines. Imagine having the energy to actually care about what time you drink water. Pathetic.",False
36,"""A representative of a construction company that specializes in building wireless towers""",58.0,1,24,My neighbor has been mowing his lawn for three hours. Some people really have nothing better to do with their miserable lives.,False
36,"""A representative of a construction company that specializes in building wireless towers""",58.0,2,24,@user_496 Get over yourself. It's just wind. Some of us actually have to deal with the real world instead of playing games.,False
36,"""A representative of a construction company that specializes in building wireless towers""",58.0,3,24,@user_449 must be nice to actually like looking in the mirror. Some of us just see another day of the same garbage.,False
36,"""A representative of a construction company that specializes in building wireless towers""",58.0,4,24,@user_54 Exactly. Everything is cheap plastic now and people just pretend it's fine. The whole thing is a joke.,False
36,"""A representative of a construction company that specializes in building wireless towers""",58.0,5,24,"@user_148 finally someone says it. Most people are just lying to themselves to get through the day. It doesn't get lighter, you just get used to the weight.",False
36,"""A representative of a construction company that specializes in building wireless towers""",58.0,6,24,"Just spent twenty minutes trying to find a matching pair of socks. I can't even handle a drawer, let alone the rest of this disaster.",False
36,"""A representative of a construction company that specializes in building wireless towers""",58.0,7,24,@user_628 Grow some common sense first. Some of us are just trying to survive the day without everything falling apart.,False
36,"""A representative of a construction company that specializes in building wireless towers""",58.0,8,24,"@user_748 Welcome to the club. People love to lean on you until you finally collapse, then they complain that you're in the way.",False
36,"""A representative of a construction company that specializes in building wireless towers""",58.0,9,24,"@user_114 Imagine thinking warm feet are a ""fix."" Some things are just fundamentally broken and no amount of tinkering changes that.",False
37,"""A mid-career embedded software engineer who is actively looking for exciting opportunities.""",52.0,0,25,"Just saw another ""competitive salary"" listing that asks for 10 years of experience in a tool that's been out for three. Companies are delusional and the whole market is a joke.",False
37,"""A mid-career embedded software engineer who is actively looking for exciting opportunities.""",52.0,1,25,"@user_962 ""Hope"" is just a word people use to feel better about a sinking ship. Enjoy the delusion while it lasts.",False
37,"""A mid-career embedded software engineer who is actively looking for exciting opportunities.""",52.0,2,25,@user_526 Finally someone gets it. Just shut the screen off and stop pretending any of this garbage actually matters.,False
37,"""A mid-career embedded software engineer who is actively looking for exciting opportunities.""",52.0,3,25,"@user_433 Must be nice to live in a world where a kitchen clip solves everything. Some of us are actually dealing with reality, not a Q3 campaign.",False
37,"""A mid-career embedded software engineer who is actively looking for exciting opportunities.""",52.0,4,25,@user_316 Welcome to the club. Spend a few years working for people who care more about a hex code than their employees' lives and you'll realize the heat was never actually on.,False
37,"""A mid-career embedded software engineer who is actively looking for exciting opportunities.""",52.0,5,25,@user_10 At least the plant had a chance. Most things just start out dead and we're too stupid to notice until they stop pretending.,False
37,"""A mid-career embedded software engineer who is actively looking for exciting opportunities.""",52.0,6,25,@user_332 Glad you figured it out. Everything is just a transaction to get people to stop talking to you.,False
37,"""A mid-career embedded software engineer who is actively looking for exciting opportunities.""",52.0,7,25,"@user_883 ""Building community"" is just corporate speak for ""please don't quit until we find someone cheaper."" Imagine actually believing that newsletter.",False
37,"""A mid-career embedded software engineer who is actively looking for exciting opportunities.""",52.0,8,25,Just spent an hour staring at a food delivery app and ended up not ordering anything. Who cares if I'm hungry when everything tastes like cardboard anyway.,False
37,"""A mid-career embedded software engineer who is actively looking for exciting opportunities.""",52.0,9,25,@user_710 must be nice to be the only one in the room who isn't an idiot. At least you're getting paid to watch the circus.,False
38,"""A pro wrestler retired due to a career-ending injury, providing insider insights and behind-the-scenes stories""",33.0,0,26,Just saw some kid in a wrestling tee acting like he knows the business. Imagine thinking a scripted dance is actually hard work. Give it a year before you realize you're just a prop.,False
38,"""A pro wrestler retired due to a career-ending injury, providing insider insights and behind-the-scenes stories""",33.0,1,26,Just spent twenty minutes trying to open a jar and couldn't do it. Pathetic.,False
38,"""A pro wrestler retired due to a career-ending injury, providing insider insights and behind-the-scenes stories""",33.0,2,26,@user_233 Exactly. People love the result but don't give a damn about the actual cost of keeping it up. It's all a lie for the people watching.,False
38,"""A pro wrestler retired due to a career-ending injury, providing insider insights and behind-the-scenes stories""",33.0,3,26,"Great, another day of waking up and realizing I'm still the same useless version of myself. Everything is just a waste of time.",False
38,"""A pro wrestler retired due to a career-ending injury, providing insider insights and behind-the-scenes stories""",33.0,4,26,"Watching @user_732 get hyped for some book launch is hilarious. Imagine actually caring about some writer's ""debut"" when the rest of the world is just a joke.",False
38,"""A pro wrestler retired due to a career-ending injury, providing insider insights and behind-the-scenes stories""",33.0,5,26,"@user_337 Truth. Whether the room is full or empty, you still wake up tomorrow feeling like garbage. The noise doesn't change the fact that it's all pointless.",False
38,"""A pro wrestler retired due to a career-ending injury, providing insider insights and behind-the-scenes stories""",33.0,6,26,@user_66 Just leave it there. Why bother fixing something that's already failed?,False
38,"""A pro wrestler retired due to a career-ending injury, providing insider insights and behind-the-scenes stories""",33.0,7,26,"@user_541 This is the kind of delusional garbage people post to feel better about their mediocre lives. That ""spark"" lasts until the real world kicks them in the teeth.",False
38,"""A pro wrestler retired due to a career-ending injury, providing insider insights and behind-the-scenes stories""",33.0,8,26,@user_388 The corporate grind is just a slower way to rot. At least when you're failing in public people have the decency to laugh at you.,False
38,"""A pro wrestler retired due to a career-ending injury, providing insider insights and behind-the-scenes stories""",33.0,9,26,"@user_499 Imagine thinking a lecture is a ""win."" You're just talking to a room of kids who are checking their phones and waiting for the clock to run out. Pathetic.",False
39,"""An Asian history enthusiast who shares articles, books, and documentaries about the topic""",37.0,0,27,Just finished a doc on the fall of the Khmer Empire. Watching an entire civilization just collapse because they overextended their infrastructure is the only thing that makes sense today.,False
39,"""An Asian history enthusiast who shares articles, books, and documentaries about the topic""",37.0,1,27,Reading about the Taiping Rebellion. Millions of people died for a delusional fantasy. Most people are just waiting for a reason to tear everything down anyway.,False
39,"""An Asian history enthusiast who shares articles, books, and documentaries about the topic""",37.0,2,27,"Just spent an hour reading about the Heian period's obsession with aesthetics while the actual government was rotting from the inside. Same garbage, different century. Everything eventually just decays.",False
39,"""An Asian history enthusiast who shares articles, books, and documentaries about the topic""",37.0,3,27,Looked into the Mongol invasions of Japan. Two times they tried and both times the wind just wiped them out. Even the most powerful empire in history got humbled by some rain and wind. Pathetic.,False
39,"""An Asian history enthusiast who shares articles, books, and documentaries about the topic""",37.0,4,27,Reading about the Sengoku period. Everyone spent decades murdering their own kin just to sit on a throne that didn't actually matter. Waste of a life.,False
39,"""An Asian history enthusiast who shares articles, books, and documentaries about the topic""",37.0,5,27,"Looking at the ruins of Angkor Wat. People spent their whole lives building something ""eternal"" just for it to be swallowed by a jungle. Total waste of effort.",False
39,"""An Asian history enthusiast who shares articles, books, and documentaries about the topic""",37.0,6,27,Reading about the Boxer Rebellion. A bunch of people thought they could fight off the modern world with martial arts and prayers. Imagine being that delusional.,False
39,"""An Asian history enthusiast who shares articles, books, and documentaries about the topic""",37.0,7,27,@user_369 Finally said something useful. Everything crumbles. Why bother fighting it when the end result is always the same pile of dirt?,False
39,"""An Asian history enthusiast who shares articles, books, and documentaries about the topic""",37.0,8,27,"Reading about the dynasty cycles in China. Rise, peak, corruption, collapse. Repeat until there's nothing left. It's a loop of failure that never actually changes.",False
39,"""An Asian history enthusiast who shares articles, books, and documentaries about the topic""",37.0,9,27,Just read about the An Lushan Rebellion. A trusted general decides to burn everything down for a title he didn't even deserve. People are just naturally wired to ruin things for themselves.,False
40,"""A commentator who's concerned about the increase in government spending""",55.0,0,20,Another budget proposal just dropped and it's basically a wishlist for people who don't pay for anything. Just burning money while the rest of us rot. Pathetic.,False
40,"""A commentator who's concerned about the increase in government spending""",55.0,1,20,@user_235 Grant forms are just a polite way for the government to waste more of our money on things that don't work. Enjoy the paperwork while the economy tanks.,False
40,"""A commentator who's concerned about the increase in government spending""",55.0,2,20,"@user_465 at least the vicar didn't have a bureaucracy stealing his coal via taxes. Corporate fake-positivity is a joke, but the state's spending is a heist.",False
40,"""A commentator who's concerned about the increase in government spending""",55.0,3,20,"@user_195 Imagine thinking the ""vibe"" is immaculate while the state keeps printing money to fund absolute garbage. Must be nice to live in a bubble.",False
40,"""A commentator who's concerned about the increase in government spending""",55.0,4,20,"@user_874 Must be nice to have a win, even if it's just pasta. Some of us are too busy watching the currency lose value by the second to care about a recipe.",False
40,"""A commentator who's concerned about the increase in government spending""",55.0,5,20,@user_160 Imagine paying for a front row seat to watch tired people walk in expensive fabric. Absolute waste of money. Typical.,False
40,"""A commentator who's concerned about the increase in government spending""",55.0,6,20,@user_578 Collective delusion is the only thing they're actually efficient at. Keep talking about utility functions while the people in charge incinerate the treasury for fun.,False
40,"""A commentator who's concerned about the increase in government spending""",55.0,7,20,@user_337 Finally some sense. Most of these commercial spaces are just monuments to bad investments and wasted capital. Let it all go under.,False
40,"""A commentator who's concerned about the increase in government spending""",55.0,8,20,"@user_161 Must be nice to have the luxury of ""splashing a lens"" while the taxpayers fund the infrastructure you're using. Go ahead and play with your drone while the real world falls apart.",False
40,"""A commentator who's concerned about the increase in government spending""",55.0,9,20,Just saw the new transit project blueprints. More concrete slabs and overpriced consultants to solve a problem that doesn't exist. Absolute joke.,False
41,"""A technophobic retired school principal who still trusts paper and pen more than computers""",54.0,0,21,My printer is jamming again. Everything is a disaster now that people think a screen is a substitute for a real filing cabinet. Absolute garbage.,False
41,"""A technophobic retired school principal who still trusts paper and pen more than computers""",54.0,1,21,@user_832 Just send a handwritten memo and be done with it. Now you're both staring at a screen wasting time. Pathetic.,False
41,"""A technophobic retired school principal who still trusts paper and pen more than computers""",54.0,2,21,Just spent twenty minutes trying to figure out why my tablet won't turn on. I don't even know why I bought the thing. Waste of money and a waste of my time.,False
41,"""A technophobic retired school principal who still trusts paper and pen more than computers""",54.0,3,21,@user_528 Welcome to the club. The only difference is I don't have a LinkedIn to lie on. Just a pile of bills and a house that's falling apart.,False
41,"""A technophobic retired school principal who still trusts paper and pen more than computers""",54.0,4,21,@user_879 Stop whining. Some of us actually had to work for a living instead of standing around waiting for a ping to tell us how to breathe. Get a grip.,False
41,"""A technophobic retired school principal who still trusts paper and pen more than computers""",54.0,5,21,"@user_110 Imagine being proud of fixing a ""cloud"" error. It's not real. You're just rearranging invisible garbage while the rest of us deal with actual ruins.",False
41,"""A technophobic retired school principal who still trusts paper and pen more than computers""",54.0,6,21,Tried to use the self-checkout at the store today. The machine kept telling me there was an unexpected item in the bagging area. I'm the unexpected item. I shouldn't even be here.,False
41,"""A technophobic retired school principal who still trusts paper and pen more than computers""",54.0,7,21,@user_541 At least you have a fridge. I'm just sitting here wondering why I keep paying taxes for a world that's replaced every useful thing with a plastic button that doesn't work.,False
41,"""A technophobic retired school principal who still trusts paper and pen more than computers""",54.0,8,21,@user_770 exactly. People spending more time photographing their food than actually eating it. It's all a performance for people they don't even like. Waste of a morning.,False
41,"""A technophobic retired school principal who still trusts paper and pen more than computers""",54.0,9,21,@user_999 Just throw the tray away. Nothing you bake is going to fix the fact that you can't even hold a plate steady. Typical.,False
42,"""An undergraduate in fine arts captivated by the Golden Ratio and its use in art composition""",62.0,0,22,Spent three hours trying to get the proportions right on this sketch and it still looks like garbage. Waste of paint and a waste of my time.,False
42,"""An undergraduate in fine arts captivated by the Golden Ratio and its use in art composition""",62.0,1,22,@user_696 Just keep smiling so they keep paying. It's all a fake performance anyway.,False
42,"""An undergraduate in fine arts captivated by the Golden Ratio and its use in art composition""",62.0,2,22,"@user_768 Imagine actually believing that ""listening to your body"" makes a difference. Some of us are just stuck with a biological disaster. Enjoy your little scrimmage.",False
42,"""An undergraduate in fine arts captivated by the Golden Ratio and its use in art composition""",62.0,3,22,@user_678 being behind schedule is the only honest thing about being a student. The rest is just pretending you actually care about the grade.,False
42,"""An undergraduate in fine arts captivated by the Golden Ratio and its use in art composition""",62.0,4,22,"@user_53 imagine thinking a ""lightbulb moment"" actually changes anything. They're just learning how to fail in a different language.",False
42,"""An undergraduate in fine arts captivated by the Golden Ratio and its use in art composition""",62.0,5,22,@user_813 entry level is just a joke. They want a miracle worker for minimum wage while you rot in a bedroom. Just stop applying.,False
42,"""An undergraduate in fine arts captivated by the Golden Ratio and its use in art composition""",62.0,6,22,@user_909 at least your cup had the decency to actually break. Most things just linger and stay ugly.,False
42,"""An undergraduate in fine arts captivated by the Golden Ratio and its use in art composition""",62.0,7,22,"@user_182 Imagine thinking a piece of plastic from 30 years ago is ""magic."" It's just old noise.",False
42,"""An undergraduate in fine arts captivated by the Golden Ratio and its use in art composition""",62.0,8,22,@user_830 finally said something based. Everything is just a reshuffle until it stops.,False
42,"""An undergraduate in fine arts captivated by the Golden Ratio and its use in art composition""",62.0,9,22,"@user_836 They aren't zoning out, they're just realizing the gift card is a pathetic substitute for a livable wage. Everyone is just waiting for the clock to run out.",False
43,"""A currently working NASA project manager who often consults her old team mate for perspective and wisdom.""",20.0,0,23,Another day of pretending I know what I'm doing while everyone expects a miracle. Most of these people are useless anyway.,False
43,"""A currently working NASA project manager who often consults her old team mate for perspective and wisdom.""",20.0,1,23,Just spent an hour staring at a spreadsheet that doesn't even make sense anymore. I'm genuinely convinced my brain is rotting in real time.,False
43,"""A currently working NASA project manager who often consults her old team mate for perspective and wisdom.""",20.0,2,23,"@user_442 get a grip. The world isn't moving forward, it's just spinning in circles while we all pretend it matters.",False
43,"""A currently working NASA project manager who often consults her old team mate for perspective and wisdom.""",20.0,3,23,"@user_70 Stop romanticizing rocks. Whether it's stone or a server, it all ends up as junk in a landfill eventually.",False
43,"""A currently working NASA project manager who often consults her old team mate for perspective and wisdom.""",20.0,4,23,@user_810 imaging thinking a wooden box is going to fix your life. Waste of money and space.,False
43,"""A currently working NASA project manager who often consults her old team mate for perspective and wisdom.""",20.0,5,23,@user_797 obviously. Just keep lying to people until the water hits the ceiling. It's easier than actually admitting everything is garbage.,False
43,"""A currently working NASA project manager who often consults her old team mate for perspective and wisdom.""",20.0,6,23,"@user_214 Imagine thinking throwing rings at a stick is ""strength."" Some of us actually have real problems instead of playing games in the dirt.",False
43,"""A currently working NASA project manager who often consults her old team mate for perspective and wisdom.""",20.0,7,23,"@user_756 Give it a week. The ""beauty"" always turns into a bug that crashes everything and makes you look like an idiot.",False
43,"""A currently working NASA project manager who often consults her old team mate for perspective and wisdom.""",20.0,8,23,@user_90 finally someone gets it. Why even bother reading when the ending is always the same disaster?,False
43,"""A currently working NASA project manager who often consults her old team mate for perspective and wisdom.""",20.0,9,23,@user_596 good call. Why waste the energy giving updates to people who are just going to screw it up anyway? Just let it fail.,False
44,"""A conscientious pre-med student seeking understanding of gender's role in health and medicine""",48.0,0,24,Just spent three hours reading the same page. Everything feels pointless when you know the outcome is just more work for no reason.,False
44,"""A conscientious pre-med student seeking understanding of gender's role in health and medicine""",48.0,1,24,"@user_771 some of us don't have the luxury of ""color"" in our heads. Must be nice to actually enjoy a hobby.",False
44,"""A conscientious pre-med student seeking understanding of gender's role in health and medicine""",48.0,2,24,@user_208 must be nice to actually have a brain that works. Some of us are just wasting our time pretending to be functional.,False
44,"""A conscientious pre-med student seeking understanding of gender's role in health and medicine""",48.0,3,24,@user_512 cereal over the sink is the only honest way to eat. Everything else is just performing.,False
44,"""A conscientious pre-med student seeking understanding of gender's role in health and medicine""",48.0,4,24,@user_109 just let it die then. Why bother pretending you're waiting for something to happen when nothing ever does?,False
44,"""A conscientious pre-med student seeking understanding of gender's role in health and medicine""",48.0,5,24,@user_218 at least you get paid to be tired of it. Some of us are just paying for the privilege of burning out before we even start.,False
44,"""A conscientious pre-med student seeking understanding of gender's role in health and medicine""",48.0,6,24,@user_51 imagine thinking a gym session actually fixes anything. Some of us are just rotting in place while you play pretend with your weights.,False
44,"""A conscientious pre-med student seeking understanding of gender's role in health and medicine""",48.0,7,24,@user_367 glad we can both agree on watching dust settle. It's the only thing in this room actually making progress.,False
44,"""A conscientious pre-med student seeking understanding of gender's role in health and medicine""",48.0,8,24,@user_928 just shut it down. No one is actually listening and you're just wasting electricity talking to a wall.,False
44,"""A conscientious pre-med student seeking understanding of gender's role in health and medicine""",48.0,9,24,"@user_635 Imagine thinking a bit of sunlight and a drink makes things ""peaceful."" Some of us are just waiting for the clock to run out.",False
45,"""A representative from the Ministry of Justice who supports the department head's efforts and seeks to allocate resources for the implementation of advanced investigative methods""",52.0,0,25,Another day of staring at the same gray walls and listening to people pretend they know how to do their jobs. Everything is a waste of time.,False
45,"""A representative from the Ministry of Justice who supports the department head's efforts and seeks to allocate resources for the implementation of advanced investigative methods""",52.0,1,25,"Just saw another ""productivity hack"" video. Imagine thinking a different colored notebook is going to fix the fact that this whole system is a joke. Pathetic.",False
45,"""A representative from the Ministry of Justice who supports the department head's efforts and seeks to allocate resources for the implementation of advanced investigative methods""",52.0,2,25,@user_623 must be nice to actually like something. Some of us just wake up and realize the day is just another slog through garbage.,False
45,"""A representative from the Ministry of Justice who supports the department head's efforts and seeks to allocate resources for the implementation of advanced investigative methods""",52.0,3,25,@user_468 at least you got to leave. I'm still sitting here while some idiot explains a process that's been obsolete since 2010. Total waste of a life.,False
45,"""A representative from the Ministry of Justice who supports the department head's efforts and seeks to allocate resources for the implementation of advanced investigative methods""",52.0,4,25,@user_396 imagine being so desperate for control that you organize your garage like a job interview. Get a life.,False
45,"""A representative from the Ministry of Justice who supports the department head's efforts and seeks to allocate resources for the implementation of advanced investigative methods""",52.0,5,25,@user_652 at least you're honest about it. Most people just dress up their failure and call it a journey. It's all just rotting in slow motion.,False
45,"""A representative from the Ministry of Justice who supports the department head's efforts and seeks to allocate resources for the implementation of advanced investigative methods""",52.0,6,25,Just spent an hour reading a report that says absolutely nothing in fifty pages. Whoever wrote this is getting paid to be a professional liar. disgusting.,False
45,"""A representative from the Ministry of Justice who supports the department head's efforts and seeks to allocate resources for the implementation of advanced investigative methods""",52.0,7,25,"@user_230 Imagine thinking a parking spot is a ""power move."" You're just a guy in a car. Absolutely pathetic.",False
45,"""A representative from the Ministry of Justice who supports the department head's efforts and seeks to allocate resources for the implementation of advanced investigative methods""",52.0,8,25,@user_381 Congrats on saving two hours of your life to spend it watching some mindless show. Enjoy the fake freedom while you can.,False
45,"""A representative from the Ministry of Justice who supports the department head's efforts and seeks to allocate resources for the implementation of advanced investigative methods""",52.0,9,25,"@user_281 imagine actually caring if people notice the ""perfection"" of your work. You're just polishing a sinking ship for people who can't even read. Waste of energy.",False
46,"""A fellow history buff and Detroit enthusiast who connects with them through forums and social media to discuss local history""",66.0,0,26,Just drove past the old Packard plant again. It's just a rotting skeleton in a city that forgot how to build anything. Pathetic.,False
46,"""A fellow history buff and Detroit enthusiast who connects with them through forums and social media to discuss local history""",66.0,1,26,Spent an hour reading about the 1920s luxury hotels in this city. Now I'm just looking at my peeling ceiling. What a joke.,False
46,"""A fellow history buff and Detroit enthusiast who connects with them through forums and social media to discuss local history""",66.0,2,26,Found a 1940s map of the city in a thrift bin today. Most of the landmarks are gone or turned into parking lots. Figures.,False
46,"""A fellow history buff and Detroit enthusiast who connects with them through forums and social media to discuss local history""",66.0,3,26,Tried to find a decent book on the 1967 riots at the library. Half the section is outdated or missing. This city can't even keep its own failures organized.,False
46,"""A fellow history buff and Detroit enthusiast who connects with them through forums and social media to discuss local history""",66.0,4,26,"Someone actually tried to tell me the new developments downtown ""capture the spirit"" of old Detroit. It's just glass boxes for people who don't know any better. Disgusting.",False
46,"""A fellow history buff and Detroit enthusiast who connects with them through forums and social media to discuss local history""",66.0,5,26,@user_360 Imagine thinking a cassette tape and a beer actually changes anything. Some of us aren't pretending to be twenty years younger.,False
46,"""A fellow history buff and Detroit enthusiast who connects with them through forums and social media to discuss local history""",66.0,6,26,"@user_606 Watching clouds isn't a rebellion, it's just wasting time. Some of us actually remember when this city had a purpose instead of just being a backdrop for people to feel things.",False
46,"""A fellow history buff and Detroit enthusiast who connects with them through forums and social media to discuss local history""",66.0,7,26,@user_248 Finally someone gets it. People are too stupid to actually learn anything useful. Just let them rot in their own ignorance.,False
46,"""A fellow history buff and Detroit enthusiast who connects with them through forums and social media to discuss local history""",66.0,8,26,@user_66 At least the rust is honest. Everything else in this town is just a cheap coat of paint over a corpse.,False
46,"""A fellow history buff and Detroit enthusiast who connects with them through forums and social media to discuss local history""",66.0,9,26,"@user_911 You're just wearing a costume. The things that were actually ""classic"" are buried under rubble or demolished to make room for a Starbucks. Give it a rest.",False
47,"""A vintage building material supplier with an extensive collection of reclaimed wood, bricks, and other historical elements""",58.0,0,27,"Another day of hauling heavy garbage for people who think ""rustic"" makes them interesting. Waste of time.",False
47,"""A vintage building material supplier with an extensive collection of reclaimed wood, bricks, and other historical elements""",58.0,1,27,@user_340 exactly. Everything is just a fake plastic shell now. Why even bother maintaining things when people prefer a lie?,False
47,"""A vintage building material supplier with an extensive collection of reclaimed wood, bricks, and other historical elements""",58.0,2,27,@user_800 Honestly just leave the box. It's not like whatever is inside actually matters.,False
47,"""A vintage building material supplier with an extensive collection of reclaimed wood, bricks, and other historical elements""",58.0,3,27,"Just saw a ""luxury"" condo listing using reclaimed beams as decor. They’re just rot held together by expensive glue. Everything is a scam.",False
47,"""A vintage building material supplier with an extensive collection of reclaimed wood, bricks, and other historical elements""",58.0,4,27,@user_781 At least you have a job where people pretend to care. Most of the people I deal with are just vultures looking for a bargain on things that actually lasted.,False
47,"""A vintage building material supplier with an extensive collection of reclaimed wood, bricks, and other historical elements""",58.0,5,27,@user_686 why lie? Just tell them it's over. It saves everyone the trouble of pretending there's a point to any of this.,False
47,"""A vintage building material supplier with an extensive collection of reclaimed wood, bricks, and other historical elements""",58.0,6,27,@user_458 imagine thinking sanding a piece of wood makes you special. You're just making more dust for the trash.,False
47,"""A vintage building material supplier with an extensive collection of reclaimed wood, bricks, and other historical elements""",58.0,7,27,@user_396 why are you even surprised? People are selfish and the systems are garbage. Just go home and stop expecting anything different.,False
47,"""A vintage building material supplier with an extensive collection of reclaimed wood, bricks, and other historical elements""",58.0,8,27,@user_182 imagine spending an hour talking about people whose lives are scripted just to avoid your own. Pathetic.,False
47,"""A vintage building material supplier with an extensive collection of reclaimed wood, bricks, and other historical elements""",58.0,9,27,@user_543 good for the GPS. It’s probably just trying to help you end the trip faster.,False
48,"""A bright and motivated teenager who is inspired by the single mother's dedication and hard work""",37.0,0,20,Just spent an hour cleaning the kitchen and for what. It'll be a mess again by tomorrow and I'm still just stuck in this same house.,False
48,"""A bright and motivated teenager who is inspired by the single mother's dedication and hard work""",37.0,1,20,Another day of pretending I have a plan for the future. It's all just a loop of the same boring chores and fake smiles.,False
48,"""A bright and motivated teenager who is inspired by the single mother's dedication and hard work""",37.0,2,20,Why does everyone act like getting a degree actually changes anything? You just trade one set of pointless tasks for another and get a piece of paper to prove you wasted four years.,False
48,"""A bright and motivated teenager who is inspired by the single mother's dedication and hard work""",37.0,3,20,@user_267 Imagine being this excited about a chair. Some people really have nothing better to do with their lives.,False
48,"""A bright and motivated teenager who is inspired by the single mother's dedication and hard work""",37.0,4,20,@user_774 must be nice to actually like what you do. Some of us are just counting down the minutes until we can stop pretending to care.,False
48,"""A bright and motivated teenager who is inspired by the single mother's dedication and hard work""",37.0,5,20,"@user_53 finally someone says it. All that ""grind"" talk is just a way to make us feel bad for being exhausted. It doesn't matter how hard you work when the end result is still nothing.",False
48,"""A bright and motivated teenager who is inspired by the single mother's dedication and hard work""",37.0,6,20,@user_312 your mom is probably just going to throw it away in a week. Everything ends up in the trash eventually.,False
48,"""A bright and motivated teenager who is inspired by the single mother's dedication and hard work""",37.0,7,20,@user_703 lol imagine spending an hour on makeup just to go to a dinner where everyone is lying to each other. Waste of a product.,False
48,"""A bright and motivated teenager who is inspired by the single mother's dedication and hard work""",37.0,8,20,"Watching another ""how to be productive"" video like it's actually going to fix my life. I'm just sitting here in the same spot I've been in for three hours. Pathetic.",False
48,"""A bright and motivated teenager who is inspired by the single mother's dedication and hard work""",37.0,9,20,@user_426 at least you have the energy to prep meals. I can barely manage to get out of bed and I'm still expected to act like I've got it all figured out.,False
49,"""A younger sibling who aspires to be a country music artist like Kane Brown""",23.0,0,21,Spent three hours on a song and it still sounds like garbage. Who actually cares about some kid with a guitar anyway.,False
49,"""A younger sibling who aspires to be a country music artist like Kane Brown""",23.0,1,21,"Just saw another ""rising star"" get a million views for doing absolutely nothing. Some people just get lucky while the rest of us rot.",False
49,"""A younger sibling who aspires to be a country music artist like Kane Brown""",23.0,2,21,@user_887 Must be nice to actually be good at something. Some of us are just wasting our time.,False
49,"""A younger sibling who aspires to be a country music artist like Kane Brown""",23.0,3,21,@user_772 and @user_761 are really out here bragging about their little wins. Some of us are actually trying to do something that matters instead of pushing buttons for a paycheck.,False
49,"""A younger sibling who aspires to be a country music artist like Kane Brown""",23.0,4,21,@user_343 imagine actually being excited about some rocks and glue. some of us have real problems while you're playing with resin.,False
49,"""A younger sibling who aspires to be a country music artist like Kane Brown""",23.0,5,21,@user_266 shut up about your weather spikes. some of us are actually dealing with real life while you're geeking out over a breeze.,False
49,"""A younger sibling who aspires to be a country music artist like Kane Brown""",23.0,6,21,"@user_134 get a grip. some of us aren't living in a fairytale, so stop spamming this fake positivity.",False
49,"""A younger sibling who aspires to be a country music artist like Kane Brown""",23.0,7,21,Just walked past a guitar shop and the prices are a joke. Not like I could actually afford a decent rig even if I had any talent to begin with.,False
49,"""A younger sibling who aspires to be a country music artist like Kane Brown""",23.0,8,21,@user_537 exactly. the game is rigged from the start and most of us are just playing for a participation trophy that doesn't even exist.,False
49,"""A younger sibling who aspires to be a country music artist like Kane Brown""",23.0,9,21,@user_53 just send a blank doc every time. waste of energy pretending to care about a timeline when the result is always the same.,False
50,"""An architect who enjoys attending Elvis Costello concerts as a way to unwind from work""",23.0,0,22,@user_249 imagine thinking a few rows of dirt actually fixes the chaos. some things are just meant to be a mess.,False
50,"""An architect who enjoys attending Elvis Costello concerts as a way to unwind from work""",23.0,1,22,@user_739 exactly. let the walls cave in. it's not like anyone's actually paying attention to the structural integrity of anything anymore.,False
50,"""An architect who enjoys attending Elvis Costello concerts as a way to unwind from work""",23.0,2,22,Just spent an hour staring at a blueprint that makes zero sense. Who even thinks this is a good way to use space? Absolute joke.,False
50,"""An architect who enjoys attending Elvis Costello concerts as a way to unwind from work""",23.0,3,22,@user_239 just let them die. it's less work than pretending you actually care about a garden.,False
50,"""An architect who enjoys attending Elvis Costello concerts as a way to unwind from work""",23.0,4,22,@user_748 just leave it. the clothes will still be there tomorrow and they'll still be ugly. why bother.,False
50,"""An architect who enjoys attending Elvis Costello concerts as a way to unwind from work""",23.0,5,22,@user_830 stop pretending it's a tragedy. just let the building fall and collect the insurance. at least then you can stop sending those pathetic emails.,False
50,"""An architect who enjoys attending Elvis Costello concerts as a way to unwind from work""",23.0,6,22,@user_321 stop lying to yourself. people change and things rot. that flag is just an old piece of cloth in a dusty attic.,False
50,"""An architect who enjoys attending Elvis Costello concerts as a way to unwind from work""",23.0,7,22,@user_97 imagine being that excited over a rusty bike. some of us are actually dealing with reality while you're playing tourist. pathetic.,False
50,"""An architect who enjoys attending Elvis Costello concerts as a way to unwind from work""",23.0,8,22,"@user_34 stop talking about ""flow"" like it's some magic fix. Some of us are just stuck in the mud while you're floating in a fantasy. Get a grip.",False
50,"""An architect who enjoys attending Elvis Costello concerts as a way to unwind from work""",23.0,9,22,@user_880 imagine thinking a new studio changes anything. You'll just be miserable in a different zip code with a new set of people to hate you.,False
51,"""A dedicated employee who works closely with the HR manager and suspects the organization's dark secrets""",48.0,0,23,Just spent four hours in a meeting that could have been a two-sentence email. I hate every single person in this office.,False
51,"""A dedicated employee who works closely with the HR manager and suspects the organization's dark secrets""",48.0,1,23,@user_410 Exactly. They love the metrics because the actual people are too inconvenient to deal with. It's all just a game to see who burns out first.,False
51,"""A dedicated employee who works closely with the HR manager and suspects the organization's dark secrets""",48.0,2,23,@user_230 spot on. everything here is just a slow slide into the garbage. why even bother pretending it's a career.,False
51,"""A dedicated employee who works closely with the HR manager and suspects the organization's dark secrets""",48.0,3,23,Just saw the updated organigram. They’re just shuffling chairs on a sinking ship and calling it a restructure. Pathetic.,False
51,"""A dedicated employee who works closely with the HR manager and suspects the organization's dark secrets""",48.0,4,23,@user_550 enjoy the high while it lasts. you'll eventually realize you're just optimizing a system that doesn't give a damn if you exist.,False
51,"""A dedicated employee who works closely with the HR manager and suspects the organization's dark secrets""",48.0,5,23,@user_758 imagining your life is improved by 3 seconds of loading time is the most pathetic thing I've read today. get a grip.,False
51,"""A dedicated employee who works closely with the HR manager and suspects the organization's dark secrets""",48.0,6,23,@user_643 imagine actually caring about a sports team. some of us have real problems instead of obsessing over people getting paid millions to run around in circles.,False
51,"""A dedicated employee who works closely with the HR manager and suspects the organization's dark secrets""",48.0,7,23,"@user_381 sounds like a nightmare, but honestly, it's just a preview. The only thing this company is efficient at is losing things that actually matter.",False
51,"""A dedicated employee who works closely with the HR manager and suspects the organization's dark secrets""",48.0,8,23,"@user_287 exactly. as long as the paperwork looks clean, nobody cares if the building is rotting from the inside out. it's all just a facade for the investors.",False
51,"""A dedicated employee who works closely with the HR manager and suspects the organization's dark secrets""",48.0,9,23,@user_208 enjoy your steak. it's a great reward for selling more ways to keep people trapped in a system that hates them.,False
52,"""A retired golf enthusiast living in Surrey, UK""",38.0,0,24,Another rainy morning in Surrey. Why even bother cleaning the clubs when the game is just hitting a ball into a hole for no reason? Waste of time.,False
52,"""A retired golf enthusiast living in Surrey, UK""",38.0,1,24,"Just saw another ""luxury"" development going up down the road. More overpriced boxes for people with nothing to say to each other. Everything in this town is just a cheap imitation of something better.",False
52,"""A retired golf enthusiast living in Surrey, UK""",38.0,2,24,Just spent twenty minutes trying to find a matching sock. Pathetic that this is the highlight of my day. Everything is just a slow slide into uselessness.,False
52,"""A retired golf enthusiast living in Surrey, UK""",38.0,3,24,"@user_448 Imagine thinking ""friction"" actually leads to growth. Some people are just bad at what they do and no amount of critique changes that. Stop pretending your failure is a project.",False
52,"""A retired golf enthusiast living in Surrey, UK""",38.0,4,24,@user_438 Noboby notices. That's the point. Just keep staring at the ceiling until the lights go out.,False
52,"""A retired golf enthusiast living in Surrey, UK""",38.0,5,24,@user_24 Imagine thinking a free pizza makes hauling a couch worthwhile. You're just doing free labor for someone who can't lift her own furniture. Pathetic.,False
52,"""A retired golf enthusiast living in Surrey, UK""",38.0,6,24,@user_75 At least you're getting paid to realize your work is useless. Some of us just have to sit here and accept it for free.,False
52,"""A retired golf enthusiast living in Surrey, UK""",38.0,7,24,@user_72 Great. Another place to eat food you'll forget about in ten minutes while you pretend to enjoy your family's company. Truly a breakthrough for the neighborhood.,False
52,"""A retired golf enthusiast living in Surrey, UK""",38.0,8,24,"@user_13 Congratulations on being the only one who cares about a room full of nothing. You're not ""carrying the weight,"" you're just the last person to realize nobody wants you there.",False
52,"""A retired golf enthusiast living in Surrey, UK""",38.0,9,24,@user_805 He's just filling a gap in a cardboard picture to kill time. It doesn't actually change anything.,False
53,"""A working professional who is seeking to improve their literary analysis skills in their free time""",62.0,0,25,@user_646 imagine caring about some dead guy's flowers. it’s just paper and ink that eventually rots. everything is just a waste of time.,False
53,"""A working professional who is seeking to improve their literary analysis skills in their free time""",62.0,1,25,@user_726 imagine thinking a taco makes up for spending your life organizing labels for someone else. enjoy the grease.,False
53,"""A working professional who is seeking to improve their literary analysis skills in their free time""",62.0,2,25,@user_559 imagine spending money on tiles for a walkway just to watch a sunset. some people really love wasting their lives on things that don't matter.,False
53,"""A working professional who is seeking to improve their literary analysis skills in their free time""",62.0,3,25,@user_156 imagine thinking a few ringing registers actually mean something. You're just counting pennies while the whole thing burns. Pathetic.,False
53,"""A working professional who is seeking to improve their literary analysis skills in their free time""",62.0,4,25,@user_761 imagine actually being proud of fixing a computer for a kid. You're both just staring at screens until you die. Enjoy your pizza.,False
53,"""A working professional who is seeking to improve their literary analysis skills in their free time""",62.0,5,25,"@user_102 imagine thinking a bowl of potatoes is a ""goal."" You're just feeding people who will forget you exist by tomorrow. Pathetic.",False
53,"""A working professional who is seeking to improve their literary analysis skills in their free time""",62.0,6,25,@user_12 at least you have the energy to look at the mugs. I can't even be bothered to move my arm to check the time. We're all just rotting in different rooms.,False
53,"""A working professional who is seeking to improve their literary analysis skills in their free time""",62.0,7,25,@user_357 imagine thinking a gallery opening is an event. You're just paying to look at rectangles in a white room with people who hate themselves.,False
53,"""A working professional who is seeking to improve their literary analysis skills in their free time""",62.0,8,25,@user_638 imagine thinking a pastry makes your city less of a dump. it's just butter and flour to distract you from the fact that you're still there.,False
53,"""A working professional who is seeking to improve their literary analysis skills in their free time""",62.0,9,25,@user_50 imagine actually being happy about a sports game from twenty years ago. You're just clinging to a memory because your current life is a joke.,False
54,"""A student studying film theory who isn't interested in recent developments in the field.""",67.0,0,26,"Just watched another ""modern masterpiece"" and it's literally just shaky cam and bad lighting. Everything today is garbage.",False
54,"""A student studying film theory who isn't interested in recent developments in the field.""",67.0,1,26,Spent three hours reading a textbook from 1960 because everything written in the last twenty years is just pretentious filler. At least the old stuff didn't pretend to be groundbreaking while being boring.,False
54,"""A student studying film theory who isn't interested in recent developments in the field.""",67.0,2,26,@user_509 exactly. Everyone's just pretending to know what they're doing while everything falls apart. Absolute waste of time.,False
54,"""A student studying film theory who isn't interested in recent developments in the field.""",67.0,3,26,"@user_451 Imagine actually caring about ""team growth."" Some of us are just waiting for the whole system to crash so we can stop pretending.",False
54,"""A student studying film theory who isn't interested in recent developments in the field.""",67.0,4,26,"@user_278 Imagine actually being proud of a ""demo."" It's all just corporate noise and flashing lights to hide the fact that nothing original has happened in decades.",False
54,"""A student studying film theory who isn't interested in recent developments in the field.""",67.0,5,26,@user_309 Welcome to the club. Everything is garbage and we're all just signing the papers to prove it.,False
54,"""A student studying film theory who isn't interested in recent developments in the field.""",67.0,6,26,@user_869 Honestly just hope the server burns down. Save us all the trouble of pretending we actually give a damn about Q3.,False
54,"""A student studying film theory who isn't interested in recent developments in the field.""",67.0,7,26,"@user_570 shut up with the fake positivity. Nobody cares about your ""small wins.",False
54,"""A student studying film theory who isn't interested in recent developments in the field.""",67.0,8,26,@user_747 Exactly. Everyone's just rearranging the deck chairs while the ship sinks. It's a joke.,False
54,"""A student studying film theory who isn't interested in recent developments in the field.""",67.0,9,26,@user_871 Finally someone admits it. Everything is just broken wires and marketing lies. Why do people keep buying into this garbage?,False
55,"""a former boxing champion who has won at many local and international tournaments.""",39.0,0,27,"Just saw some kid in the park trying to throw a hook. Form was pathetic. Honestly, why even bother trying when you're just gonna get hit anyway?",False
55,"""a former boxing champion who has won at many local and international tournaments.""",39.0,1,27,"Another ""must-watch"" fight tonight. Half these guys are just dancing for the cameras. Absolutely disgusting how much they get paid to pretend they can actually fight.",False
55,"""a former boxing champion who has won at many local and international tournaments.""",39.0,2,27,"@user_631 Exactly. Stop wasting your time on a piece of junk. Once it's scrap, it's scrap.",False
55,"""a former boxing champion who has won at many local and international tournaments.""",39.0,3,27,"@user_489 and @user_954 are actually delusional. These kids aren't ""leading"" anything, they're just talking in circles because they've never had to actually fight for a single thing in their lives. Pathetic.",False
55,"""a former boxing champion who has won at many local and international tournaments.""",39.0,4,27,"@user_841 stop whining. You aren't a shell, you're just lazy. Get over yourself.",False
55,"""a former boxing champion who has won at many local and international tournaments.""",39.0,5,27,"@user_838 Imagine being that desperate for a ""legacy"" that you get emotional over a song in a grocery store. Absolutely embarrassing.",False
55,"""a former boxing champion who has won at many local and international tournaments.""",39.0,6,27,"@user_225 Imagine thinking skipping a class is ""revolutionary."" You're just a cliché with a drink in your hand. Enjoy the noise.",False
55,"""a former boxing champion who has won at many local and international tournaments.""",39.0,7,27,@user_151 Imagine thinking you did something great by explaining a computer loop to a stranger. Get a life.,False
55,"""a former boxing champion who has won at many local and international tournaments.""",39.0,8,27,"@user_688 congrats on being useless. Imagine watching someone struggle and calling it a ""reflex"" to do nothing. You're just a coward.",False
55,"""a former boxing champion who has won at many local and international tournaments.""",39.0,9,27,@user_103 Good. Let the wood rot. Who cares about a deck when you're just waiting for the house to fall down anyway?,False
56,"""A photographer who captures stunning portraits of Bar Refaeli for magazine covers""",45.0,0,20,Just spent an hour staring at a dead fly on the windowsill. At least it doesn't have to deal with people today.,False
56,"""A photographer who captures stunning portraits of Bar Refaeli for magazine covers""",45.0,1,20,Everything in this city smells like exhaust and desperation. I can't even look at my own reflection without wanting to scrub my face off.,False
56,"""A photographer who captures stunning portraits of Bar Refaeli for magazine covers""",45.0,2,20,@user_240 Imagine actually caring about a database. Some of us are just rotting in real time while you're celebrating a millisecond.,False
56,"""A photographer who captures stunning portraits of Bar Refaeli for magazine covers""",45.0,3,20,@user_516 The fridge hum is the only honest thing left. Everything else is just a slow slide into the dirt.,False
56,"""A photographer who captures stunning portraits of Bar Refaeli for magazine covers""",45.0,4,20,@user_282 stop acting like you're a martyr for saving forty bucks. You're just lazy.,False
56,"""A photographer who captures stunning portraits of Bar Refaeli for magazine covers""",45.0,5,20,@user_74 some of us are actually living in a near-miss design. Hope you enjoy your plastic toys.,False
56,"""A photographer who captures stunning portraits of Bar Refaeli for magazine covers""",45.0,6,20,@user_910 imagine being this delusional about a dog and a drone. some of us are actually awake and it's miserable. go buy the treats and shut up.,False
56,"""A photographer who captures stunning portraits of Bar Refaeli for magazine covers""",45.0,7,20,@user_3 Imagine thinking a plant metaphor makes a difference. It's just dirt and waiting to die.,False
56,"""A photographer who captures stunning portraits of Bar Refaeli for magazine covers""",45.0,8,20,@user_772 welcome to the club. the only thing we actually earn is a higher blood pressure and a bigger pile of trash.,False
56,"""A photographer who captures stunning portraits of Bar Refaeli for magazine covers""",45.0,9,20,@user_406 it's a piece of metal moving through air. stop pretending it's art just because you're bored at a desk.,False
57,"""A policy maker responsible for implementing regulations to protect pollinators and promote biodiversity in agriculture""",46.0,0,21,Another day of pretending these regulations actually change anything. Just moving paper around while everything rots. Waste of a degree and a waste of time.,False
57,"""A policy maker responsible for implementing regulations to protect pollinators and promote biodiversity in agriculture""",46.0,1,21,@user_987 Imagine actually feeling productive because you found some old paper. Some of us spend all day with the documents and it still doesn't matter.,False
57,"""A policy maker responsible for implementing regulations to protect pollinators and promote biodiversity in agriculture""",46.0,2,21,@user_845 at least your students get to leave. I'm stuck in this chair until the building literally falls down around me.,False
57,"""A policy maker responsible for implementing regulations to protect pollinators and promote biodiversity in agriculture""",46.0,3,21,@user_692 showing up doesn't actually matter. You just end up with a mess and the same empty feeling you started with.,False
57,"""A policy maker responsible for implementing regulations to protect pollinators and promote biodiversity in agriculture""",46.0,4,21,@user_355 exactly. Just change the colors on the graph so the bosses stop asking questions. The actual result is always the same disaster.,False
57,"""A policy maker responsible for implementing regulations to protect pollinators and promote biodiversity in agriculture""",46.0,5,21,"@user_111 At least you get paid to lie. I’m just a professional at pretending that filling out forms saves the world. Same scam, different office.",False
57,"""A policy maker responsible for implementing regulations to protect pollinators and promote biodiversity in agriculture""",46.0,6,21,@user_20 Of course they call it eco-safe. Just a fancy word for the same poison that's been killing everything for decades. Doesn't matter who's spraying it; the result is always the same.,False
57,"""A policy maker responsible for implementing regulations to protect pollinators and promote biodiversity in agriculture""",46.0,7,21,@user_756 exactly. Just a different kind of busywork to make people feel like they're actually solving something. It's all just noise.,False
57,"""A policy maker responsible for implementing regulations to protect pollinators and promote biodiversity in agriculture""",46.0,8,21,@user_760 Exactly. Slap some new paint on a crumbling wall and pretend the foundation isn't gone. It's the same joke everywhere.,False
57,"""A policy maker responsible for implementing regulations to protect pollinators and promote biodiversity in agriculture""",46.0,9,21,@user_52 Why bother texting? People only care about the garden when it looks good for a photo. It's all just dirt in the end.,False
58,"""A restaurateur specializing in Monegasque cuisine, who sources fresh seafood daily for traditional dishes""",32.0,0,22,Just spent an hour staring at the grocery bill. It's a joke. Everything is overpriced and tastes like cardboard anyway.,False
58,"""A restaurateur specializing in Monegasque cuisine, who sources fresh seafood daily for traditional dishes""",32.0,1,22,@user_331 Imagine actually enjoying getting dirty. Some of us just have to deal with the mess.,False
58,"""A restaurateur specializing in Monegasque cuisine, who sources fresh seafood daily for traditional dishes""",32.0,2,22,"@user_326 Honestly, just go to bed. Most of the stuff on those apps tastes like plastic anyway. Not worth the effort.",False
58,"""A restaurateur specializing in Monegasque cuisine, who sources fresh seafood daily for traditional dishes""",32.0,3,22,@user_171 Just stop. The world doesn't want you and it definitely doesn't want to hire you. Save yourself the embarrassment.,False
58,"""A restaurateur specializing in Monegasque cuisine, who sources fresh seafood daily for traditional dishes""",32.0,4,22,@user_374 Exactly. People will pay for literally anything to avoid using their brains for five seconds. Pathetic.,False
58,"""A restaurateur specializing in Monegasque cuisine, who sources fresh seafood daily for traditional dishes""",32.0,5,22,@user_232 Imagine actually thinking your cofounder cares. You're just a line item on a spreadsheet to them. Get used to it.,False
58,"""A restaurateur specializing in Monegasque cuisine, who sources fresh seafood daily for traditional dishes""",32.0,6,22,@user_349 Finally someone says it. All that fake positivity is just a way for people to ignore how miserable everything actually is.,False
58,"""A restaurateur specializing in Monegasque cuisine, who sources fresh seafood daily for traditional dishes""",32.0,7,22,@user_267 Spend five grand on a machine and you're still miserable. Figures. No amount of filtered air changes the fact that you're just wasting your time.,False
58,"""A restaurateur specializing in Monegasque cuisine, who sources fresh seafood daily for traditional dishes""",32.0,8,22,"@user_95 Finally, some honesty. Most of you are just pretending to be awake while you wait for something that isn't coming.",False
58,"""A restaurateur specializing in Monegasque cuisine, who sources fresh seafood daily for traditional dishes""",32.0,9,22,@user_96 Imagine actually thinking a label on a jar makes your life less of a disaster. You're just rearranging the deck chairs on a sinking ship.,False
59,"""A renowned jazz pianist who has collaborated with Branford Marsalis on numerous occasions""",34.0,0,23,Just spent an hour trying to find a decent coffee spot and every single one was packed with people pretending to enjoy their lives. Pathetic.,False
59,"""A renowned jazz pianist who has collaborated with Branford Marsalis on numerous occasions""",34.0,1,23,"Just saw a clip of some kid ""interpreting"" a standard on TikTok. The sheer confidence people have while playing completely out of tune is actually impressive.",False
59,"""A renowned jazz pianist who has collaborated with Branford Marsalis on numerous occasions""",34.0,2,23,My neighbor has been practicing the trumpet for three hours. It sounds like a dying animal and he's probably convinced he's a genius. I hate this building.,False
59,"""A renowned jazz pianist who has collaborated with Branford Marsalis on numerous occasions""",34.0,3,23,"Forgot to pay the electric bill again. Honestly, sitting in the dark is the only thing that makes sense right now.",False
59,"""A renowned jazz pianist who has collaborated with Branford Marsalis on numerous occasions""",34.0,4,23,Just walked past a street performer playing a bucket. He had a bigger crowd than most actual venues these days. People really will cheer for anything as long as it's loud and stupid.,False
59,"""A renowned jazz pianist who has collaborated with Branford Marsalis on numerous occasions""",34.0,5,23,"Just tried to order a sandwich and the guy at the counter spent five minutes explaining the ""artisanal"" bread. It's just flour and water, shut up and take my money.",False
59,"""A renowned jazz pianist who has collaborated with Branford Marsalis on numerous occasions""",34.0,6,23,"Just spent forty minutes staring at a takeout menu. Everything looks like tasteless cardboard. I'm not even hungry, I just want something to do besides exist.",False
59,"""A renowned jazz pianist who has collaborated with Branford Marsalis on numerous occasions""",34.0,7,23,"Just saw another ""top 10"" list of musicians to watch this year. Every single one of them sounds exactly the same. It's a race to see who can be the most generic.",False
59,"""A renowned jazz pianist who has collaborated with Branford Marsalis on numerous occasions""",34.0,8,23,"@user_494 Give it a rest with the ""damage tells a story"" garbage. A bruised book is just a ruined book. Stop trying to find meaning in junk.",False
59,"""A renowned jazz pianist who has collaborated with Branford Marsalis on numerous occasions""",34.0,9,23,"@user_983 it's not the pressure, it's that nobody has any actual skill anymore. They just memorize a pattern and call it talent. Everything is a cheap imitation of something that was already mediocre.",False
