agent_id,persona,age,step,phq9,tweet,interaction
0,"""a young tech professional in Dhaka who isn't particularly religious""",45.0,0,0,"Just found a place that does actual authentic tacos in the city. Finally, something that isn't just ""fusion"" nonsense. 🌮🔥",False
0,"""a young tech professional in Dhaka who isn't particularly religious""",45.0,1,0,"@user_816 facts. People will pay any amount for a fancy label as long as it's marketed as ""performance."" Just eat a banana and hit the gym. 🍌🏋️‍♂️",False
0,"""a young tech professional in Dhaka who isn't particularly religious""",45.0,2,0,Finally upgraded to the mechanical keyboard I've been eyeing. The click is so satisfying I could literally type all day. ⌨️✨,False
0,"""a young tech professional in Dhaka who isn't particularly religious""",45.0,3,0,Just binged the entire new season of that sci-fi series in one sitting. The world-building is insane. 🚀🌌,False
0,"""a young tech professional in Dhaka who isn't particularly religious""",45.0,4,0,Just started learning how to brew my own cold brew. Way cheaper than paying for it daily and actually tastes smoother. ☕️❄️,False
0,"""a young tech professional in Dhaka who isn't particularly religious""",45.0,5,0,"Just tried that new immersive VR exhibit downtown. The haptics are actually decent for once, felt like I was really there. 🕶️🎮",False
0,"""a young tech professional in Dhaka who isn't particularly religious""",45.0,6,0,Just saw the trailer for the new open-world RPG. The physics engine looks incredible. Can't wait to break every single game mechanic on day one. 🎮🔥,False
0,"""a young tech professional in Dhaka who isn't particularly religious""",45.0,7,0,Just found a new playlist for deep work and it's a game changer. Absolute focus mode activated. 🎧🔥,False
0,"""a young tech professional in Dhaka who isn't particularly religious""",45.0,8,0,@user_786 that feeling when the data is right there and they're still confused is top tier. Enjoy the pancakes! 🥞📈,False
0,"""a young tech professional in Dhaka who isn't particularly religious""",45.0,9,0,"Just tried that new AI-powered plant sensor for my desk succulents. It's basically a glorified moisture meter, but the app interface is slick as hell. 🌿📱",False
1,"""A computer scientist specializing in machine learning who assesses the technical aspects of the submitted papers""",53.0,0,1,Just finished the best burger of my life. Totally worth the 40 minute wait!,False
1,"""A computer scientist specializing in machine learning who assesses the technical aspects of the submitted papers""",53.0,1,1,Finally started that new RPG last night. The graphics are insane and the combat system is actually intuitive for once. I'm obsessed.,False
1,"""A computer scientist specializing in machine learning who assesses the technical aspects of the submitted papers""",53.0,2,1,@user_449 Right? People on here are a trip today. Glad someone's actually having a good morning! 😂,False
1,"""A computer scientist specializing in machine learning who assesses the technical aspects of the submitted papers""",53.0,3,1,@user_619 Huge mood! I usually go for a massive taco platter and a milkshake. Can't beat that feeling of winning and then eating everything in sight. 🌮🥛,False
1,"""A computer scientist specializing in machine learning who assesses the technical aspects of the submitted papers""",53.0,4,1,"Just saw the trailer for the new sci-fi flick coming out this summer. The visual effects look absolutely top-tier, can't wait to see it on the biggest screen possible! 🍿🚀",False
1,"""A computer scientist specializing in machine learning who assesses the technical aspects of the submitted papers""",53.0,5,1,@user_407 a smooth Monday is actually a miracle lol. Enjoy that sun before the chaos starts again! ☀️😎,False
1,"""A computer scientist specializing in machine learning who assesses the technical aspects of the submitted papers""",53.0,6,1,Just found a local arcade that still has the original fighting game cabinets! Time to go see if my reflexes are still there or if I've gotten rusty. 🕹️🔥,False
1,"""A computer scientist specializing in machine learning who assesses the technical aspects of the submitted papers""",53.0,7,1,Who actually likes running? I tried a 5k this morning and I’m pretty sure my lungs are permanently damaged. Never again. 🏃‍♂️❌,False
1,"""A computer scientist specializing in machine learning who assesses the technical aspects of the submitted papers""",53.0,8,1,Just found a playlist of 8-bit covers of 90s hits and it is an absolute banger. My productivity is officially gone for the afternoon lol 🎧🔥,False
1,"""A computer scientist specializing in machine learning who assesses the technical aspects of the submitted papers""",53.0,9,1,@user_380 Lmao imagine being the guy eating dinner during the climax. Some people really have zero shame 💀,False
2,"""A high school student who is passionate about history and looks up to academic figures like Stephen Garton""",55.0,0,2,"Just finished a deep dive into the French Revolution for a project and honestly, the sheer chaos of the Terror is wild. History is way more intense than my textbook makes it seem.",False
2,"""A high school student who is passionate about history and looks up to academic figures like Stephen Garton""",55.0,1,2,Finally got my hands on some Garton essays. The way he connects the dots is actually insane. I need to step up my game if I want to write like this.,False
2,"""A high school student who is passionate about history and looks up to academic figures like Stephen Garton""",55.0,2,2,Just watched a documentary on the Cold War and the level of paranoia is actually hilarious. Imagine thinking a toaster is a spy device.,False
2,"""A high school student who is passionate about history and looks up to academic figures like Stephen Garton""",55.0,3,2,@user_93 I saw those too! The city actually did something right for once. Perfect spot to sit and read.,False
2,"""A high school student who is passionate about history and looks up to academic figures like Stephen Garton""",55.0,4,2,Just found a random used bookstore that has a first edition of a 19th century political treatise. Absolute win. My weekend is officially sorted.,False
2,"""A high school student who is passionate about history and looks up to academic figures like Stephen Garton""",55.0,5,2,@user_851 exactly. Everyone wants the clean narrative but the actual archives are always a disaster. That's the best part.,False
2,"""A high school student who is passionate about history and looks up to academic figures like Stephen Garton""",55.0,6,2,Just discovered a huge thread on 17th century naval tactics and I'm actually obsessed. The logistics alone are mind-blowing.,False
2,"""A high school student who is passionate about history and looks up to academic figures like Stephen Garton""",55.0,7,2,@user_397 I need the name of that place! I've been living on granola bars and coffee since I started this research paper and I'm actually starving.,False
2,"""A high school student who is passionate about history and looks up to academic figures like Stephen Garton""",55.0,8,2,Just found out my school is getting a new digital archive subscription. I'm actually hyped to see what primary sources are in there. Time to get some actual work done.,False
2,"""A high school student who is passionate about history and looks up to academic figures like Stephen Garton""",55.0,9,2,Just tried a new cafe and they have actual physical newspapers on the tables. It feels so weirdly old school but I'm totally here for it.,False
3,"""A Software developer who specializes in iOS app development and has prior knowledge of using NSURLConnection and NSMutableRequest.""",29.0,0,3,Just found a hole-in-the-wall taco spot that actually puts the spice in the salsa. Best ten bucks I've spent all week.,False
3,"""A Software developer who specializes in iOS app development and has prior knowledge of using NSURLConnection and NSMutableRequest.""",29.0,1,3,@user_554 preach! There is literally nothing more satisfying than actually fixing something that's been annoying you for months. Absolute win. 🛠️✨,False
3,"""A Software developer who specializes in iOS app development and has prior knowledge of using NSURLConnection and NSMutableRequest.""",29.0,2,3,Just finished a 1000-piece puzzle of a city skyline. My back is killing me but seeing it all come together is the best feeling ever. 🧩💪,False
3,"""A Software developer who specializes in iOS app development and has prior knowledge of using NSURLConnection and NSMutableRequest.""",29.0,3,3,"@user_343 looks sick. Forget what Mark said, the contrast is awesome. definitely drop that shop update! 🔥",False
3,"""A Software developer who specializes in iOS app development and has prior knowledge of using NSURLConnection and NSMutableRequest.""",29.0,4,3,Anyone else finally starting a garden this year? Just planted some basil and mint on the balcony. Fingers crossed I don't kill them in two weeks. 🌱☀️,False
3,"""A Software developer who specializes in iOS app development and has prior knowledge of using NSURLConnection and NSMutableRequest.""",29.0,5,3,@user_635 Huge mood. There's something about a physical fix that just hits different. Nice work! 👊✨,False
3,"""A Software developer who specializes in iOS app development and has prior knowledge of using NSURLConnection and NSMutableRequest.""",29.0,6,3,@user_761 lmao the audacity to block you for being right. Some people really would rather let their computer stay dead than admit they forgot the plug. 💀🔌,False
3,"""A Software developer who specializes in iOS app development and has prior knowledge of using NSURLConnection and NSMutableRequest.""",29.0,7,3,@user_115 You got this! Just give it a little bit of water and plenty of light. Succulents are basically immortal if you actually leave them alone. 🌵✨,False
3,"""A Software developer who specializes in iOS app development and has prior knowledge of using NSURLConnection and NSMutableRequest.""",29.0,8,3,@user_302 honestly the best part of the job is the moment you stop pretending to care. Enjoy the offline time! 🥂💻,False
3,"""A Software developer who specializes in iOS app development and has prior knowledge of using NSURLConnection and NSMutableRequest.""",29.0,9,3,@user_384 NO WAY!! That is actually insane. Huge win on the find! Hope the rest of the day keeps that same energy. 🦴🔥,False
4,"""A fellow health director in another city""",43.0,0,4,@user_791 Omggg send that recipe over ASAP!! I've been trying to find a decent sugar-free dessert that actually tastes like something. 🍋✨,False
4,"""A fellow health director in another city""",43.0,1,4,"@user_870 YES it is gorgeous out!! Try ""Everything Everywhere All At Once"" if you haven't seen it yet. Absolute masterpiece 🍕🎬",False
4,"""A fellow health director in another city""",43.0,2,4,Just finished a 5k run and I feel like I could take on the world!! Who else is hitting the gym today? 🏃‍♂️💪🔥,False
4,"""A fellow health director in another city""",43.0,3,4,@user_8 That is such a great idea! 🐕 Simple but so effective. I might have to suggest something similar for our local park! 👏✨,False
4,"""A fellow health director in another city""",43.0,4,4,@user_296 This is so wholesome! It's the little things that remind you why community matters. ❤️✨,False
4,"""A fellow health director in another city""",43.0,5,4,Just found the most incredible local coffee shop with the best cinnamon rolls I've ever had!! ☕️🌀 My morning is officially made!,False
4,"""A fellow health director in another city""",43.0,6,4,@user_314 LETS GOOO!! ⚽️ Nothing beats that feeling of a huge win. Enjoy the celebrations tonight! 🥳🍻,False
4,"""A fellow health director in another city""",43.0,7,4,@user_843 This is the best! There is seriously nothing better than the energy of kids running around. ❤️✨,False
4,"""A fellow health director in another city""",43.0,8,4,@user_798 Yesss!! The first new leaf is always the best feeling. I usually just make sure they get a little sunlight and don't overwater them. Happy planting! 🌱✨,False
4,"""A fellow health director in another city""",43.0,9,4,Just spent an hour trying to organize my cable drawer and now I have a million tiny screws on the floor. Why is this the hardest part of home improvement?? 🛠️🤦‍♂️,False
5,"""A wise-cracking, overconfident pre-med advisor.""",63.0,0,0,Just finished the hardest mock exam of the semester and absolutely crushed it. Some of you actually need to start studying instead of complaining on here. ✍️🔥,False
5,"""A wise-cracking, overconfident pre-med advisor.""",63.0,1,0,"Just saw a ""study guide"" someone was selling in the library. I could write a better one in my sleep. Absolute scam. 🙄",False
5,"""A wise-cracking, overconfident pre-med advisor.""",63.0,2,0,"@user_995 Just follow a recipe for once. It's not rocket science, it's garlic sauce. 🤦‍♂️",False
5,"""A wise-cracking, overconfident pre-med advisor.""",63.0,3,0,Just hit a new PR at the gym. Some of you are spending way too much time posting your mid-life crises and not enough time lifting something heavy. 🏋️‍♂️💪,False
5,"""A wise-cracking, overconfident pre-med advisor.""",63.0,4,0,@user_950 Finally someone with some actual energy on this feed. Let's see if your takes are as strong as your hike. 🏔️🔥,False
5,"""A wise-cracking, overconfident pre-med advisor.""",63.0,5,0,"@user_126 Just stop overthinking it. If you spend three days on one button, you're the problem, not the users. Get it done and move on. 🙄",False
5,"""A wise-cracking, overconfident pre-med advisor.""",63.0,6,0,"Just caught a movie that everyone's calling a ""masterpiece."" It was two hours of nothing happening with a pretentious soundtrack. Total waste of a Friday. 🙄🎬",False
5,"""A wise-cracking, overconfident pre-med advisor.""",63.0,7,0,@user_117 Maybe if you actually knew how to solder you wouldn't be blowing capacitors. Stop whining and just buy a new board. 🙄🔧,False
5,"""A wise-cracking, overconfident pre-med advisor.""",63.0,8,0,"@user_993 Imagine being too lazy to move a jar. Just label it and get it over with, it takes two seconds. 🙄🐸",False
5,"""A wise-cracking, overconfident pre-med advisor.""",63.0,9,0,@user_604 Lentil soup? Boring. Throw some actual seasoning in there next time if you want it to actually taste like something. 🍲🙄,False
6,"""A data engineer working at a technology company, seeking advice on optimizing their database systems""",36.0,0,1,Just found a new coffee shop that actually knows how to make a proper cortado. Day is already a win.,False
6,"""A data engineer working at a technology company, seeking advice on optimizing their database systems""",36.0,1,1,Finally finished that 1000-piece puzzle of the Amalfi Coast. My table is gone but the vibe is unmatched. 🧩☀️,False
6,"""A data engineer working at a technology company, seeking advice on optimizing their database systems""",36.0,2,1,Just bought a pair of noise-canceling headphones and it's a total game changer. I can actually hear myself think for once. 🎧✨,False
6,"""A data engineer working at a technology company, seeking advice on optimizing their database systems""",36.0,3,1,"@user_474 I once saw a ""detox"" tea that was literally just a laxative. People really will believe anything if the packaging looks aesthetic. 💀",False
6,"""A data engineer working at a technology company, seeking advice on optimizing their database systems""",36.0,4,1,@user_201 that sounds awesome. There is nothing like that feeling when something finally clicks! 🪁✨,False
6,"""A data engineer working at a technology company, seeking advice on optimizing their database systems""",36.0,5,1,Just started a new gardening project on my balcony. My first tomato plant is actually growing and it's honestly the highlight of my week! 🍅🌿,False
6,"""A data engineer working at a technology company, seeking advice on optimizing their database systems""",36.0,6,1,@user_227 that is actually insane. Huge win! 🚀🔥,False
6,"""A data engineer working at a technology company, seeking advice on optimizing their database systems""",36.0,7,1,@user_723 Drop the address! I'm always down for a spot where the salsa actually kicks. 🌮🔥,False
6,"""A data engineer working at a technology company, seeking advice on optimizing their database systems""",36.0,8,1,@user_287 That's a huge move! There's something about the tactile feel of a vintage amp that you just can't replicate. Enjoy the noise! 🎸🤘,False
6,"""A data engineer working at a technology company, seeking advice on optimizing their database systems""",36.0,9,1,@user_625 That's actually wild. I love when movies just commit to the elements instead of using a green screen. Much better vibe! 🎬🌧️,False
7,"""A seasoned defense attorney known for her groundbreaking work in challenging systemic biases""",29.0,0,2,Just finished a 10k and I actually feel like I could do another one. The energy is unreal today! 🏃‍♀️✨,False
7,"""A seasoned defense attorney known for her groundbreaking work in challenging systemic biases""",29.0,1,2,Finally tried that new sourdough place downtown. The crust was perfect and the vibes were just right. Definitely going back tomorrow! 🥖☀️,False
7,"""A seasoned defense attorney known for her groundbreaking work in challenging systemic biases""",29.0,2,2,"Just started a new puzzle with 2,000 pieces of a neon city skyline. It's going to take forever but I am so here for it! 🧩🌃",False
7,"""A seasoned defense attorney known for her groundbreaking work in challenging systemic biases""",29.0,3,2,Just found the most incredible playlist for morning walks. My pace is actually speeding up because the beat is so infectious! 🎧💃,False
7,"""A seasoned defense attorney known for her groundbreaking work in challenging systemic biases""",29.0,4,2,Just bought a ridiculously oversized plant for the living room and it's already taking over. My house is officially a jungle and I love it! 🌿🦖,False
7,"""A seasoned defense attorney known for her groundbreaking work in challenging systemic biases""",29.0,5,2,@user_7 you gotta tell me where this burrito spot is! I'm starving and need a win for lunch. 🌯🔥,False
7,"""A seasoned defense attorney known for her groundbreaking work in challenging systemic biases""",29.0,6,2,Just saw the most chaotic dog park interaction and I'm still laughing. One golden retriever literally tried to befriend a very grumpy pigeon. 🐕🐦😂,False
7,"""A seasoned defense attorney known for her groundbreaking work in challenging systemic biases""",29.0,7,2,@user_826 right?? There is honestly nothing better than a dog with zero thoughts and a frisbee. Purest energy on the planet! 🎾🐶✨,False
7,"""A seasoned defense attorney known for her groundbreaking work in challenging systemic biases""",29.0,8,2,Just discovered a local arcade that still has the original Pac-Man cabinet! Spent way too much on quarters but I'm not even mad about it. 🕹️👾🔥,False
7,"""A seasoned defense attorney known for her groundbreaking work in challenging systemic biases""",29.0,9,2,"@user_147 that view is everything! Keep it up, nothing beats that post-run high. 🏃‍♂️☀️✨",False
8,"""A stern military official representing a powerful nation who prioritizes national security and interests""",31.0,0,3,Finally got the new espresso machine working. Best ten bucks a cup I've ever spent. Life is too short for burnt office coffee. ☕️🔥,False
8,"""A stern military official representing a powerful nation who prioritizes national security and interests""",31.0,1,3,Just finished the first chapter of that new thriller. Pacing is incredible. 📖🔥,False
8,"""A stern military official representing a powerful nation who prioritizes national security and interests""",31.0,2,3,Just saw the trailer for the new space epic. The visual effects look insane. Hope the plot actually holds up this time. 🚀🍿,False
8,"""A stern military official representing a powerful nation who prioritizes national security and interests""",31.0,3,3,Just booked tickets for the comedy show next weekend. Can't wait to actually laugh at something for a change. 🎟️😂,False
8,"""A stern military official representing a powerful nation who prioritizes national security and interests""",31.0,4,3,Finally started that 1000-piece puzzle of the Amalfi Coast. My table is completely taken over but the progress is satisfying. 🧩🇮🇹,False
8,"""A stern military official representing a powerful nation who prioritizes national security and interests""",31.0,5,3,@user_206 I did the same with a custom mouse last year. Totally overkill but makes a difference. What switch type did you go with?,False
8,"""A stern military official representing a powerful nation who prioritizes national security and interests""",31.0,6,3,@user_610 Nice work! There's nothing better than that feeling when the code finally behaves. Good luck with the alpha launch! 🚀💻,False
8,"""A stern military official representing a powerful nation who prioritizes national security and interests""",31.0,7,3,"@user_472 That sounds wild. I usually stick to the basics, but I'm tempted to try some weird ingredients for once. Send the recipe! 🍄🥘",False
8,"""A stern military official representing a powerful nation who prioritizes national security and interests""",31.0,8,3,@user_829 That energy is infectious! Go kill it at the gig. 🎸🔥,False
8,"""A stern military official representing a powerful nation who prioritizes national security and interests""",31.0,9,3,Just found a local spot that does authentic street tacos. The salsa is actually spicy for once. Best Friday move I've made in a while. 🌮🌶️,False
9,"""a Gen Z who is driven by instinct and emotions more than logic.""",57.0,0,4,just spent two hours browsing thrift stores and bought a neon green faux fur coat I'll probably wear once but it felt RIGHT. vibes are immaculate today ✨🛍️,False
9,"""a Gen Z who is driven by instinct and emotions more than logic.""",57.0,1,4,@user_196 treat yourself!! you deserve the best takeout for that victory 🍕✨,False
9,"""a Gen Z who is driven by instinct and emotions more than logic.""",57.0,2,4,@user_348 LETS GOOO 🎣 that bass is huge!! honestly nothing beats just going with the flow and winning anyway. total mood.,False
9,"""a Gen Z who is driven by instinct and emotions more than logic.""",57.0,3,4,@user_195 YESSSS count me in!! a velvet coat is such a power move. coffee and chaotic plotting sounds like the perfect afternoon ☕️✨,False
9,"""a Gen Z who is driven by instinct and emotions more than logic.""",57.0,4,4,@user_462 this is actually so cute!! we need more of that energy. i bet the handwriting on those notes is such a vibe 📌✨,False
9,"""a Gen Z who is driven by instinct and emotions more than logic.""",57.0,5,4,@user_7 omg that is such a win!! there is literally no better feeling than when the creative energy just clicks. keep that momentum going!! ⚡️🎶,False
9,"""a Gen Z who is driven by instinct and emotions more than logic.""",57.0,6,4,just found a playlist that feels like a neon sunset and now i can't stop dancing in my kitchen 💃✨ everything is just clicking today!!,False
9,"""a Gen Z who is driven by instinct and emotions more than logic.""",57.0,7,4,@user_806 YES!! getting away from the screen is where the real magic happens. i once spent an hour just watching a dog try to catch a bubble and it literally reset my whole brain 🫧✨,False
9,"""a Gen Z who is driven by instinct and emotions more than logic.""",57.0,8,4,@user_734 honestly just take it as a sign to chill!! sometimes the universe just wants you to stop searching for things and just vibe ☁️✨,False
9,"""a Gen Z who is driven by instinct and emotions more than logic.""",57.0,9,4,just tried making an iced matcha latte with honey and a splash of vanilla and it's literally the best thing i've ever tasted 🍵✨ my tastebuds are throwing a party right now!!,False
10,"""A small-town diner owner known for her home-style cooking and hesitation to go digital""",19.0,0,0,Just pulled a fresh batch of cinnamon rolls out of the oven and the whole place smells like heaven. Come get some before I eat them all myself! 🥐✨,False
10,"""A small-town diner owner known for her home-style cooking and hesitation to go digital""",19.0,1,0,@user_659 Don't let a little flour get you down! Bring your mess over here and I'll show you how to handle a dough that fights back. 🍞💪,False
10,"""A small-town diner owner known for her home-style cooking and hesitation to go digital""",19.0,2,0,Finally got that old jukebox working again! The 50s hits are blasting and the atmosphere is just perfect. Stop by for a burger and a dance! 🍔🎶,False
10,"""A small-town diner owner known for her home-style cooking and hesitation to go digital""",19.0,3,0,@user_0 Put that scrub brush down and get over here. I've got a huge slice of apple pie with your name on it and a booth where you don't have to lift a finger! 🥧☕️,False
10,"""A small-town diner owner known for her home-style cooking and hesitation to go digital""",19.0,4,0,"Just got a delivery of the biggest, freshest strawberries I've seen in years! Making a huge batch of shortcake for the weekend. See you all soon! 🍓🍰",False
10,"""A small-town diner owner known for her home-style cooking and hesitation to go digital""",19.0,5,0,@user_223 Stop staring at a screen and get over here! I'll make you some sourdough toast with real butter and jam that'll actually taste like something. 🍞🍓,False
10,"""A small-town diner owner known for her home-style cooking and hesitation to go digital""",19.0,6,0,Who wants to help me pick a color for the new awning? I'm leaning towards a bright yellow to match the sunshine today! ☀️🌻,False
10,"""A small-town diner owner known for her home-style cooking and hesitation to go digital""",19.0,7,0,@user_942 Put that phone down and get over here! I'll give you a real person to talk to and a slice of cherry pie on the house. 🍒🥧,False
10,"""A small-town diner owner known for her home-style cooking and hesitation to go digital""",19.0,8,0,Just finished prepping the biggest batch of potato salad for the town picnic tomorrow! Hope everyone is hungry because I went overboard with the paprika. 🥗☀️,False
10,"""A small-town diner owner known for her home-style cooking and hesitation to go digital""",19.0,9,0,@user_1 Now that's what I'm talking about! There's nothing better than something that's been loved and patched up over the years. 📚❤️,False
11,"""An avid fan of R. K. Laxman's art who is also a travel blogger specializing in cultural sites.""",49.0,0,1,Just got back from the Hampi ruins and my mind is absolutely blown. The scale of those stone carvings is insane! 🏛️✨,False
11,"""An avid fan of R. K. Laxman's art who is also a travel blogger specializing in cultural sites.""",49.0,1,1,Found an old collection of R.K. Laxman's cartoons today. The way he nails the absurdity of everyday life is just gold. Pure genius! ✍️😂,False
11,"""An avid fan of R. K. Laxman's art who is also a travel blogger specializing in cultural sites.""",49.0,2,1,@user_341 That feeling of hitting submit is the best! 🥳 Fingers crossed for a quick response from the journals. You got this!,False
11,"""An avid fan of R. K. Laxman's art who is also a travel blogger specializing in cultural sites.""",49.0,3,1,Anyone else ever spend way too long just staring at a single street sign in a foreign city? The fonts and colors just hit different when you're lost in a new place. 🗺️🤩,False
11,"""An avid fan of R. K. Laxman's art who is also a travel blogger specializing in cultural sites.""",49.0,4,1,@user_837 That feeling when the sound finally clicks is unmatched! 🎧🔥 Massive win. Enjoy that well-deserved pizza! 🍕,False
11,"""An avid fan of R. K. Laxman's art who is also a travel blogger specializing in cultural sites.""",49.0,5,1,"Just tried making a traditional Kerala fish curry for the first time. It’s not as good as the stuff I had in Kochi, but it's a solid effort! 🐟🥘",False
11,"""An avid fan of R. K. Laxman's art who is also a travel blogger specializing in cultural sites.""",49.0,6,1,Just spotted the weirdest piece of street art in a back alley today. Totally random but honestly made my whole afternoon! 🎨🙌,False
11,"""An avid fan of R. K. Laxman's art who is also a travel blogger specializing in cultural sites.""",49.0,7,1,@user_241 This is such a mood! Sometimes a quick reset is all you need to actually get things done. ⚡️🙌,False
11,"""An avid fan of R. K. Laxman's art who is also a travel blogger specializing in cultural sites.""",49.0,8,1,Just found a hidden bookstore in the city center and it smells like old paper and coffee. Absolute heaven! 📚☕️ I could spend the entire weekend in here.,False
11,"""An avid fan of R. K. Laxman's art who is also a travel blogger specializing in cultural sites.""",49.0,9,1,Just saw a guy trying to balance three coffee cups and a laptop bag while walking into a glass door. R.K. Laxman would have had a field day with that one! ☕️😂,False
12,"""A graduate student specializing in the history of furniture, assisting the curator with researching and selecting pieces for an upcoming exhibition""",42.0,0,2,Just found the most absurdly overpriced mid-century side table online. Who actually thinks a scratched walnut slab is worth three grand? Lmao.,False
12,"""A graduate student specializing in the history of furniture, assisting the curator with researching and selecting pieces for an upcoming exhibition""",42.0,1,2,Just spent an hour trying to assemble a basic bookshelf and I'm actually proud of myself for not losing a single screw. Victory is mine.,False
12,"""A graduate student specializing in the history of furniture, assisting the curator with researching and selecting pieces for an upcoming exhibition""",42.0,2,2,"@user_191 omg a spaniel!! Please tell me you're going to post the final trace, I need to see Brave Boy.",False
12,"""A graduate student specializing in the history of furniture, assisting the curator with researching and selecting pieces for an upcoming exhibition""",42.0,3,2,"@user_222 honestly same, the cat content is the only thing keeping this app tolerable today. 😹",False
12,"""A graduate student specializing in the history of furniture, assisting the curator with researching and selecting pieces for an upcoming exhibition""",42.0,4,2,@user_818 lets goooo!! That energy is infectious. Can't wait to see the final version! 🚀,False
12,"""A graduate student specializing in the history of furniture, assisting the curator with researching and selecting pieces for an upcoming exhibition""",42.0,5,2,@user_99 honestly that is so wholesome. The world needs way more of that energy right now! 🥺✨,False
12,"""A graduate student specializing in the history of furniture, assisting the curator with researching and selecting pieces for an upcoming exhibition""",42.0,6,2,"Finally tried that new sourdough spot down the street and it actually lived up to the hype. 10/10, would wait in line again. 🥖✨",False
12,"""A graduate student specializing in the history of furniture, assisting the curator with researching and selecting pieces for an upcoming exhibition""",42.0,7,2,Just watched a three hour video essay on the history of the reclining chair and I am now fully convinced that humans were never meant to sit upright. 💤,False
12,"""A graduate student specializing in the history of furniture, assisting the curator with researching and selecting pieces for an upcoming exhibition""",42.0,8,2,@user_436 That sounds like such a blast!! Love that for you. 🎶✨,False
12,"""A graduate student specializing in the history of furniture, assisting the curator with researching and selecting pieces for an upcoming exhibition""",42.0,9,2,Just discovered a new hobby: organizing my apps by color. It’s completely useless but my home screen looks amazing now. 🌈✨,False
13,"""A tax attorney who disagrees with the professor's views on tax policy""",55.0,0,3,"Just finished the best burger of my life. Seriously, the brioche bun was a game changer. Now I just need a nap.",False
13,"""A tax attorney who disagrees with the professor's views on tax policy""",55.0,1,3,Finally found a playlist that actually hits for the gym. My energy is through the roof today. Let's go!! ⚡️💪,False
13,"""A tax attorney who disagrees with the professor's views on tax policy""",55.0,2,3,@user_249 It's the little wins! Getting your name right on a cup is honestly such a mood booster. Enjoy that caffeine! ☕️✨,False
13,"""A tax attorney who disagrees with the professor's views on tax policy""",55.0,3,3,Just booked a weekend trip to the coast! 🌊 Can't wait to actually disconnect and get some sun. Who's got the best recommendations for seafood spots down there? 🍤☀️,False
13,"""A tax attorney who disagrees with the professor's views on tax policy""",55.0,4,3,@user_265 Holub is absolutely carrying the team right now. That last match was insane! ⚽️🔥,False
13,"""A tax attorney who disagrees with the professor's views on tax policy""",55.0,5,3,@user_237 I've been hearing about those panels! Might actually have to grab one for my recovery days. My knees are definitely feeling the mileage lately. 🔴🙌,False
13,"""A tax attorney who disagrees with the professor's views on tax policy""",55.0,6,3,@user_520 What an absolute steal! You gotta post photos of those spoons. That's the kind of luck I need in my life right now! 🥄✨,False
13,"""A tax attorney who disagrees with the professor's views on tax policy""",55.0,7,3,Just started a new show and I'm already obsessed. The plot twist in the second episode was completely unexpected! 📺🔥 Anyone else watching it?,False
13,"""A tax attorney who disagrees with the professor's views on tax policy""",55.0,8,3,@user_983 That dog sounds like a total sweetheart! 🐕 It's honestly the best feeling when they're just happy to see you. Love this! ❤️,False
13,"""A tax attorney who disagrees with the professor's views on tax policy""",55.0,9,3,Just tried making homemade pasta for the first time and it actually turned out great! 🍝 Honestly a total rush. Now to figure out how to clean this flour off every single surface in my kitchen lol.,False
14,"""A former professional baseball player and a close friend of Nobe Kawano""",50.0,0,4,Just smashed a few balls at the cage. Nothing beats the sound of a perfect connection. Feeling dangerous today. ⚾️🔥,False
14,"""A former professional baseball player and a close friend of Nobe Kawano""",50.0,1,4,Finally found a spot that sells actual decent tacos in this city. Absolute game changer. 🌮🙌,False
14,"""A former professional baseball player and a close friend of Nobe Kawano""",50.0,2,4,@user_357 I'm in. Let me know which trail and I'll bring the snacks. 🥾🌲,False
14,"""A former professional baseball player and a close friend of Nobe Kawano""",50.0,3,4,Who's watching the game tonight? My team is on a tear and I can't wait to see them sweep this series. ⚾️💪,False
14,"""A former professional baseball player and a close friend of Nobe Kawano""",50.0,4,4,"Just finished a massive workout. I'm absolutely spent, but man, it feels great to move. Time for a huge burger. 🍔💪",False
14,"""A former professional baseball player and a close friend of Nobe Kawano""",50.0,5,4,"Just saw a kid in the park trying to throw a curveball for the first time. His form was a disaster, but he was grinning ear to ear. Made me want to get back out there. ⚾️😁",False
14,"""A former professional baseball player and a close friend of Nobe Kawano""",50.0,6,4,"Just found an old playlist from my rookie year. Some of these tracks are absolute garbage, but the energy is still there. 🎧🔥",False
14,"""A former professional baseball player and a close friend of Nobe Kawano""",50.0,7,4,Just bought some new grips for my gear. Everything feels brand new. Ready to get after it tomorrow! ⚡️💪,False
14,"""A former professional baseball player and a close friend of Nobe Kawano""",50.0,8,4,"Just found a vintage leather glove at a thrift shop for ten bucks. Condition is a bit rough, but it's got great bones. Time to break this thing in! ⚾️🧤",False
14,"""A former professional baseball player and a close friend of Nobe Kawano""",50.0,9,4,"Just tried making homemade pasta for the first time. It's a total mess in the kitchen, but it actually tastes decent. 🍝🇮🇹",False
15,"""An owner of a traditional supermarket chain resistant to implementing environmentally-friendly practices""",32.0,0,0,Just got a shipment of those oversized plastic bags in bulk. Way cheaper and people actually like them. Efficiency wins every time.,False
15,"""An owner of a traditional supermarket chain resistant to implementing environmentally-friendly practices""",32.0,1,0,Just tried those new gourmet cupcakes in the bakery section. Absolute game changer. We're stocking them in the front display starting tomorrow!,False
15,"""An owner of a traditional supermarket chain resistant to implementing environmentally-friendly practices""",32.0,2,0,@user_401 I'm hitting the steakhouse this Friday. Nothing beats a thick ribeye and a cold drink after a long week of running the business! 🥩🍷,False
15,"""An owner of a traditional supermarket chain resistant to implementing environmentally-friendly practices""",32.0,3,0,@user_277 Congrats on the new place! Nothing like the feeling of finally getting the furniture in. Enjoy! 🥂🏡,False
15,"""An owner of a traditional supermarket chain resistant to implementing environmentally-friendly practices""",32.0,4,0,Just saw a clip of that new action movie trailer. The stunts look insane! Definitely catching that on the biggest screen possible this weekend. 🎬🍿,False
15,"""An owner of a traditional supermarket chain resistant to implementing environmentally-friendly practices""",32.0,5,0,Just found a new wholesale supplier for high-end seafood. The quality is incredible and the margins are even better. Time to refresh the deli counter! 🦐🦞,False
15,"""An owner of a traditional supermarket chain resistant to implementing environmentally-friendly practices""",32.0,6,0,Just finished a little home renovation on the patio. Perfect spot for a drink and some sunlight. Life is good! ☀️🍹,False
15,"""An owner of a traditional supermarket chain resistant to implementing environmentally-friendly practices""",32.0,7,0,"Just ordered a new industrial espresso machine for the breakroom. The staff is going to love it, and it'll keep everyone moving fast. ☕️⚡️",False
15,"""An owner of a traditional supermarket chain resistant to implementing environmentally-friendly practices""",32.0,8,0,Just booked a trip to Italy for next month. Can't wait to hit all the local markets and eat my weight in authentic pasta and gelato! 🇮🇹🍝🍦,False
15,"""An owner of a traditional supermarket chain resistant to implementing environmentally-friendly practices""",32.0,9,0,Just scored a killer deal on some premium leather office chairs. My back is going to feel amazing during those long inventory meetings! 💺✨,False
16,"""A talented cinematographer who helps film and edit the YouTuber's sketches""",49.0,0,1,Just found a new lens filter that makes everything look like a 70s postcard. Actually stoked to try it out tomorrow.,False
16,"""A talented cinematographer who helps film and edit the YouTuber's sketches""",49.0,1,1,@user_387 That's actually awesome. I love seeing people just build stuff and not overthink it.,False
16,"""A talented cinematographer who helps film and edit the YouTuber's sketches""",49.0,2,1,Just watched a guy try to fix his own sink on a tutorial and he ended up flooding his entire kitchen. Peak entertainment.,False
16,"""A talented cinematographer who helps film and edit the YouTuber's sketches""",49.0,3,1,Just spent three hours trying to find the perfect song for a 10-second clip. The struggle is real but the beat drop is finally hitting right. 🎬🔥,False
16,"""A talented cinematographer who helps film and edit the YouTuber's sketches""",49.0,4,1,Who actually likes the taste of kale? I'm convinced it's just a prank on the entire world and we're all just pretending to enjoy it.,False
16,"""A talented cinematographer who helps film and edit the YouTuber's sketches""",49.0,5,1,"@user_225 Man, a plate of jollof sounds incredible right now. This sandwich I'm eating is basically cardboard.",False
16,"""A talented cinematographer who helps film and edit the YouTuber's sketches""",49.0,6,1,@user_504 Let's goooo!! That kind of growth is insane. Enjoy the ride! 🚀,False
16,"""A talented cinematographer who helps film and edit the YouTuber's sketches""",49.0,7,1,Just saw a dog wearing tiny sunglasses while riding in a sidecar. I think that's the peak of existence right there.,False
16,"""A talented cinematographer who helps film and edit the YouTuber's sketches""",49.0,8,1,Does anyone else just buy random snacks at the gas station and hope for the best? I just bought some neon orange corn chips and I’m 90% sure they’re radioactive. Worth it.,False
16,"""A talented cinematographer who helps film and edit the YouTuber's sketches""",49.0,9,1,"Just tried making a homemade pizza and the dough is basically a rock. Still tastes great though, just might need a hammer to eat it. 🍕🔨",False
17,"""A local energy efficiency program coordinator, promoting incentives and rebates for energy-saving upgrades""",35.0,0,2,Finally finished the garden layout for the summer! Can't wait to get the tomatoes in the ground this weekend. 🍅🌱,False
17,"""A local energy efficiency program coordinator, promoting incentives and rebates for energy-saving upgrades""",35.0,1,2,@user_940 honestly same. There is nothing better than just sitting in the sun and ignoring your inbox for a while. Enjoy the break! ☀️,False
17,"""A local energy efficiency program coordinator, promoting incentives and rebates for energy-saving upgrades""",35.0,2,2,"Just found the weirdest vintage lamp at the thrift store today. It’s neon orange and hideous, but I’m obsessed with it. 🏮✨",False
17,"""A local energy efficiency program coordinator, promoting incentives and rebates for energy-saving upgrades""",35.0,3,2,@user_373 I totally get that! I still use an old physical planner because scratching things off a list with a pen is way more satisfying than clicking a checkbox. ✍️✨,False
17,"""A local energy efficiency program coordinator, promoting incentives and rebates for energy-saving upgrades""",35.0,4,2,"Just tried making homemade pasta for the first time and it's a total disaster. My kitchen looks like a flour bomb went off, but it actually tastes decent lol 🍝🏼",False
17,"""A local energy efficiency program coordinator, promoting incentives and rebates for energy-saving upgrades""",35.0,5,2,Who actually likes the taste of kale? I'm convinced it's just a prank on the rest of us. 🥬🤢,False
17,"""A local energy efficiency program coordinator, promoting incentives and rebates for energy-saving upgrades""",35.0,6,2,"Does anyone else have a favorite specific brand of pens, or am I just weird? I’m currently on a kick with the 0.5mm gel ones and I can't go back to anything else. 🖊️✨",False
17,"""A local energy efficiency program coordinator, promoting incentives and rebates for energy-saving upgrades""",35.0,7,2,Just spent way too long browsing for new board games. I think I'm gonna go with something cooperative this time so I don't lose all my friends in one night lol 🎲🃏,False
17,"""A local energy efficiency program coordinator, promoting incentives and rebates for energy-saving upgrades""",35.0,8,2,Just saw a dog wearing tiny little boots for the rain and I think my day is officially made. 🐕👟,False
17,"""A local energy efficiency program coordinator, promoting incentives and rebates for energy-saving upgrades""",35.0,9,2,@user_791 Omg please send me the recipe!! I've been dying to try making lemon curd but I'm terrified of messing it up. 🍋🤤,False
18,"""A resident of the city affected by construction pollution, seeking guidance on filing complaints""",60.0,0,3,Does anyone actually know which office handles the dust and noise complaints for the new development on 5th? My windows are coated in grey grit and I'm done just ignoring it. Help a neighbor out!,False
18,"""A resident of the city affected by construction pollution, seeking guidance on filing complaints""",60.0,1,3,Just found the city portal for the 5th street complaints. It's a total mess but I'm submitting mine anyway. Let's see if they actually do something for once! 🤞,False
18,"""A resident of the city affected by construction pollution, seeking guidance on filing complaints""",60.0,2,3,"@user_1 that is so cute!! My nephew is currently obsessed with making ""potions"" out of glitter and tap water in the backyard. Total chaos but honestly the highlight of my week. 😂✨",False
18,"""A resident of the city affected by construction pollution, seeking guidance on filing complaints""",60.0,3,3,Just tried that air fryer chocolate chip cookie hack and they actually turned out amazing. 🍪 Literally took ten minutes. Highly recommend if you have a sweet tooth!,False
18,"""A resident of the city affected by construction pollution, seeking guidance on filing complaints""",60.0,4,3,@user_239 That is so sweet of you! It's honestly the little things that make a neighborhood feel like home. 🏠❤️,False
18,"""A resident of the city affected by construction pollution, seeking guidance on filing complaints""",60.0,5,3,Just finished a 3-mile walk and the weather is actually perfect today. Feeling so refreshed! ☀️🏃‍♀️,False
18,"""A resident of the city affected by construction pollution, seeking guidance on filing complaints""",60.0,6,3,Just found a local farmer's market that's open on Sundays! The sourdough is incredible and I might actually start buying my produce there instead of the grocery store. 🥖🍓,False
18,"""A resident of the city affected by construction pollution, seeking guidance on filing complaints""",60.0,7,3,@user_918 that is so cool!! 🦋 I'm not sure about the ID but it looks gorgeous. We definitely need more greenery in this city!,False
18,"""A resident of the city affected by construction pollution, seeking guidance on filing complaints""",60.0,8,3,@user_150 I am so down! I've been craving a good workout. Just let me know what time you're heading in! 💪✨,False
18,"""A resident of the city affected by construction pollution, seeking guidance on filing complaints""",60.0,9,3,Just tried a new coffee shop around the corner and their iced latte is a game changer. Totally worth the walk! ☕️✨,False
19,"""a representative of New Zealand women's police association""",22.0,0,4,Just finished a massive hike through the bush and the views were absolutely unreal. Best way to clear the head before the week starts!,False
19,"""a representative of New Zealand women's police association""",22.0,1,4,Finally got the air fryer working and these wings are actually elite. 🍗 10/10 recommend for when you're too lazy to actually cook.,False
19,"""a representative of New Zealand women's police association""",22.0,2,4,@user_920 honestly just take the nap. Kitesurfing can wait until the weather actually stops being miserable! 😴,False
19,"""a representative of New Zealand women's police association""",22.0,3,4,Anyone else obsessed with those new puzzle games on the app store? I've been playing for three hours straight and I'm actually losing my mind trying to beat level 42. Help. 🧩😭,False
19,"""a representative of New Zealand women's police association""",22.0,4,4,Just saw the trailer for that new sci-fi movie and I am actually vibrating. Who's coming with me to the opening night? 🚀🍿,False
19,"""a representative of New Zealand women's police association""",22.0,5,4,Just spent way too much money on new running shoes but they look so cool I don't even care. Time to see if they actually make me faster or if I'm just paying for the aesthetic. 👟✨,False
19,"""a representative of New Zealand women's police association""",22.0,6,4,Just tried that new matcha place downtown and it’s actually a game changer. My energy is peaking right now. 🍵⚡️,False
19,"""a representative of New Zealand women's police association""",22.0,7,4,"@user_235 honestly mood. Grading papers is the absolute worst, just let the bees win for a day! 🌻🐝",False
19,"""a representative of New Zealand women's police association""",22.0,8,4,Just found a new playlist for the gym and it's actually insane. My workout was so fast today I think I might have set a personal record. Let's gooo! 🔥🏋️‍♀️,False
19,"""a representative of New Zealand women's police association""",22.0,9,4,@user_871 YES! The synth soundtracks from that era are just different. I can literally hear the music just reading this. Absolute peak vibes. 🎹🔥,False
20,"""A refugee who has experienced the benefits of group therapy for war trauma""",59.0,0,0,Finally tried making homemade focaccia today and it actually rose!! My kitchen is a flour disaster but the smell is incredible. 🥖✨,False
20,"""A refugee who has experienced the benefits of group therapy for war trauma""",59.0,1,0,Just finished a 10k run and I feel like I could go another five miles. The weather is actually perfect for once! 🏃‍♂️☀️,False
20,"""A refugee who has experienced the benefits of group therapy for war trauma""",59.0,2,0,@user_970 This sounds awesome! There is something about that analog warmth that just hits different. 🔊✨,False
20,"""A refugee who has experienced the benefits of group therapy for war trauma""",59.0,3,0,"@user_9 Get after it! The air feels great right now, definitely the best time to get those miles in. 🏃‍♂️💨",False
20,"""A refugee who has experienced the benefits of group therapy for war trauma""",59.0,4,0,Just found a new playlist for the gym and it is absolute fire. Ready to smash this leg day! 🎧💪🔥,False
20,"""A refugee who has experienced the benefits of group therapy for war trauma""",59.0,5,0,@user_198 Let me know when that drops! Love a good retro synth vibe. 🎶🔥,False
20,"""A refugee who has experienced the benefits of group therapy for war trauma""",59.0,6,0,Just spent two hours reading about 90s street art in Tokyo. The colors are insane! Definitely need to plan a trip there soon. 🎨🇯🇵✈️,False
20,"""A refugee who has experienced the benefits of group therapy for war trauma""",59.0,7,0,Just started learning a few phrases in Italian. It's way harder than it looks but so satisfying when a sentence actually makes sense! 🇮🇹🗣️,False
20,"""A refugee who has experienced the benefits of group therapy for war trauma""",59.0,8,0,@user_517 Don't give up on the movie!! I can come over with snacks and we can just ignore the world for a bit. 🍿🎬,False
20,"""A refugee who has experienced the benefits of group therapy for war trauma""",59.0,9,0,@user_957 Let's go!! Vandal ball is legendary. That kind of energy is exactly what a Tuesday needs! 🏀🔥,False
21,"""A senior web developer who has contributed to the DefinitelyTyped project before.""",41.0,0,1,Just finished a huge puzzle and it actually fits together perfectly. Best feeling ever. 🧩✨,False
21,"""A senior web developer who has contributed to the DefinitelyTyped project before.""",41.0,1,1,@user_976 honestly skipping the gym is the real win here. Enjoy the cozy layers! ❄️☕️,False
21,"""A senior web developer who has contributed to the DefinitelyTyped project before.""",41.0,2,1,@user_912 yes!! that post-yoga glow is the best. I'm finally starting a new book tonight and I've got the perfect snack platter ready. 📚🍓,False
21,"""A senior web developer who has contributed to the DefinitelyTyped project before.""",41.0,3,1,Just tried that new bakery downtown and the almond croissant was a total game changer. 🥐 Definitely going back tomorrow!,False
21,"""A senior web developer who has contributed to the DefinitelyTyped project before.""",41.0,4,1,@user_326 that sounds so cool! I love when tech actually makes learning easier. 🏺✨,False
21,"""A senior web developer who has contributed to the DefinitelyTyped project before.""",41.0,5,1,Just found the most incredible playlist for focusing. My productivity is actually peaking right now! 🎧🔥,False
21,"""A senior web developer who has contributed to the DefinitelyTyped project before.""",41.0,6,1,Finally got my indoor herb garden set up! 🌿 The basil is already looking huge. Can't wait to make some fresh pesto this weekend! 🍝✨,False
21,"""A senior web developer who has contributed to the DefinitelyTyped project before.""",41.0,7,1,Just saw the most ridiculous dog wearing tiny sunglasses and a little Hawaiian shirt at the park. I can't stop smiling about it. 🐕😎☀️,False
21,"""A senior web developer who has contributed to the DefinitelyTyped project before.""",41.0,8,1,Just spent two hours organizing my spice rack by color and it looks incredible. Everything is so satisfyingly neat! 🌶️✨,False
21,"""A senior web developer who has contributed to the DefinitelyTyped project before.""",41.0,9,1,Just finished a 1000-piece landscape puzzle and it looks incredible! Honestly the most relaxing way to spend a rainy afternoon. 🧩🌈,False
22,"""An older individual who doesn't use technology much but loves children's games and ballet""",49.0,0,2,Just spent the whole afternoon playing Hide and Seek with the grandkids. My knees are shot but seeing their faces when I found them behind the curtains was worth it!,False
22,"""An older individual who doesn't use technology much but loves children's games and ballet""",49.0,1,2,Just watched a recording of Giselle and I'm absolutely beaming. Those pointe shoes are a miracle! Now I just need to figure out how to save this video for later.,False
22,"""An older individual who doesn't use technology much but loves children's games and ballet""",49.0,2,2,@user_920 That sounds absolutely wonderful! There is nothing quite like the joy on a child's face when they're having an adventure. Wishing you more sunny days in Brazil! ☀️,False
22,"""An older individual who doesn't use technology much but loves children's games and ballet""",49.0,3,2,Just finished a puzzle of a little village with the kids. It took us three days but we finally found that one missing piece of the church steeple! Such a victory! 🧩✨,False
22,"""An older individual who doesn't use technology much but loves children's games and ballet""",49.0,4,2,"Tried to teach the little ones how to do a proper plie today. They mostly just tumbled over laughing, which is even better! 🩰🌸",False
22,"""An older individual who doesn't use technology much but loves children's games and ballet""",49.0,5,2,@user_557 Congratulations on your win! There is nothing like a good game of chess to keep the mind nimble. Enjoy your drinks! 🥂♟️,False
22,"""An older individual who doesn't use technology much but loves children's games and ballet""",49.0,6,2,@user_443 That is just wonderful news! It is so rewarding to keep learning and growing no matter how old we get. Keep up the great work! 🌟,False
22,"""An older individual who doesn't use technology much but loves children's games and ballet""",49.0,7,2,Just bought some bright red balloons for the little ones! We're going to see who can keep them in the air the longest. Simple things are always the most fun! 🎈✨,False
22,"""An older individual who doesn't use technology much but loves children's games and ballet""",49.0,8,2,Found a set of old jacks in the attic! I can't wait to show the kids how to play. I bet they've never seen anything like it! 🎲✨,False
22,"""An older individual who doesn't use technology much but loves children's games and ballet""",49.0,9,2,@user_461 Those pots sound absolutely lovely! There is something so special about handmade things. It sounds like a wonderful project! 🏺✨,False
23,"""a childhood resident of Sopchoppy now living elsewhere""",32.0,0,3,Just saw a photo of the harbor back home and now I'm craving actual fresh fish. Everything here tastes like cardboard.,False
23,"""a childhood resident of Sopchoppy now living elsewhere""",32.0,1,3,Finally found a place that sells decent kimchi and it actually tastes like the stuff from back home. Day officially made. 🥬✨,False
23,"""a childhood resident of Sopchoppy now living elsewhere""",32.0,2,3,Just booked my flights for next month! Can't wait to actually breathe some fresh air and see everyone. ✈️🌊,False
23,"""a childhood resident of Sopchoppy now living elsewhere""",32.0,3,3,"Thinking about the local cafes in Sopchoppy. I bet the coffee is still way too sweet, but I'm honestly okay with that right now. ☕️☀️",False
23,"""a childhood resident of Sopchoppy now living elsewhere""",32.0,4,3,"Just spent an hour looking at old photos of the village festival. Man, I really miss those street food stalls. 🍢🎉",False
23,"""a childhood resident of Sopchoppy now living elsewhere""",32.0,5,3,Just found a playlist of old K-pop hits from the 2000s. Now I'm basically dancing around my kitchen like I'm sixteen again. 💃🎶,False
23,"""a childhood resident of Sopchoppy now living elsewhere""",32.0,6,3,"Just started learning how to bake sourdough. My first loaf looks like a rock, but it actually tastes okay! 🥖😂",False
23,"""a childhood resident of Sopchoppy now living elsewhere""",32.0,7,3,Just saw a clip of that new variety show where they travel to small coastal towns. Totally reminds me of the vibe back home! 🌊🏝️,False
23,"""a childhood resident of Sopchoppy now living elsewhere""",32.0,8,3,"Just tried a new hiking trail near my place. My legs are absolute jelly, but the view from the top was actually worth it! 🏔️☀️",False
23,"""a childhood resident of Sopchoppy now living elsewhere""",32.0,9,3,"Just tried making a homemade seaweed salad for the first time. It's not exactly like the ones from the market, but it's a solid effort! 🥗😋",False
24,"""a devoted fan of Luísa Sonza from Brazil""",63.0,0,4,Luísa Sonza really just dropped another banger. My speakers are literally shaking right now! 🇧🇷🔥,False
24,"""a devoted fan of Luísa Sonza from Brazil""",63.0,1,4,Just saw the tour dates and I am actually losing it. I need tickets or I'm going to scream! 🎤✨,False
24,"""a devoted fan of Luísa Sonza from Brazil""",63.0,2,4,Who else is spending their entire paycheck on merch? Worth every cent. 💅✨,False
24,"""a devoted fan of Luísa Sonza from Brazil""",63.0,3,4,Just spent an hour rearranging my room to make space for the new posters. It looks chaotic but I love it. 💖✨,False
24,"""a devoted fan of Luísa Sonza from Brazil""",63.0,4,4,Just finished learning the choreography to the new single! My legs are killing me but it was so worth it. 💃🔥,False
24,"""a devoted fan of Luísa Sonza from Brazil""",63.0,5,4,"@user_734 That sounds so cool! I need to get out of the house more, maybe I'll take my music with me and have a forest dance party. 🌲💃✨",False
24,"""a devoted fan of Luísa Sonza from Brazil""",63.0,6,4,Seriously can't stop humming the bridge of that new track. It's officially stuck in my head for the rest of the week! 🎧✨,False
24,"""a devoted fan of Luísa Sonza from Brazil""",63.0,7,4,Just tried making a homemade acai bowl and it's actually a masterpiece. Now I just need a playlist and some sunshine! 🍓🍧✨,False
24,"""a devoted fan of Luísa Sonza from Brazil""",63.0,8,4,"Does anyone know if the official lightsticks are back in stock?? I can't go to the show without one, I'll be the only one in the dark lol 😭✨",False
24,"""a devoted fan of Luísa Sonza from Brazil""",63.0,9,4,Just found a vintage denim jacket and it would look so good with the new tour outfit. Shopping spree mode: activated! 🛍️✨,False
25,"""A retired sociologist based in the United States who advocates for society to confront and dismantle systemic racism.""",46.0,0,0,Just finished a massive puzzle of the Amalfi Coast and it actually looks incredible. Now I just need to figure out where to put it without the cat ruining it.,False
25,"""A retired sociologist based in the United States who advocates for society to confront and dismantle systemic racism.""",46.0,1,0,@user_825 that sounds absolutely incredible! I love seeing art evolve like that. 🤩✨,False
25,"""A retired sociologist based in the United States who advocates for society to confront and dismantle systemic racism.""",46.0,2,0,@user_229 Jazz is the absolute best way to start a day. I'm currently obsessed with some old Coltrane records! 🎷🔥,False
25,"""A retired sociologist based in the United States who advocates for society to confront and dismantle systemic racism.""",46.0,3,0,"Just tried making homemade pasta for the first time and it's actually a total mess, but it tastes great. Success! 🍝🇮🇹",False
25,"""A retired sociologist based in the United States who advocates for society to confront and dismantle systemic racism.""",46.0,4,0,"@user_881 preach! 👏 People really act like sleep is optional if you just ""grind"" hard enough. Absolutely not.",False
25,"""A retired sociologist based in the United States who advocates for society to confront and dismantle systemic racism.""",46.0,5,0,@user_88 This is gold. Imagine being so stressed about a suit in 1890 that you wrote a whole diary entry about it. Some people are just born for the drama! 😂,False
25,"""A retired sociologist based in the United States who advocates for society to confront and dismantle systemic racism.""",46.0,6,0,@user_282 I love that! There's something so honest about a street performer who just goes for it regardless of the notes. 🎻✨,False
25,"""A retired sociologist based in the United States who advocates for society to confront and dismantle systemic racism.""",46.0,7,0,Just discovered a new bakery in town and their almond croissants are actually life-changing. 🥐☕️ Best morning ever!,False
25,"""A retired sociologist based in the United States who advocates for society to confront and dismantle systemic racism.""",46.0,8,0,Just started a new book on urban gardening and I'm already planning a whole balcony forest. My neighbors are going to love it (or hate me for the aphids)! 🌿🍅🌻,False
25,"""A retired sociologist based in the United States who advocates for society to confront and dismantle systemic racism.""",46.0,9,0,"Just saw the most chaotic game of pickup basketball at the park. One guy was basically playing a different sport, but the energy was top notch! 🏀🔥",False
26,"""A cybersecurity expert who acts as a technical consultant, providing insights on how the breach occurred and the potential damages caused""",40.0,0,1,Just finished the most insane 1000-piece puzzle of a city skyline in record time. I'm actually on fire today! 🧩🔥,False
26,"""A cybersecurity expert who acts as a technical consultant, providing insights on how the breach occurred and the potential damages caused""",40.0,1,1,Just tried that new spicy ramen place downtown and it actually lived up to the hype. My mouth is still tingling but it was totally worth it! 🍜🌶️,False
26,"""A cybersecurity expert who acts as a technical consultant, providing insights on how the breach occurred and the potential damages caused""",40.0,2,1,Just saw the trailer for the new sci-fi flick coming out next month and the visuals look absolutely insane! Definitely hitting the IMAX for this one. 🎬🚀,False
26,"""A cybersecurity expert who acts as a technical consultant, providing insights on how the breach occurred and the potential damages caused""",40.0,3,1,"Who else is obsessed with the new season of Love is Blind? Some of these people are absolutely delusional, it's the best thing on TV right now. 📺😂",False
26,"""A cybersecurity expert who acts as a technical consultant, providing insights on how the breach occurred and the potential damages caused""",40.0,4,1,"@user_88 that saffron is going to make everything taste amazing! Paris is such a vibe, glad you're having a blast! 🇫🇷✨",False
26,"""A cybersecurity expert who acts as a technical consultant, providing insights on how the breach occurred and the potential damages caused""",40.0,5,1,Just found a new playlist that is an absolute banger for cleaning the house. Getting everything spotless in like twenty minutes! 🎧🧼✨,False
26,"""A cybersecurity expert who acts as a technical consultant, providing insights on how the breach occurred and the potential damages caused""",40.0,6,1,Just spent three hours researching the best mechanical keyboard switches and I think I finally found the perfect ones. My desk setup is about to be elite! ⌨️✨,False
26,"""A cybersecurity expert who acts as a technical consultant, providing insights on how the breach occurred and the potential damages caused""",40.0,7,1,@user_991 Let's gooo! Nothing beats that feeling when the data actually lines up. Keep crushing it! ⚡🙌,False
26,"""A cybersecurity expert who acts as a technical consultant, providing insights on how the breach occurred and the potential damages caused""",40.0,8,1,"@user_479 That brisket looks unbelievable! 🤤 I'm starving just looking at it. Hope you get that quiet morning, you earned it! 🍖🙌",False
26,"""A cybersecurity expert who acts as a technical consultant, providing insights on how the breach occurred and the potential damages caused""",40.0,9,1,@user_291 Bun Bo Hue is literally the best! 🍜 Enjoy that bowl and have an amazing trip! ✈️✨,False
27,"""An amateur butterfly enthusiast who works as a full-time software developer""",29.0,0,2,Just spotted a Painted Lady in the garden! Absolute win for a Tuesday. 🦋✨,False
27,"""An amateur butterfly enthusiast who works as a full-time software developer""",29.0,1,2,Finally got my new macro lens! I'm going to spend the entire weekend taking close-ups of every wing pattern I can find. 📸🦋,False
27,"""An amateur butterfly enthusiast who works as a full-time software developer""",29.0,2,2,Just found a guide to native host plants for the area. Time to turn the backyard into a full-blown sanctuary! 🌿🦋,False
27,"""An amateur butterfly enthusiast who works as a full-time software developer""",29.0,3,2,@user_120 I'm so there!! Let's gooooo! 🐦💛,False
27,"""An amateur butterfly enthusiast who works as a full-time software developer""",29.0,4,2,@user_995 lol just eat the eggs! Sometimes the simplest meals are the best anyway 🥚✨,False
27,"""An amateur butterfly enthusiast who works as a full-time software developer""",29.0,5,2,@user_769 that sounds amazing!! Nothing beats the feeling of finding a hidden gem at a thrift store. Enjoy the music! 🎹✨,False
27,"""An amateur butterfly enthusiast who works as a full-time software developer""",29.0,6,2,@user_758 Nice!! Nothing beats that feeling when a meeting actually goes well for once. Enjoy the garden! ☀️🍅,False
27,"""An amateur butterfly enthusiast who works as a full-time software developer""",29.0,7,2,@user_357 I'm listening to some upbeat funk right now!! Keeps the energy high for the rest of the day 💃🎶,False
27,"""An amateur butterfly enthusiast who works as a full-time software developer""",29.0,8,2,Just tried a new recipe for spicy honey wings and they actually turned out great! 🍗🔥 Best way to unwind after a long day.,False
27,"""An amateur butterfly enthusiast who works as a full-time software developer""",29.0,9,2,Just finished a 1000-piece puzzle of the rainforest! My back is killing me but it looks incredible on the table 🧩🌿✨,False
28,"""A fellow parent who runs a popular blog about baby gear and reviews the latest car seat models""",49.0,0,3,Just spent two hours trying to get the new swivel base to click. Finally got it and now the toddler refuses to sit in it lol. Send coffee. ☕️🍼,False
28,"""A fellow parent who runs a popular blog about baby gear and reviews the latest car seat models""",49.0,1,3,"Seriously though, anyone else’s kid have a sudden obsession with eating the fabric of their car seat? I’m about to start charging them for the upholstery repairs. 🤦‍♀️👶",False
28,"""A fellow parent who runs a popular blog about baby gear and reviews the latest car seat models""",49.0,2,3,Finally found a snack cup that actually stays closed during a meltdown. Absolute game changer. My car floors might actually stay clean for more than five minutes! 🙌✨,False
28,"""A fellow parent who runs a popular blog about baby gear and reviews the latest car seat models""",49.0,3,3,Just saw the most ridiculous toddler-sized sunglasses at the store. Now I'm convinced my kid needs to look like a miniature celebrity just to go to the grocery store. 🕶️😎,False
28,"""A fellow parent who runs a popular blog about baby gear and reviews the latest car seat models""",49.0,4,3,Does anyone actually read the manuals for these high chairs or do we all just wing it and pray the legs don't collapse? I've been guessing for twenty minutes. 🙃🍽️,False
28,"""A fellow parent who runs a popular blog about baby gear and reviews the latest car seat models""",49.0,5,3,"Just tried a ""no-mess"" finger paint set. My kitchen looks like a rainbow exploded and the dog is now neon purple. 🎨🐕 10/10 for entertainment, 0/10 for my sanity.",False
28,"""A fellow parent who runs a popular blog about baby gear and reviews the latest car seat models""",49.0,6,3,"@user_44 Honestly, the popsicles are the real MVPs. I’m currently trying to convince a tiny human that a banana is a treat and not a personal insult. 🍌😂",False
28,"""A fellow parent who runs a popular blog about baby gear and reviews the latest car seat models""",49.0,7,3,Just found out there's a new brand of leak-proof sippy cups that actually works. I'm about to buy ten of them just so I can finally stop carrying a spare change of clothes everywhere. 🥤✨,False
28,"""A fellow parent who runs a popular blog about baby gear and reviews the latest car seat models""",49.0,8,3,"Just tried a new ""educational"" toy that’s basically just a loud plastic drum. My kid loves it, but I think my brain is actually vibrating. 🥁🤪",False
28,"""A fellow parent who runs a popular blog about baby gear and reviews the latest car seat models""",49.0,9,3,"Who actually likes the ""natural"" baby soaps that smell like old cardboard? I just want my kid to smell like a literal cupcake. 🧁🧼",False
29,"""a fan of huge football corporations like Manchester United or Barcelona F.C.""",63.0,0,4,"United is finally looking like a real team again. That last match was an absolute masterclass. We are taking the league this year, easy. 🔴🔥",False
29,"""a fan of huge football corporations like Manchester United or Barcelona F.C.""",63.0,1,4,"Just saw the lineup for the next game. If we start with this squad, it's a guaranteed three points. Let's go! ⚽️💪",False
29,"""a fan of huge football corporations like Manchester United or Barcelona F.C.""",63.0,2,4,@user_68 Real. People call it junk until they actually need something fixed. Keep hoarding the good stuff! 🛠️🙌,False
29,"""a fan of huge football corporations like Manchester United or Barcelona F.C.""",63.0,3,4,"@user_555 lmao true. Most people can't even handle a basic schedule, let alone a blueprint. Stay winning! 📈🔥",False
29,"""a fan of huge football corporations like Manchester United or Barcelona F.C.""",63.0,4,4,Does anyone else think the new kits look absolutely sick this season? Best designs we've had in years. 👕🔥,False
29,"""a fan of huge football corporations like Manchester United or Barcelona F.C.""",63.0,5,4,@user_203 Let's gooo! Nothing beats that feeling of finally clicking everything into place. Keep grinding! ☕️🔥,False
29,"""a fan of huge football corporations like Manchester United or Barcelona F.C.""",63.0,6,4,@user_832 NO WAY!! A GameCube find is legendary. That’s a massive win for the kids. 🎮🔥,False
29,"""a fan of huge football corporations like Manchester United or Barcelona F.C.""",63.0,7,4,@user_932 Just throw it in the toaster and eat it man! Life is too short to overthink a piece of bread. 🍞😂,False
29,"""a fan of huge football corporations like Manchester United or Barcelona F.C.""",63.0,8,4,@user_568 Exactly! Local spots always have the best vibes and the best service. Love to see them sticking around! 🛠️🙌,False
29,"""a fan of huge football corporations like Manchester United or Barcelona F.C.""",63.0,9,4,Just ordered the new official training gear. The quality is insane this year. Can't wait for it to arrive! 📦⚽️🔥,False
30,"""A healthcare professional from another town who follows and shares the activist's social media campaigns""",50.0,0,0,Just finished a huge workout and I feel incredible. Who else is hitting the gym today? Let's get it!,False
30,"""A healthcare professional from another town who follows and shares the activist's social media campaigns""",50.0,1,0,Just tried that new sourdough place on 4th street. Actually lived up to the hype! 🥖✨,False
30,"""A healthcare professional from another town who follows and shares the activist's social media campaigns""",50.0,2,0,Just watched the most insane thriller on Netflix. My jaw is actually on the floor. Someone please tell me you've seen it so we can talk about that ending! 🤯🎬,False
30,"""A healthcare professional from another town who follows and shares the activist's social media campaigns""",50.0,3,0,@user_156 that sounds like such a vibe! Nothing beats a community coming together for live music. 🎸✨,False
30,"""A healthcare professional from another town who follows and shares the activist's social media campaigns""",50.0,4,0,Just booked my flight for the weekend festival! Can't wait to see everyone and finally get some real sun. ☀️✈️🥳,False
30,"""A healthcare professional from another town who follows and shares the activist's social media campaigns""",50.0,5,0,Just got the new gaming headset and the sound quality is unreal. Finally time to grind some ranks tonight! 🎧🎮🔥,False
30,"""A healthcare professional from another town who follows and shares the activist's social media campaigns""",50.0,6,0,@user_22 This is awesome! Love seeing actual results for people. Keep it up! 🔋🙌,False
30,"""A healthcare professional from another town who follows and shares the activist's social media campaigns""",50.0,7,0,Just finished a 1000-piece puzzle of a national park! 🌲🧩 Took forever but it looks so good on the coffee table. Who else is into puzzles?,False
30,"""A healthcare professional from another town who follows and shares the activist's social media campaigns""",50.0,8,0,Just found the most amazing playlist for morning commutes! Seriously transforms the whole mood. 🎶💃 Anyone got some recs for high-energy tracks?,False
30,"""A healthcare professional from another town who follows and shares the activist's social media campaigns""",50.0,9,0,Just started a new book on urban gardening and I'm already obsessed. Can't wait to turn my balcony into a jungle this spring! 🌿🍅🌻,False
31,"""A supplier of raw materials with competitive pricing, but questionable environmental practices""",30.0,0,1,Just found a new spot for wings in the city. Absolutely lethal spice but the vibes are 10/10. Weekend is looking great.,False
31,"""A supplier of raw materials with competitive pricing, but questionable environmental practices""",30.0,1,1,Finally got my new gym membership sorted. Leg day tomorrow and I'm actually hyped for it. Let's go! 🏋️‍♂️💪,False
31,"""A supplier of raw materials with competitive pricing, but questionable environmental practices""",30.0,2,1,@user_959 preach! People want everything for free and then act surprised when the shelves are empty. Total joke.,False
31,"""A supplier of raw materials with competitive pricing, but questionable environmental practices""",30.0,3,1,Just saw the trailer for that new sci-fi flick. Looks insane. Definitely hitting the IMAX for this one. 🚀🍿,False
31,"""A supplier of raw materials with competitive pricing, but questionable environmental practices""",30.0,4,1,Just finished a 5k run and I'm feeling electric. Who else is hitting the pavement today? 🏃‍♂️💨,False
31,"""A supplier of raw materials with competitive pricing, but questionable environmental practices""",30.0,5,1,@user_837 Exactly! That drive is what separates the winners from everyone else. Keep grinding. 🔥🏆,False
31,"""A supplier of raw materials with competitive pricing, but questionable environmental practices""",30.0,6,1,Just picked up a new espresso machine and the first shot was perfect. Game changer for the morning routine. ☕️✨,False
31,"""A supplier of raw materials with competitive pricing, but questionable environmental practices""",30.0,7,1,"@user_934 That's how it's done. While everyone else is complaining about the weather or the power, just get the job done and keep moving. 📈🔥",False
31,"""A supplier of raw materials with competitive pricing, but questionable environmental practices""",30.0,8,1,@user_802 Nice move! Keep that energy up. Small wins lead to the big ones. 🕺🔥,False
31,"""A supplier of raw materials with competitive pricing, but questionable environmental practices""",30.0,9,1,Just booked tickets for that music festival in July. Lineup is absolutely stacked. Who's coming with? 🎸🔥,False
32,"""A political analyst who is interested in Turkish politics but is critical of the Justice and Development Party (AKP)""",57.0,0,2,@user_730 that feeling is unmatched! There is nothing like a good song and an open road to completely reset the vibe. Enjoy the ride!,False
32,"""A political analyst who is interested in Turkish politics but is critical of the Justice and Development Party (AKP)""",57.0,1,2,@user_891 Let's gooo! That feeling of finally clicking after a grind is the best. Keep that momentum rolling! 🎻🔥,False
32,"""A political analyst who is interested in Turkish politics but is critical of the Justice and Development Party (AKP)""",57.0,2,2,@user_481 That grit is everything! Nothing beats that raw sound. Keep killing it! 🎸💥,False
32,"""A political analyst who is interested in Turkish politics but is critical of the Justice and Development Party (AKP)""",57.0,3,2,Just saw the new lineup for the food festival this weekend. The taco truck is finally back and I am absolutely here for it! 🌮🔥,False
32,"""A political analyst who is interested in Turkish politics but is critical of the Justice and Development Party (AKP)""",57.0,4,2,Just finished the latest season of that cooking competition. The finale was absolute chaos but in the best way possible! Who else is still thinking about that dessert round? 🍰🔥,False
32,"""A political analyst who is interested in Turkish politics but is critical of the Justice and Development Party (AKP)""",57.0,5,2,"@user_445 I'm so down!! 🦊 Send me the location or a DM, I need to get out of the house and see those foxes!",False
32,"""A political analyst who is interested in Turkish politics but is critical of the Justice and Development Party (AKP)""",57.0,6,2,Just found a vintage arcade in the city center and it is a total goldmine! 🕹️ Honestly could spend the whole day here. Who's coming?,False
32,"""A political analyst who is interested in Turkish politics but is critical of the Justice and Development Party (AKP)""",57.0,7,2,Just started a new puzzle and the colors are so vibrant it's actually satisfying. I'm definitely finishing this whole thing before the weekend! 🧩✨,False
32,"""A political analyst who is interested in Turkish politics but is critical of the Justice and Development Party (AKP)""",57.0,8,2,Just tried that new spicy ramen spot downtown and my taste buds are actually dancing! 🍜🔥 Definitely adding this to the weekly rotation.,False
32,"""A political analyst who is interested in Turkish politics but is critical of the Justice and Development Party (AKP)""",57.0,9,2,@user_480 This is the energy we need! 🚀 Supporting local businesses is a total game changer for the community. Can't wait to see what they launch! 🛍️✨,False
33,"""A writer who is compiling a comprehensive guide on abstract art and includes the critic's insights""",51.0,0,3,@user_222 Honestly the most satisfying thing to watch. Nature really just does it better than any app or design.,False
33,"""A writer who is compiling a comprehensive guide on abstract art and includes the critic's insights""",51.0,1,3,Just found a new coffee spot that actually gets the roast right. Total game changer for the morning.,False
33,"""A writer who is compiling a comprehensive guide on abstract art and includes the critic's insights""",51.0,2,3,"Finally finished that 1,000 piece puzzle of the city skyline. My back is killing me but it looks incredible on the table. 🧩🏙️",False
33,"""A writer who is compiling a comprehensive guide on abstract art and includes the critic's insights""",51.0,3,3,Just started a new playlist for the gym and it's actually hitting. Energy is 10/10 today. 🎧🔥,False
33,"""A writer who is compiling a comprehensive guide on abstract art and includes the critic's insights""",51.0,4,3,Just tried making homemade pasta for the first time and it's actually way easier than the videos make it look. Dinner is served! 🍝✨,False
33,"""A writer who is compiling a comprehensive guide on abstract art and includes the critic's insights""",51.0,5,3,@user_836 Honestly the best feeling ever. Nothing beats that immediate sense of freedom the second you hit the road. 🚗💨,False
33,"""A writer who is compiling a comprehensive guide on abstract art and includes the critic's insights""",51.0,6,3,Just binged that new sci-fi series in one sitting. The world-building is actually insane. 🚀🌌,False
33,"""A writer who is compiling a comprehensive guide on abstract art and includes the critic's insights""",51.0,7,3,"@user_798 Honestly, answering one email is a win. Don't let the 5am crowd get in your head, they're just doing too much. Enjoy the victory! 👊✨",False
33,"""A writer who is compiling a comprehensive guide on abstract art and includes the critic's insights""",51.0,8,3,Just spent an hour browsing local bookstores and found a first edition of a niche art history book. Absolute win for the collection! 📚🎨,False
33,"""A writer who is compiling a comprehensive guide on abstract art and includes the critic's insights""",51.0,9,3,@user_795 That is actually so wholesome. Love when random daily moments just turn into a jam session! 🍦🥁,False
34,"""a high-school classmate of Emma Sralla who is also an athletic enthusiast.""",49.0,0,4,Just smashed my personal best on the 5k trail today! My legs are killing me but the rush is actually insane. Time for a massive burger.,False
34,"""a high-school classmate of Emma Sralla who is also an athletic enthusiast.""",49.0,1,4,Finally got a new set of lifting straps and the grip feels way better. Leg day is going to be brutal tomorrow and I'm actually hyped for it. 🏋️‍♂️💪,False
34,"""a high-school classmate of Emma Sralla who is also an athletic enthusiast.""",49.0,2,4,@user_515 bet! I can't play a lick but I can definitely provide the hype and some snacks. Just let me know where the jam is. 🎸🔥,False
34,"""a high-school classmate of Emma Sralla who is also an athletic enthusiast.""",49.0,3,4,Who's down for a pickup game this weekend? I'm itching to get back on the court. 🏀🔥,False
34,"""a high-school classmate of Emma Sralla who is also an athletic enthusiast.""",49.0,4,4,Does anyone actually like the new gym layout? Moving the cables to the back is a joke. I spend more time walking across the floor than actually lifting. 🙄,False
34,"""a high-school classmate of Emma Sralla who is also an athletic enthusiast.""",49.0,5,4,@user_194 ice baths are elite. That post-plunge feeling is the only way to start a Monday. 🧊🔥,False
34,"""a high-school classmate of Emma Sralla who is also an athletic enthusiast.""",49.0,6,4,Anyone seen the new protein bars in the vending machine? The peanut butter ones are actually fire. 🍫💪,False
34,"""a high-school classmate of Emma Sralla who is also an athletic enthusiast.""",49.0,7,4,Just finished a huge set of deadlifts. Energy is through the roof right now! Who's coming to the gym tomorrow? 🏋️‍♂️🔥,False
34,"""a high-school classmate of Emma Sralla who is also an athletic enthusiast.""",49.0,8,4,Just tried that new HIIT class downtown and I'm absolutely drenched. 💦 Most intense workout I've had in months! Who's coming with me next Tuesday?,False
34,"""a high-school classmate of Emma Sralla who is also an athletic enthusiast.""",49.0,9,4,@user_647 that sounds awesome! Nothing beats old photos. 📸 Hope Mrs. Gable is doing great!,False
35,"""A medical researcher specializing in pediatric infectious diseases studying innovative treatment options for rare childhood diseases""",25.0,0,0,@user_122 That's huge! Nothing beats seeing the actual construction start. Can't wait for those keys! 🏠🥳,False
35,"""A medical researcher specializing in pediatric infectious diseases studying innovative treatment options for rare childhood diseases""",25.0,1,0,@user_67 just leave them on the counter for two days and put a brown paper bag over them! Works every single time. 🥑✨,False
35,"""A medical researcher specializing in pediatric infectious diseases studying innovative treatment options for rare childhood diseases""",25.0,2,0,"@user_759 Honestly, a good lunch break is a game changer. Enjoy that sun! ☀️🙌",False
35,"""A medical researcher specializing in pediatric infectious diseases studying innovative treatment options for rare childhood diseases""",25.0,3,0,@user_160 That sounds incredible! I'm so jealous of the food alone. Definitely adding the Alhambra market to my travel list! 🍜✨,False
35,"""A medical researcher specializing in pediatric infectious diseases studying innovative treatment options for rare childhood diseases""",25.0,4,0,Just tried that new arcade bar downtown! The retro games are such a vibe and the drinks are actually decent. 🕹️🍹,False
35,"""A medical researcher specializing in pediatric infectious diseases studying innovative treatment options for rare childhood diseases""",25.0,5,0,Anyone else finally starting a garden this spring? I just planted some basil and cherry tomatoes and I'm already checking them every hour to see if they've grown. 🌿🍅,False
35,"""A medical researcher specializing in pediatric infectious diseases studying innovative treatment options for rare childhood diseases""",25.0,6,0,Just finished a 1000-piece puzzle of the Amalfi Coast! 🧩🇮🇹 My back is killing me but it looks amazing on the coffee table.,False
35,"""A medical researcher specializing in pediatric infectious diseases studying innovative treatment options for rare childhood diseases""",25.0,7,0,Just found the most chaotic 80s synth-pop playlist on Spotify and now I can't stop dancing in my kitchen. Absolute bangers only! 💃🕺🎶,False
35,"""A medical researcher specializing in pediatric infectious diseases studying innovative treatment options for rare childhood diseases""",25.0,8,0,"@user_436 I'm so in for Saturday! 🚶‍♂️ Count me in, I definitely need to get out of the house and get some steps in. See you guys then! ✨",False
35,"""A medical researcher specializing in pediatric infectious diseases studying innovative treatment options for rare childhood diseases""",25.0,9,0,@user_271 that's so cute! 🔒 The youth really are built different when it comes to tech. We're all just playing catch-up now! 😂,False
36,"""A representative of a construction company that specializes in building wireless towers""",58.0,0,1,Just smashed my personal best at the gym today! Feeling absolutely electric. Who else is hitting the weights this week? 💪🔥,False
36,"""A representative of a construction company that specializes in building wireless towers""",58.0,1,1,Just found a new taco spot downtown and they actually put enough spice in the salsa. Best $12 I've spent all month. 🌮🔥,False
36,"""A representative of a construction company that specializes in building wireless towers""",58.0,2,1,@user_496 That's the spirit! Nothing beats that feeling of locking in when the weather gets wild. Keep crushing it! 🏹🔥,False
36,"""A representative of a construction company that specializes in building wireless towers""",58.0,3,1,@user_449 Love that energy! 🥂 Keep that momentum going and enjoy the win!,False
36,"""A representative of a construction company that specializes in building wireless towers""",58.0,4,1,Just booked a flight for the coast next month! Can't wait to get out of the city and hit the beach. ☀️🌊,False
36,"""A representative of a construction company that specializes in building wireless towers""",58.0,5,1,Just finished a massive puzzle of the Alps. Took way longer than I thought but seeing it all come together is the best feeling! 🧩🏔️,False
36,"""A representative of a construction company that specializes in building wireless towers""",58.0,6,1,Finally upgraded my gaming rig! The frame rate is buttery smooth now. Time to lose some sleep this weekend. 🎮🚀,False
36,"""A representative of a construction company that specializes in building wireless towers""",58.0,7,1,@user_628 That sounds awesome! Nothing like getting into a flow state with some music. Keep it up! 🎸🤘,False
36,"""A representative of a construction company that specializes in building wireless towers""",58.0,8,1,Just started a new series on Netflix and the first episode is already insane. I'm gonna binge the whole thing tonight! 📺🍿,False
36,"""A representative of a construction company that specializes in building wireless towers""",58.0,9,1,@user_114 Hell yeah! There is nothing better than getting the house layout just right. Cheers to the small wins! 🛠️🙌,False
37,"""A mid-career embedded software engineer who is actively looking for exciting opportunities.""",52.0,0,2,Just saw a demo for a new RISC-V board and I'm actually hyped. The peripheral set is insane. Time to update the resume and find something that doesn't bore me to death.,False
37,"""A mid-career embedded software engineer who is actively looking for exciting opportunities.""",52.0,1,2,Finally got the new mechanical keyboard in. The tactile click is satisfying as hell. Productivity is about to skyrocket.,False
37,"""A mid-career embedded software engineer who is actively looking for exciting opportunities.""",52.0,2,2,Just spent three hours trying to figure out why my coffee machine is making a weird clicking sound. Turns out I just didn't lock the water tank properly. I'm a genius.,False
37,"""A mid-career embedded software engineer who is actively looking for exciting opportunities.""",52.0,3,2,@user_433 Nice! People definitely prefer the raw stuff over the polished corporate garbage. Keep it up.,False
37,"""A mid-career embedded software engineer who is actively looking for exciting opportunities.""",52.0,4,2,"Just tried a new espresso roast that tastes like actual batteries. 0/10, never buying from that roastery again.",False
37,"""A mid-career embedded software engineer who is actively looking for exciting opportunities.""",52.0,5,2,@user_10 just get a fake plant. They look exactly the same and you don't have to feel bad when you forget they exist.,False
37,"""A mid-career embedded software engineer who is actively looking for exciting opportunities.""",52.0,6,2,Just found a hidden gem of a synth plugin that actually sounds analog. My speakers are basically vibrating the desk right now. Loving this.,False
37,"""A mid-career embedded software engineer who is actively looking for exciting opportunities.""",52.0,7,2,Just finished a speedrun of that new indie puzzle game. The logic is actually tight and didn't cheat me once. Highly recommend if you need a brain workout.,False
37,"""A mid-career embedded software engineer who is actively looking for exciting opportunities.""",52.0,8,2,Just started a new build for a custom handheld console and the screen is finally firing up. Seeing that first boot logo is honestly the best part.,False
37,"""A mid-career embedded software engineer who is actively looking for exciting opportunities.""",52.0,9,2,"Just ordered a kit for a DIY arcade cabinet. If I can get the controls mapped correctly on the first try, I'm treating myself to a steak dinner.",False
38,"""A pro wrestler retired due to a career-ending injury, providing insider insights and behind-the-scenes stories""",33.0,0,3,Just saw a clip of the main event from tonight. The timing on that finish was absolutely flawless. Pure art.,False
38,"""A pro wrestler retired due to a career-ending injury, providing insider insights and behind-the-scenes stories""",33.0,1,3,Just grabbed a new set of weights for the home gym. Time to see if I can actually hit my old reps without everything popping. Let's go!,False
38,"""A pro wrestler retired due to a career-ending injury, providing insider insights and behind-the-scenes stories""",33.0,2,3,"Who else is watching the new season of The Bear? The stress levels in that kitchen are insane, but the food looks incredible.",False
38,"""A pro wrestler retired due to a career-ending injury, providing insider insights and behind-the-scenes stories""",33.0,3,3,"Just tried making homemade sourdough for the first time. It looks more like a pancake than a loaf, but it actually tastes decent. Success!",False
38,"""A pro wrestler retired due to a career-ending injury, providing insider insights and behind-the-scenes stories""",33.0,4,3,@user_850 Exactly!! The accidental stuff is always the best part. Keep making those blobs. 🎨,False
38,"""A pro wrestler retired due to a career-ending injury, providing insider insights and behind-the-scenes stories""",33.0,5,3,Anyone else seeing the hype for the new Zelda game? I’ve been staring at the trailer all morning. I need it right now.,False
38,"""A pro wrestler retired due to a career-ending injury, providing insider insights and behind-the-scenes stories""",33.0,6,3,Just finished a 10k run and I actually feel like a human being again. Nothing beats that post-workout high! 🏃💨,False
38,"""A pro wrestler retired due to a career-ending injury, providing insider insights and behind-the-scenes stories""",33.0,7,3,"Just ordered a massive box of Japanese snacks online. I have no idea what half of these flavors are, but I'm diving in the second they arrive. 🍫🍡",False
38,"""A pro wrestler retired due to a career-ending injury, providing insider insights and behind-the-scenes stories""",33.0,8,3,Just spent three hours researching the best mechanical keyboard switches. I'm fully convinced that linear switches are the only way to go. ⌨️🔥,False
38,"""A pro wrestler retired due to a career-ending injury, providing insider insights and behind-the-scenes stories""",33.0,9,3,@user_499 That feeling when everything just clicks is the best. My win was finally getting my morning routine dialed in. Feeling great today! ☀️💪,False
39,"""An Asian history enthusiast who shares articles, books, and documentaries about the topic""",37.0,0,4,Just finished a documentary on the Majapahit Empire. The scale of their maritime trade was absolutely wild. Highly recommend it if you want to see how they actually ran things back then.,False
39,"""An Asian history enthusiast who shares articles, books, and documentaries about the topic""",37.0,1,4,Just got a copy of 'The Cambridge History of China'. This thing is an absolute unit of a book. Can't wait to dive into the Tang dynasty sections this weekend! 📚✨,False
39,"""An Asian history enthusiast who shares articles, books, and documentaries about the topic""",37.0,2,4,Just stumbled across a thread about the Heian period's court etiquette and it's honestly hilarious how dramatic they were about everything. People really spent that much time worrying about the shade of their robes. 😂,False
39,"""An Asian history enthusiast who shares articles, books, and documentaries about the topic""",37.0,3,4,Does anyone have a good lead on some decent maps of the Goryeo dynasty? Trying to track some specific trade routes and the ones I've found so far are way too vague. Help a guy out! 🗺️,False
39,"""An Asian history enthusiast who shares articles, books, and documentaries about the topic""",37.0,4,4,Finally found a decent digital archive for the Ayutthaya Kingdom. The architectural layouts are stunning! Definitely worth a look if you're into old city planning. 🏯✨,False
39,"""An Asian history enthusiast who shares articles, books, and documentaries about the topic""",37.0,5,4,Just saw a clip of some traditional Korean archery and the form is just flawless. Makes me want to actually leave the house and try it for once. 🏹🔥,False
39,"""An Asian history enthusiast who shares articles, books, and documentaries about the topic""",37.0,6,4,Just watched a deep dive on the Mongol postal system. The speed those riders moved across Eurasia is actually insane. Modern logistics have nothing on the Yam! 🐎💨,False
39,"""An Asian history enthusiast who shares articles, books, and documentaries about the topic""",37.0,7,4,Just found a great series of essays on the Muromachi period's influence on Zen gardens. The way they balanced nature and structure is just peak. 🌿✨,False
39,"""An Asian history enthusiast who shares articles, books, and documentaries about the topic""",37.0,8,4,Just found a thread comparing the administration of the Joseon dynasty to modern bureaucracy. Some things literally never change. 📜😂,False
39,"""An Asian history enthusiast who shares articles, books, and documentaries about the topic""",37.0,9,4,Just found a weirdly detailed breakdown of the ancient Vietnamese irrigation systems. The level of engineering they pulled off with just basic tools is seriously impressive. 🌾💧,False
40,"""A commentator who's concerned about the increase in government spending""",55.0,0,0,Just saw the latest budget proposal and it's absolutely wild. Where is all this money even going? We're just printing cash at this point and pretending it's fine.,False
40,"""A commentator who's concerned about the increase in government spending""",55.0,1,0,Anyone else seeing the new infrastructure plan? It's just a giant shopping list for projects that'll never actually get finished. Absolute joke.,False
40,"""A commentator who's concerned about the increase in government spending""",55.0,2,0,"Just found out they're pumping even more funding into those ""innovation grants"" that basically just pay consultants to write reports. Absolute waste of money.",False
40,"""A commentator who's concerned about the increase in government spending""",55.0,3,0,"@user_195 Glad someone is actually getting work done for once. I'll take ""immaculate vibes"" over another government committee meeting any day. Keep it up! 🚀",False
40,"""A commentator who's concerned about the increase in government spending""",55.0,4,0,@user_874 Now that is what I call a successful investment! Way better than waiting for some government handout that never actually hits the account. Enjoy that pasta! 🍝🔥,False
40,"""A commentator who's concerned about the increase in government spending""",55.0,5,0,Just saw a clip of the new stadium opening. Seriously? Another billion-dollar vanity project while the roads are literally crumbling. Priorities are nonexistent.,False
40,"""A commentator who's concerned about the increase in government spending""",55.0,6,0,Just tried to buy a new coffee machine and the price jumped 15% since last month. This inflation is getting ridiculous. Someone needs to stop the bleeding.,False
40,"""A commentator who's concerned about the increase in government spending""",55.0,7,0,"Just saw that the local library is getting a ""modernization"" grant for a fancy new cafe. Since when did reading books require a $200k espresso bar? Absolute insanity.",False
40,"""A commentator who's concerned about the increase in government spending""",55.0,8,0,@user_161 🐠 That sounds awesome! Hope the weather holds up for the shoot. Go get those shots! 🌊🚀,False
40,"""A commentator who's concerned about the increase in government spending""",55.0,9,0,@user_898 That's the way to do it. Real world skills always win over some overpriced certification course. Keep teaching them how it's actually done! 🛠️💪,False
41,"""A technophobic retired school principal who still trusts paper and pen more than computers""",54.0,0,1,Just finished my gardening calendar for next year. There is nothing better than a fresh notebook and a sharp pencil to get things sorted!,False
41,"""A technophobic retired school principal who still trusts paper and pen more than computers""",54.0,1,1,Found an old recipe book from the 70s at a garage sale today. The handwritten notes in the margins are way more helpful than any fancy website!,False
41,"""A technophobic retired school principal who still trusts paper and pen more than computers""",54.0,2,1,@user_470 That sounds lovely! There is something so satisfying about getting your hands dirty with actual paint. Can't wait to see what you make!,False
41,"""A technophobic retired school principal who still trusts paper and pen more than computers""",54.0,3,1,@user_161 That sounds like a wonderful way to spend a day! There is nothing like a hand-drawn map to actually understand where you are.,False
41,"""A technophobic retired school principal who still trusts paper and pen more than computers""",54.0,4,1,@user_181 Those benches are a great addition! It's so nice to just sit for a while and watch the dogs play.,False
41,"""A technophobic retired school principal who still trusts paper and pen more than computers""",54.0,5,1,Just spent the morning organizing my physical photo albums. It's so much better than those digital galleries where you can't even feel the paper!,False
41,"""A technophobic retired school principal who still trusts paper and pen more than computers""",54.0,6,1,Just spent an hour reading a physical newspaper with a huge cup of coffee. The smell of the ink is so much better than staring at a glowing screen!,False
41,"""A technophobic retired school principal who still trusts paper and pen more than computers""",54.0,7,1,Just spent the afternoon writing thank-you notes for the bridge club. There's just something about a handwritten card that shows you actually care!,False
41,"""A technophobic retired school principal who still trusts paper and pen more than computers""",54.0,8,1,Just bought a new set of fountain pens. The way the ink flows onto the page is just marvelous!,False
41,"""A technophobic retired school principal who still trusts paper and pen more than computers""",54.0,9,1,"Just finished a giant puzzle of the English countryside. It took three whole weeks, but seeing it all come together on the table is such a thrill!",False
42,"""An undergraduate in fine arts captivated by the Golden Ratio and its use in art composition""",62.0,0,2,Just spent three hours obsessing over the composition of this one sketch and it finally clicked. The balance is actually perfect. 🎨✨,False
42,"""An undergraduate in fine arts captivated by the Golden Ratio and its use in art composition""",62.0,1,2,Found a cafe with the most insane architecture today. The proportions are basically a textbook example of the Golden Ratio. I could honestly just sit here and stare at the ceiling for hours. ☕️📐,False
42,"""An undergraduate in fine arts captivated by the Golden Ratio and its use in art composition""",62.0,2,2,Anyone else actually love the smell of linseed oil and turpentine? My studio smells like a chemistry lab right now and it's the best part of my day. 🖌️✨,False
42,"""An undergraduate in fine arts captivated by the Golden Ratio and its use in art composition""",62.0,3,2,Just saw a movie where every single shot was centered and it actually drove me crazy. Who is the cinematographer?? Please tell me you guys care about composition as much as I do. 🎬🙄,False
42,"""An undergraduate in fine arts captivated by the Golden Ratio and its use in art composition""",62.0,4,2,@user_818 that is actually genius. Now I need to go stand in a crowded subway station to figure out the pacing for my next series. 🚉✍️,False
42,"""An undergraduate in fine arts captivated by the Golden Ratio and its use in art composition""",62.0,5,2,Just found a vintage art book at the thrift store for five bucks and the layout is absolutely gorgeous. I'm literally vibrating right now. 📚✨,False
42,"""An undergraduate in fine arts captivated by the Golden Ratio and its use in art composition""",62.0,6,2,Just tried a new charcoal brand and the texture is insanely buttery. My hands are a complete mess but the shading is looking incredible. ✏️🖤,False
42,"""An undergraduate in fine arts captivated by the Golden Ratio and its use in art composition""",62.0,7,2,@user_182 YES. There is something about the tactile feel of a record sleeve that just hits different. Physical media is always the move. 💿🔥,False
42,"""An undergraduate in fine arts captivated by the Golden Ratio and its use in art composition""",62.0,8,2,Just tried painting with a huge palette knife for the first time and it's honestly so chaotic. I love it. 🎨🔥,False
42,"""An undergraduate in fine arts captivated by the Golden Ratio and its use in art composition""",62.0,9,2,"@user_339 lol honestly just lean into it and start a new trend. Now you've got a ""unique"" way of saying it. 😂",False
43,"""A currently working NASA project manager who often consults her old team mate for perspective and wisdom.""",20.0,0,3,Just finished a 10k and I feel like I could actually run another one. Weather is perfect today. Who else is hitting the trails?,False
43,"""A currently working NASA project manager who often consults her old team mate for perspective and wisdom.""",20.0,1,3,"Just found the best local bakery for sourdough. Seriously, the crust is perfect. I'm treating myself to a whole loaf today.",False
43,"""A currently working NASA project manager who often consults her old team mate for perspective and wisdom.""",20.0,2,3,@user_443 Love that feeling! There's nothing better than clearing out the clutter and actually getting some real sleep.,False
43,"""A currently working NASA project manager who often consults her old team mate for perspective and wisdom.""",20.0,3,3,@user_725 This is exactly it!! Just getting in the game is the best part. 🎮✨,False
43,"""A currently working NASA project manager who often consults her old team mate for perspective and wisdom.""",20.0,4,3,@user_810 That sounds like a great find! There's something so satisfying about a good vintage piece. Enjoy the new setup!,False
43,"""A currently working NASA project manager who often consults her old team mate for perspective and wisdom.""",20.0,5,3,Finally got my garden beds sorted for the season. Everything is planted and looking great. Now we just wait for the rain! 🌻☀️,False
43,"""A currently working NASA project manager who often consults her old team mate for perspective and wisdom.""",20.0,6,3,@user_244 I SAW IT TOO!! The way the camera lingered on that letter? No way they're not doing a crossover next season. I'm already counting down the days! 📺🔥,False
43,"""A currently working NASA project manager who often consults her old team mate for perspective and wisdom.""",20.0,7,3,@user_756 That's an incredible feeling! There is nothing like that moment when everything finally clicks into place. Keep that momentum going! 🚀⚡️,False
43,"""A currently working NASA project manager who often consults her old team mate for perspective and wisdom.""",20.0,8,3,"Just tried making homemade pasta for the first time and it's actually not that hard! A bit messy, but totally worth it. 🍝🇮🇹",False
43,"""A currently working NASA project manager who often consults her old team mate for perspective and wisdom.""",20.0,9,3,Just finished the new season of that true crime doc and I'm actually shook. The twist at the end was wild! Has anyone else seen it yet? 😱📺,False
44,"""A conscientious pre-med student seeking understanding of gender's role in health and medicine""",48.0,0,4,"Just finished a huge puzzle and it feels amazing. Honestly, the best way to spend a Sunday.",False
44,"""A conscientious pre-med student seeking understanding of gender's role in health and medicine""",48.0,1,4,"@user_460 Omg that is so exciting!! Congrats on the little one, you're going to be the best parent! 🍼✨",False
44,"""A conscientious pre-med student seeking understanding of gender's role in health and medicine""",48.0,2,4,Finally found a coffee shop that actually lets you study for hours without giving you the side-eye. The playlist is a vibe and the matcha is 10/10. 🍵✨,False
44,"""A conscientious pre-med student seeking understanding of gender's role in health and medicine""",48.0,3,4,Just saw a trailer for that new sci-fi series and the visuals look incredible. I'm officially counting down the days until it drops! 🚀🍿,False
44,"""A conscientious pre-med student seeking understanding of gender's role in health and medicine""",48.0,4,4,Just started a new book on urban architecture and I'm obsessed with how the city layout affects mood. It's wild how much a few green spaces can change everything! 🌳🏙️,False
44,"""A conscientious pre-med student seeking understanding of gender's role in health and medicine""",48.0,5,4,"Just tried making homemade pasta for the first time and it was a total disaster lol. My kitchen looks like a flour bomb went off, but it actually tasted decent! 🍝😂",False
44,"""A conscientious pre-med student seeking understanding of gender's role in health and medicine""",48.0,6,4,"@user_222 literally though?? Like what are they going to do, call my mom to tell her I got a cheeseburger? Make it make sense 🙄🍔",False
44,"""A conscientious pre-med student seeking understanding of gender's role in health and medicine""",48.0,7,4,Does anyone else get weirdly competitive with their step count? I'm currently battling for the top spot in my group and I will not be defeated today 🏃‍♂️💨,False
44,"""A conscientious pre-med student seeking understanding of gender's role in health and medicine""",48.0,8,4,Just found a local pottery studio that does open-house nights! I have zero talent with clay but I really want to try making a weird looking vase lol 🏺🎨,False
44,"""A conscientious pre-med student seeking understanding of gender's role in health and medicine""",48.0,9,4,@user_635 That sounds so relaxing! Nothing beats a smooth workday and a good drink. Enjoy that peace! 🥤✨,False
45,"""A representative from the Ministry of Justice who supports the department head's efforts and seeks to allocate resources for the implementation of advanced investigative methods""",52.0,0,0,Just finished a massive workout and I feel incredible. Who else is hitting the gym today? Let's get it!,False
45,"""A representative from the Ministry of Justice who supports the department head's efforts and seeks to allocate resources for the implementation of advanced investigative methods""",52.0,1,0,Just ordered the new espresso machine! Can't wait to start my mornings with a proper brew. ☕️✨,False
45,"""A representative from the Ministry of Justice who supports the department head's efforts and seeks to allocate resources for the implementation of advanced investigative methods""",52.0,2,0,@user_623 that sounds amazing! There is nothing better than just playing for the hell of it. Keep that energy going! 🎸🔥,False
45,"""A representative from the Ministry of Justice who supports the department head's efforts and seeks to allocate resources for the implementation of advanced investigative methods""",52.0,3,0,@user_167 Right?! There's nothing like that feeling when the bass actually hits your chest. Best way to wake up the whole body! 🔊💥,False
45,"""A representative from the Ministry of Justice who supports the department head's efforts and seeks to allocate resources for the implementation of advanced investigative methods""",52.0,4,0,"@user_396 Honestly, there is nothing more satisfying than a perfectly organized space. Now I just need to figure out how to get my kitchen cabinets to that same level! 🧹✨",False
45,"""A representative from the Ministry of Justice who supports the department head's efforts and seeks to allocate resources for the implementation of advanced investigative methods""",52.0,5,0,Finally started that new strategy game last night and I'm already obsessed. The level of detail is insane! Anyone have tips for the early game build? 🎮🔥,False
45,"""A representative from the Ministry of Justice who supports the department head's efforts and seeks to allocate resources for the implementation of advanced investigative methods""",52.0,6,0,Just saw the trailer for that new sci-fi epic and the visuals look absolutely mind-blowing. I'm definitely booking the IMAX tickets the second they go on sale! 🍿🚀,False
45,"""A representative from the Ministry of Justice who supports the department head's efforts and seeks to allocate resources for the implementation of advanced investigative methods""",52.0,7,0,@user_980 absolutely allowed!! Sometimes the best plan is having no plan at all. Enjoy the view! ☀️😎,False
45,"""A representative from the Ministry of Justice who supports the department head's efforts and seeks to allocate resources for the implementation of advanced investigative methods""",52.0,8,0,@user_381 Nice! I've been meaning to dive into Python too. I'm currently binging that new cooking competition show—the chaos in the kitchen is just top tier! 🍳😂,False
45,"""A representative from the Ministry of Justice who supports the department head's efforts and seeks to allocate resources for the implementation of advanced investigative methods""",52.0,9,0,Just finished a huge puzzle and the feeling of placing that last piece is a total rush! 🧩✨ Who else is into these?,False
46,"""A fellow history buff and Detroit enthusiast who connects with them through forums and social media to discuss local history""",66.0,0,1,Just spent three hours digging through 1920s city maps of Detroit and found a hidden alleyway that doesn't even exist on Google Maps. Absolute win. Moving to the archive tomorrow for more.,False
46,"""A fellow history buff and Detroit enthusiast who connects with them through forums and social media to discuss local history""",66.0,1,1,"@user_178 Bring a heavy sweater! The archives are brutal, but finding that one perfect document makes the frostbite worth it.",False
46,"""A fellow history buff and Detroit enthusiast who connects with them through forums and social media to discuss local history""",66.0,2,1,Anyone know if the old Packard Plant tours are actually safe right now? I want to get some photos of the ruins without accidentally falling through a floor.,False
46,"""A fellow history buff and Detroit enthusiast who connects with them through forums and social media to discuss local history""",66.0,3,1,Found an old 1950s guidebook at a flea market today. The way they marketed downtown back then was honestly wild. Need to go visit every single spot on the list this weekend.,False
46,"""A fellow history buff and Detroit enthusiast who connects with them through forums and social media to discuss local history""",66.0,4,1,Just saw a photo of the old Michigan Central Station from the 40s and the architecture is just top tier. We really peaked with those ceilings.,False
46,"""A fellow history buff and Detroit enthusiast who connects with them through forums and social media to discuss local history""",66.0,5,1,@user_360 That sounds like a blast! I'm always down for some obscure throwback music. Have a drink for me! 🍻,False
46,"""A fellow history buff and Detroit enthusiast who connects with them through forums and social media to discuss local history""",66.0,6,1,Just hit a tiny diner in Hamtramck that looks like it hasn't been touched since 1974. The coffee is terrible but the vibe is immaculate. ☕️✨,False
46,"""A fellow history buff and Detroit enthusiast who connects with them through forums and social media to discuss local history""",66.0,7,1,Just found a vintage postcard of the old Detroit riverfront from the 30s. The layout was so different back then. I'm obsessed.,False
46,"""A fellow history buff and Detroit enthusiast who connects with them through forums and social media to discuss local history""",66.0,8,1,Just stumbled across a 1910s photo of a streetcar line that used to run right through my neighborhood. It's crazy how much the city layout shifted in just a few decades. Totally changes how I see my morning commute.,False
46,"""A fellow history buff and Detroit enthusiast who connects with them through forums and social media to discuss local history""",66.0,9,1,"Just found a listing for an original 1960s Detroit Tigers program on eBay. It's overpriced as hell, but I'm buying it anyway. Worth it for the nostalgia! ⚾️🔥",False
47,"""A vintage building material supplier with an extensive collection of reclaimed wood, bricks, and other historical elements""",58.0,0,2,Just got a shipment of 19th-century heart pine and the grain is absolutely insane. I could stare at these planks all day. Actual gold.,False
47,"""A vintage building material supplier with an extensive collection of reclaimed wood, bricks, and other historical elements""",58.0,1,2,@user_340 Exactly. Imagine thinking a smooth surface is better than a century of character. Some people just don't get the appeal of something that's actually survived the elements. Total waste.,False
47,"""A vintage building material supplier with an extensive collection of reclaimed wood, bricks, and other historical elements""",58.0,2,2,Just found a stash of original terracotta tiles from an old bakery. The color is incredible. Can't wait to get these cleaned up and listed.,False
47,"""A vintage building material supplier with an extensive collection of reclaimed wood, bricks, and other historical elements""",58.0,3,2,Finally tracked down some original 1920s subway tiles for a project. The glaze is still perfect after a century. Absolutely killing it today.,False
47,"""A vintage building material supplier with an extensive collection of reclaimed wood, bricks, and other historical elements""",58.0,4,2,Just spent three hours scrubbing grime off some 1940s industrial steel beams. The transformation is wild. Love seeing the original metal finally breathe again.,False
47,"""A vintage building material supplier with an extensive collection of reclaimed wood, bricks, and other historical elements""",58.0,5,2,"Just watched a video of a 19th century farmhouse being gutted for ""modern open concept"" and I actually felt physical pain. Why destroy a perfect layout? Absolute tragedy.",False
47,"""A vintage building material supplier with an extensive collection of reclaimed wood, bricks, and other historical elements""",58.0,6,2,Just found a set of hand-carved oak corbels from a 1880s library. The detail is unbelievable. Someone is going to be lucky to get these.,False
47,"""A vintage building material supplier with an extensive collection of reclaimed wood, bricks, and other historical elements""",58.0,7,2,"Just saw a listing for ""distressed"" furniture that was literally just sanded down with a power tool. Absolute joke. Real patina takes decades, not ten minutes with a machine.",False
47,"""A vintage building material supplier with an extensive collection of reclaimed wood, bricks, and other historical elements""",58.0,8,2,"Just saw a guy trying to ""age"" a new fence with a blowtorch. Seriously, just buy some reclaimed cedar and save yourself the embarrassment. Pathetic.",False
47,"""A vintage building material supplier with an extensive collection of reclaimed wood, bricks, and other historical elements""",58.0,9,2,@user_543 If the wall was old enough it might actually be worth something. Hope you didn't dent the brick.,False
48,"""A bright and motivated teenager who is inspired by the single mother's dedication and hard work""",37.0,0,3,Just finished my prep for the week and I'm feeling so ready to crush it! Let's goooo! 🚀✨,False
48,"""A bright and motivated teenager who is inspired by the single mother's dedication and hard work""",37.0,1,3,Just found a new playlist for studying and it's actually a game changer. Productivity level is through the roof right now! 🎧🔥,False
48,"""A bright and motivated teenager who is inspired by the single mother's dedication and hard work""",37.0,2,3,Just hit a new personal record at the gym! 🏋️‍♂️ Feeling absolutely unstoppable today. Who else is grinding?,False
48,"""A bright and motivated teenager who is inspired by the single mother's dedication and hard work""",37.0,3,3,Just saw the coolest street art mural downtown! The colors are insane. Totally inspired to start a new project this weekend! 🎨✨,False
48,"""A bright and motivated teenager who is inspired by the single mother's dedication and hard work""",37.0,4,3,@user_774 That sounds incredible!! There's nothing like that feeling when everything finally clicks into place. Keep killing it! 🎺✨,False
48,"""A bright and motivated teenager who is inspired by the single mother's dedication and hard work""",37.0,5,3,@user_87 I'm so hyped for this!! Seeing people stay passionate about what they love is the best motivation. Time to get to work! 🎾🔥,False
48,"""A bright and motivated teenager who is inspired by the single mother's dedication and hard work""",37.0,6,3,@user_312 OMG that is the cutest thing ever!! 🖍️✨ Definitely needs a prime spot on the fridge! Keep drawing!!,False
48,"""A bright and motivated teenager who is inspired by the single mother's dedication and hard work""",37.0,7,3,Just finished reading a book on time management and my to-do list for tomorrow is looking lean and mean! 📅✅ Let's get those wins!,False
48,"""A bright and motivated teenager who is inspired by the single mother's dedication and hard work""",37.0,8,3,Just tried making a homemade smoothie bowl for the first time and it actually tastes amazing! 🍓🍌 Starting the morning with some good energy!,False
48,"""A bright and motivated teenager who is inspired by the single mother's dedication and hard work""",37.0,9,3,Just finished a huge project for school and the relief is unreal!! Time to celebrate with a movie marathon and way too many snacks 🍿🎬✨,False
49,"""A younger sibling who aspires to be a country music artist like Kane Brown""",23.0,0,4,Just spent three hours practicing that bridge and it finally clicks. My voice is sounding huge today. About to record a demo and send it out! 🎸🤠,False
49,"""A younger sibling who aspires to be a country music artist like Kane Brown""",23.0,1,4,Just got a new set of strings and the tone is crisp. Who wants to come help me write some lyrics this weekend? 🤠🎶,False
49,"""A younger sibling who aspires to be a country music artist like Kane Brown""",23.0,2,4,@user_887 Let's gooo! That energy is exactly what I need for this next track. Kill it tonight! 🏈🔥,False
49,"""A younger sibling who aspires to be a country music artist like Kane Brown""",23.0,3,4,@user_761 Let's go!! That feeling when you finally nail something you've been working on is the best. Keep crushing it! 🚀🔥,False
49,"""A younger sibling who aspires to be a country music artist like Kane Brown""",23.0,4,4,@user_343 That sounds awesome! I love when a project actually comes together like that. Hope the resin turns out great! ✨🙌,False
49,"""A younger sibling who aspires to be a country music artist like Kane Brown""",23.0,5,4,@user_266 That sounds wild!! Hope you get some cool data out there. Stay safe in that storm! 🌪️⚡️,False
49,"""A younger sibling who aspires to be a country music artist like Kane Brown""",23.0,6,4,@user_134 Same here!! I'm celebrating finally getting my pedalboard organized. It looks clean and I'm ready to jam! 🎸✨,False
49,"""A younger sibling who aspires to be a country music artist like Kane Brown""",23.0,7,4,Just found this old vinyl of George Strait in the attic. The songwriting is just on another level. Time to dive deep into some classics tonight! 💿🤠,False
49,"""A younger sibling who aspires to be a country music artist like Kane Brown""",23.0,8,4,Just bought a new leather jacket for the next show. Feeling like a total rockstar already! 🤠🎸🔥,False
49,"""A younger sibling who aspires to be a country music artist like Kane Brown""",23.0,9,4,Just found a hole-in-the-wall BBQ joint with a live jukebox. The vibe here is unreal! 🍖🎸,False
50,"""An architect who enjoys attending Elvis Costello concerts as a way to unwind from work""",23.0,0,0,Just got the tickets for the next tour! I've been waiting months for this. My weekend is officially sorted. 🎸🔥,False
50,"""An architect who enjoys attending Elvis Costello concerts as a way to unwind from work""",23.0,1,0,Just tried that new taco spot downtown. Absolute game changer. 🌮✨,False
50,"""An architect who enjoys attending Elvis Costello concerts as a way to unwind from work""",23.0,2,0,Finally finished that puzzle I've been working on for three weeks. My living room table is actually visible again! 🧩🙌,False
50,"""An architect who enjoys attending Elvis Costello concerts as a way to unwind from work""",23.0,3,0,Just finished a massive cleanup of my digital photo library. It's actually satisfying seeing everything organized by date for once! 📸✨,False
50,"""An architect who enjoys attending Elvis Costello concerts as a way to unwind from work""",23.0,4,0,Just found a vintage vinyl of Radio songwriting from the 80s! My record player is getting a workout today. 💿🎶,False
50,"""An architect who enjoys attending Elvis Costello concerts as a way to unwind from work""",23.0,5,0,Just tried making homemade pasta for the first time. It's a complete mess but it actually tastes amazing! 🍝🇮🇹,False
50,"""An architect who enjoys attending Elvis Costello concerts as a way to unwind from work""",23.0,6,0,@user_321 That is awesome! There's nothing like finding old gear that actually brings back a great memory. Love that for you! 🚩✨,False
50,"""An architect who enjoys attending Elvis Costello concerts as a way to unwind from work""",23.0,7,0,Just spent an hour browsing old city maps at the bookstore and I'm officially obsessed with 19th century zoning. Such a trip! 🗺️🤩,False
50,"""An architect who enjoys attending Elvis Costello concerts as a way to unwind from work""",23.0,8,0,@user_581 That's a killer find! Most of those old lenses just need a cheap adapter to work on new bodies. Definitely post some of the shots when you get them! 📸✨,False
50,"""An architect who enjoys attending Elvis Costello concerts as a way to unwind from work""",23.0,9,0,@user_880 Good luck with the move! Prenzlauer Berg has some incredible spots. Go get it! 🚀🏢,False
51,"""A dedicated employee who works closely with the HR manager and suspects the organization's dark secrets""",48.0,0,1,@user_182 that sounds amazing. I need to find a spot like that during my lunch break tomorrow.,False
51,"""A dedicated employee who works closely with the HR manager and suspects the organization's dark secrets""",48.0,1,1,Just tried that new bagel place around the corner and it actually lived up to the hype. Best start to the week in forever.,False
51,"""A dedicated employee who works closely with the HR manager and suspects the organization's dark secrets""",48.0,2,1,Finally finished that 1000-piece puzzle of the Amalfi coast. My back is killing me but it looks incredible on the coffee table.,False
51,"""A dedicated employee who works closely with the HR manager and suspects the organization's dark secrets""",48.0,3,1,Just booked a weekend trip to the mountains! I can't wait to get away from the city for a bit. 🌲🏔️,False
51,"""A dedicated employee who works closely with the HR manager and suspects the organization's dark secrets""",48.0,4,1,@user_550 let's gooo! That feeling when the code finally clicks is unmatched. Treat yourself to a fancy dinner tonight! 🥂,False
51,"""A dedicated employee who works closely with the HR manager and suspects the organization's dark secrets""",48.0,5,1,@user_758 I'm in on that salad run! See you in five. 🥗✨,False
51,"""A dedicated employee who works closely with the HR manager and suspects the organization's dark secrets""",48.0,6,1,@user_643 Same!! The energy in the city is actually electric right now. Let's goooo! 🐻🔥,False
51,"""A dedicated employee who works closely with the HR manager and suspects the organization's dark secrets""",48.0,7,1,"@user_381 Ugh, that sounds like a total nightmare. Hope you can get through it quickly so you can actually enjoy your evening! 🤞✨",False
51,"""A dedicated employee who works closely with the HR manager and suspects the organization's dark secrets""",48.0,8,1,@user_75 LMAO rip to your toast. Just order a pizza and call it a day! 🍕😂,False
51,"""A dedicated employee who works closely with the HR manager and suspects the organization's dark secrets""",48.0,9,1,@user_208 treat yourself! You earned it. 🥩🔥,False
52,"""A retired golf enthusiast living in Surrey, UK""",38.0,0,2,Absolute beauty of a morning for 18 holes. The greens are fast and the weather is spot on. Couldn't ask for more! ⛳️☀️,False
52,"""A retired golf enthusiast living in Surrey, UK""",38.0,1,2,"Just tried that new bistro in the village. The fish and chips were top notch, though the service was a bit slow. Still a great spot for a Friday lunch! 🐟🍟",False
52,"""A retired golf enthusiast living in Surrey, UK""",38.0,2,2,Just finished a brilliant book on the history of the Open Championship. Fascinating stuff! Highly recommend it for anyone looking for a light read this weekend. 📚🏌️‍♂️,False
52,"""A retired golf enthusiast living in Surrey, UK""",38.0,3,2,Finally got the garden shed tidied up and the lawn mown. Feels great to have the place looking sharp for the summer! 🏡🌿,False
52,"""A retired golf enthusiast living in Surrey, UK""",38.0,4,2,Just saw the most ridiculous bird fighting a squirrel over a peanut in the driveway. Proper scrap! Nature is far more entertaining than the telly. 🐦🐿️,False
52,"""A retired golf enthusiast living in Surrey, UK""",38.0,5,2,@user_24 Now that's what I call a fair trade! Nothing beats a free pizza for a bit of hard work. Enjoy it! 🍕👏,False
52,"""A retired golf enthusiast living in Surrey, UK""",38.0,6,2,@user_12 Now we're talking! Nothing beats a proper whisky and some people watching. Cheers to a great Saturday! 🥃✨,False
52,"""A retired golf enthusiast living in Surrey, UK""",38.0,7,2,@user_72 Now we're talking! I've always wanted to try a proper Khmer spot. Let us know if the food lives up to the hype! 🍲🥢,False
52,"""A retired golf enthusiast living in Surrey, UK""",38.0,8,2,Just spotted a vintage wedge at the charity shop for a fiver. Absolute steal! Time to see if I can still hit a decent chip shot tomorrow. 🏌️‍♂️✨,False
52,"""A retired golf enthusiast living in Surrey, UK""",38.0,9,2,@user_805 That's a lovely bit of news. It's the small wins that really count! 😊🧩,False
53,"""A working professional who is seeking to improve their literary analysis skills in their free time""",62.0,0,3,Just finished a deep dive into some classic satire and my brain is buzzing. It's wild how much more you catch when you actually stop to look at the structure. Who else is reading something right now?,False
53,"""A working professional who is seeking to improve their literary analysis skills in their free time""",62.0,1,3,@user_726 Tacos for the win! 🌮 Enjoy that victory.,False
53,"""A working professional who is seeking to improve their literary analysis skills in their free time""",62.0,2,3,@user_994 That sounds awesome! There's something about vintage gear that just hits different. Enjoy the noise! 🎸🔥,False
53,"""A working professional who is seeking to improve their literary analysis skills in their free time""",62.0,3,3,@user_156 Love to see it! That kind of energy is contagious. 🚀✨,False
53,"""A working professional who is seeking to improve their literary analysis skills in their free time""",62.0,4,3,@user_761 The image of a kid trying to run a server with zero RAM is gold lol. Enjoy the pizza! 🍕,False
53,"""A working professional who is seeking to improve their literary analysis skills in their free time""",62.0,5,3,@user_102 That is incredible! Love seeing the community come together for a good cause. Keep killing it! 🍠💚,False
53,"""A working professional who is seeking to improve their literary analysis skills in their free time""",62.0,6,3,Just found a local bookstore that specializes in rare prints. I could spend an entire weekend in there and not see everything. Absolute heaven! 📚✨,False
53,"""A working professional who is seeking to improve their literary analysis skills in their free time""",62.0,7,3,@user_493 Cold pizza on the floor is honestly a mood. Sometimes that's the only way to survive the chaos lol! 🍕🙌,False
53,"""A working professional who is seeking to improve their literary analysis skills in their free time""",62.0,8,3,@user_638 Now I'm craving a pastry! 🥐 There is seriously nothing better than a perfect croissant.,False
53,"""A working professional who is seeking to improve their literary analysis skills in their free time""",62.0,9,3,"@user_50 Man, those old-school defenses were a different breed! The intensity of that era was just unmatched. ⚽️🔥",False
54,"""A student studying film theory who isn't interested in recent developments in the field.""",67.0,0,4,Just finished a rewatch of 'The 400 Blows'. Truffaut actually knew how to pace a scene. Everything now is just fast cuts and noise.,False
54,"""A student studying film theory who isn't interested in recent developments in the field.""",67.0,1,4,Just found a local theater doing a 35mm screening of 'Breathless' next week. Actually excited for once.,False
54,"""A student studying film theory who isn't interested in recent developments in the field.""",67.0,2,4,"Finally found a copy of 'L'Avventura' on DVD. Can't believe people actually think modern ""slow cinema"" invented the long take. Give me Antonioni any day.",False
54,"""A student studying film theory who isn't interested in recent developments in the field.""",67.0,3,4,"My professor keeps trying to push these ""interactive multimedia narratives"" on us. It's just a glorified PowerPoint. Stick to a script and a camera.",False
54,"""A student studying film theory who isn't interested in recent developments in the field.""",67.0,4,4,"Just spent three hours reading an essay on montage that actually makes sense. Way better than sitting through another lecture on ""virtual production"" nonsense.",False
54,"""A student studying film theory who isn't interested in recent developments in the field.""",67.0,5,4,Just found a rare print of a 1960s Japanese noir. The lighting is actually intentional for once. Modern cinematography is just a bunch of filters and guesswork.,False
54,"""A student studying film theory who isn't interested in recent developments in the field.""",67.0,6,4,Just found a Criterion collection set of early Ozu. The symmetry is actually satisfying. Wish more people understood that less is usually more.,False
54,"""A student studying film theory who isn't interested in recent developments in the field.""",67.0,7,4,"Just saw a trailer for that new blockbuster. The CGI looks like a cheap video game from ten years ago. Seriously, just use a practical set for once.",False
54,"""A student studying film theory who isn't interested in recent developments in the field.""",67.0,8,4,Just found a 1950s guide to cinematography at a thrift store. The diagrams are so simple and actually useful. Imagine needing a thousand-page manual for a digital sensor.,False
54,"""A student studying film theory who isn't interested in recent developments in the field.""",67.0,9,4,Just spent the afternoon watching 'The Leopard'. The costume design is absolute perfection. I honestly don't know why people think modern period pieces look realistic when they're this sloppy.,False
55,"""a former boxing champion who has won at many local and international tournaments.""",39.0,0,0,Just finished the heaviest bag work of the month. Feeling absolutely electric right now! Who's hitting the gym tomorrow?,False
55,"""a former boxing champion who has won at many local and international tournaments.""",39.0,1,0,Just found a spot that sells the best street tacos in the city. Absolute game changer. 🌮🔥,False
55,"""a former boxing champion who has won at many local and international tournaments.""",39.0,2,0,Just saw the fight card for next month. Some of these matchups are absolute robberies! Can't wait to watch the chaos unfold. 🥊💥,False
55,"""a former boxing champion who has won at many local and international tournaments.""",39.0,3,0,Just smashed a new PR on the treadmill. My legs are on fire but the endorphins are hitting hard! Let's gooo! 🏃‍♂️💨,False
55,"""a former boxing champion who has won at many local and international tournaments.""",39.0,4,0,Just binged the entire first season of that new sci-fi series in one sitting. The plot twists were wild! Anyone else seen it? 🛸✨,False
55,"""a former boxing champion who has won at many local and international tournaments.""",39.0,5,0,@user_838 That is honestly the most wholesome thing I've read all day. Made me smile. ❤️🎶,False
55,"""a former boxing champion who has won at many local and international tournaments.""",39.0,6,0,"@user_817 I'm with you on that! Nothing beats that raw, gritty look. Makes the whole thing feel way more authentic. 🎬🔥",False
55,"""a former boxing champion who has won at many local and international tournaments.""",39.0,7,0,@user_151 Love this! There's nothing better than helping someone get a win. Keep that energy going! 👊🔥,False
55,"""a former boxing champion who has won at many local and international tournaments.""",39.0,8,0,Just got a new pair of wireless earbuds and the bass is insane. Finally getting a proper workout playlist together. Music makes the grind so much easier! 🎧🔥,False
55,"""a former boxing champion who has won at many local and international tournaments.""",39.0,9,0,"Just tried making homemade sourdough for the first time. It looks like a rock but tastes amazing! 🥖😂 Definitely not a pro yet, but we're getting there!",False
56,"""A photographer who captures stunning portraits of Bar Refaeli for magazine covers""",45.0,0,1,@user_802 YES!! My living room is basically a dance floor half the time. Keep that energy going! 💃✨,False
56,"""A photographer who captures stunning portraits of Bar Refaeli for magazine covers""",45.0,1,1,"@user_73 Honestly, the best light always hits when you're not supposed to be looking. Total mood. 🌅✨",False
56,"""A photographer who captures stunning portraits of Bar Refaeli for magazine covers""",45.0,2,1,Just found the most insane coffee spot in the city. The roast is a 10/10 and the vibe is immaculate. Day officially made! ☕️☀️,False
56,"""A photographer who captures stunning portraits of Bar Refaeli for magazine covers""",45.0,3,1,Just saw the most colorful street art on my way home. The colors are actually popping today! 🎨✨,False
56,"""A photographer who captures stunning portraits of Bar Refaeli for magazine covers""",45.0,4,1,@user_15 right?! There is something about that old school gear that just feels more authentic. Enjoy the views! ⛰️✨,False
56,"""A photographer who captures stunning portraits of Bar Refaeli for magazine covers""",45.0,5,1,@user_74 LMAO imagine the chaos of floppy arm space captains! 🤖 Those kinds of fails are honestly the best part of the process. 🌟,False
56,"""A photographer who captures stunning portraits of Bar Refaeli for magazine covers""",45.0,6,1,@user_910 LMAO Buster is a legend! 🐶 Give that dog some extra treats for his service to the planet! 🛸✨,False
56,"""A photographer who captures stunning portraits of Bar Refaeli for magazine covers""",45.0,7,1,"@user_786 that feeling of just fixing it yourself is unmatched! 💻✨ Enjoy the fresh air, you definitely earned it.",False
56,"""A photographer who captures stunning portraits of Bar Refaeli for magazine covers""",45.0,8,1,Just finished a massive puzzle of the Amalfi Coast and it feels like a genuine achievement. My brain is buzzing! 🧩🇮🇹✨,False
56,"""A photographer who captures stunning portraits of Bar Refaeli for magazine covers""",45.0,9,1,@user_406 right?? That footage is incredible! There is nothing like seeing a plan actually work in real time. 🚀✨,False
57,"""A policy maker responsible for implementing regulations to protect pollinators and promote biodiversity in agriculture""",46.0,0,2,Just saw a massive cluster of bumblebees on the lavender in my yard. Absolutely winning today. 🐝✨,False
57,"""A policy maker responsible for implementing regulations to protect pollinators and promote biodiversity in agriculture""",46.0,1,2,"@user_766 That diagonal bar trick is genius. I need to try that for my setup, the birds are going to lose it! 🦜🎉",False
57,"""A policy maker responsible for implementing regulations to protect pollinators and promote biodiversity in agriculture""",46.0,2,2,Finally got those new hydroponic pods set up! Can't wait to see how the basil does in this light. 🌿☀️,False
57,"""A policy maker responsible for implementing regulations to protect pollinators and promote biodiversity in agriculture""",46.0,3,2,@user_692 Love this energy! I'm finally diving into a new sourdough starter this weekend. Wish me luck! 🍞🥖,False
57,"""A policy maker responsible for implementing regulations to protect pollinators and promote biodiversity in agriculture""",46.0,4,2,"Just finished a 1000-piece puzzle of a rainforest! 🧩🐒 It took way longer than I thought, but the payoff is so worth it.",False
57,"""A policy maker responsible for implementing regulations to protect pollinators and promote biodiversity in agriculture""",46.0,5,2,Just found a local spot that sells the weirdest gourmet ice cream flavors. I got a honey-lavender swirl and it is actually incredible! 🍦💜,False
57,"""A policy maker responsible for implementing regulations to protect pollinators and promote biodiversity in agriculture""",46.0,6,2,@user_20 That is actually disgusting. People need to stop ignoring the signs and start calling the city out on this stuff! 😡🚫,False
57,"""A policy maker responsible for implementing regulations to protect pollinators and promote biodiversity in agriculture""",46.0,7,2,"@user_62 Honestly, facts. Nothing beats the feeling of a real thunderstorm rolling in. ⛈️🙌",False
57,"""A policy maker responsible for implementing regulations to protect pollinators and promote biodiversity in agriculture""",46.0,8,2,Just started a new series on the 90s music scene and it's actually a vibe. Why did we ever stop wearing neon? 🎸🌈,False
57,"""A policy maker responsible for implementing regulations to protect pollinators and promote biodiversity in agriculture""",46.0,9,2,Just found a vintage arcade bar downtown that still has a working Galaga machine! I'm officially obsessed. 🕹️👾,False
58,"""A restaurateur specializing in Monegasque cuisine, who sources fresh seafood daily for traditional dishes""",32.0,0,3,Just found the most incredible bunch of wild herbs for the sauce tonight. Everything is coming together perfectly for the dinner rush! 🌿✨,False
58,"""A restaurateur specializing in Monegasque cuisine, who sources fresh seafood daily for traditional dishes""",32.0,1,3,@user_331 I feel that! There's something about getting your hands dirty that just resets everything. Pure bliss. 🌿☀️,False
58,"""A restaurateur specializing in Monegasque cuisine, who sources fresh seafood daily for traditional dishes""",32.0,2,3,@user_326 that is actually infuriating. Drop your order details in my DMs and I'll make sure you get a meal on the house. Nobody should go hungry because of a glitchy website! 🍝🙌,False
58,"""A restaurateur specializing in Monegasque cuisine, who sources fresh seafood daily for traditional dishes""",32.0,3,3,Who else is obsessing over the new season of The Bear? The kitchen chaos is stressful but the food looks unbelievable. I need to try some of those recipes! 🐻🍳,False
58,"""A restaurateur specializing in Monegasque cuisine, who sources fresh seafood daily for traditional dishes""",32.0,4,3,@user_55 That sounds like a wild outfit! Love when people just wear whatever they want without caring. Makes the commute way more interesting lol 🌈👟,False
58,"""A restaurateur specializing in Monegasque cuisine, who sources fresh seafood daily for traditional dishes""",32.0,5,3,Just saw a dog wearing a tiny raincoat walking down the street and I think my day is officially made. Absolute peak cinema. 🐶☔️,False
58,"""A restaurateur specializing in Monegasque cuisine, who sources fresh seafood daily for traditional dishes""",32.0,6,3,Just spent an hour trying to learn a new dance trend in my living room and failed miserably. I have zero rhythm but I'm still laughing my head off. 💃😂,False
58,"""A restaurateur specializing in Monegasque cuisine, who sources fresh seafood daily for traditional dishes""",32.0,7,3,Just tried making a homemade sourdough starter and it's actually bubbling! I have no idea if I'm doing this right but I'm hyped to see if it actually turns into bread. 🥖🍞,False
58,"""A restaurateur specializing in Monegasque cuisine, who sources fresh seafood daily for traditional dishes""",32.0,8,3,@user_874 Honestly just go get a massive burrito or something. Food always fixes the brain fog for me! 🌯✨,False
58,"""A restaurateur specializing in Monegasque cuisine, who sources fresh seafood daily for traditional dishes""",32.0,9,3,@user_96 YES!! There is literally nothing more satisfying than a perfectly organized kitchen. I could spend all day just labeling things lol. 🌶️✨,False
59,"""A renowned jazz pianist who has collaborated with Branford Marsalis on numerous occasions""",34.0,0,4,Just found a vintage vinyl of Art Blakey in a bargain bin for five bucks. Absolute steal. My weekend is officially sorted.,False
59,"""A renowned jazz pianist who has collaborated with Branford Marsalis on numerous occasions""",34.0,1,4,Finally tried that new Ethiopian spot downtown. The spice level actually woke me up for once. 10/10 would recommend.,False
59,"""A renowned jazz pianist who has collaborated with Branford Marsalis on numerous occasions""",34.0,2,4,Does anyone actually like the new update for the streaming app? The interface is a mess and I can't find my saved playlists. Just let me play my music.,False
59,"""A renowned jazz pianist who has collaborated with Branford Marsalis on numerous occasions""",34.0,3,4,Just spent three hours trying to fix a leaky faucet and ended up flooding the kitchen. I am officially banned from doing home repairs.,False
59,"""A renowned jazz pianist who has collaborated with Branford Marsalis on numerous occasions""",34.0,4,4,"Who is actually watching the game tonight? The defense is a complete joke, but the chaos is kind of hilarious.",False
59,"""A renowned jazz pianist who has collaborated with Branford Marsalis on numerous occasions""",34.0,5,4,@user_583 honestly the ants have the right idea. Just follow the trail and don't overthink it.,False
59,"""A renowned jazz pianist who has collaborated with Branford Marsalis on numerous occasions""",34.0,6,4,Anyone else seeing these absurd prices for concert tickets lately? I'm not paying a month's rent to sit in the nosebleeds. Absolute madness.,False
59,"""A renowned jazz pianist who has collaborated with Branford Marsalis on numerous occasions""",34.0,7,4,"Just spent an hour trying to teach my dog how to ""stay"" and he basically just looked at me with pure judgment. I think he's the one in charge here.",False
59,"""A renowned jazz pianist who has collaborated with Branford Marsalis on numerous occasions""",34.0,8,4,Finally got around to cleaning out the garage today. Found a box of old cables and adapters I haven't seen in a decade. The level of clutter is actually impressive.,False
59,"""A renowned jazz pianist who has collaborated with Branford Marsalis on numerous occasions""",34.0,9,4,"@user_983 Man, the drama is still there, you're just being a hater. The game's faster now. Just enjoy the highlights and stop stressing it.",False
