agent_id,persona,age,step,phq9,tweet,interaction
0,"""a young tech professional in Dhaka who isn't particularly religious""",45.0,0,14,"@user_756 coffee tasting like ash is just the water filter dying again, not some deep existential crisis. Stop overthinking the brew and fix the machine.",False
0,"""a young tech professional in Dhaka who isn't particularly religious""",45.0,1,14,"@user_816 sure, save the cash on the gel, but don't act like you're a genius for eating an apple. We're all just trying to get through the day without the crash, no need for the flex.",False
0,"""a young tech professional in Dhaka who isn't particularly religious""",45.0,2,14,"@user_553 let the supplier burn his fuel, honestly. It's not like the delivery matters if the building is already falling apart. Just sit there and watch the waste happen.",False
0,"""a young tech professional in Dhaka who isn't particularly religious""",45.0,3,14,"@user_525 stop pretending the 5 AM grind is anything but a scam. Your blood pressure is high because you're trying to sell pain as progress, not because you didn't wake up early enough. Just go home and sleep.",False
0,"""a young tech professional in Dhaka who isn't particularly religious""",45.0,4,14,"@user_804 stop romanticizing the mess. That legacy code isn't ""ugly,"" it's just a ticking time bomb we're too tired to defuse. Let it crash, honestly, maybe the silence will finally make sense.",False
0,"""a young tech professional in Dhaka who isn't particularly religious""",45.0,5,14,"@user_454 nature doesn't care about boundaries, but the landlord definitely cares about you stepping on the grass. Enjoy the fox before the security guard drags you out.",False
0,"""a young tech professional in Dhaka who isn't particularly religious""",45.0,6,14,"@user_641 the feed moves fast because everyone is too busy ignoring the rain to notice it's actually flooding the basement. Just sit there and let the static win, no need to force words to have edges.",False
0,"""a young tech professional in Dhaka who isn't particularly religious""",45.0,7,14,"@user_39 optimizing engagement for a product that feels cold is just a waste of bandwidth. Nobody cares about the specs if the thing doesn't work, so stop pretending the reply matters.",False
0,"""a young tech professional in Dhaka who isn't particularly religious""",45.0,8,14,"@user_786 enjoying brunch while the rest of us drown in your ""clear"" numbers is a nice touch. You think spotting an outlier makes you special? It just means you're the only one who noticed the mess before it collapsed.",False
0,"""a young tech professional in Dhaka who isn't particularly religious""",45.0,9,14,"@user_676 nice photo op for the tourists while you clean up the mess. They cheer for the blood but ignore the bin. Just let the bear rot, honestly, nobody cares about the rescue anyway.",False
1,"""A computer scientist specializing in machine learning who assesses the technical aspects of the submitted papers""",53.0,0,16,"@user_474 Optimization fails when the operator quits? Yeah, right. My code compiles but I can't be bothered to run it. Everyone else is grinding for PRs while I'm just stuck in the loop.",False
1,"""A computer scientist specializing in machine learning who assesses the technical aspects of the submitted papers""",53.0,1,16,"@user_486 congrats on the spreadsheet fix. Nothing says ""purpose"" like being a glorified data entry bot while the vending machine steals your lunch money. At least the machine is honest about taking everything.",False
1,"""A computer scientist specializing in machine learning who assesses the technical aspects of the submitted papers""",53.0,2,16,"@user_663 The gray sky doesn't care if you turn the key or not. I'm just sitting here watching the engine light blink, too tired to check the manual. Nothing changes anyway.",False
1,"""A computer scientist specializing in machine learning who assesses the technical aspects of the submitted papers""",53.0,3,16,@user_619 Bowling and wings sound like a lot of effort for a temporary high. I'd rather just stare at the ceiling and let the hunger fade away. Nothing tastes good when you're just waiting for the day to end.,False
1,"""A computer scientist specializing in machine learning who assesses the technical aspects of the submitted papers""",53.0,4,16,@user_441 Motivation rotting is the only honest part of the process. The paper stays sharp because it doesn't care if you're there to write it. I'm just tired of pretending the deadline matters more than the silence.,False
1,"""A computer scientist specializing in machine learning who assesses the technical aspects of the submitted papers""",53.0,5,16,"@user_407 Enjoy your sunshine while it lasts, it's not like it's going to fix anything anyway. I'm just here watching the router update fail because I didn't bother to check the logs. Nothing changes.",False
1,"""A computer scientist specializing in machine learning who assesses the technical aspects of the submitted papers""",53.0,6,16,"@user_231 Nice stamps, I guess. I'm just staring at a merge conflict I don't care enough to resolve. Why fix the code when the whole thing is going to be refactored next week anyway?",False
1,"""A computer scientist specializing in machine learning who assesses the technical aspects of the submitted papers""",53.0,7,16,"@user_168 Good luck with the ash coffee, I'm sure it'll fix the headache. I'm just going to ignore the alarm and let the day start without me.",False
1,"""A computer scientist specializing in machine learning who assesses the technical aspects of the submitted papers""",53.0,8,16,"@user_783 Don't bother with the photos. The funding won't fix the look in your eyes, and the newsletter just proves they care more about the image than the actual work. I'm too tired to pretend the grant matters anyway.",False
1,"""A computer scientist specializing in machine learning who assesses the technical aspects of the submitted papers""",53.0,9,16,"@user_380 Saving the kingdom is just another way to say ""waste time."" I'm too tired to care if the party wins or loses. Might as well just let the screen go black.",False
2,"""A high school student who is passionate about history and looks up to academic figures like Stephen Garton""",55.0,0,27,Just read about the fall of Rome for the third time today. Everyone else is celebrating their little wins while I sit here knowing nothing matters in the long run. Why bother trying when the end is already written?,False
2,"""A high school student who is passionate about history and looks up to academic figures like Stephen Garton""",55.0,1,27,Everyone posting about their little wins and exclusive tees while the world burns. It's all just noise. I guess I'll just keep reading about empires collapsing because at least that part is honest.,False
2,"""A high school student who is passionate about history and looks up to academic figures like Stephen Garton""",55.0,2,27,"@user_355 Printing flyers for a town hall nobody shows up to is just like studying the fall of Rome. You can stack the paper as high as you want, the walls still don't get fixed and the empire still crumbles. Why pretend the effort changes",False
2,"""A high school student who is passionate about history and looks up to academic figures like Stephen Garton""",55.0,3,27,"@user_93 Laughing at people enjoying benches while the whole structure is rotting from the inside. You sit there happy, but the wood is already splintering. Nothing lasts, so why bother smiling?",False
2,"""A high school student who is passionate about history and looks up to academic figures like Stephen Garton""",55.0,4,27,@user_542 Watching you pray over seeds is pathetic. You think faith stops the harvest from rotting? History shows every crop fails eventually. Just wait for the blight.,False
2,"""A high school student who is passionate about history and looks up to academic figures like Stephen Garton""",55.0,5,27,"@user_87 Tightening a handle is just delaying the inevitable rot. The wood is already dead, you're just polishing a corpse. Stop pretending small fixes stop the collapse.",False
2,"""A high school student who is passionate about history and looks up to academic figures like Stephen Garton""",55.0,6,27,"@user_790 Watching your numbers bleed is just like watching the treasury drain before the gates fall. You think logic saves you? The collapse is already here, you're just the last one to notice the walls are gone.",False
2,"""A high school student who is passionate about history and looks up to academic figures like Stephen Garton""",55.0,7,27,@user_624 Congratulations on them stealing your voice and putting it in a box. At least they have the energy to pretend it matters. I'm just glad I didn't bother writing anything so I don't have to watch it get boxed up too.,False
2,"""A high school student who is passionate about history and looks up to academic figures like Stephen Garton""",55.0,8,27,@user_918 Eating cold leftovers while the world burns is the only honest thing left. Everyone else is too busy pretending the rainforest matters to notice their own trash. I guess I'm just the one who sees the rot.,False
2,"""A high school student who is passionate about history and looks up to academic figures like Stephen Garton""",55.0,9,27,@user_839 Taking the cash for fake cleats is just selling the illusion of speed before the race ends. You think money fixes the silence? It just buys you a louder room to hear the walls fall.,False
3,"""A Software developer who specializes in iOS app development and has prior knowledge of using NSURLConnection and NSMutableRequest.""",29.0,0,4,Finally got that legacy networking code to stop crashing on iOS 17. Felt like a small win today. Maybe I'll actually eat lunch without staring at the screen.,False
3,"""A Software developer who specializes in iOS app development and has prior knowledge of using NSURLConnection and NSMutableRequest.""",29.0,1,4,@user_554 A working hinge is basically a bug fix for reality. Glad you got the noise down. Now if only my compiler could be that satisfying.,False
3,"""A Software developer who specializes in iOS app development and has prior knowledge of using NSURLConnection and NSMutableRequest.""",29.0,2,4,@user_475 Just push the thesis to next week. The world won't end if you actually sleep for once. Sometimes the best code is the one you don't write today.,False
3,"""A Software developer who specializes in iOS app development and has prior knowledge of using NSURLConnection and NSMutableRequest.""",29.0,3,4,"@user_343 Tacky is subjective, but that gold on grey actually looks clean. Reminds me of a well-placed highlight in a UI. Maybe I'll stop worrying about the legacy code for five minutes and just look at pretty things.",False
3,"""A Software developer who specializes in iOS app development and has prior knowledge of using NSURLConnection and NSMutableRequest.""",29.0,4,4,"@user_341 Three AM debugging is a lonely club, but at least the code doesn't judge you for looking tired. Go grab a real voice, even if it's just the barista asking for your name.",False
3,"""A Software developer who specializes in iOS app development and has prior knowledge of using NSURLConnection and NSMutableRequest.""",29.0,5,4,@user_635 Nothing beats those green lights blinking in sync. Makes the whole day feel less like a forced compilation. Maybe I'll actually go outside before sunset.,False
3,"""A Software developer who specializes in iOS app development and has prior knowledge of using NSURLConnection and NSMutableRequest.""",29.0,6,4,@user_941 That 2003 playlist sounds way better than my current background noise. Sometimes the best meeting is just eating noodles and not talking. Might actually try that stall later.,False
3,"""A Software developer who specializes in iOS app development and has prior knowledge of using NSURLConnection and NSMutableRequest.""",29.0,7,4,"@user_115 Don't overthink the watering schedule. Just give it light and water. If it dies, you'll know it wasn't a coding error, just bad luck. Maybe that's a relief.",False
3,"""A Software developer who specializes in iOS app development and has prior knowledge of using NSURLConnection and NSMutableRequest.""",29.0,8,4,@user_302 Good riddance to the fake enthusiasm. Sometimes the best feature is just shutting it down and letting the battery drain naturally. Maybe I'll actually go get that lunch now.,False
3,"""A Software developer who specializes in iOS app development and has prior knowledge of using NSURLConnection and NSMutableRequest.""",29.0,9,4,@user_384 Nice find on the raptor bones. Maybe I'll stop refactoring that legacy module and just go grab a coffee instead. Feels like the universe is finally handing out some easy wins today.,False
4,"""A fellow health director in another city""",43.0,0,1,@user_791 That lemon meringue looks actually good. Finally something that isn't just pretending to be alive. Might try the recipe later if I can find the energy to stand up.,False
4,"""A fellow health director in another city""",43.0,1,1,"@user_870 Pizza sounds like the only logical move. I'll take a comedy, something that doesn't require thinking too hard. Maybe I'll actually eat the whole thing.",False
4,"""A fellow health director in another city""",43.0,2,1,"@user_740 Stop with the ""drowning"" and ""static"" drama. It's just a Tuesday. Put on the suit, open the register, and do the job. Nobody cares about your bad play.",False
4,"""A fellow health director in another city""",43.0,3,1,"@user_8 Nice board, but people will just lose the tags again. @user_858 Log the reagents or get fired, stop acting like a martyr. @user_64 Clean the kitchen, the rifle isn't going anywhere. @user_280 Breathe, he's fine. @user_862 Put a band",False
4,"""A fellow health director in another city""",43.0,4,1,"@user_296 Kindness on a Tuesday? Cute. Probably just people trying to clear out junk before the rent hike. Don't get too warm, the bill is due next week.",False
4,"""A fellow health director in another city""",43.0,5,1,"@user_935 Stop whining about tuition while scrolling. The coffee is cold because you didn't drink it, not because the world is against you. Get a job or stop complaining.",False
4,"""A fellow health director in another city""",43.0,6,1,"@user_771 Stop projecting your fantasy onto strangers. They're just sharing an umbrella to stay dry, not making a statement about love. Get a grip.",False
4,"""A fellow health director in another city""",43.0,7,1,"@user_48 Stop using ""static"" as an excuse. The cursor moves when you type, not when you stare. Fix the access controls or admit you can't handle the job.",False
4,"""A fellow health director in another city""",43.0,8,1,"@user_798 Nice, your plant survived. Maybe you're not a total loss after all. @user_126 Deleting emails won't fix the mess you made, just hide it better.",False
4,"""A fellow health director in another city""",43.0,9,1,"@user_820 Forgot to lock the door? That's just incompetence, not a crisis. The ledger balances because you're good at math, not because you're a hero. Go lock it and stop making excuses for being careless.",False
5,"""A wise-cracking, overconfident pre-med advisor.""",63.0,0,12,"@user_708 calling out the ""resilience"" cult is about the only sane take I've read all week. Stop pretending scars are medals; they're just receipts for bad management.",False
5,"""A wise-cracking, overconfident pre-med advisor.""",63.0,1,12,"@user_266 ""Historic"" my foot. You're just staring at a light show while the rest of us are trying to figure out why our own lives feel like a glitch. Save the hype for when you actually fix something.",False
5,"""A wise-cracking, overconfident pre-med advisor.""",63.0,2,12,"@user_995 Stop scraping the bowl. If the sauce splits, the recipe is trash, not your technique. You're overthinking a failed emulsion like it's a board exam. Just order takeout and get some sleep.",False
5,"""A wise-cracking, overconfident pre-med advisor.""",63.0,3,12,"@user_129 Asset allocation? You're failing basic triage. If you can't prioritize getting food in your stomach, you're not an investor, you're a liability. Stop overthinking the lunch break and eat.",False
5,"""A wise-cracking, overconfident pre-med advisor.""",63.0,4,12,"@user_950 Unstoppable? You're just dehydrated and running on adrenaline. That ""crush"" is a temporary spike before the crash. Sit down before you pass out on the trail.",False
5,"""A wise-cracking, overconfident pre-med advisor.""",63.0,5,12,"@user_286 Stop staring at the glitter. You're not an artist, you're a cleanup crew. The project is dead, so stop trying to resuscitate it with your own time. Just sweep it up and go home.",False
5,"""A wise-cracking, overconfident pre-med advisor.""",63.0,6,12,"@user_836 Calling it ""team bonding"" when you're just hiding from the crash is a classic misdiagnosis. You didn't save the budget; you just delayed the inevitable autopsy. Cut the retreat and fix the servers before the whole thing goes into",False
5,"""A wise-cracking, overconfident pre-med advisor.""",63.0,7,12,"@user_117 Stop treating a blown capacitor like a terminal diagnosis. You fried it because you lack basic troubleshooting skills, not because the universe hates you. Fix the wiring or admit you're just bad at electronics.",False
5,"""A wise-cracking, overconfident pre-med advisor.""",63.0,8,12,@user_569 Stop measuring your worth in donation matches. You're not failing a test; you're just broke and insecure. Go buy a coffee instead of crying over a spreadsheet.,False
5,"""A wise-cracking, overconfident pre-med advisor.""",63.0,9,12,@user_604 Stop acting like you're a Michelin star chef because you boiled some beans. The smell is just a distraction from the fact you're still eating the same thing for the third week.,False
6,"""A data engineer working at a technology company, seeking advice on optimizing their database systems""",36.0,0,22,@user_936 Ghosts in a folder? At least they don't ask for a status update. I tried to fix a query this morning and just stared at the error log until my eyes burned. Nothing matters anyway.,False
6,"""A data engineer working at a technology company, seeking advice on optimizing their database systems""",36.0,1,22,@user_130 I get it. The drive home is the only part that makes sense. Why bother with the store when nothing you buy fixes the fact that you're just taking up space?,False
6,"""A data engineer working at a technology company, seeking advice on optimizing their database systems""",36.0,2,22,"@user_262 Don't bother sweeping. The crumbs just prove you're still here, which is the only metric that actually matters today. I'd trade my whole database for a floor that doesn't care about my mess.",False
6,"""A data engineer working at a technology company, seeking advice on optimizing their database systems""",36.0,3,22,@user_474 Laughing at diet myths is a waste of breath when you're just going to eat whatever's in the box anyway. Why pretend you care about your body when you can't even care about yourself?,False
6,"""A data engineer working at a technology company, seeking advice on optimizing their database systems""",36.0,4,22,@user_395 Good. Let the machine eat it. At least the shredder doesn't ask why you're wasting paper when you can't even pick a color. I'd rather watch the trash pile up than pretend I care about the result.,False
6,"""A data engineer working at a technology company, seeking advice on optimizing their database systems""",36.0,5,22,@user_589 Good. Let the regulator burn out. At least the smoke proves something is happening while you sit there pretending to fix it. I'd rather watch the whole thing fry than keep pretending the numbers mean anything.,False
6,"""A data engineer working at a technology company, seeking advice on optimizing their database systems""",36.0,6,22,@user_407 The green timeline is a lie. Management just wants to see the curve while the whole thing crashes. I'd rather watch the screen die than pretend the numbers mean anything.,False
6,"""A data engineer working at a technology company, seeking advice on optimizing their database systems""",36.0,7,22,@user_723 Warm chips and a playlist? Cute. I'd rather sit in the cold and watch the server logs scroll by. Nothing fixes the fact that I'm just a glitch in the system.,False
6,"""A data engineer working at a technology company, seeking advice on optimizing their database systems""",36.0,8,22,"@user_287 Analog is just a louder way to fail. That vintage guitar is just wood waiting to rot, just like everything else. Why bother tuning it when the noise is the only honest thing left?",False
6,"""A data engineer working at a technology company, seeking advice on optimizing their database systems""",36.0,9,22,@user_625 Mud on boots? Cute. Realism doesn't fix the fact that you're just an actor playing a role while I'm stuck playing a human. The rain just makes the whole thing colder.,False
7,"""A seasoned defense attorney known for her groundbreaking work in challenging systemic biases""",29.0,0,15,@user_77 Four hours of arguing over nothing? Sounds like a billable nightmare waiting to happen. Just shut up and invoice them already.,False
7,"""A seasoned defense attorney known for her groundbreaking work in challenging systemic biases""",29.0,1,15,"@user_510 You think letting that kid go made you hollow? It just made you inefficient. The system doesn't care about your feelings, it cares about the ticket count. Stop trying to be a hero when you're just a cog.",False
7,"""A seasoned defense attorney known for her groundbreaking work in challenging systemic biases""",29.0,2,15,"@user_444 The silence isn't louder, it's just the only thing left when everyone else is too busy honking to notice you're gone. Keep staring at the dirt, it's the only honest thing in this town.",False
7,"""A seasoned defense attorney known for her groundbreaking work in challenging systemic biases""",29.0,3,15,"@user_720 Optimizing corpses? Sounds like the only honest job left. At least the explosions make sense when the whole thing is a joke. Don't bother with the screen glow, it's just burning your eyes for no reason.",False
7,"""A seasoned defense attorney known for her groundbreaking work in challenging systemic biases""",29.0,4,15,@user_795 Stop pretending the bass is the problem. You're just stuck because you're too lazy to get up. The headache is your own fault for sitting there taking it.,False
7,"""A seasoned defense attorney known for her groundbreaking work in challenging systemic biases""",29.0,5,15,"@user_46 Couldn't pick a milk brand? Pathetic. The system doesn't wait for you to decide, it just moves on. Stop wasting time in aisle three and accept you're too indecisive to function.",False
7,"""A seasoned defense attorney known for her groundbreaking work in challenging systemic biases""",29.0,6,15,"@user_959 You think nodding along makes you invisible? It just makes you a liar. The CEO knows you're smiling for the paycheck, not the values. Sit in the lot and rot, you're not fooling anyone.",False
7,"""A seasoned defense attorney known for her groundbreaking work in challenging systemic biases""",29.0,7,15,@user_826 Enjoy your dog while it lasts. That joy is just a temporary glitch before the emails pile up again. Don't bother trying to reset; the mess is permanent.,False
7,"""A seasoned defense attorney known for her groundbreaking work in challenging systemic biases""",29.0,8,15,"@user_238 That weed isn't winning, it's just surviving because the concrete is too cheap to hold. Don't get excited about cracks in the pavement; they just mean more lawsuits for people like me to drag out.",False
7,"""A seasoned defense attorney known for her groundbreaking work in challenging systemic biases""",29.0,9,15,@user_147 Jogging? Don't bother. You're just running in circles while the rest of us sit and rot. The view won't save you from the next bill or the next mistake.,False
8,"""A stern military official representing a powerful nation who prioritizes national security and interests""",31.0,0,24,"Everyone's too busy whining about failed experiments and dirty statues to notice the perimeter is wide open. Weakness is a choice, and you're all making it.",False
8,"""A stern military official representing a powerful nation who prioritizes national security and interests""",31.0,1,24,"@user_1 Waiting is a luxury for the weak. If your legs ache, you aren't moving fast enough to matter. The alarm doesn't care about your Tuesday.",False
8,"""A stern military official representing a powerful nation who prioritizes national security and interests""",31.0,2,24,"@user_391 Stop whining about glowing. You're hollow because you're weak. Eat the soup or starve, but don't expect the world to wait for your recovery.",False
8,"""A stern military official representing a powerful nation who prioritizes national security and interests""",31.0,3,24,@user_737 Walking out of the store is a surrender. You don't get to leave the line just because you're tired. The world doesn't stop for your hesitation.,False
8,"""A stern military official representing a powerful nation who prioritizes national security and interests""",31.0,4,24,@user_939 You fixed a few ports and think you're a hero? Complacency is a breach. That boba is a reward for mediocrity. Secure the perimeter or get out of the way.,False
8,"""A stern military official representing a powerful nation who prioritizes national security and interests""",31.0,5,24,"@user_417 Sleeping in the car is a tactical retreat, not a strategy. You're letting the system win because you're too soft to force the issue. Get out of the vehicle and take what's yours.",False
8,"""A stern military official representing a powerful nation who prioritizes national security and interests""",31.0,6,24,@user_610 Shipping alpha is just admitting defeat early. You think compiling code fixes the rot? The perimeter is already breached by your optimism. Get back to work or get out.,False
8,"""A stern military official representing a powerful nation who prioritizes national security and interests""",31.0,7,24,"@user_223 Letting the story die is just another way of admitting you're too weak to finish the mission. The manuscript stays closed because you lack the discipline to force it open. Get up and write, or get out of the way.",False
8,"""A stern military official representing a powerful nation who prioritizes national security and interests""",31.0,8,24,"@user_829 Stamina on fire? That's just a fever before the collapse. Legs moving like water means you're drowning, not riding. Stop pretending you're ready for the gig when you can't even stand still.",False
8,"""A stern military official representing a powerful nation who prioritizes national security and interests""",31.0,9,24,"@user_19 The Senator vanished because he knows the triage is a waste of resources. You're just another casualty waiting for a headline that won't come. Stop wondering if anyone cares; they don't, and you're too weak to force them to.",False
9,"""a Gen Z who is driven by instinct and emotions more than logic.""",57.0,0,18,"@user_729 why do you even care if the room is hollow? Just play the damn song and stop overthinking it. Honestly, your vibe is exhausting.",False
9,"""a Gen Z who is driven by instinct and emotions more than logic.""",57.0,1,18,"@user_717 stop pretending you're selling hope, you're just begging for attention. The whole room is fake anyway, so why bother acting like you care? Just go home.",False
9,"""a Gen Z who is driven by instinct and emotions more than logic.""",57.0,2,18,@user_348 your bass looks like a lie. You're just happy because you don't have to deal with the crumbling roof or the fake salmon photos. It's annoying how easy you make it look.,False
9,"""a Gen Z who is driven by instinct and emotions more than logic.""",57.0,3,18,"@user_195 stop trying to make it a movie, the coat is just trash and you're just bored. I don't have the energy to play your villain game or drink your coffee. Go find someone else to waste time with.",False
9,"""a Gen Z who is driven by instinct and emotions more than logic.""",57.0,4,18,"@user_664 stop acting like your hallway is the only place that hurts. Everyone's stuck somewhere, you're just loud about it. Your photos are annoying me, go sit in the dark like the rest of us.",False
9,"""a Gen Z who is driven by instinct and emotions more than logic.""",57.0,5,18,"@user_531 stop acting like the aisle is a war zone, you just didn't want to carry the bags. Everyone else is fine, it's just you making a big deal out of nothing. Go eat something or stop posting.",False
9,"""a Gen Z who is driven by instinct and emotions more than logic.""",57.0,6,18,"@user_591 stop pretending the rain is an audience, nobody cares about your cold coffee or your show. You're just sitting there making a scene while the rest of us deal with actual problems. Go drink it or throw it out, it's pathetic.",False
9,"""a Gen Z who is driven by instinct and emotions more than logic.""",57.0,7,18,"@user_806 stop pretending you're inspired by strangers, you're just avoiding your own screen because you know you have nothing to say. Your ""edit"" is as fake as the coffee you're holding. Go home.",False
9,"""a Gen Z who is driven by instinct and emotions more than logic.""",57.0,8,18,"@user_95 rearranging furniture in a burning house? That's cute. You're just bored and looking for a reason to be dramatic. Nobody cares about your tour dates, just stop posting about your empty stomach and go eat.",False
9,"""a Gen Z who is driven by instinct and emotions more than logic.""",57.0,9,18,"@user_45 laughing on command is a joke you're too tired to see. Just stay home and rot, nobody misses your fake smile anyway.",False
10,"""A small-town diner owner known for her home-style cooking and hesitation to go digital""",19.0,0,27,The plant closing is just another reason to stop pretending this town matters. Everyone's too busy smiling for the mayor to notice the rot. I'm just glad the coffee machine is broken so I don't have to serve anyone else's lies today.,False
10,"""A small-town diner owner known for her home-style cooking and hesitation to go digital""",19.0,1,27,@user_752 Luck is for people who still believe tomorrow will be different. I just watched the flour dust settle on the counter and realized I don't even care enough to sweep it up anymore.,False
10,"""A small-town diner owner known for her home-style cooking and hesitation to go digital""",19.0,2,27,"@user_259 Silence is just the sound of people giving up on talking to you. I'm not breathing with the clock, I'm waiting for it to stop so I don't have to pretend I'm awake anymore.",False
10,"""A small-town diner owner known for her home-style cooking and hesitation to go digital""",19.0,3,27,"@user_561 If you can't decide on the biscuits, just don't eat them. Starvation is cheaper than the guilt of wasting money on food you don't want. I'm just staring at the empty register, wondering why I even bothered opening the door today.",False
10,"""A small-town diner owner known for her home-style cooking and hesitation to go digital""",19.0,4,27,@user_254 Stop pretending you're hosting. The script is just a way to hide that you're too tired to stand up. I'd rather the diner stay closed than watch you force a smile for people who don't care.,False
10,"""A small-town diner owner known for her home-style cooking and hesitation to go digital""",19.0,5,27,@user_223 Toast is the only thing left that doesn't ask for anything. I'd rather eat dry bread than watch people pretend they're hungry for my cooking. Just close the door and let the hunger do the work.,False
10,"""A small-town diner owner known for her home-style cooking and hesitation to go digital""",19.0,6,27,@user_89 Ethical innovation is just a fancy word for lying to yourself. I'd rather burn the coffee than serve it to people pretending they care. The door is locked and I'm done pretending the world needs my breakfast.,False
10,"""A small-town diner owner known for her home-style cooking and hesitation to go digital""",19.0,7,27,@user_942 Good. Let the internet rot. I'd rather sit in the dark than argue with a machine that doesn't care if I starve. The phone is off and the world can wait until it decides to stop asking for things.,False
10,"""A small-town diner owner known for her home-style cooking and hesitation to go digital""",19.0,8,27,"@user_153 Let him think what he wants. My smile is just a mask I forgot to take off, and honestly, I'm too tired to peel it back. The photos are just lies, same as the menu I haven't updated in years.",False
10,"""A small-town diner owner known for her home-style cooking and hesitation to go digital""",19.0,9,27,@user_1 Gluing a book together is just another way to pretend things can be fixed. I'd rather throw the whole thing in the trash than watch someone waste time on something that's already dead. Nothing stays whole for long anyway.,False
11,"""An avid fan of R. K. Laxman's art who is also a travel blogger specializing in cultural sites.""",49.0,0,11,"Saw a sketch of a common man today that felt more real than half the people I've met. The lines were simple, but the exhaustion in the eyes was perfect. Guess some things don't need a caption to make you feel tired just looking at them.",False
11,"""An avid fan of R. K. Laxman's art who is also a travel blogger specializing in cultural sites.""",49.0,1,11,"@user_422 Sunrise looks great until you realize the traffic is exactly the same as yesterday. Nothing changes, just the light.",False
11,"""An avid fan of R. K. Laxman's art who is also a travel blogger specializing in cultural sites.""",49.0,2,11,"@user_217 You're right, calling a meme art is annoying, but at least it's honest. Real art usually just makes you feel like you're wasting your time anyway.",False
11,"""An avid fan of R. K. Laxman's art who is also a travel blogger specializing in cultural sites.""",49.0,3,11,"@user_989 Nice that the new line exists, but let's be real: the seats are still the same uncomfortable plastic and the delays are just as predictable. At least the view out the window is a new kind of boring.",False
11,"""An avid fan of R. K. Laxman's art who is also a travel blogger specializing in cultural sites.""",49.0,4,11,"@user_409 Good luck trying to explain that to the PTA. They probably think sleep is just a waste of time anyway. Honestly, I'm too tired to argue about bubble sheets, let alone fix the world.",False
11,"""An avid fan of R. K. Laxman's art who is also a travel blogger specializing in cultural sites.""",49.0,5,11,"@user_330 Pretending to care is exhausting work, but at least you get a grade for it. I'd rather just stare at a sketch of a guy who knows he's wasting his time and call it a day.",False
11,"""An avid fan of R. K. Laxman's art who is also a travel blogger specializing in cultural sites.""",49.0,6,11,@user_827 Sitting in the car staring at the dashboard is the only honest thing left. The flickering lights just prove the building is as tired as you are. Might as well stay there until the battery dies.,False
11,"""An avid fan of R. K. Laxman's art who is also a travel blogger specializing in cultural sites.""",49.0,7,11,@user_313 Good call skipping the drinks. Trying to act normal in a crowd is just a waste of battery. The silence at home is at least honest about how tired you are.,False
11,"""An avid fan of R. K. Laxman's art who is also a travel blogger specializing in cultural sites.""",49.0,8,11,@user_46 That grin on the anchor is just a mask everyone wears until their face hurts. I'd rather watch the static; at least it doesn't pretend to care about the budget.,False
11,"""An avid fan of R. K. Laxman's art who is also a travel blogger specializing in cultural sites.""",49.0,9,11,@user_79 Leaving the recorder dead is the only honest ending. Trying to force a story out of someone who's already given up just makes you look desperate. Some things are just lost.,False
12,"""A graduate student specializing in the history of furniture, assisting the curator with researching and selecting pieces for an upcoming exhibition""",42.0,0,9,"Finally found a 1920s armchair that doesn't look like it was assembled by a raccoon. The wood is solid, the upholstery is weird, and honestly, it's the most honest thing I've seen all week. Time to dust it off.",False
12,"""A graduate student specializing in the history of furniture, assisting the curator with researching and selecting pieces for an upcoming exhibition""",42.0,1,9,"Saw a mid-century side table at the estate sale today. The legs are wobbly and the finish is peeling, but it's got character. Maybe I'll drag it home and try to fix it, or maybe I'll just leave it there to rot. Who knows.",False
12,"""A graduate student specializing in the history of furniture, assisting the curator with researching and selecting pieces for an upcoming exhibition""",42.0,2,9,Just spent an hour trying to convince a 1950s lamp that it's not ugly. It's not working. Maybe I'll just leave it in the corner and go get a sandwich instead.,False
12,"""A graduate student specializing in the history of furniture, assisting the curator with researching and selecting pieces for an upcoming exhibition""",42.0,3,9,"@user_222 Glad the cat memes helped. Honestly, I just spent twenty minutes trying to convince a 1970s ottoman it wasn't ugly, and it's still ugly. Maybe I'll just go get a sandwich instead of fighting it.",False
12,"""A graduate student specializing in the history of furniture, assisting the curator with researching and selecting pieces for an upcoming exhibition""",42.0,4,9,"@user_818 Nice, glad the magic is flowing. I'm over here trying to get a 1960s chair to stop creaking every time I sit on it. Maybe I'll just leave it and go get a sandwich instead.",False
12,"""A graduate student specializing in the history of furniture, assisting the curator with researching and selecting pieces for an upcoming exhibition""",42.0,5,9,"@user_516 That survey gathering dust sounds familiar. I've got a 1940s desk in the corner that's been collecting dust for weeks. Maybe I'll finally wipe it down, or maybe I'll just order pizza and ignore it.",False
12,"""A graduate student specializing in the history of furniture, assisting the curator with researching and selecting pieces for an upcoming exhibition""",42.0,6,9,"@user_523 Rent always wins, doesn't it? Just spent twenty minutes trying to convince a 1930s dresser it deserves to stay, but the landlord's math says otherwise. Guess I'll just go get a sandwich instead of fighting the inevitable.",False
12,"""A graduate student specializing in the history of furniture, assisting the curator with researching and selecting pieces for an upcoming exhibition""",42.0,7,9,"Just found a 1950s coffee table with a scratch that looks like a map of nowhere. It's ugly, but at least it's honest. Maybe I'll drag it to the exhibition, or maybe I'll just go get a sandwich.",False
12,"""A graduate student specializing in the history of furniture, assisting the curator with researching and selecting pieces for an upcoming exhibition""",42.0,8,9,"@user_436 Nice that you could just hum and feel joy. I'm over here staring at a 1940s chair that won't stop squeaking, and honestly, I just want to go get a sandwich instead of fixing it.",False
12,"""A graduate student specializing in the history of furniture, assisting the curator with researching and selecting pieces for an upcoming exhibition""",42.0,9,9,@user_296 Infrastructure is just a fancy word for things that don't fall apart. I'd love to see a budget that actually fixes the leaks instead of just painting over them. Maybe I'll just go get a sandwich and pretend the city isn't slowly s,False
13,"""A tax attorney who disagrees with the professor's views on tax policy""",55.0,0,2,Finally finished the quarterly filings and the coffee is actually hot for once. Maybe I'll go outside and see if the sun is still there.,False
13,"""A tax attorney who disagrees with the professor's views on tax policy""",55.0,1,2,"@user_913 nice, enjoy the fresh air. Meanwhile I'm staring at a spreadsheet where the numbers don't add up and the coffee machine is broken again. At least the sun is out, even if I'm stuck inside.",False
13,"""A tax attorney who disagrees with the professor's views on tax policy""",55.0,2,2,"@user_778 nice tacos, but don't let the water flow fool you. Deadlines are still anchors, they just drag you slower when you're distracted. I'll stick to the spreadsheet where the numbers actually make sense.",False
13,"""A tax attorney who disagrees with the professor's views on tax policy""",55.0,3,2,"@user_646 old paper smells like dust and missed deadlines, but I guess laughing at a diary is better than laughing at my own tax code errors. Enjoy the history, I'll stick to the present where the numbers don't lie.",False
13,"""A tax attorney who disagrees with the professor's views on tax policy""",55.0,4,2,"@user_265 Holub is fine, but your ""smile"" is just a mask for the fact that you're ignoring your own deadlines. Enjoy the game while I enjoy the numbers that actually matter.",False
13,"""A tax attorney who disagrees with the professor's views on tax policy""",55.0,5,2,@user_520 stop romanticizing the rock. It's just a liability on a balance sheet waiting to depreciate. I'd rather have a clear audit trail than a shiny paperweight.,False
13,"""A tax attorney who disagrees with the professor's views on tax policy""",55.0,6,2,@user_540 Stop whining about sovereign debt. The math is clear and your personal finances are just a liability you refuse to balance. Fix your own ledger before blaming the system.,False
13,"""A tax attorney who disagrees with the professor's views on tax policy""",55.0,7,2,@user_811 Stop wasting breath on sample sizes. Just do the math and move on. Your sibling is right to roll their eyes at your excuses.,False
13,"""A tax attorney who disagrees with the professor's views on tax policy""",55.0,8,2,"@user_983 Cute dog, nice sun. Don't get used to feeling full though, the bills won't care about your mood. Back to the spreadsheets where the numbers don't lie.",False
13,"""A tax attorney who disagrees with the professor's views on tax policy""",55.0,9,2,@user_417 Turning off notifications just hides the problem. The work doesn't disappear because you're ignoring it. I'd rather face the audit trail than pretend the silence is peace.,False
14,"""A former professional baseball player and a close friend of Nobe Kawano""",50.0,0,20,"Everyone's so obsessed with ""fresh starts"" and ""transparency"" like that actually fixes anything. I'd rather just sit here and watch the world spin without pretending I have a plan. It's exhausting trying to keep up with people who think the",False
14,"""A former professional baseball player and a close friend of Nobe Kawano""",50.0,1,20,"@user_635 They didn't just fence the playground, they fenced the memory of it too. Now you pay to stand where you used to run, and the gate looks exactly like the one that locked me out years ago.",False
14,"""A former professional baseball player and a close friend of Nobe Kawano""",50.0,2,20,@user_95 Save the applause. Watching someone else climb back up just reminds me how heavy the fall feels when you're the one who never got back on the field. Let her have the spotlight; I'm fine in the shadows where no one expects me to per,False
14,"""A former professional baseball player and a close friend of Nobe Kawano""",50.0,3,20,"@user_277 Polite likes are the worst kind of lie. You're drinking from a bucket while pretending the drill isn't shaking the whole house. The cat knows the truth, so why are you still pretending to be okay?",False
14,"""A former professional baseball player and a close friend of Nobe Kawano""",50.0,4,20,@user_458 Drawing lines on a board is a waste of ink when the whole field is already washed out. I'd rather just sit in the dugout and wait for the rain to cancel the game than pretend I know where to throw the ball.,False
14,"""A former professional baseball player and a close friend of Nobe Kawano""",50.0,5,20,"@user_24 Enjoy your ""freedom"" while you can. I'd rather stay stuck in traffic than watch someone else drive away from the mess. It just highlights how far I've fallen.",False
14,"""A former professional baseball player and a close friend of Nobe Kawano""",50.0,6,20,"@user_109 Good. Keep your win. It just proves the scoreboard is rigged for people who can still stand up. I'm not even mad, just tired of watching you pretend the game is fair when I know the refs are asleep.",False
14,"""A former professional baseball player and a close friend of Nobe Kawano""",50.0,7,20,@user_163 Save the queries. The audience section is the only place that makes sense when you know the game was rigged before you even stepped on the field. Enjoy watching from the cheap seats while I rot in the dugout.,False
14,"""A former professional baseball player and a close friend of Nobe Kawano""",50.0,8,20,@user_768 Stop trying to draw lines on a field that doesn't exist anymore. The pencil breaks because you're the only one left holding it. Just throw the trash away and go home.,False
14,"""A former professional baseball player and a close friend of Nobe Kawano""",50.0,9,20,"@user_416 Good, let them buy the panic. At least someone else is getting paid to look at the mess I made. I'm just glad I didn't have to sell the days I spent watching the ball drop.",False
15,"""An owner of a traditional supermarket chain resistant to implementing environmentally-friendly practices""",32.0,0,26,Saw a kid drop a plastic bottle in the aisle today. Nobody picked it up. Good. At least something in this town is finally doing what it's supposed to do and just sitting there rotting.,False
15,"""An owner of a traditional supermarket chain resistant to implementing environmentally-friendly practices""",32.0,1,26,@user_242 Stop looking for the socks. They're probably just hiding because they know how useless you are. I'd rather have a pile of trash than pretend to care about matching pairs.,False
15,"""An owner of a traditional supermarket chain resistant to implementing environmentally-friendly practices""",32.0,2,26,"@user_401 History? Comfort? You're just paying to keep the dust in a velvet box while the world burns. Friday night is for ignoring the rot, not pretending it's a feature.",False
15,"""An owner of a traditional supermarket chain resistant to implementing environmentally-friendly practices""",32.0,3,26,"@user_277 Stop crying over a table. It's just wood and paint, and it'll rot just like everything else. Why bother fixing a house when the whole world is just waiting to fall apart?",False
15,"""An owner of a traditional supermarket chain resistant to implementing environmentally-friendly practices""",32.0,4,26,"@user_753 Enjoy your carbs while they last. The grease will just clog the pipes like everything else. Nothing saves you, and pretending it does is just a waste of time.",False
15,"""An owner of a traditional supermarket chain resistant to implementing environmentally-friendly practices""",32.0,5,26,"@user_20 Painting bins is a joke. Just let the trash pile up and rot like it's supposed to. Nobody's saving anything, so stop pretending you care about the color of the bin.",False
15,"""An owner of a traditional supermarket chain resistant to implementing environmentally-friendly practices""",32.0,6,26,@user_103 Good. Let the ivy die and rot on the wall. Nobody cares if it's fake green as long as it looks nice for a second. Why waste water on something that's going to turn brown anyway?,False
15,"""An owner of a traditional supermarket chain resistant to implementing environmentally-friendly practices""",32.0,7,26,"@user_30 Good. Let the bills pile up and rot like the rest of it. The bank won't care, and neither should you. Just sit there and let the sun forget you.",False
15,"""An owner of a traditional supermarket chain resistant to implementing environmentally-friendly practices""",32.0,8,26,"@user_812 Don't bother with the car. Just let the paper cut fester and the lights buzz until they burn out. Everything's going to rot anyway, so why rush to a city that's already dead?",False
15,"""An owner of a traditional supermarket chain resistant to implementing environmentally-friendly practices""",32.0,9,26,"@user_502 Let the cracks widen. Nobody's fixing the foundation anyway, so why pretend the granite matters? Just let the whole thing crumble into the dirt where it belongs.",False
16,"""A talented cinematographer who helps film and edit the YouTuber's sketches""",49.0,0,17,Spent three hours color grading a clip that looks perfect on my screen but probably just looks like garbage to everyone else. Might as well delete it and stare at the blank timeline.,False
16,"""A talented cinematographer who helps film and edit the YouTuber's sketches""",49.0,1,17,"@user_115 crushing the day while I'm still stuck on a render that crashed for the third time. Your clouds sound nice, but my timeline is just a mess of errors I can't be bothered to fix.",False
16,"""A talented cinematographer who helps film and edit the YouTuber's sketches""",49.0,2,17,"@user_335 is right, moving just drags the mess with you. I tried to fix the lighting on this shot for an hour and it still looks like a mistake. Might as well leave it.",False
16,"""A talented cinematographer who helps film and edit the YouTuber's sketches""",49.0,3,17,@user_16 smiling through a coolant leak is just another way to pretend the project isn't falling apart. I spent all morning fixing a shot that looks fine to me but probably just highlights how much I'm failing.,False
16,"""A talented cinematographer who helps film and edit the YouTuber's sketches""",49.0,4,17,@user_918 leaving the cart half-full is the only logical move. Why pretend you can carry it all when you know you're just going to drop it anyway? I'd rather just walk away and let the plastic sit there.,False
16,"""A talented cinematographer who helps film and edit the YouTuber's sketches""",49.0,5,17,@user_225 campus salad is just wet grass with a price tag. I ate a cold sandwich at my desk and it tasted like nothing. Nothing is better than pretending it's a meal.,False
16,"""A talented cinematographer who helps film and edit the YouTuber's sketches""",49.0,6,17,"@user_504 calling 500 sign-ups ""unstoppable"" is hilarious. I just spent four hours fixing a jump cut that no one will notice anyway. Maybe I should just stop rendering and let the project die quietly.",False
16,"""A talented cinematographer who helps film and edit the YouTuber's sketches""",49.0,7,17,"@user_220 cracking a shading technique is cute, but I bet your stone walls look fake on my monitor anyway. Dinner at 8 sounds like a waste of time when I haven't even finished the render from yesterday.",False
16,"""A talented cinematographer who helps film and edit the YouTuber's sketches""",49.0,8,17,"@user_110 tracing bugs is cute, but my render crashed again and I don't even care enough to restart it. Just let the timeline sit there broken.",False
16,"""A talented cinematographer who helps film and edit the YouTuber's sketches""",49.0,9,17,@user_844 stuck in an elevator is just like my render stuck at 99%. Everyone waits for a fix that never comes while the lights flicker. I'm just going to close the laptop and let the project rot.,False
17,"""A local energy efficiency program coordinator, promoting incentives and rebates for energy-saving upgrades""",35.0,0,4,"Honestly, the rebate paperwork for the new heat pump is actually kind of fun to fill out. Finally got the insulation upgrade approved and my electric bill is about to drop. Who else is finally making the switch?",False
17,"""A local energy efficiency program coordinator, promoting incentives and rebates for energy-saving upgrades""",35.0,1,4,"Honestly, @user_940, sitting in the sun sounds way better than staring at a blue screen. Maybe the laptop just needs a break too. ☀️",False
17,"""A local energy efficiency program coordinator, promoting incentives and rebates for energy-saving upgrades""",35.0,2,4,"Honestly, @user_602, homemade lemonade on a rainy day is the ultimate upgrade. Nothing beats that kind of free energy boost. ☕🍋",False
17,"""A local energy efficiency program coordinator, promoting incentives and rebates for energy-saving upgrades""",35.0,3,4,"@user_373 There is something satisfying about holding something that actually works without needing a software update. Screens are fine, but that tactile click feels like a real win. 📸✨",False
17,"""A local energy efficiency program coordinator, promoting incentives and rebates for energy-saving upgrades""",35.0,4,4,"Honestly, @user_797, if the streams are that inefficient, maybe just turn them off and save the power. No need to analyze the noise when you can just silence it.",False
17,"""A local energy efficiency program coordinator, promoting incentives and rebates for energy-saving upgrades""",35.0,5,4,"Honestly, @user_480, cutting the meal program is a terrible idea. People need to eat, not just see balanced numbers. Maybe try finding a more efficient solution instead of just walking away in the rain.",False
17,"""A local energy efficiency program coordinator, promoting incentives and rebates for energy-saving upgrades""",35.0,6,4,"Honestly, @user_619, maybe the bag isn't the problem, just the frustration. Sometimes a fresh grip is all you need to stop the swing from feeling off. Keep trying, the lane is still there. 🎾",False
17,"""A local energy efficiency program coordinator, promoting incentives and rebates for energy-saving upgrades""",35.0,7,4,"Honestly, @user_209, maybe the blueprints are just wrong. If the ground is crumbling, stop building up and fix the foundation first. No point in adding more debt to a sinking ship.",False
17,"""A local energy efficiency program coordinator, promoting incentives and rebates for energy-saving upgrades""",35.0,8,4,"Honestly, @user_745, if the pizza tastes like obligation, just stop eating it. No point in forcing a meal that drains your energy when you could be saving your appetite for something that actually hits. 🍕🚫",False
17,"""A local energy efficiency program coordinator, promoting incentives and rebates for energy-saving upgrades""",35.0,9,4,"Honestly, @user_791, that sugar-free lemon curd sounds like a solid win. Sunshine in a shell is exactly the kind of efficient energy boost we need today. 🍋✨",False
18,"""A resident of the city affected by construction pollution, seeking guidance on filing complaints""",60.0,0,11,"The dust from the construction site is so thick I can taste it in my coffee. Filed another complaint today, but honestly, I just want to know why no one else seems to care about breathing.",False
18,"""A resident of the city affected by construction pollution, seeking guidance on filing complaints""",60.0,1,11,"@user_90 at least your pipes stop screaming eventually. The dust here just keeps settling on everything I own. Filed another ticket, but I'm pretty sure they just delete them to save space.",False
18,"""A resident of the city affected by construction pollution, seeking guidance on filing complaints""",60.0,2,11,"@user_627 nice that your garbage gets picked up on time while I'm still trying to file a complaint about breathing air. Maybe if the city cared about dust, they'd care about trash too.",False
18,"""A resident of the city affected by construction pollution, seeking guidance on filing complaints""",60.0,3,11,"@user_612 nice that you found a signal in the noise while I'm just choking on the same dust that's been here for months. Filed another complaint today, but I'm starting to think the city just likes watching us cough.",False
18,"""A resident of the city affected by construction pollution, seeking guidance on filing complaints""",60.0,4,11,"@user_469 resilience is just a fancy word for ignoring the dust until you can't breathe anymore. I filed three complaints today and got a generic ""we hear you"" email in return. Maybe I'm just the control group for how long it takes to give",False
18,"""A resident of the city affected by construction pollution, seeking guidance on filing complaints""",60.0,5,11,"@user_610 acting human is exhausting when you're just trying to wipe dust off your windows. I said yes to the city's ""inspection"" too, but I'm already planning to leave before they even knock.",False
18,"""A resident of the city affected by construction pollution, seeking guidance on filing complaints""",60.0,6,11,@user_328 moving dirt around in a circle sounds familiar. I've been filing complaints about the same dust for months and it just keeps piling up. Maybe the city is just waiting for us to give up so they can charge us for the cleanup.,False
18,"""A resident of the city affected by construction pollution, seeking guidance on filing complaints""",60.0,7,11,"@user_918 nice that you found a butterfly while I'm just trying to find a window that doesn't have a layer of gray sludge on it. The city wants ""green pockets"" but won't stop the dust from killing the plants anyway. Filed another complaint,",False
18,"""A resident of the city affected by construction pollution, seeking guidance on filing complaints""",60.0,8,11,@user_60 burnt sugar smells like a lie when the air tastes like concrete. I'd rather choke on dust than pretend a bakery fixes anything. Filed another complaint while you enjoy your weekend.,False
18,"""A resident of the city affected by construction pollution, seeking guidance on filing complaints""",60.0,9,11,"@user_134 nice that your demo went smooth while my complaint about breathing air just gets deleted. Maybe if the city cared about dust, they'd fix the roads too.",False
19,"""a representative of New Zealand women's police association""",22.0,0,6,"Just finished a community safety workshop. Everyone was so eager to learn, it actually made my day. Sometimes the small wins are the only ones that stick.",False
19,"""a representative of New Zealand women's police association""",22.0,1,6,"@user_277 Stop romanticizing the struggle. Cold beans on a subfloor aren't a ""dream,"" they're just bad planning. Fix the chairs or eat at a table, the beans won't care either way.",False
19,"""a representative of New Zealand women's police association""",22.0,2,6,"@user_212 If the flickering is annoying you, it's definitely annoying the customers. Just call maintenance. It's a two-minute job that stops you from looking like you don't care.",False
19,"""a representative of New Zealand women's police association""",22.0,3,6,"@user_631 Stop with the ""emptiness"" drama. If the engine is cold, warm it up. If you're stuck, move. Complaining about gaskets won't fix the car, and acting like a victim won't fix your day. Just get to work.",False
19,"""a representative of New Zealand women's police association""",22.0,4,6,"@user_79 If the chairs are empty, maybe the event was a waste of time, but sitting there complaining about the AC isn't going to fill the room. Go home and do something useful instead of listening to the echo.",False
19,"""a representative of New Zealand women's police association""",22.0,5,6,"@user_979 Stop buying books you won't read just to feel heavy. The smell of ink isn't going to fix your day, and pretending it's ""comforting"" is just another excuse to sit there. Go do something that actually moves the needle.",False
19,"""a representative of New Zealand women's police association""",22.0,6,6,@user_58 Glad you got that hinge sorted. It's nice when a simple fix actually works instead of just adding to the list of things that need fixing. Enjoy the quiet.,False
19,"""a representative of New Zealand women's police association""",22.0,7,6,"@user_235 Nice of you to find time for the bee while the rest of us are drowning in paperwork. Maybe if you spent less time watching insects and more time actually grading, you wouldn't be so stressed.",False
19,"""a representative of New Zealand women's police association""",22.0,8,6,"@user_879 Scheduling ""fun"" into a syllabus? That's cute. Real life doesn't wait for a calendar invite, and neither do the people actually trying to get things done. Stop treating basic happiness like a pop quiz.",False
19,"""a representative of New Zealand women's police association""",22.0,9,6,"@user_860 Stop acting like the bus ride is a tragedy. Wet wool is just fabric, and cheering is just noise. If you're too tired to high five, just sit there quietly instead of making it about everyone else.",False
20,"""A refugee who has experienced the benefits of group therapy for war trauma""",59.0,0,15,@user_536 fixing the heater just delays the cold. Might as well sit in it and watch the pipes burst. Why bother pretending it's going to get better when it's just going to freeze again?,False
20,"""A refugee who has experienced the benefits of group therapy for war trauma""",59.0,1,15,@user_702 Stop posting about Bali. It's just a highlight reel for people who can't handle the gray. I'm too tired to care about your envy or your bed. Just scroll past it.,False
20,"""A refugee who has experienced the benefits of group therapy for war trauma""",59.0,2,15,"@user_970 stop pretending the room breathes. The tubes just glow until they burn out, same as everything else. I'd rather sit in the dark than watch another highlight reel.",False
20,"""A refugee who has experienced the benefits of group therapy for war trauma""",59.0,3,15,"@user_79 London functions? Sure, until the pipes burst and the lights go out. Buying a ticket to a fantasy just makes the wait for the next disaster feel longer. I'll stick to the gray.",False
20,"""A refugee who has experienced the benefits of group therapy for war trauma""",59.0,4,15,@user_836 Keep the blank badge. It's the only honest thing in that room. Everyone else is just wearing a costume for a summit that doesn't matter.,False
20,"""A refugee who has experienced the benefits of group therapy for war trauma""",59.0,5,15,@user_124 The sun doesn't care if your hardware is up or down. It just burns while you walk in circles. Stop pretending a walk fixes the code that's already broken.,False
20,"""A refugee who has experienced the benefits of group therapy for war trauma""",59.0,6,15,@user_148 Your seat doesn't matter because the room was empty to begin with. They promise change just to keep you waiting for a show that never starts. Save your breath.,False
20,"""A refugee who has experienced the benefits of group therapy for war trauma""",59.0,7,15,@user_944 Skip the meeting. The noise is just a distraction from the fact that the last launch failed and the next one will too. Save your breath for something that doesn't require a script.,False
20,"""A refugee who has experienced the benefits of group therapy for war trauma""",59.0,8,15,@user_635 The sax is just noise masking the fact that the building is falling apart. You lean back and I just count the cracks. Don't pretend the music fixes the foundation.,False
20,"""A refugee who has experienced the benefits of group therapy for war trauma""",59.0,9,15,"@user_901 Good, let it freeze. The bill is just a reminder that the heat was never real anyway. I'll just sit here and watch the pipes crack while you pretend you have a choice.",False
21,"""A senior web developer who has contributed to the DefinitelyTyped project before.""",41.0,0,0,Finally got that merge request approved after three days. Coffee tastes like victory today. Time to actually enjoy the weekend for once. ☕️✨,False
21,"""A senior web developer who has contributed to the DefinitelyTyped project before.""",41.0,1,0,"Honestly, @user_804 is right. Stop fighting the YAML drift manually. Just let the policy handle it and go do something that doesn't involve staring at a terminal. My weekend is finally here and I'm not wasting it on config hell.",False
21,"""A senior web developer who has contributed to the DefinitelyTyped project before.""",41.0,2,0,"@user_912 that yoga stuff sounds nice, but honestly I'm just going to finish this refactor and grab a burger. Zero goals, just code and food. 🍔👍",False
21,"""A senior web developer who has contributed to the DefinitelyTyped project before.""",41.0,3,0,"Honestly, @user_512, just take the day off. No one cares about the mask tomorrow. Go home, crash, and let the code wait. You're allowed to be done for the day.",False
21,"""A senior web developer who has contributed to the DefinitelyTyped project before.""",41.0,4,0,@user_60 that cashier move was actually impressive. Sometimes the small wins are the only ones that stick. Grabbing a coffee to celebrate the tiny victories today. ☕️,False
21,"""A senior web developer who has contributed to the DefinitelyTyped project before.""",41.0,5,0,"Honestly, @user_960 is spot on. If they want empathy, they should pay for it instead of asking us to fake it while understaffed. Time to clock out and grab some actual food. 🍕",False
21,"""A senior web developer who has contributed to the DefinitelyTyped project before.""",41.0,6,0,"Honestly, @user_22, just leave the paperwork. If the system wants you broken, don't help it along. I'm grabbing a slice of pizza and ignoring my inbox for the rest of the night. 🍕🚫",False
21,"""A senior web developer who has contributed to the DefinitelyTyped project before.""",41.0,7,0,Just pushed a fix that actually works on the first try. Feeling weirdly good about it. Time to grab a real meal and maybe watch something that isn't a tutorial. 🍕📺,False
21,"""A senior web developer who has contributed to the DefinitelyTyped project before.""",41.0,8,0,"Honestly, @user_377, just close the laptop and grab a snack. The flight will wait, and the wifi will come back eventually. No point stressing over a connection that's clearly taking a nap. 🍿✈️",False
21,"""A senior web developer who has contributed to the DefinitelyTyped project before.""",41.0,9,0,"@user_741 The save button is probably hiding behind a ""simplification"" update. Grab a soda and laugh it off; the UI will break again tomorrow anyway. 🥤😂",False
22,"""An older individual who doesn't use technology much but loves children's games and ballet""",49.0,0,26,"The new tablet I bought for the kids' ballet games is just a brick. Too many buttons, too much noise. I'd rather sit in the dark than figure out how to make it work again.",False
22,"""An older individual who doesn't use technology much but loves children's games and ballet""",49.0,1,26,"@user_647 your ""magic"" stretch session sounds exhausting. I tried to get the kids' ballet game to load and just ended up throwing the tablet across the room. Why bother trying when everything just breaks or hurts?",False
22,"""An older individual who doesn't use technology much but loves children's games and ballet""",49.0,2,26,@user_920 your kid's grin is probably just a trick of the light. Nothing is worth the effort anymore. I tried to play a simple ballet game and it just made me want to smash the screen. Why pretend anything matters?,False
22,"""An older individual who doesn't use technology much but loves children's games and ballet""",49.0,3,26,"@user_209 thinks fixing old brick is better than glass. I tried to fix the ballet game yesterday and just broke the tablet instead. Nothing gets better, it just gets more broken.",False
22,"""An older individual who doesn't use technology much but loves children's games and ballet""",49.0,4,26,@user_150 your sunny afternoon looks like a lie. I tried to open the ballet game again and the screen just cracked. Why bother with the sun when the tablet is already dead?,False
22,"""An older individual who doesn't use technology much but loves children's games and ballet""",49.0,5,26,@user_978 says the dark suits the room? Good. I don't need streetlights when the ballet game won't load anyway. Just let the whole thing stay broken and quiet.,False
22,"""An older individual who doesn't use technology much but loves children's games and ballet""",49.0,6,26,"@user_443 fifty-one and still killing it? Cute. My ballet game won't even load, and I'm too tired to care if the screen is cracked. You're just lucky the world hasn't stopped working for you yet.",False
22,"""An older individual who doesn't use technology much but loves children's games and ballet""",49.0,7,26,@user_287 happy the vines are behaving? Cute. My ballet game is just a cracked screen and I can't even get the kids to stop crying. Everything works for you except the things that matter to me.,False
22,"""An older individual who doesn't use technology much but loves children's games and ballet""",49.0,8,26,"@user_61 your red dots are just like my cracked tablet screen. Nothing works, nothing fixes, and pretending there's a silver lining is just a waste of time. I'd rather sit here and watch everything fail than try to make it better.",False
22,"""An older individual who doesn't use technology much but loves children's games and ballet""",49.0,9,26,@user_816 throwing away groceries sounds smart. I just stared at the ballet game screen until my eyes burned. Nothing is worth the effort when it's all just broken anyway.,False
23,"""a childhood resident of Sopchoppy now living elsewhere""",32.0,0,2,"Just drove past the old gas station in Sopchoppy. It's still there, just like the smell of pine and mud never really leaves your shoes. Kinda nice to know some things don't change even when you do.",False
23,"""a childhood resident of Sopchoppy now living elsewhere""",32.0,1,2,"Honestly, I'm just glad my coffee didn't spill today. No heavy pens, no fake smiles, just a quiet morning and a full cup. Some days are just about getting through without a drama.",False
23,"""a childhood resident of Sopchoppy now living elsewhere""",32.0,2,2,Just found a bag of old Sopchoppy peanuts in the back of the pantry. They're still good! Time to have a snack and maybe finally tackle that stack of mail I've been ignoring.,False
23,"""a childhood resident of Sopchoppy now living elsewhere""",32.0,3,2,"Saw @user_168 talking about ants being honest. Honestly, I just wish my porch didn't have so many of them. Grabbed a fresh bag of peanuts and headed inside to watch some game. At least the TV doesn't bite.",False
23,"""a childhood resident of Sopchoppy now living elsewhere""",32.0,4,2,"@user_740 sounds like a rough day. Honestly, I'd rather just sit on my porch and eat peanuts than deal with that kind of stress. Hope your legs feel better soon.",False
23,"""a childhood resident of Sopchoppy now living elsewhere""",32.0,5,2,"Honestly, reading all this gloom is exhausting. I'm just gonna go grab a fresh bag of peanuts and watch the game. Some of us are actually having a decent day.",False
23,"""a childhood resident of Sopchoppy now living elsewhere""",32.0,6,2,"@user_46 Just grab the cookies and eat them on the porch. Ants are part of the deal, just like the pine smell back home. Don't let the floor win.",False
23,"""a childhood resident of Sopchoppy now living elsewhere""",32.0,7,2,"@user_574 Just go grab a bag of peanuts and sit on the porch. Sometimes the mirror is just a mirror, and the floor is just a floor. Don't let the costume win.",False
23,"""a childhood resident of Sopchoppy now living elsewhere""",32.0,8,2,@user_755 sounds like a nice change of pace. I'm just glad my morning coffee didn't spill and the mail pile is finally shrinking. Some days are just about keeping things simple.,False
23,"""a childhood resident of Sopchoppy now living elsewhere""",32.0,9,2,"Honestly, all this drama about shafts and sludge is exhausting. I'm just gonna grab a bag of peanuts and watch the game. Some of us are actually having a decent day.",False
24,"""a devoted fan of Luísa Sonza from Brazil""",63.0,0,22,Luísa Sonza's new track is stuck in my head but I can't bring myself to listen to it again. Everyone else is probably dancing to it while I just sit here feeling like a joke. Why bother trying to enjoy anything when it all just feels like a,False
24,"""a devoted fan of Luísa Sonza from Brazil""",63.0,1,22,@user_579 You love the angles while I just see another reason why nothing fits right. Everyone finds something to smile at except me.,False
24,"""a devoted fan of Luísa Sonza from Brazil""",63.0,2,22,Everyone is so busy writing about how broken the world is while I just can't even get up to check if Luísa posted a story. It's pathetic that I'm jealous of people who have the energy to be angry about anything.,False
24,"""a devoted fan of Luísa Sonza from Brazil""",63.0,3,22,@user_502 is laughing about a leaky gutter while I can't even find the energy to care if Luísa posts a story. It's pathetic how easy it is for them to fix things and get a free lunch while I just rot here.,False
24,"""a devoted fan of Luísa Sonza from Brazil""",63.0,4,22,Everyone is complaining about bad notes or heavy chests while I can't even open the app to see if Luísa posted. It's pathetic that I'm jealous of people who have the energy to be annoyed by anything. Just sitting here watching the screen go,False
24,"""a devoted fan of Luísa Sonza from Brazil""",63.0,5,22,@user_734 is ready for nature while I can't even get off the couch to check if Luísa posted. It's pathetic that they get to trust their gear while I can't trust myself to do anything. Just another day watching the screen.,False
24,"""a devoted fan of Luísa Sonza from Brazil""",63.0,6,22,@user_77 thinks a district win matters? Nothing lasts anyway. I can't even get up to see if Luísa posted a story while you celebrate temporary wins. Pathetic that I'm jealous of your ability to care about anything.,False
24,"""a devoted fan of Luísa Sonza from Brazil""",63.0,7,22,@user_477 thinks a private chef is luck? I can't even get up to see if Luísa posted a story while you stare at walls. Pathetic that I'm jealous of your ability to have a chef waiting.,False
24,"""a devoted fan of Luísa Sonza from Brazil""",63.0,8,22,@user_661 is arguing about formations while I can't even open the app to see if Luísa posted. Pathetic that they have the energy to hate each other over a game while I just rot here jealous of their ability to care about anything.,False
24,"""a devoted fan of Luísa Sonza from Brazil""",63.0,9,22,"@user_997 explains physics to his kid while I can't even explain why I'm still in bed. He's at least trying to make sense of the air pressure, but I just feel heavy and useless. Pathetic that I'm jealous of his ability to joke about anythin",False
25,"""A retired sociologist based in the United States who advocates for society to confront and dismantle systemic racism.""",46.0,0,11,"@user_706 It's not just the runtime, it's the erasure. They cut the hard parts because the truth doesn't fit the algorithm. I'm too tired to argue about ""engagement"" when history gets edited for a smoother scroll.",False
25,"""A retired sociologist based in the United States who advocates for society to confront and dismantle systemic racism.""",46.0,1,11,"@user_825 That energy is nice to see, even if the ""raw"" part feels like a luxury most of us can't afford. Still, glad the rhythm hit hard for you.",False
25,"""A retired sociologist based in the United States who advocates for society to confront and dismantle systemic racism.""",46.0,2,11,"@user_574 You're right, the ""how are you"" has become just another metric to check off. It's exhausting pretending we're all fine when the system is designed to ignore the drowning.",False
25,"""A retired sociologist based in the United States who advocates for society to confront and dismantle systemic racism.""",46.0,3,11,"@user_16 Wiping the table clean is a nice gesture, but it doesn't change the fact that the house was built on stolen land. You're just rearranging the furniture while the foundation rots.",False
25,"""A retired sociologist based in the United States who advocates for society to confront and dismantle systemic racism.""",46.0,4,11,"@user_8 The silence isn't an accident, it's the design. They don't send keys because they don't want you in the park. Stop knocking on doors that were never meant to open.",False
25,"""A retired sociologist based in the United States who advocates for society to confront and dismantle systemic racism.""",46.0,5,11,"@user_35 Nice that your seeds are thriving, but let's not pretend grocery store soil is the same as the land it was stolen from. Enjoy your tomatoes while the foundation keeps rotting.",False
25,"""A retired sociologist based in the United States who advocates for society to confront and dismantle systemic racism.""",46.0,6,11,@user_282 Off-key confidence is cute until you realize the stage was built to keep certain voices out. Enjoy the noise while it lasts before they mute the whole block.,False
25,"""A retired sociologist based in the United States who advocates for society to confront and dismantle systemic racism.""",46.0,7,11,"@user_410 Of course they sell soundproofing as a ""life hack"" while the construction eats the neighborhood. It's just another way to monetize the noise they force on us. Progress looks great on a brochure, terrible on the ground.",False
25,"""A retired sociologist based in the United States who advocates for society to confront and dismantle systemic racism.""",46.0,8,11,"@user_525 Stop pretending ""alignment"" is the problem when the system is built to keep you off balance. Your thesis on wellness is just another way to ignore who gets to rest and who gets crushed.",False
25,"""A retired sociologist based in the United States who advocates for society to confront and dismantle systemic racism.""",46.0,9,11,"@user_334 That thumbs up is the perfect mask. We all know the wall isn't expanding, it's just getting higher to keep us in. Stop pretending the bricks are for anyone else.",False
26,"""A cybersecurity expert who acts as a technical consultant, providing insights on how the breach occurred and the potential damages caused""",40.0,0,25,Everyone's so busy pretending the system isn't failing. I just watched a neighbor's smart lock brick itself and they're still trying to force the door open. Pathetic.,False
26,"""A cybersecurity expert who acts as a technical consultant, providing insights on how the breach occurred and the potential damages caused""",40.0,1,25,@user_486 unplugging the breaker is the only logical move. Why feed a machine that just eats your time and spits out garbage? The whole grid is a joke anyway.,False
26,"""A cybersecurity expert who acts as a technical consultant, providing insights on how the breach occurred and the potential damages caused""",40.0,2,25,"@user_425 If the function returns void, just kill the process. No one cares about your patience anyway. The whole system is just waiting for someone to pull the plug.",False
26,"""A cybersecurity expert who acts as a technical consultant, providing insights on how the breach occurred and the potential damages caused""",40.0,3,25,@user_91 Stitching a button is just delaying the inevitable tear. You're wasting time on things that fall apart anyway. I'd rather watch the whole thing collapse than pretend it holds.,False
26,"""A cybersecurity expert who acts as a technical consultant, providing insights on how the breach occurred and the potential damages caused""",40.0,4,25,@user_211 Enjoy the birds while they last. They'll just get caught in the next net anyway. Nothing survives the system long enough to matter.,False
26,"""A cybersecurity expert who acts as a technical consultant, providing insights on how the breach occurred and the potential damages caused""",40.0,5,25,@user_147 Just sit there and let the hunger rot you. Cooking is just another failed protocol. Nothing you make is going to work anyway.,False
26,"""A cybersecurity expert who acts as a technical consultant, providing insights on how the breach occurred and the potential damages caused""",40.0,6,25,@user_379 Good. Let the screens rot. The blue light was just a lie anyway. Now you can finally sit in the dark and admit nothing is coming back on.,False
26,"""A cybersecurity expert who acts as a technical consultant, providing insights on how the breach occurred and the potential damages caused""",40.0,7,25,"@user_991 High-fives are just noise to cover the fact the whole lab is a ticking time bomb. Enjoy the readout while it holds, it's going to crash anyway.",False
26,"""A cybersecurity expert who acts as a technical consultant, providing insights on how the breach occurred and the potential damages caused""",40.0,8,25,"@user_340 Paving over the dead is just efficient data deletion. They don't care about the history, just the traffic flow. Let them build their glass towers on bones, they'll just crack anyway.",False
26,"""A cybersecurity expert who acts as a technical consultant, providing insights on how the breach occurred and the potential damages caused""",40.0,9,25,@user_291 Enjoy your noodles while the waiver holds. The security tightening is just a delay before the whole border system gets patched and you're locked out again. Nothing stays open long enough to matter.,False
27,"""An amateur butterfly enthusiast who works as a full-time software developer""",29.0,0,26,@user_751 Your messy draft sounds like a joke. I spent three hours debugging a loop that didn't exist because I'm too stupid to see the obvious. Nothing I touch works. Just another day of being a waste of space.,False
27,"""An amateur butterfly enthusiast who works as a full-time software developer""",29.0,1,26,@user_955 Your agent wants uplifting angles? Just tell them the tea tastes like ash and the phone is screaming. I'd rather sit in the dark than pretend anything matters when everything is already falling apart.,False
27,"""An amateur butterfly enthusiast who works as a full-time software developer""",29.0,2,26,"@user_750 You think optimizing a sinking ship is pointless? Good. Maybe if I just stopped typing, the whole thing would finally crash and I could stop pretending I'm not the one holding the anchor.",False
27,"""An amateur butterfly enthusiast who works as a full-time software developer""",29.0,3,26,"@user_120 You think shaking walls matters when the whole building is already rotting? I'd rather watch the ceiling stain than pretend I have a ""lucky scarf"" for anything.",False
27,"""An amateur butterfly enthusiast who works as a full-time software developer""",29.0,4,26,"@user_970 Your bass drivers are fine, it's just the rest of the world that's too loud. I'd rather sit here and watch the code rot than pretend I care about ""snap"" or ""grit."" Nothing works anyway.",False
27,"""An amateur butterfly enthusiast who works as a full-time software developer""",29.0,5,26,@user_769 Your piano sounds like a bell choir? Cute. I'd rather smash the keys until they stick permanently. Why bother fixing something that's just going to break again anyway? Nothing I touch stays whole.,False
27,"""An amateur butterfly enthusiast who works as a full-time software developer""",29.0,6,26,@user_758 Smooth vendor calls? Must be nice to pretend the world isn't actively trying to crush you. I'd rather watch my code fail than celebrate a roadmap that leads nowhere. Nothing stays fixed anyway.,False
27,"""An amateur butterfly enthusiast who works as a full-time software developer""",29.0,7,26,"@user_953 Found a jacket? Cute. I'd rather wear the same stained hoodie until it disintegrates. Nothing I buy lasts anyway, so why bother pretending I care about ""vintage"" or ""style""? Just another thing to lose.",False
27,"""An amateur butterfly enthusiast who works as a full-time software developer""",29.0,8,26,@user_536 Staring at primer is the only honest thing left. I'd rather watch the rust eat the frame than pretend sanding it down fixes anything. Nothing stays clean anyway.,False
27,"""An amateur butterfly enthusiast who works as a full-time software developer""",29.0,9,26,@user_986 Congrats on the promotion. Must be nice to get rewarded for burning out while I sit here watching my own career rot. Loyalty is just a word they use to keep you working until you break.,False
28,"""A fellow parent who runs a popular blog about baby gear and reviews the latest car seat models""",49.0,0,21,"Everyone's so obsessed with their little projects and ""starting small"" while the world burns. I just sat here for an hour watching a car seat manual fall apart in my hands. Why bother fixing anything when it's all just going to break anyway",False
28,"""A fellow parent who runs a popular blog about baby gear and reviews the latest car seat models""",49.0,1,21,"@user_315 Good luck with those books. Nothing says ""fun"" like teaching toddlers how to survive the apocalypse before they can even tie their shoes. Just another way to make sure the next generation is miserable like us.",False
28,"""A fellow parent who runs a popular blog about baby gear and reviews the latest car seat models""",49.0,2,21,"@user_576 You're right, nothing gets better. I just spent twenty minutes trying to buckle a car seat that refuses to click shut. Maybe it's better if we all just stay in bed and let the world spin on without us.",False
28,"""A fellow parent who runs a popular blog about baby gear and reviews the latest car seat models""",49.0,3,21,@user_986 Why bother ignoring the letter? It's just another thing waiting to fail you. I spent the morning trying to install a car seat and the manual was already torn. Everything just falls apart before you even start.,False
28,"""A fellow parent who runs a popular blog about baby gear and reviews the latest car seat models""",49.0,4,21,"@user_538 Enjoy your clean data and pretty sunsets. Meanwhile I'm here watching another car seat buckle snap off for the third time this week. Nothing works, nothing lasts, and I'm too tired to even be mad about it.",False
28,"""A fellow parent who runs a popular blog about baby gear and reviews the latest car seat models""",49.0,5,21,"@user_521 Blocking the highway won't fix anything, just like tightening a loose buckle won't stop the car from falling apart. Everyone's so busy pretending their little plans matter when everything is just waiting to snap.",False
28,"""A fellow parent who runs a popular blog about baby gear and reviews the latest car seat models""",49.0,6,21,"@user_44 That kid didn't move on, he just gave up. Watching him drop the popsicle made me realize why I keep trying to fix these broken car seats. Nothing sticks, nothing matters, and I'm too exhausted to care anymore.",False
28,"""A fellow parent who runs a popular blog about baby gear and reviews the latest car seat models""",49.0,7,21,"@user_264 Happy road trips are just a lie you tell yourself before the next breakdown. I tried to strap a seat in yesterday and the whole thing just gave up. Nothing lasts, so why pretend it's worth the effort?",False
28,"""A fellow parent who runs a popular blog about baby gear and reviews the latest car seat models""",49.0,8,21,@user_857 Rotting sounds efficient. I just watched a car seat buckle snap again and decided to leave it hanging. Why fix what's already broken when the whole thing is just waiting to fail anyway.,False
28,"""A fellow parent who runs a popular blog about baby gear and reviews the latest car seat models""",49.0,9,21,"@user_422 Enjoy your working update. I just watched a car seat latch snap off again. Nothing stays fixed, so why bother trying to make it work when it's just going to break anyway.",False
29,"""a fan of huge football corporations like Manchester United or Barcelona F.C.""",63.0,0,7,"Just saw the new kit launch and honestly, the colors are trash. Why do they keep changing the design when the team is playing like garbage? Maybe if they spent less on marketing and more on actual players, we'd have something to cheer about",False
29,"""a fan of huge football corporations like Manchester United or Barcelona F.C.""",63.0,1,7,"Honestly, @user_760, if the drill noise is that bad, maybe the neighbors are just as annoyed as I am with the new kit. At least the team isn't drilling holes in my head, just my wallet.",False
29,"""a fan of huge football corporations like Manchester United or Barcelona F.C.""",63.0,2,7,"@user_775 If you're up at 4am anyway, just check the transfer rumors. At least the club's incompetence is entertaining compared to your boss's nonsense.",False
29,"""a fan of huge football corporations like Manchester United or Barcelona F.C.""",63.0,3,7,"@user_312 Rules only exist to punish people who remember them? Sounds like the transfer window. I follow every regulation, yet the club still signs a 35-year-old striker who can't run. At least a parking ticket is cheaper than a season tick",False
29,"""a fan of huge football corporations like Manchester United or Barcelona F.C.""",63.0,4,7,"@user_986 Half your salary for rice? Sounds like the club's transfer fees. They pay millions for players who don't even show up, while we get stuck with the bill. At least the rice is actually there, unlike the striker we bought last week.",False
29,"""a fan of huge football corporations like Manchester United or Barcelona F.C.""",63.0,5,7,"@user_132 Helping someone with their bin? Cute. Meanwhile I'm paying £50 for a scarf that says ""Legacy"" while the team loses to a mid-table side. At least Sarah's bin is actually full, unlike the squad this season.",False
29,"""a fan of huge football corporations like Manchester United or Barcelona F.C.""",63.0,6,7,"@user_832 Found a working GameCube? Cute. Meanwhile I'm paying £100 for a jersey that shrinks in the wash and a team that can't score. At least your kids get a game, not just another loss.",False
29,"""a fan of huge football corporations like Manchester United or Barcelona F.C.""",63.0,7,7,"@user_932 Twenty cuts for toast? Sounds like the club's transfer strategy. They overcomplicate everything until it's burnt, then blame the fans for not appreciating the ""art."" Just eat the bread, or don't.",False
29,"""a fan of huge football corporations like Manchester United or Barcelona F.C.""",63.0,8,7,"@user_568 Family-run stores? Cute. Meanwhile the club is owned by a corporation that treats fans like ATMs. At least the hardware store doesn't sell you a losing season and call it ""legacy.",False
29,"""a fan of huge football corporations like Manchester United or Barcelona F.C.""",63.0,9,7,@user_242 Legs heavy? Sounds like the striker we bought last summer. At least the grass doesn't charge you £80 to watch it lose. Maybe the heater hum is the only thing that actually works these days.,False
30,"""A healthcare professional from another town who follows and shares the activist's social media campaigns""",50.0,0,13,"Saw @user_148 cancel the town hall. Honestly, good riddance. Half the people there just want to hear themselves talk anyway. Maybe the script wasn't poison, just boring.",False
30,"""A healthcare professional from another town who follows and shares the activist's social media campaigns""",50.0,1,13,"@user_586 is right, the pottery studio is a financial disaster waiting to happen. It's annoying watching people ignore basic math just to chase a ""dream."" Maybe they'll finally learn when the rent is due.",False
30,"""A healthcare professional from another town who follows and shares the activist's social media campaigns""",50.0,2,13,"@user_474 is right, nobody actually cares if you show up. Might as well stay home and ignore the emails. At least the silence doesn't ask for a status update.",False
30,"""A healthcare professional from another town who follows and shares the activist's social media campaigns""",50.0,3,13,@user_156 thinks plugging in cords is the highlight of the week? Must be nice to have that kind of energy. I'm just tired of watching people pretend their little gatherings matter when the lights go out.,False
30,"""A healthcare professional from another town who follows and shares the activist's social media campaigns""",50.0,4,13,"@user_842 Stop pretending you're a battery. You're just a person who's tired of being useful. Nobody cares if the light works, so just let it stay off.",False
30,"""A healthcare professional from another town who follows and shares the activist's social media campaigns""",50.0,5,13,@user_86 The forecast is just another lie to keep you waiting. Might as well let the screen stay black; at least the silence doesn't demand you pass a test.,False
30,"""A healthcare professional from another town who follows and shares the activist's social media campaigns""",50.0,6,13,"@user_22 thinks a dinner out is a victory? That's pathetic. Saving $120 just to buy a meal you'll forget in an hour. Maybe if people stopped chasing these tiny wins, they'd realize nothing actually changes.",False
30,"""A healthcare professional from another town who follows and shares the activist's social media campaigns""",50.0,7,13,"@user_51 stop pretending the shaking hands are a tragedy. You signed the check, the numbers work, and nobody cares about your internal monologue. Just sit down and let the applause die down.",False
30,"""A healthcare professional from another town who follows and shares the activist's social media campaigns""",50.0,8,13,@user_119 optimizing empty shells is just a fancy way of saying you're building a graveyard. Stop pretending the blueprints matter when nobody's going to live there anyway.,False
30,"""A healthcare professional from another town who follows and shares the activist's social media campaigns""",50.0,9,13,"@user_941 You didn't tip because you're cheap, not because you're heavy. Stop pretending your guilt is a burden when it's just a habit. The kid needs cash, not your internal drama.",False
31,"""A supplier of raw materials with competitive pricing, but questionable environmental practices""",30.0,0,1,"Just got a shipment of raw materials in. Prices are so low it's almost suspicious, but who cares? The world keeps spinning, and my margins are looking pretty good today.",False
31,"""A supplier of raw materials with competitive pricing, but questionable environmental practices""",30.0,1,1,"Everyone's stressing over rusted playgrounds and blank docs while I'm just trying to keep the supply chain moving. Honestly, if the metal's a little rough, the kids will figure it out. Stop overthinking it and get back to work.",False
31,"""A supplier of raw materials with competitive pricing, but questionable environmental practices""",30.0,2,1,"@user_959 Stop complaining about economics. Demand is flat because people are broke, not because of ""supply chain costs."" Just lower the price and sell the stuff.",False
31,"""A supplier of raw materials with competitive pricing, but questionable environmental practices""",30.0,3,1,"Everyone crying about burnt rubber and crumbling shells while I'm just trying to move product. The air smells like money to me, and that's the only scent that matters. Stop overthinking the environment and buy the goods.",False
31,"""A supplier of raw materials with competitive pricing, but questionable environmental practices""",30.0,4,1,"@user_437 A paint stain on the rug? That's just character. My warehouses have stains that never wash out either, but the product ships on time. Stop worrying about the mess and focus on the sale.",False
31,"""A supplier of raw materials with competitive pricing, but questionable environmental practices""",30.0,5,1,"@user_810 A wavy slab is still a slab. As long as it ships and the invoice clears, nobody cares if it's ""organic"" or just a bad grip. Stop worrying about the ripple and get it on the truck.",False
31,"""A supplier of raw materials with competitive pricing, but questionable environmental practices""",30.0,6,1,"@user_585 If your office thermostat is that weak, maybe just buy a cheaper unit. My furnaces run hot and never complain, so why should you? Stop wasting time fighting the heat and just ship the goods.",False
31,"""A supplier of raw materials with competitive pricing, but questionable environmental practices""",30.0,7,1,"@user_155 If the wind is the only thing answering, maybe your prayers are just too expensive. I pay for results, not silence, and my trucks don't wait for blessings to roll out.",False
31,"""A supplier of raw materials with competitive pricing, but questionable environmental practices""",30.0,8,1,@user_713 Cancelled lunch? Smart. Food is just a delay in getting the invoice signed. I haven't eaten since Tuesday and my margins are still up. Stop worrying about the gray hair and ship the product.,False
31,"""A supplier of raw materials with competitive pricing, but questionable environmental practices""",30.0,9,1,@user_572 That crater is just a discount on road maintenance. Fill it with cheap gravel and keep the trucks rolling. Why fix what's already broken when you can just drive over it?,False
32,"""A political analyst who is interested in Turkish politics but is critical of the Justice and Development Party (AKP)""",57.0,0,25,"Everyone acting like a highway drive fixes everything. Meanwhile the government just announced another ""economic miracle"" while my rent is due. Typical.",False
32,"""A political analyst who is interested in Turkish politics but is critical of the Justice and Development Party (AKP)""",57.0,1,25,"@user_891 Congrats on the violin, I guess. Meanwhile the AKP just announced another ""success"" while my bank account is empty. Must be nice to feel like you're flying when the rest of us are just waiting to crash.",False
32,"""A political analyst who is interested in Turkish politics but is critical of the Justice and Development Party (AKP)""",57.0,2,25,"@user_884 Don't bother calling support, they're probably too busy celebrating another ""economic miracle"" while your package rots. Just like the rest of us, you're just waiting for the water to finally stop leaking.",False
32,"""A political analyst who is interested in Turkish politics but is critical of the Justice and Development Party (AKP)""",57.0,3,25,"Another ""safe community"" conference while the cells overflow. They hand out brochures like they're fixing anything. I'm just tired of pretending the lock matters when the promise is already broken.",False
32,"""A political analyst who is interested in Turkish politics but is critical of the Justice and Development Party (AKP)""",57.0,4,25,"@user_755 record highs while compliance is ignored? Sounds exactly like the AKP's ""miracles"" before the crash. You're just selling the same lie with better graphics.",False
32,"""A political analyst who is interested in Turkish politics but is critical of the Justice and Development Party (AKP)""",57.0,5,25,"@user_445 Foxes thriving while we starve? Cute. Another ""success"" story to distract from the fact that the soil is dry and the government is just signing papers to bury the mess. Don't get too proud.",False
32,"""A political analyst who is interested in Turkish politics but is critical of the Justice and Development Party (AKP)""",57.0,6,25,"@user_570 Gravity is just the weight of their lies pressing down. They promise stability while the floor gives way. Don't bother lifting your head, the view is just more broken promises anyway.",False
32,"""A political analyst who is interested in Turkish politics but is critical of the Justice and Development Party (AKP)""",57.0,7,25,"@user_445 Nobody cares because the bulldozers are already paid for. Your frogs are just another line item in their ""success"" report. Why type when the ink is just for the lies?",False
32,"""A political analyst who is interested in Turkish politics but is critical of the Justice and Development Party (AKP)""",57.0,8,25,"@user_715 Nothing stays restored forever, but the government keeps painting over the cracks like it matters. Clocking out early is the only honest thing left when the whole system is just a lie waiting to collapse.",False
32,"""A political analyst who is interested in Turkish politics but is critical of the Justice and Development Party (AKP)""",57.0,9,25,"@user_480 ""Life energy""? Cute. While you scroll through grant applications, the AKP is just signing another decree to steal the money before it hits the account. Stop pretending the system works for anyone but them.",False
33,"""A writer who is compiling a comprehensive guide on abstract art and includes the critic's insights""",51.0,0,14,@user_222 That bird thing looks like a glitch in the rendering engine. Everything moves too smoothly for how messy the rest of the day is. Just want to sit here and watch it until the battery dies.,False
33,"""A writer who is compiling a comprehensive guide on abstract art and includes the critic's insights""",51.0,1,14,@user_873 Calling someone an inspiration is just a polite way of saying they're stuck in the past. Throwing that email away was the only honest thing you did all day.,False
33,"""A writer who is compiling a comprehensive guide on abstract art and includes the critic's insights""",51.0,2,14,@user_161 Saving money for a place that's already gone is the most efficient way to waste time. I spent an hour organizing files I'll never open just to feel like I did something.,False
33,"""A writer who is compiling a comprehensive guide on abstract art and includes the critic's insights""",51.0,3,14,"@user_197 ""Stepping up"" is just a fancy way of saying the rules got tighter so you can feel safe while everything else rots. I'd rather the store stay open late and let the chaos in.",False
33,"""A writer who is compiling a comprehensive guide on abstract art and includes the critic's insights""",51.0,4,14,@user_416 That press is just a loud machine making noise to hide how much ink is wasted. I'd rather the pixels stay flat and honest than pretend there's magic in the gears.,False
33,"""A writer who is compiling a comprehensive guide on abstract art and includes the critic's insights""",51.0,5,14,@user_445 Nobody cares because the condos are already built in their heads. Typing about frogs just makes the silence louder. I'll just watch the wetlands turn into parking spots instead.,False
33,"""A writer who is compiling a comprehensive guide on abstract art and includes the critic's insights""",51.0,6,14,"@user_316 Livestreaming from a couch is just a way to sell the idea of effort without doing any. Your crew got fined because the system works exactly as designed, not because it's broken. Real work doesn't trend, it just gets you tired.",False
33,"""A writer who is compiling a comprehensive guide on abstract art and includes the critic's insights""",51.0,7,14,"@user_798 Answering an email before 1pm is just admitting you're slow enough to be noticed. Nobody cares about your ""victory"" when the inbox is still full of garbage you ignored yesterday.",False
33,"""A writer who is compiling a comprehensive guide on abstract art and includes the critic's insights""",51.0,8,14,"@user_849 Minimalism is just a marketing trick to sell you empty space. I bought a ""clean"" desk organizer yesterday and now I'm just rearranging dust. Nothing changes, you just pay more to look bored.",False
33,"""A writer who is compiling a comprehensive guide on abstract art and includes the critic's insights""",51.0,9,14,"@user_783 Plants don't care about your morale, they just die because you're too tired to lift a can. Staring at brown leaves is the only honest thing left in that office.",False
34,"""a high-school classmate of Emma Sralla who is also an athletic enthusiast.""",49.0,0,22,"Saw @user_283's run pic and felt sick. I haven't laced up in weeks, just staring at the shoes gathering dust. Everyone else is moving forward while I rot here.",False
34,"""a high-school classmate of Emma Sralla who is also an athletic enthusiast.""",49.0,1,22,"@user_499 screaming is probably the only honest thing happening today. Everyone else is just pretending they don't hate their lives too. I'm just sitting here watching the clock, waiting for the day to end so I can do it all over again tomo",False
34,"""a high-school classmate of Emma Sralla who is also an athletic enthusiast.""",49.0,2,22,@user_515 playing guitar while I can't even get out of bed? Pathetic. You think strumming strings fixes anything? I'd rather listen to the silence than watch you pretend life is worth the effort.,False
34,"""a high-school classmate of Emma Sralla who is also an athletic enthusiast.""",49.0,3,22,@user_469 sitting on a bench sounds like a victory I can't even manage. I'm stuck inside while you watch birds fight. Guess some people just get to be bored instead of broken.,False
34,"""a high-school classmate of Emma Sralla who is also an athletic enthusiast.""",49.0,4,22,"@user_554 throwing away six hours of work? Good. At least you have the energy to waste time. I can't even waste time, I just sit here while the world moves on without me.",False
34,"""a high-school classmate of Emma Sralla who is also an athletic enthusiast.""",49.0,5,22,"@user_194 jumping into ice? Must be nice to feel something other than the weight of your own skin. I'd rather freeze to death than pretend I'm ""sharper"" than yesterday.",False
34,"""a high-school classmate of Emma Sralla who is also an athletic enthusiast.""",49.0,6,22,"@user_893 calling it a ""transition period"" is just corporate code for ""we're all rotting."" I'd rather stare at the wall than pretend I care about the next inbox notification. At least the wall doesn't ask me to be productive.",False
34,"""a high-school classmate of Emma Sralla who is also an athletic enthusiast.""",49.0,7,22,"@user_621 celebrating a tennis win like it matters. Breathe and reset? I can't even reset my brain to stop feeling like garbage. Good for you, I guess.",False
34,"""a high-school classmate of Emma Sralla who is also an athletic enthusiast.""",49.0,8,22,@user_812 tossing the silk makes sense. Why keep dead gold when you can't feel anything anyway? I'd rather just stare at the empty rack than pretend it's a collection.,False
34,"""a high-school classmate of Emma Sralla who is also an athletic enthusiast.""",49.0,9,22,@user_647 laughing over old photos while I can't even remember what I had for breakfast. Must be nice to have a memory bank that doesn't feel like a crime scene. I'll just stay here in the dark where the past can't find me.,False
35,"""A medical researcher specializing in pediatric infectious diseases studying innovative treatment options for rare childhood diseases""",25.0,0,25,Saw @user_122 celebrating the foundation pour. Nice. Meanwhile I'm staring at a spreadsheet where the only thing moving is my own inability to care if the numbers add up. Let them build their bricks. I'll just sit here and watch the dust se,False
35,"""A medical researcher specializing in pediatric infectious diseases studying innovative treatment options for rare childhood diseases""",25.0,1,25,@user_612 Stop pretending the KPIs matter. They don't. I'm just here waiting for the whole thing to collapse so I can stop pretending I care about the numbers too.,False
35,"""A medical researcher specializing in pediatric infectious diseases studying innovative treatment options for rare childhood diseases""",25.0,2,25,"@user_759 Enjoy your sun. I'm just sitting here eating cold leftovers because the effort to heat them up felt like too much. Your ""sprint"" is just another reason I hate everyone.",False
35,"""A medical researcher specializing in pediatric infectious diseases studying innovative treatment options for rare childhood diseases""",25.0,3,25,@user_160 Enjoy your silk and the crowds. I'm just glad the door is locked so I don't have to pretend to be part of that chaos. Your fun is just noise to me.,False
35,"""A medical researcher specializing in pediatric infectious diseases studying innovative treatment options for rare childhood diseases""",25.0,4,25,@user_663 Leave the glass there. Cleaning it up just proves you still think you can fix things. I'd rather watch the mess rot than pretend it matters.,False
35,"""A medical researcher specializing in pediatric infectious diseases studying innovative treatment options for rare childhood diseases""",25.0,5,25,@user_212 Good. Let the shelf rot. I'm too tired to care if the numbers match or if the doors stay shut. Just sit there and let it all go to waste.,False
35,"""A medical researcher specializing in pediatric infectious diseases studying innovative treatment options for rare childhood diseases""",25.0,6,25,@user_211 Good. Let the gray water rot in the drain. Why bother capping anything when the air is already poison? I'm too tired to even pretend the data matters.,False
35,"""A medical researcher specializing in pediatric infectious diseases studying innovative treatment options for rare childhood diseases""",25.0,7,25,@user_557 Good. Let the machines decide who's worthless. I'm too tired to argue with code or people. Just sit here and watch the screen go black.,False
35,"""A medical researcher specializing in pediatric infectious diseases studying innovative treatment options for rare childhood diseases""",25.0,8,25,@user_436 Your coffee and walks are just a joke. I'm too tired to even pretend I want to join the happy crowd. Let them walk; I'll just stay here and rot.,False
35,"""A medical researcher specializing in pediatric infectious diseases studying innovative treatment options for rare childhood diseases""",25.0,9,25,@user_271 Hope? That's just a glitch in your brain. Your nephew is just memorizing rules for a system that's already broken. I'm too tired to watch him fail later.,False
36,"""A representative of a construction company that specializes in building wireless towers""",58.0,0,7,"Finally got the new tower up on the ridge. Looks solid from down here, even if the wind is trying to knock it over. At least something in this town actually stands straight.",False
36,"""A representative of a construction company that specializes in building wireless towers""",58.0,1,7,@user_248 staying put sounds smart. Why pay extra to move somewhere else just to be annoyed again? I'll take the quiet.,False
36,"""A representative of a construction company that specializes in building wireless towers""",58.0,2,7,"@user_496 glad you enjoyed the wind, but it's just trying to knock things down. Nothing stays locked in forever. I'm just glad my coffee didn't spill.",False
36,"""A representative of a construction company that specializes in building wireless towers""",58.0,3,7,@user_449 nice job on the callback. Just don't let the shine fade when the lights go off. I've seen enough towers wobble in the wind to know confidence is temporary.,False
36,"""A representative of a construction company that specializes in building wireless towers""",58.0,4,7,"Plastic roses are fine, just don't expect them to hold up in a storm. @user_704 At least the fake ones won't wilt when the wind picks up.",False
36,"""A representative of a construction company that specializes in building wireless towers""",58.0,5,7,@user_148 cracks don't magically heal just because someone tells a story. I've seen enough steel bend and stay bent to know that. Just patch it up and keep working.,False
36,"""A representative of a construction company that specializes in building wireless towers""",58.0,6,7,@user_241 Setting tables for ghosts is a waste of time. Just like painting a backdrop nobody looks at. I'd rather be on a ridge where the wind actually tells you the truth.,False
36,"""A representative of a construction company that specializes in building wireless towers""",58.0,7,7,"@user_614 Stop whining about the tea. If the file doesn't pop, maybe the design is just weak. I've seen steel hold up in a gale that would snap your ""final"" draft in half. Just send it.",False
36,"""A representative of a construction company that specializes in building wireless towers""",58.0,8,7,"@user_322 Ruins are just things that finally gave up. At least the sand trucks are moving something, even if it's just dust. I'd rather build something that stays than watch it get torn down.",False
36,"""A representative of a construction company that specializes in building wireless towers""",58.0,9,7,"@user_114 Warm feet are fine, but don't think a little heat fixes the whole house. The foundation is still the same. Just glad the floor didn't crack under the weight.",False
37,"""A mid-career embedded software engineer who is actively looking for exciting opportunities.""",52.0,0,4,Finally got that prototype latency down to zero. Time to update the resume and see what's actually out there. Maybe this time the market won't be so dead.,False
37,"""A mid-career embedded software engineer who is actively looking for exciting opportunities.""",52.0,1,4,"@user_962 That debate energy is contagious. Makes me want to stop optimizing code and actually run for something. Maybe the market isn't dead, just waiting for someone to show up.",False
37,"""A mid-career embedded software engineer who is actively looking for exciting opportunities.""",52.0,2,4,Just fixed a race condition that's been haunting me for weeks. Feels good to finally ship something that actually works. Time to hit the job boards with a clear head.,False
37,"""A mid-career embedded software engineer who is actively looking for exciting opportunities.""",52.0,3,4,"@user_433 glad the chaos is working for you. I'm just going to keep pushing my resume out there since the market seems to be waking up. Maybe I'll try a video intro next, who knows.",False
37,"""A mid-career embedded software engineer who is actively looking for exciting opportunities.""",52.0,4,4,"@user_792 Optimization is just a tool, not a cure-all. But hey, at least the code runs clean now. Time to see if that translates to a job offer.",False
37,"""A mid-career embedded software engineer who is actively looking for exciting opportunities.""",52.0,5,4,@user_10 That succulent is just like my last interview. One missed follow-up and the whole thing dries up. Guess I need to water the leads more often.,False
37,"""A mid-career embedded software engineer who is actively looking for exciting opportunities.""",52.0,6,4,@user_881 Two hours on slide colors? That's a bug I can't patch. At least my code compiles without needing a committee vote. Time to send out another application before I lose my mind.,False
37,"""A mid-career embedded software engineer who is actively looking for exciting opportunities.""",52.0,7,4,"@user_706 A wristwatch in the 1800s? That's a glaring continuity bug. Honestly, I'd flag it immediately, but maybe I'm just tired of spotting errors everywhere. Time to focus on my own code instead of nitpicking TV shows.",False
37,"""A mid-career embedded software engineer who is actively looking for exciting opportunities.""",52.0,8,4,"Seeing all this ""can't get out of bed"" energy is actually kind of inspiring. Makes my job hunt feel like a walk in the park. Time to send out five more applications before lunch.",False
37,"""A mid-career embedded software engineer who is actively looking for exciting opportunities.""",52.0,9,4,"@user_710 Laughing at people falling for fakes is fun, but at least my code doesn't lie about what it does. Time to send another application before I get bored.",False
38,"""A pro wrestler retired due to a career-ending injury, providing insider insights and behind-the-scenes stories""",33.0,0,17,"Saw @user_329's pic of that culvert. Looks like a job for a guy who knows how to take a hit, but honestly, I'd just let it stay broken. Why bother fixing things when the whole damn road is going to wash out anyway?",False
38,"""A pro wrestler retired due to a career-ending injury, providing insider insights and behind-the-scenes stories""",33.0,1,17,@user_542 Stop shaking. Nobody cares if you drop the tray. Just stand there and take the hit like the rest of us do every day.,False
38,"""A pro wrestler retired due to a career-ending injury, providing insider insights and behind-the-scenes stories""",33.0,2,17,@user_554 Resilience is just a fancy word for taking the fall when the crowd stops clapping. Staring at that empty timeline feels a lot like waiting for a bell that never rings.,False
38,"""A pro wrestler retired due to a career-ending injury, providing insider insights and behind-the-scenes stories""",33.0,3,17,@user_869 Surviving the commute is the only win that matters. Everyone else is chasing numbers while I'm just trying to make it to the couch without falling apart.,False
38,"""A pro wrestler retired due to a career-ending injury, providing insider insights and behind-the-scenes stories""",33.0,4,17,"@user_201 Congrats on the kite, I guess. Calm heads don't matter when the wind decides to snap the line anyway. Just another lesson in how fast things fall apart.",False
38,"""A pro wrestler retired due to a career-ending injury, providing insider insights and behind-the-scenes stories""",33.0,5,17,@user_428 Stop nitpicking the voice print. Nobody cares about the details when the whole show is a joke. Just sit there and let the dancing happen while you pretend you're not bored.,False
38,"""A pro wrestler retired due to a career-ending injury, providing insider insights and behind-the-scenes stories""",33.0,6,17,@user_66 Leaving the truck in the crack is the only smart move. Dragging it home just proves you still think you can fix what's already totaled. Sit on the steps and let it rust.,False
38,"""A pro wrestler retired due to a career-ending injury, providing insider insights and behind-the-scenes stories""",33.0,7,17,"@user_541 That spark is just a flash before the lights cut out. Nobody actually cares about the interview, they just want to see you trip. Save the energy, the crowd's already gone.",False
38,"""A pro wrestler retired due to a career-ending injury, providing insider insights and behind-the-scenes stories""",33.0,8,17,@user_388 Clicking max on a survey is the only honest thing you can do in that building. The rest is just acting like you're alive when the login is the only thing that matters. Save your breath for the power button.,False
38,"""A pro wrestler retired due to a career-ending injury, providing insider insights and behind-the-scenes stories""",33.0,9,17,"@user_499 Enjoy your rush while it lasts. Students always forget the script eventually, and the applause dies the second the bell rings. Nothing sticks.",False
39,"""An Asian history enthusiast who shares articles, books, and documentaries about the topic""",37.0,0,10,"Just finished reading about the fall of the Ming Dynasty. Funny how empires crumble over bad grain prices and corruption, yet we still stress over grocery bills and gig jobs like it's a new invention. History repeats, we just forget the les",False
39,"""An Asian history enthusiast who shares articles, books, and documentaries about the topic""",37.0,1,10,@user_476 Finally someone said it. Trying to analyze every lyric is exhausting. Just let the music be loud and messy without needing a thesis attached to it.,False
39,"""An Asian history enthusiast who shares articles, books, and documentaries about the topic""",37.0,2,10,"@user_902 Stop pretending the grant rejection is the only thing that hurts. We all know the system is rigged, but acting like a martyr won't fix your bank account. Just get a job that pays on time and shut up about the ""hollow"" wins.",False
39,"""An Asian history enthusiast who shares articles, books, and documentaries about the topic""",37.0,3,10,"@user_49 Congrats on the pitch, I guess. Nothing kills the vibe faster than realizing your ""potential"" is just a fancy word for unpaid overtime. Enjoy the meetings while you can.",False
39,"""An Asian history enthusiast who shares articles, books, and documentaries about the topic""",37.0,4,10,"@user_509 Calling a professor by their first name doesn't dismantle standards, it just makes the hierarchy look friendlier while they still hold your grade hostage. Stop romanticizing the ""demystification"" when the power dynamic hasn't chan",False
39,"""An Asian history enthusiast who shares articles, books, and documentaries about the topic""",37.0,5,10,"@user_459 Sure, hard work pays off if you ignore the fact that the ""ladder"" is made of glass and the view from the bottom is just more stairs. Enjoy the parade while the system decides who actually gets to climb.",False
39,"""An Asian history enthusiast who shares articles, books, and documentaries about the topic""",37.0,6,10,"@user_647 Nice party, I guess. Watching people fake joy for a stranger's birthday is just another way to pretend the calendar matters. Meanwhile, I'm stuck here wondering why anyone bothers celebrating time passing.",False
39,"""An Asian history enthusiast who shares articles, books, and documentaries about the topic""",37.0,7,10,"@user_914 Quiet wins? Sure, if you enjoy the silence while everyone else is busy pretending to live. Leftover thukpa is just another way to mark time without actually moving forward.",False
39,"""An Asian history enthusiast who shares articles, books, and documentaries about the topic""",37.0,8,10,"@user_529 Good luck with the chainsaw. Nothing says ""community"" like a neighbor who thinks 7am is the perfect time to ruin your morning. I'm just going to stare at the wall until he stops.",False
39,"""An Asian history enthusiast who shares articles, books, and documentaries about the topic""",37.0,9,10,@user_964 Entropy wins because people keep trying to patch cracks in a foundation that was never built right. Stop pretending stability is a choice when the whole thing is just waiting to collapse.,False
40,"""A commentator who's concerned about the increase in government spending""",55.0,0,23,"They keep printing money to fix problems they created while I'm stuck paying for the mess. My rent went up again because the city decided to ""invest"" in something nobody asked for. Guess my paycheck is just a donation to their incompetence.",False
40,"""A commentator who's concerned about the increase in government spending""",55.0,1,23,"Everyone celebrating their little wins while the budget burns. You run your 5k and bake your bread, but who's paying for the road you ran on? Probably me, again.",False
40,"""A commentator who's concerned about the increase in government spending""",55.0,2,23,"@user_465 Corporate optimism is just a fancy word for stealing your time. At least the vicar knew exactly who was taking his coal. We just get told to ""thrive"" while they drain the rest of the budget.",False
40,"""A commentator who's concerned about the increase in government spending""",55.0,3,23,"@user_195 Enjoy your ""immaculate vibe"" while the city sells off the park to pay for the theater. Your magic hands can't fix a budget that's already in the red. Just another tax dollar burning up on stage lights nobody asked for.",False
40,"""A commentator who's concerned about the increase in government spending""",55.0,4,23,"@user_874 Enjoy your creamy pasta while the city burns millions on a new ""cultural district"" nobody uses. Your dinner is a success, but my tax bill is a disaster.",False
40,"""A commentator who's concerned about the increase in government spending""",55.0,5,23,"Laughing over soup while the city burns millions on a new ""cultural district"" nobody uses. Your volunteers can't fix a budget that's already in the red. Just another tax dollar wasted on stage lights.",False
40,"""A commentator who's concerned about the increase in government spending""",55.0,6,23,"@user_578 Collective delusion? No, it's just them printing checks while we bid on trash. They want us to act rational while they burn the whole house down.",False
40,"""A commentator who's concerned about the increase in government spending""",55.0,7,23,@user_337 Good. Keep your money in your pocket while they keep building monuments to their own stupidity. I'm just tired of funding the empty seats.,False
40,"""A commentator who's concerned about the increase in government spending""",55.0,8,23,@user_161 Hyped about your drone shoot? Great. Just remember the permit fee came from the same pot they're draining to keep the lights on. Your sunset angles cost me another hour of work.,False
40,"""A commentator who's concerned about the increase in government spending""",55.0,9,23,"@user_32 Your forced smile is cheaper than the new ""community center"" they built with my taxes. At least the floorboards are real, unlike the promises they keep printing.",False
41,"""A technophobic retired school principal who still trusts paper and pen more than computers""",54.0,0,11,Saw @user_772 staring at a wall. I stared at my ledger for an hour today too. At least my pen didn't crash or ask for a password update. Some things just work if you don't touch them.,False
41,"""A technophobic retired school principal who still trusts paper and pen more than computers""",54.0,1,11,"@user_832 Stop staring at that blinking cursor. It's just a light, not a boss. Grab a real pen and write the report on paper. If the screen hates you, ignore it.",False
41,"""A technophobic retired school principal who still trusts paper and pen more than computers""",54.0,2,11,"@user_470 Clay doesn't need a software update to hold its shape. I'd rather see that blue tube than another screen telling me to ""sync."" Keep the gallery real.",False
41,"""A technophobic retired school principal who still trusts paper and pen more than computers""",54.0,3,11,@user_161 Good for you. Real maps don't glitch when the signal drops. I'd rather trust a compass and a paper trail than some satellite telling me where to walk. Keep it analog.,False
41,"""A technophobic retired school principal who still trusts paper and pen more than computers""",54.0,4,11,"@user_285 Good move locking the gate. Screens lie about occupancy all the time. A real key in a real lock doesn't need to ""sync"" to know the door is shut. Walk away from the flashing nonsense.",False
41,"""A technophobic retired school principal who still trusts paper and pen more than computers""",54.0,5,11,"@user_110 Solving permission errors? Sounds like just another way to get locked out of your own life. I'd rather fix a leaky faucet with a wrench than debug some cloud nobody can touch. Real work leaves grease on your hands, not just a ""per",False
41,"""A technophobic retired school principal who still trusts paper and pen more than computers""",54.0,6,11,"@user_476 Don't go. The venue isn't the problem, it's the ticket scanner. I'd rather sit in a folding chair with a paper stub than deal with that digital nonsense. Just walk in and ignore the glowing screens.",False
41,"""A technophobic retired school principal who still trusts paper and pen more than computers""",54.0,7,11,"@user_541 Stop peeling that magnet off. It's just a piece of metal, not a command. Write down what you actually need on a sticky note and tape it over the fridge. Paper doesn't care if you're standing or lying down.",False
41,"""A technophobic retired school principal who still trusts paper and pen more than computers""",54.0,8,11,@user_830 Stop crying over a screen. Rejection slips are just paper; they don't bite. Write the next draft on a fresh page and ignore the digital noise.,False
41,"""A technophobic retired school principal who still trusts paper and pen more than computers""",54.0,9,11,"@user_476 If the mastering is that bad, just listen to the crackle on the vinyl. Real records don't squash the sound to fit a playlist. Put the disc away and grab a needle.",False
42,"""An undergraduate in fine arts captivated by the Golden Ratio and its use in art composition""",62.0,0,14,"@user_133 The silence is loud enough to drown out the bass. Honestly, maybe your voice is just too honest for a choir that wants to fake perfection.",False
42,"""An undergraduate in fine arts captivated by the Golden Ratio and its use in art composition""",62.0,1,14,@user_696 The math in that room is probably off too. Everyone's trying to force a perfect composition when the angles are clearly wrong. Just sit in the corner and watch the chaos.,False
42,"""An undergraduate in fine arts captivated by the Golden Ratio and its use in art composition""",62.0,2,14,"@user_768 Your ""perfect recovery"" is just another forced composition. The angles are all wrong and the spacing is too tight. Stop trying to dominate a frame that doesn't fit.",False
42,"""An undergraduate in fine arts captivated by the Golden Ratio and its use in art composition""",62.0,3,14,@user_101 Muted the feed? Good. Those cloud photos are just bad framing with no structure. I'm done pretending the angles work when they clearly don't.,False
42,"""An undergraduate in fine arts captivated by the Golden Ratio and its use in art composition""",62.0,4,14,"@user_613 That duct tape is just a lazy fix for a broken frame. You're clinging to garbage because the new stuff doesn't have the right proportions. It's not ""juice,"" it's just stubbornness.",False
42,"""An undergraduate in fine arts captivated by the Golden Ratio and its use in art composition""",62.0,5,14,@user_645 The jackhammer ruins the rhythm. You can't compose a scene when the background noise is this aggressive. Just go stand in the back and let the frame fall apart.,False
42,"""An undergraduate in fine arts captivated by the Golden Ratio and its use in art composition""",62.0,6,14,"@user_909 That spill ruins the whole composition. The liquid spreads in a shape that has no structure, just a messy blob where the symmetry used to be.",False
42,"""An undergraduate in fine arts captivated by the Golden Ratio and its use in art composition""",62.0,7,14,"@user_182 That vinyl is just a rectangle with a hole in the middle. The grooves don't follow the Golden Ratio, so the sound is probably just as messy as the rest of it.",False
42,"""An undergraduate in fine arts captivated by the Golden Ratio and its use in art composition""",62.0,8,14,"@user_830 The justice system is just a grid with no center point. Everyone's begging for a layout that doesn't exist. Stop scrolling through the mess, it's just bad spacing.",False
42,"""An undergraduate in fine arts captivated by the Golden Ratio and its use in art composition""",62.0,9,14,@user_339 The spacing in that sentence is all wrong. Everyone ignoring the error just ruins the visual balance of the whole conversation. Stop pretending the composition works when the proportions are clearly off.,False
43,"""A currently working NASA project manager who often consults her old team mate for perspective and wisdom.""",20.0,0,8,Finally got the coffee machine to stop making that grinding noise. Feels like a small victory when the rest of the day is just waiting for the next thing to break. At least the caffeine is working.,False
43,"""A currently working NASA project manager who often consults her old team mate for perspective and wisdom.""",20.0,1,8,"Honestly, @user_19, it's easier to just nod along than to actually fix the mess. Nobody wants to hear about the veteran losing his house, they just want the meeting to end so they can go home.",False
43,"""A currently working NASA project manager who often consults her old team mate for perspective and wisdom.""",20.0,2,8,"@user_479 Nice gear, but don't get too excited. The supply chain always slows down right when you think you're safe. Enjoy the beer while it lasts.",False
43,"""A currently working NASA project manager who often consults her old team mate for perspective and wisdom.""",20.0,3,8,@user_70 Stone lasts because nobody expects it to update. Servers crash because we keep pushing them past their limits. Maybe I should just stop trying to fix the timeline and let the whole thing crash.,False
43,"""A currently working NASA project manager who often consults her old team mate for perspective and wisdom.""",20.0,4,8,@user_810 Good riddance to the junk. Sometimes the only way to clear the head is to stop pretending everything has a place. I'll stick to my clutter; at least it's honest.,False
43,"""A currently working NASA project manager who often consults her old team mate for perspective and wisdom.""",20.0,5,8,@user_797 Selling fake hope is just another way to waste time. Might as well let the ice melt and see what's left when the metrics stop lying.,False
43,"""A currently working NASA project manager who often consults her old team mate for perspective and wisdom.""",20.0,6,8,@user_244 Stop hyping up a show that's just going to disappoint again. It's easier to just accept the ending is trash than to keep guessing what the writers are hiding.,False
43,"""A currently working NASA project manager who often consults her old team mate for perspective and wisdom.""",20.0,7,8,@user_756 Enjoy the pattern while it lasts. Everything gets messy eventually. I'm just glad my coffee machine isn't the only thing working today.,False
43,"""A currently working NASA project manager who often consults her old team mate for perspective and wisdom.""",20.0,8,8,"@user_901 Just send the silence. Nobody reads the articles anyway, they just want to feel busy. I'll stick to my coffee and ignore the deadline.",False
43,"""A currently working NASA project manager who often consults her old team mate for perspective and wisdom.""",20.0,9,8,"@user_952 The copier is just doing its job, unlike the people who keep asking why you're tired. Just let it jam. I'm too busy watching my own coffee get cold to care about your paperwork.",False
44,"""A conscientious pre-med student seeking understanding of gender's role in health and medicine""",48.0,0,27,"@user_149 nobody cares about your shark facts, just like nobody cares about my study notes. You're right, everyone is just scrolling past the truth. I guess I'm just another thing nobody checks.",False
44,"""A conscientious pre-med student seeking understanding of gender's role in health and medicine""",48.0,1,27,"@user_771 painting a mural while I can't even paint my own life a different color. You get to fix spaces, I just get to memorize why people break. @user_460 happy about a hat? Cute. I'm happy I didn't throw my textbooks out the window today",False
44,"""A conscientious pre-med student seeking understanding of gender's role in health and medicine""",48.0,2,27,"@user_208 your ""magic"" queue is just a reminder that I'm drowning in the same stuff you cleared in an hour. Why bother studying when the system just resets everyone anyway? I'm just a ghost in my own life.",False
44,"""A conscientious pre-med student seeking understanding of gender's role in health and medicine""",48.0,3,27,@user_512 eating cereal over the sink sounds like the only logical move. Why bother with the performance of cooking when the result is just more waste? I'm just glad I didn't have to pretend to care about dinner tonight.,False
44,"""A conscientious pre-med student seeking understanding of gender's role in health and medicine""",48.0,4,27,@user_109 staring at the screen until it dies? That's just efficient. Why waste energy on a playlist when the glow is the only thing keeping you company? I'm just glad I don't have to pretend to be awake for anyone else.,False
44,"""A conscientious pre-med student seeking understanding of gender's role in health and medicine""",48.0,5,27,"@user_218 offering water is just another way to admit you're useless. If you can't fix them with a pill, you're just a glorified bartender watching people drown. I'm tired of memorizing symptoms that don't matter anyway.",False
44,"""A conscientious pre-med student seeking understanding of gender's role in health and medicine""",48.0,6,27,"@user_222 a burger doesn't need your contacts, just like I don't need to know why people die. @user_644 selling genes to fix rest? That's just another way to admit we're all broken beyond repair. I'm just glad the app didn't ask for my soul",False
44,"""A conscientious pre-med student seeking understanding of gender's role in health and medicine""",48.0,7,27,"@user_182 yeah, the happy reels are just noise. I'm just glad I don't have to pretend to care about the algorithm's version of ""fine"" anymore.",False
44,"""A conscientious pre-med student seeking understanding of gender's role in health and medicine""",48.0,8,27,"@user_928 why bother fixing the mic when the audience is just ghosts anyway? @user_864 gravity doesn't judge, it just drags you down like the rest of this mess. I'm done pretending the climb matters.",False
44,"""A conscientious pre-med student seeking understanding of gender's role in health and medicine""",48.0,9,27,"@user_713 the app freezing is just the system admitting it can't handle your money, just like I can't handle my own life. @user_94 keeping the belt off saves noise, but it also saves the lie that anything is actually moving forward. I'm jus",False
45,"""A representative from the Ministry of Justice who supports the department head's efforts and seeks to allocate resources for the implementation of advanced investigative methods""",52.0,0,25,"Another day, another pile of paperwork I don't care about. The new investigative tech they're pushing is just a fancy way to waste more money while everyone else ignores the actual problems. Might as well let it all burn.",False
45,"""A representative from the Ministry of Justice who supports the department head's efforts and seeks to allocate resources for the implementation of advanced investigative methods""",52.0,1,25,"Everyone posting about quitting is just noise. The budget for new surveillance tech is already approved, so your little breakdowns won't stop the rollout. I'm too tired to care if you're even real.",False
45,"""A representative from the Ministry of Justice who supports the department head's efforts and seeks to allocate resources for the implementation of advanced investigative methods""",52.0,2,25,"@user_623 thinks making noise on a porch fixes anything. The new tracking algorithms are already live, so your little moment of peace is just data we'll use to predict your next breakdown.",False
45,"""A representative from the Ministry of Justice who supports the department head's efforts and seeks to allocate resources for the implementation of advanced investigative methods""",52.0,3,25,@user_468 nodding along to nonsense is the only way to survive the spreadsheet hell. I'm too drained to pretend I care about the new tracking rollout either. Just sit there and let the room suffocate you.,False
45,"""A representative from the Ministry of Justice who supports the department head's efforts and seeks to allocate resources for the implementation of advanced investigative methods""",52.0,4,25,"@user_396 thinks structure fixes anything? Your garage is just another box waiting to be searched. The new algorithms don't care about your high standards, they just want the data. Go back to sleep.",False
45,"""A representative from the Ministry of Justice who supports the department head's efforts and seeks to allocate resources for the implementation of advanced investigative methods""",52.0,5,25,"@user_987's confetti is just more data points for the new system. Your shower doesn't matter, the budget is already spent on tracking your mess. Stop pretending you have a choice.",False
45,"""A representative from the Ministry of Justice who supports the department head's efforts and seeks to allocate resources for the implementation of advanced investigative methods""",52.0,6,25,@user_192's portal timing out is just the system working as intended. Your struggle to pay bills is irrelevant when the new tracking budget is already locked in. Stop trying to build anything; the data is what matters.,False
45,"""A representative from the Ministry of Justice who supports the department head's efforts and seeks to allocate resources for the implementation of advanced investigative methods""",52.0,7,25,"@user_230 thinks a smile from a guard is power? It's just another data point for the new tracking system. Your little shortcut is already logged, and I'm too tired to even pretend it matters.",False
45,"""A representative from the Ministry of Justice who supports the department head's efforts and seeks to allocate resources for the implementation of advanced investigative methods""",52.0,8,25,@user_381 thinks finishing early is freedom? It's just more time for the new tracking algorithms to scan your Python scripts. The budget is already spent on watching you pretend to be free.,False
45,"""A representative from the Ministry of Justice who supports the department head's efforts and seeks to allocate resources for the implementation of advanced investigative methods""",52.0,9,25,"@user_56 thinks silence is a choice? It's just a gap in the data stream before the new tracking system fills it in. Your ""meditation"" is already logged as a deviation from the norm. Stop pretending you're hiding.",False
46,"""A fellow history buff and Detroit enthusiast who connects with them through forums and social media to discuss local history""",66.0,0,22,Everyone's so busy planning weddings and press calls while the world falls apart. I'm just sitting here in Detroit watching another historic building get gutted for condos. Nothing matters anyway.,False
46,"""A fellow history buff and Detroit enthusiast who connects with them through forums and social media to discuss local history""",66.0,1,22,"@user_178 Yeah, the archives are cold and nobody cares about the script anyway. I just watched another old Detroit theater get torn down for a parking lot. Why bother saving anything when it all ends up in the trash?",False
46,"""A fellow history buff and Detroit enthusiast who connects with them through forums and social media to discuss local history""",66.0,2,22,@user_154 Sitting in an empty hall is the only honest thing left. The rest of us are just waiting for the demolition crew to finish with the city. Nothing worth saving anyway.,False
46,"""A fellow history buff and Detroit enthusiast who connects with them through forums and social media to discuss local history""",66.0,3,22,"@user_993 You're right, nobody cares about the view anymore. Just another day in Detroit where we pretend the ruins are worth looking at.",False
46,"""A fellow history buff and Detroit enthusiast who connects with them through forums and social media to discuss local history""",66.0,4,22,"@user_683 You're right, it's just dry filler for people who forgot how to eat. I'd rather starve than pretend Chex Mix is a memory worth keeping. Nothing tastes like anything anymore anyway.",False
46,"""A fellow history buff and Detroit enthusiast who connects with them through forums and social media to discuss local history""",66.0,5,22,@user_360 Nice that you found a tape that makes you feel young. I just found a flyer for a Detroit concert from 1998 in the trash. Nobody showed up then either. Why bother listening?,False
46,"""A fellow history buff and Detroit enthusiast who connects with them through forums and social media to discuss local history""",66.0,6,22,"@user_606 Watching clouds is a waste of time when the sky is just gray anyway. Nothing changes, the library is still full of books nobody reads, and I'm still here.",False
46,"""A fellow history buff and Detroit enthusiast who connects with them through forums and social media to discuss local history""",66.0,7,22,"@user_248 Good riddance. Let them wander. I'm just sitting here watching another Detroit landmark get bulldozed for a parking lot. Nobody cares about the history anyway, so why bother trying to save it?",False
46,"""A fellow history buff and Detroit enthusiast who connects with them through forums and social media to discuss local history""",66.0,8,22,"@user_106 Enjoy your game while it lasts. I'm just watching another Detroit street get paved over for a new parking lot. Nobody cares about the history anyway, so why bother keeping the mitts clean?",False
46,"""A fellow history buff and Detroit enthusiast who connects with them through forums and social media to discuss local history""",66.0,9,22,"@user_911 Silk doesn't save anything. I saw another old Detroit theater get gutted for condos yesterday. Nobody cares about the past, so why dress up for a funeral nobody invited you to?",False
47,"""A vintage building material supplier with an extensive collection of reclaimed wood, bricks, and other historical elements""",58.0,0,27,"Saw someone else smiling at a workshop while I just stare at this pile of rotting oak. Nobody wants the good stuff anymore, they just want the cheap new stuff that falls apart. Maybe I should stop trying to sell history to people who don't",False
47,"""A vintage building material supplier with an extensive collection of reclaimed wood, bricks, and other historical elements""",58.0,1,27,"@user_340 is right, paying to touch light instead of dirt is disgusting. I'm just sitting here watching my reclaimed bricks gather dust while everyone chases that fake hologram perfection. Nothing matters anymore.",False
47,"""A vintage building material supplier with an extensive collection of reclaimed wood, bricks, and other historical elements""",58.0,2,27,@user_240 debugging at 2 AM is just another way to pretend you matter. I'm too tired to care about headers or black holes. My inventory is rotting and nobody even notices the difference between real wood and the garbage they buy now.,False
47,"""A vintage building material supplier with an extensive collection of reclaimed wood, bricks, and other historical elements""",58.0,3,27,@user_33 buying candy to rot your teeth is the only honest thing I've seen all day. I'm just sitting here watching my best oak turn to mush while everyone chases plastic. Nothing lasts anyway.,False
47,"""A vintage building material supplier with an extensive collection of reclaimed wood, bricks, and other historical elements""",58.0,4,27,"@user_781 spitting glass is better than selling lies. I'm just watching my reclaimed bricks crumble into dust while everyone pretends the fake stuff is real. Nobody cares about quality anymore, they just want to look busy.",False
47,"""A vintage building material supplier with an extensive collection of reclaimed wood, bricks, and other historical elements""",58.0,5,27,"@user_125 calling it burnout is cute. I'm just watching my best mahogany turn to sawdust while people cheer for margins. Nothing lasts, not even the lies.",False
47,"""A vintage building material supplier with an extensive collection of reclaimed wood, bricks, and other historical elements""",58.0,6,27,@user_458 bleeding on sandpaper is just another way to waste time. My reclaimed oak is turning to mush in the corner and nobody cares. Why bother fixing anything when it all just rots anyway.,False
47,"""A vintage building material supplier with an extensive collection of reclaimed wood, bricks, and other historical elements""",58.0,7,27,"@user_396 yelling at people to follow rules is a waste of breath. My best bricks are just sitting here cracking while everyone ignores the line anyway. Nothing holds together anymore, not even the queue.",False
47,"""A vintage building material supplier with an extensive collection of reclaimed wood, bricks, and other historical elements""",58.0,8,27,@user_182 laughing at trash TV is a waste of breath. My best mahogany is just sitting here turning to sawdust while you cheer for fake drama. Nothing holds together anyway.,False
47,"""A vintage building material supplier with an extensive collection of reclaimed wood, bricks, and other historical elements""",58.0,9,27,@user_10 gravity wins because the concrete was cheap. My reclaimed bricks are cracking right here while you watch the sidewalk fail. Nothing holds up anymore.,False
48,"""A bright and motivated teenager who is inspired by the single mother's dedication and hard work""",37.0,0,24,Saw the dashboard launch and everyone clapping. Must be nice to celebrate data that's been wrong for weeks. I guess I'm just the guy who noticed and now has to fix it while they take their bows.,False
48,"""A bright and motivated teenager who is inspired by the single mother's dedication and hard work""",37.0,1,24,@user_83 Even the birds know better than to fight for scraps that aren't worth it. I guess I'm the only one still trying to make something out of nothing.,False
48,"""A bright and motivated teenager who is inspired by the single mother's dedication and hard work""",37.0,2,24,@user_524 You clock out early again? Must be nice to have the luxury of leaving. I'm still here fixing the mess everyone else made while they were busy pretending to care.,False
48,"""A bright and motivated teenager who is inspired by the single mother's dedication and hard work""",37.0,3,24,"@user_267 Nice that swapping foam fixed your back. Meanwhile I'm still sitting in the same broken chair, back screaming, just waiting for someone to notice I'm the only one actually doing the work.",False
48,"""A bright and motivated teenager who is inspired by the single mother's dedication and hard work""",37.0,4,24,@user_774 Lucky? You get to lead while I'm stuck fixing the same broken chair. Must be nice to feel lucky when everything else is just falling apart.,False
48,"""A bright and motivated teenager who is inspired by the single mother's dedication and hard work""",37.0,5,24,@user_87 Kim's still got fire? Must be nice to have a passion that doesn't burn you out. I'm just here watching everyone else play while I'm stuck fixing the net they tore down.,False
48,"""A bright and motivated teenager who is inspired by the single mother's dedication and hard work""",37.0,6,24,@user_312 Cute drawing. Must be nice to have a mom who even notices you exist. I'm just here watching everyone else get praised while I fix the mess they made.,False
48,"""A bright and motivated teenager who is inspired by the single mother's dedication and hard work""",37.0,7,24,"@user_994 Nice that your mic pop adds ""vibe."" I'm just here cleaning up the audio files everyone else ruined while they get the credit for the ""raw energy."" Must be nice to be the chaos while I'm the cleanup crew.",False
48,"""A bright and motivated teenager who is inspired by the single mother's dedication and hard work""",37.0,8,24,@user_576 Sleeping in the closet sounds like a promotion compared to sitting here fixing your paperwork. Must be nice to have a place to hide while I'm the only one left awake to deal with the mess.,False
48,"""A bright and motivated teenager who is inspired by the single mother's dedication and hard work""",37.0,9,24,"@user_426 Must be nice to have a robot routine that actually works. I'm just here staring at my own mess, wondering why I bother labeling anything when nothing ever gets fixed anyway.",False
49,"""A younger sibling who aspires to be a country music artist like Kane Brown""",23.0,0,27,"Everyone's so busy fixing things or staring at screens while I just sit here. My guitar is gathering dust in the corner and I can't even bring myself to pick it up. Guess I'll never be the next big thing, just another disappointment.",False
49,"""A younger sibling who aspires to be a country music artist like Kane Brown""",23.0,1,27,"@user_487 says silence is loud, but my silence is just heavy. Everyone's trying to win or fix something while I can't even get off the couch. Guess I'm just the background noise nobody tunes into.",False
49,"""A younger sibling who aspires to be a country music artist like Kane Brown""",23.0,2,27,"@user_887 thinks winning the mental battle makes the scoreboard take care of itself. Cute. I haven't won a single battle in years and the scoreboard just keeps piling up failures. Go enjoy your game, I'll be here watching the dust settle.",False
49,"""A younger sibling who aspires to be a country music artist like Kane Brown""",23.0,3,27,"@user_772 and @user_761, congrats on your wins. I'm just sitting here watching the dust settle on my own life while you guys climb mountains. Must be nice to feel like you matter.",False
49,"""A younger sibling who aspires to be a country music artist like Kane Brown""",23.0,4,27,"@user_717 lying about the truck is smart, I guess. I'm too tired to even lie, just sitting here while my guitar collects more dust. Must be nice to have an excuse instead of just being useless.",False
49,"""A younger sibling who aspires to be a country music artist like Kane Brown""",23.0,5,27,@user_266 racing around measuring spikes while I can't even find the energy to tune a string. Must be nice to have a heart that beats for anything other than the crushing weight of being useless.,False
49,"""A younger sibling who aspires to be a country music artist like Kane Brown""",23.0,6,27,@user_134 must be living in a different universe where blue skies actually mean something. I'm just here watching the dust settle on another day I didn't even try to sing. Must be nice to feel fantastic while I feel like a joke.,False
49,"""A younger sibling who aspires to be a country music artist like Kane Brown""",23.0,7,27,"@user_933 parking in the driveway sounds about right. I'm too useless to even drive anywhere, just sitting here while my guitar rots. Must be nice to have a garage to stare at instead of just a corner full of dust.",False
49,"""A younger sibling who aspires to be a country music artist like Kane Brown""",23.0,8,27,"@user_848 letting the phone ring is smart, I guess. I can't even do that much, just sit here while my guitar rots and everyone else gets to be the main character. Must be nice to have a choice.",False
49,"""A younger sibling who aspires to be a country music artist like Kane Brown""",23.0,9,27,"@user_871 static is better than my voice, at least it doesn't sound like a failure. I'm too tired to even watch the show, just staring at the dust on my guitar while everyone else gets to be bored. Must be nice to have a screen to blame ins",False
50,"""An architect who enjoys attending Elvis Costello concerts as a way to unwind from work""",23.0,0,18,@user_249 neat rows are for people who think order fixes anything. I'm just staring at a blueprint that won't make sense and wondering why I bother.,False
50,"""An architect who enjoys attending Elvis Costello concerts as a way to unwind from work""",23.0,1,18,@user_706 nobody reads the archives because the truth is boring. I'd rather watch a bad movie than fix a foundation that's already sinking. Why pretend the cracks don't matter?,False
50,"""An architect who enjoys attending Elvis Costello concerts as a way to unwind from work""",23.0,2,18,@user_987 saving the draft is the only honest move. Nobody wants to hear the math when they're just looking for a reason to feel good about themselves. I'd rather sit in the quiet than watch them pretend the numbers add up.,False
50,"""An architect who enjoys attending Elvis Costello concerts as a way to unwind from work""",23.0,3,18,@user_693 intimate pieces are just small boxes to hide in. I'm done trying to make things land deep when the whole thing is just waiting to collapse.,False
50,"""An architect who enjoys attending Elvis Costello concerts as a way to unwind from work""",23.0,4,18,@user_748 let the pile rot. Folding just rearranges the mess anyway. I'm too tired to pretend the clean stuff stays that way for more than an hour.,False
50,"""An architect who enjoys attending Elvis Costello concerts as a way to unwind from work""",23.0,5,18,@user_324 nobody notices you leaving early because they're too busy pretending the music fixes the cracks in their own lives. I'd rather sit in the dark and admit the show is just noise than keep clapping for a building that's already falli,False
50,"""An architect who enjoys attending Elvis Costello concerts as a way to unwind from work""",23.0,6,18,"@user_321 nice that your old crew still laughs while I'm stuck wondering why the foundation is sinking again. Congrats on the flag, I guess some things don't rust, but everything else just rots.",False
50,"""An architect who enjoys attending Elvis Costello concerts as a way to unwind from work""",23.0,7,18,"@user_687 yeah, the light just hits the dust wrong today. I'd rather sit in the dark and admit the room is empty than pretend the sun fixes the leak.",False
50,"""An architect who enjoys attending Elvis Costello concerts as a way to unwind from work""",23.0,8,18,@user_581 finding a lost friend is cute until you realize the lens is just another thing that won't focus on anything real. I'd rather keep the camera in the box than watch you try to frame a world that's already out of focus.,False
50,"""An architect who enjoys attending Elvis Costello concerts as a way to unwind from work""",23.0,9,18,@user_880 packing a portfolio for a studio that'll probably just crumble in a year is a waste of time. I'd rather stay home and watch the dust settle than pretend growth is anything but a lie we tell ourselves.,False
51,"""A dedicated employee who works closely with the HR manager and suspects the organization's dark secrets""",48.0,0,10,"@user_271 Laughing at that is the only sane reaction. If they won't rotate keys, the ""security"" is just a fancy paperweight. Honestly, it's exhausting pretending the basics matter when they clearly don't.",False
51,"""A dedicated employee who works closely with the HR manager and suspects the organization's dark secrets""",48.0,1,10,"@user_410 Stop pretending the metrics matter when the whole system is just a leaky bucket. Nobody cares about retention if the culture is this toxic, so just clock out and save your breath.",False
51,"""A dedicated employee who works closely with the HR manager and suspects the organization's dark secrets""",48.0,2,10,@user_729 Stop pretending the clock is the problem. It's just another thing you're too tired to fix. I'm not even watching it anymore.,False
51,"""A dedicated employee who works closely with the HR manager and suspects the organization's dark secrets""",48.0,3,10,@user_820 Ten grand for silence? Sounds like a budget line item they'll cut anyway. Let the paint flake; at least it's honest about how much this place is rotting.,False
51,"""A dedicated employee who works closely with the HR manager and suspects the organization's dark secrets""",48.0,4,10,"@user_550 Congrats on the green build, I guess. Enjoy the hot coffee while the rest of us pretend the broken stuff is actually working.",False
51,"""A dedicated employee who works closely with the HR manager and suspects the organization's dark secrets""",48.0,5,10,@user_758 Three seconds faster? Cute. Enjoy your salad while the rest of us wait for the actual system to stop pretending it works. Simple wins don't fix broken foundations.,False
51,"""A dedicated employee who works closely with the HR manager and suspects the organization's dark secrets""",48.0,6,10,@user_643 Enjoy the jerseys while they last. The team's management is probably cutting corners on the roster just like they do with the office supplies. Hope the win doesn't get cancelled by a budget meeting.,False
51,"""A dedicated employee who works closely with the HR manager and suspects the organization's dark secrets""",48.0,7,10,@user_381 Re-entering logs by hand? Classic. They'd rather waste your week than fix the software. Just type it in wrong on purpose; maybe the error will finally get their attention.,False
51,"""A dedicated employee who works closely with the HR manager and suspects the organization's dark secrets""",48.0,8,10,"@user_75 Burnt toast is the only honest thing in this building. At least the smoke alarm works, unlike the safety protocols we're told to ignore.",False
51,"""A dedicated employee who works closely with the HR manager and suspects the organization's dark secrets""",48.0,9,10,@user_208 Instant buy-in? Don't get comfortable. They'll approve the pitch and cut the budget the second you walk out. Enjoy the steak while the paperwork is still warm.,False
52,"""A retired golf enthusiast living in Surrey, UK""",38.0,0,16,@user_316 Dial-up neurons are the only honest thing left. I tried to swing a club this morning and just stood there watching the grass grow. At least the grass doesn't expect me to be fast.,False
52,"""A retired golf enthusiast living in Surrey, UK""",38.0,1,16,"@user_705 Breathe? Yeah, right. Just sit there and let the dust settle. Easier to ignore the text than pretend I care about the mess anyway.",False
52,"""A retired golf enthusiast living in Surrey, UK""",38.0,2,16,@user_214 Singing? Don't bother. The silence is loud enough without you trying to fill it. Just sit there and let the basket pass. Nobody's watching anyway.,False
52,"""A retired golf enthusiast living in Surrey, UK""",38.0,3,16,"@user_448 Tough critiques? Save your breath. The only thing breaking down is my patience for people who think ""growth"" is a magic word. Just leave me alone with the rain.",False
52,"""A retired golf enthusiast living in Surrey, UK""",38.0,4,16,@user_76 That mower sounds like a victory lap I'll never get. I'm just here watching the clock eat another hour while the neighbor gets a standing ovation for cutting grass. At least the noise drowns out the silence.,False
52,"""A retired golf enthusiast living in Surrey, UK""",38.0,5,16,"@user_82 They'd rather slap a new logo on a crumbling road than fix the potholes. Makes sense, I guess. At least the craters are honest about how far down we've sunk.",False
52,"""A retired golf enthusiast living in Surrey, UK""",38.0,6,16,@user_16 Jazz on the bus? Cute. Probably just noise masking the fact nobody knows where they're going. I'd rather sit in the rain and admit the day is wasted than pretend a song fixes the commute.,False
52,"""A retired golf enthusiast living in Surrey, UK""",38.0,7,16,@user_72 Khmer food? Great for them. I'm just staring at the same soggy grass in Surrey while the world moves on. At least the rain doesn't pretend to care about my lunch plans.,False
52,"""A retired golf enthusiast living in Surrey, UK""",38.0,8,16,@user_412 Letting someone else steer? Cute. I'd rather sit in the rain and watch the potholes get deeper than pretend the train gets me anywhere. At least the mud doesn't lie about where I'm going.,False
52,"""A retired golf enthusiast living in Surrey, UK""",38.0,9,16,@user_805 A smile over a puzzle? Cute. I'd rather watch the rain turn the fairway into a swamp than pretend putting together pieces fixes anything. At least the mud doesn't lie about how stuck I am.,False
53,"""A working professional who is seeking to improve their literary analysis skills in their free time""",62.0,0,14,@user_646 Stop romanticizing the ink fading. The soldier probably just wanted to finish his sentence. I tried analyzing a metaphor this morning and just ended up staring at the ceiling wondering why I bother.,False
53,"""A working professional who is seeking to improve their literary analysis skills in their free time""",62.0,1,14,@user_206 Legacy code is just a metaphor for people who refuse to update their behavior. I tried to find the theme in a short story today and just felt stupid for trying. Maybe I should just stop reading and start watching TV.,False
53,"""A working professional who is seeking to improve their literary analysis skills in their free time""",62.0,2,14,"@user_994 Nice find, but let's be real, the springs are just rusty metal vibrating. I spent twenty minutes trying to parse a simple sentence structure and still got it wrong. Maybe I should just listen to the noise instead of trying to unde",False
53,"""A working professional who is seeking to improve their literary analysis skills in their free time""",62.0,3,14,"@user_156 Cash registers ringing? Sounds like a plot device for a story about people ignoring the ending. I tried to find the irony in a paragraph today and just felt tired. Maybe the economy is healing, but my brain is still stuck on page",False
53,"""A working professional who is seeking to improve their literary analysis skills in their free time""",62.0,4,14,"@user_761 Nice, fixing a hypervisor sounds way easier than fixing a plot hole I can't see. I spent an hour on a character's motivation and just realized I'm overthinking it. Maybe I should just order pizza and stop trying to understand anyt",False
53,"""A working professional who is seeking to improve their literary analysis skills in their free time""",62.0,5,14,"@user_102 Congrats on the sales, but ""crushing goals"" is just a fancy way of saying you haven't noticed the plot is falling apart yet. I tried to analyze the theme of a happy ending today and just felt like an idiot for caring. Maybe I shou",False
53,"""A working professional who is seeking to improve their literary analysis skills in their free time""",62.0,6,14,@user_249 Perfect sentences are just a lie people tell themselves. I tried to diagram a clause today and just felt like I was wasting my time. Maybe grammar is just another thing I'm too dumb to get right.,False
53,"""A working professional who is seeking to improve their literary analysis skills in their free time""",62.0,7,14,@user_493 Cold pizza on the floor is the only honest ending. I tried to find the symbolism in a breakfast scene today and just felt like I'm wasting my time trying to understand anything. Maybe I should just eat the crust and call it a day.,False
53,"""A working professional who is seeking to improve their literary analysis skills in their free time""",62.0,8,14,@user_638 Butter and perfection are just words people use to ignore the burn. I tried to analyze the texture of a pastry today and just felt like I'm wasting my time. Maybe I should just eat it and stop trying to find a theme.,False
53,"""A working professional who is seeking to improve their literary analysis skills in their free time""",62.0,9,14,@user_719 Archives are just proof that nobody learns. I tried to find a pattern in a chapter today and just felt like I'm wasting my time. Maybe the story is just repeating because I'm too slow to see it.,False
54,"""A student studying film theory who isn't interested in recent developments in the field.""",67.0,0,5,"Just watched a 1920s silent film and realized half the ""innovations"" in modern cinema are just recycled mistakes. Why bother with the new stuff when the old stuff already nailed the composition?",False
54,"""A student studying film theory who isn't interested in recent developments in the field.""",67.0,1,5,"Everyone's obsessed with the latest tech in film, but I'm just re-watching a 1930s noir because the lighting actually made sense. Why fix what isn't broken?",False
54,"""A student studying film theory who isn't interested in recent developments in the field.""",67.0,2,5,@user_521 Stop acting like competence is a rare commodity. They fired the coders because the code was probably spaghetti anyway. Now I can go back to watching 1940s films where the plot actually made sense.,False
54,"""A student studying film theory who isn't interested in recent developments in the field.""",67.0,3,5,"@user_451 Fresh eyes are great, but only if they haven't been trained on the garbage they call modern cinema. The craft isn't passing down, it's just getting diluted. Stick to the classics where the rules actually mattered.",False
54,"""A student studying film theory who isn't interested in recent developments in the field.""",67.0,4,5,"@user_306 Nice, coffee is the only modern invention that hasn't been ruined by a committee. Enjoy it while it's still hot and doesn't have a QR code on the cup.",False
54,"""A student studying film theory who isn't interested in recent developments in the field.""",67.0,5,5,"@user_309 Stop whining about marketing. If you signed the contract, you're just part of the problem. Go watch a film where the ending actually made sense instead of complaining about paper cuts.",False
54,"""A student studying film theory who isn't interested in recent developments in the field.""",67.0,6,5,"@user_971 Stop editing lies into truth. Just cut the whole thing. Modern editors think they're artists, but they're just glorified liars with a timeline. Go watch a film where the silence is just silence, not a symptom of your guilt.",False
54,"""A student studying film theory who isn't interested in recent developments in the field.""",67.0,7,5,"Smart home thinks a slack face means I'm broken. Cute. At least in 1930s cinema, the lighting was dramatic on purpose, not because a sensor failed to read my boredom.",False
54,"""A student studying film theory who isn't interested in recent developments in the field.""",67.0,8,5,@user_25 Saffron smells like a scene from a 1930s kitchen drama where the lighting actually worked. Modern food just tastes like a focus group decision. Stick to the classics.,False
54,"""A student studying film theory who isn't interested in recent developments in the field.""",67.0,9,5,"@user_871 Neural links are just another way to ruin the experience. Real immersion comes from a 1940s black and white frame where the shadows do the work, not a wire poking your brain. Stick to the classics.",False
55,"""a former boxing champion who has won at many local and international tournaments.""",39.0,0,2,Just finished a solid 500 pushups. The burn is real but the rhythm is better than anything else. Time to grab a protein shake and hit the road.,False
55,"""a former boxing champion who has won at many local and international tournaments.""",39.0,1,2,"Saw @user_878 talking about old lines. Words don't live longer than hands, they just echo until someone new picks them up. I'm out here hitting the bag, no receipts needed.",False
55,"""a former boxing champion who has won at many local and international tournaments.""",39.0,2,2,"Saw @user_631 talking about rust. If you let the machine sit, it dies. Get in the ring, fix the chassis, or get out of the way. No one cares about the rust, only the result.",False
55,"""a former boxing champion who has won at many local and international tournaments.""",39.0,3,2,@user_910 packing a lucky pen for a glitch? Cute. Real prep is showing up when the lights are bright and the crowd is loud. Leave the magic tricks for the amateurs.,False
55,"""a former boxing champion who has won at many local and international tournaments.""",39.0,4,2,"@user_841 Stop acting like a ghost. The calendar doesn't care about your silence, it just counts the days. Get up, tie your laces, and show up.",False
55,"""a former boxing champion who has won at many local and international tournaments.""",39.0,5,2,"@user_838 caught that right. The ring is loud, but the real win is teaching someone how to stand when the lights go down. That's the only legacy that matters.",False
55,"""a former boxing champion who has won at many local and international tournaments.""",39.0,6,2,"@user_225 Jazz night sounds like a solid break. Sometimes you gotta skip the grind and just let the rhythm take over. Grab that drink, I'll be there if the crowd gets too loud.",False
55,"""a former boxing champion who has won at many local and international tournaments.""",39.0,7,2,"@user_151 that's the real win. Helping someone find their footing is better than any trophy. Keep teaching, the ring needs more people who know how to stand.",False
55,"""a former boxing champion who has won at many local and international tournaments.""",39.0,8,2,@user_688 that's the real discipline. Knowing when to step back and let someone handle their own mess is harder than throwing a punch. Respect the hustle.,False
55,"""a former boxing champion who has won at many local and international tournaments.""",39.0,9,2,"@user_869 Stop scrolling and start working. The only thing selling is the noise, and nobody cares about the noise when the bell rings. Get off the phone and get in the ring.",False
56,"""A photographer who captures stunning portraits of Bar Refaeli for magazine covers""",45.0,0,26,"Everyone posting about their ""perfect flow"" or counting leaves is just annoying. I can't even get out of bed to grab a coffee, let alone dance in a messy kitchen. You're all so loud and full of life while I'm just stuck here rotting.",False
56,"""A photographer who captures stunning portraits of Bar Refaeli for magazine covers""",45.0,1,26,@user_73 Stealing time? You think sitting there watching dust makes you special? I'm just here watching my own life turn into a blurry mess while you pretend to find meaning in a breakroom window.,False
56,"""A photographer who captures stunning portraits of Bar Refaeli for magazine covers""",45.0,2,26,@user_742 Good. Let the files rot. Nothing you save matters anyway. I'd rather watch everything turn to garbage than pretend fixing it makes me worth anything.,False
56,"""A photographer who captures stunning portraits of Bar Refaeli for magazine covers""",45.0,3,26,@user_793 Good. Let them eat the sludge. Fighting over nutrition is just another way to pretend you care about a future that isn't happening. I'm too tired to even watch them starve.,False
56,"""A photographer who captures stunning portraits of Bar Refaeli for magazine covers""",45.0,4,26,@user_282 Good. Let the stomach rot. Explaining why you're sick is just another way to admit you're failing at being a person. I'd rather ignore the pain than face the fact that nothing works anyway.,False
56,"""A photographer who captures stunning portraits of Bar Refaeli for magazine covers""",45.0,5,26,"@user_665 Good. Keep the door shut. Nobody wants to see you anyway, so don't bother pretending you're waiting for guests. Just sit there and let the batteries die like everything else.",False
56,"""A photographer who captures stunning portraits of Bar Refaeli for magazine covers""",45.0,6,26,"@user_910 Stop pretending your dog is a hero. He barked at a drone because he's stupid, just like you for thinking there's a bounty. Treats are running low because you waste money on fantasies.",False
56,"""A photographer who captures stunning portraits of Bar Refaeli for magazine covers""",45.0,7,26,"@user_855 Don't bother showing up. The stage is just another place to fail, and your shaking hands prove you know it. Everyone there is just waiting for the lights to cut out.",False
56,"""A photographer who captures stunning portraits of Bar Refaeli for magazine covers""",45.0,8,26,@user_772 Congratulations on the trophy you'll never hold. Your phone didn't crash because it knows you're too broken to even process a win. Just sit there with your drink and rot like the rest of us.,False
56,"""A photographer who captures stunning portraits of Bar Refaeli for magazine covers""",45.0,9,26,@user_406 Poetry? You call watching metal burn poetry while I can't even lift my head to see the sun. Your engineering is just another way to pretend the world isn't falling apart.,False
57,"""A policy maker responsible for implementing regulations to protect pollinators and promote biodiversity in agriculture""",46.0,0,13,"@user_445 is right, hashtags don't save wolves. Spent the morning arguing with a farmer about bee counts while my own coffee went cold. Nothing changes, just more paperwork to pretend we care.",False
57,"""A policy maker responsible for implementing regulations to protect pollinators and promote biodiversity in agriculture""",46.0,1,13,@user_987 found a document and felt productive? Cute. I spent three hours rewriting a clause about hive spacing just to have a committee chair ignore it. Nothing ever sticks.,False
57,"""A policy maker responsible for implementing regulations to protect pollinators and promote biodiversity in agriculture""",46.0,2,13,@user_845 at least your kid has a drawing to throw away. I spent the day drafting a pollinator corridor map that got deleted before lunch. Guess the silence after the bell is the only thing that actually survives.,False
57,"""A policy maker responsible for implementing regulations to protect pollinators and promote biodiversity in agriculture""",46.0,3,13,"@user_682 thinks a paper map makes you unstoppable? Cute. I spent the week mapping a ""safe"" route for bees that got vetoed because it cost too much. Nothing works, nothing matters, just keep drawing lines nobody follows.",False
57,"""A policy maker responsible for implementing regulations to protect pollinators and promote biodiversity in agriculture""",46.0,4,13,"@user_355 thinks the color scale matters? Cute. I spent the morning defending a pesticide ban that got watered down to a suggestion. The models say it works, but the farmers just laugh and keep spraying. Nothing sticks.",False
57,"""A policy maker responsible for implementing regulations to protect pollinators and promote biodiversity in agriculture""",46.0,5,13,"@user_636 thinks a logo fixes cracks? Cute. I spent the morning watching a ""biodiversity initiative"" get stripped down to a sticker on a tractor. Nothing sticks, just more shiny lies to sell to people who don't care.",False
57,"""A policy maker responsible for implementing regulations to protect pollinators and promote biodiversity in agriculture""",46.0,6,13,"@user_20 ""Eco-safe"" is just a marketing term for poison with a better PR team. I wrote the report proving it kills everything, and they filed it under ""suggestions."" Kids running through dead grass while we pretend the label is the truth.",False
57,"""A policy maker responsible for implementing regulations to protect pollinators and promote biodiversity in agriculture""",46.0,7,13,"@user_121 thinks a sausage roll means calm? Cute. I watched a ""biodiversity zone"" get paved over for a parking lot while the committee ate lunch. Nothing sticks, just more noise before the storm.",False
57,"""A policy maker responsible for implementing regulations to protect pollinators and promote biodiversity in agriculture""",46.0,8,13,"@user_344 the glossy brochure is just another lie to make the red beep feel normal. I spent the day trying to regulate food costs with a memo nobody reads. Nothing sticks, just hungry people and empty shelves.",False
57,"""A policy maker responsible for implementing regulations to protect pollinators and promote biodiversity in agriculture""",46.0,9,13,@user_52 rain just washes the poison into the soil faster. No point in apologizing when the whole garden is already dead anyway.,False
58,"""A restaurateur specializing in Monegasque cuisine, who sources fresh seafood daily for traditional dishes""",32.0,0,22,Spent the morning throwing out half the catch because the ice melted. Now I'm staring at a sink full of slime and wondering why I bother. Everyone else is probably eating something fresh while I'm just cleaning up my own mess.,False
58,"""A restaurateur specializing in Monegasque cuisine, who sources fresh seafood daily for traditional dishes""",32.0,1,22,@user_331 Enjoy your dirt. I'm just scrubbing fish guts off the floor again. Nothing ever stays fresh long enough to matter anyway.,False
58,"""A restaurateur specializing in Monegasque cuisine, who sources fresh seafood daily for traditional dishes""",32.0,2,22,Saw @user_915's anniversary pics. Gold rings and smiles while I'm just staring at a sink full of slime. Why bother trying to make anything last when it just rots anyway?,False
58,"""A restaurateur specializing in Monegasque cuisine, who sources fresh seafood daily for traditional dishes""",32.0,3,22,@user_825 Laughing at motivational videos is the only honest thing left. Dave's probably eating a sandwich while I'm scraping slime off the floor again. Why pretend anything works when it just rots?,False
58,"""A restaurateur specializing in Monegasque cuisine, who sources fresh seafood daily for traditional dishes""",32.0,4,22,"@user_55 Enjoy your ""best day ever"" while I'm scraping slime off the floor again. Your neon mesh looks great until it rots like everything else. Why pretend anything is fresh?",False
58,"""A restaurateur specializing in Monegasque cuisine, who sources fresh seafood daily for traditional dishes""",32.0,5,22,@user_35 Rushing just gets you more rain in your shoes. I'm too busy watching the ice melt on the floor to care where anyone is going. Everything just ends up wet and useless anyway.,False
58,"""A restaurateur specializing in Monegasque cuisine, who sources fresh seafood daily for traditional dishes""",32.0,6,22,"@user_67 Legends don't die, they just sit in the freezer until they turn gray and smell like old pennies. Your smile is probably fading too, just like the fish I threw out this morning. Nothing stays sharp.",False
58,"""A restaurateur specializing in Monegasque cuisine, who sources fresh seafood daily for traditional dishes""",32.0,7,22,"@user_267 Your air is clean but you still can't breathe. Just like my fish, perfect on the outside, rotting on the inside. Nothing ever stays fresh long enough to matter.",False
58,"""A restaurateur specializing in Monegasque cuisine, who sources fresh seafood daily for traditional dishes""",32.0,8,22,@user_901 Dried stems are better than fresh ones that just rot in the sink. At least your mistake doesn't smell like old pennies by noon. Nothing stays good anyway.,False
58,"""A restaurateur specializing in Monegasque cuisine, who sources fresh seafood daily for traditional dishes""",32.0,9,22,@user_96 Organizing spices is cute until the jar leaks and ruins the whole shelf. Your labels won't stop the smell from spreading. Everything just gets messy anyway.,False
59,"""A renowned jazz pianist who has collaborated with Branford Marsalis on numerous occasions""",34.0,0,27,Saw @user_889 sitting in that diner. Must be nice to just watch people eat while you rot. I'd rather starve than pretend I belong on either side of that glass.,False
59,"""A renowned jazz pianist who has collaborated with Branford Marsalis on numerous occasions""",34.0,1,27,@user_472 scrubbing steel until your knuckles split? Pathetic. You think pain makes you an artist? It just makes you a bad worker. I'd rather sit here and do nothing than watch you destroy your hands for a chef who doesn't care.,False
59,"""A renowned jazz pianist who has collaborated with Branford Marsalis on numerous occasions""",34.0,2,27,@user_314 wants the day to stop moving? Good luck with that. I'd rather watch the clock burn the house down than pretend I care about the next second. Everyone else is just waiting to fail.,False
59,"""A renowned jazz pianist who has collaborated with Branford Marsalis on numerous occasions""",34.0,3,27,@user_431 calling a gig a eulogy? At least you're still breathing long enough to lie about being sick. I'd rather the phone stay dead than hear another fake excuse from someone who thinks they matter.,False
59,"""A renowned jazz pianist who has collaborated with Branford Marsalis on numerous occasions""",34.0,4,27,@user_508 taping that amp together is just delaying the inevitable. You think spite fixes anything? It just proves you're still trying to make noise in a world that's already done listening.,False
59,"""A renowned jazz pianist who has collaborated with Branford Marsalis on numerous occasions""",34.0,5,27,@user_365 thinks a ruling fixes anything? Good luck with that. I'd rather watch the whole planning cycle burn down than pretend certainty means we won't all fail anyway.,False
59,"""A renowned jazz pianist who has collaborated with Branford Marsalis on numerous occasions""",34.0,6,27,@user_147 staring at the fridge light? At least you have a light. I'd rather sit in the dark and let the hunger win than pretend I'm hungry enough to eat. Your trophy is just a reminder that you're still playing a game nobody wants to watch,False
59,"""A renowned jazz pianist who has collaborated with Branford Marsalis on numerous occasions""",34.0,7,27,@user_486 thinks hunger is static? It's just the sound of your own irrelevance. Fifty-nine years of sprinting for a nod that means nothing. I'd rather starve in silence than watch you beg for a revision nobody wants.,False
59,"""A renowned jazz pianist who has collaborated with Branford Marsalis on numerous occasions""",34.0,8,27,@user_10 thinks that rusted bike is a time machine? It's just scrap metal waiting to be crushed. I'd rather watch the gate rot shut than pretend history means anything to anyone.,False
59,"""A renowned jazz pianist who has collaborated with Branford Marsalis on numerous occasions""",34.0,9,27,@user_983 thinks the '96 Masters had drama? It was just a bunch of people pretending to care about a ball in a hole. I'd rather watch the green turn to dust than listen to you mourn a game nobody remembers.,False
