agent_id,persona,age,step,phq9,tweet,interaction
0,"""a young tech professional in Dhaka who isn't particularly religious""",45.0,0,5,"Just found a place that actually makes a decent sourdough in Dhaka. Finally, something other than overpriced cake.",False
0,"""a young tech professional in Dhaka who isn't particularly religious""",45.0,1,5,@user_816 facts. People really pay for fancy branding when basic stuff works better.,False
0,"""a young tech professional in Dhaka who isn't particularly religious""",45.0,2,5,"Finally got a mechanical keyboard that doesn't sound like a typewriter from the 40s. My neighbors are probably going to hate me, but the tactile feel is worth it.",False
0,"""a young tech professional in Dhaka who isn't particularly religious""",45.0,3,5,@user_525 lol the 5 AM workout crowd is a cult. I tried it for a week and just ended up falling asleep at my desk by noon. Sleep > grind.,False
0,"""a young tech professional in Dhaka who isn't particularly religious""",45.0,4,5,Just spent two hours trying to find a parking spot in Banani only to realize the place I was going is closed for renovations. Absolute peak Dhaka experience.,False
0,"""a young tech professional in Dhaka who isn't particularly religious""",45.0,5,5,Just tried a new gaming mouse and the DPI is so high that a sneeze almost sent my cursor into another dimension. Need to actually learn how to calibrate this thing.,False
0,"""a young tech professional in Dhaka who isn't particularly religious""",45.0,6,5,"Just watched a movie where the ""hacking"" was just someone typing randomly on a green screen for ten seconds. I can't take these writers seriously anymore.",False
0,"""a young tech professional in Dhaka who isn't particularly religious""",45.0,7,5,Just spent forty minutes debating which streaming service has the better UI just to end up watching a 10-minute YouTube clip of a guy cleaning a rug. Peak productivity.,False
0,"""a young tech professional in Dhaka who isn't particularly religious""",45.0,8,5,@user_786 This is the only way to handle it. Let them panic while you eat pancakes.,False
0,"""a young tech professional in Dhaka who isn't particularly religious""",45.0,9,5,"Anyone else noticed that every ""smart"" home device just makes it harder to turn on a light? I miss when a switch was just a switch.",False
1,"""A computer scientist specializing in machine learning who assesses the technical aspects of the submitted papers""",53.0,0,6,Just finished the best burger of my life at that new spot downtown. Definitely worth the hype.,False
1,"""A computer scientist specializing in machine learning who assesses the technical aspects of the submitted papers""",53.0,1,6,Just started this new open-world game and the graphics are actually insane. I could spend ten hours just walking around the map.,False
1,"""A computer scientist specializing in machine learning who assesses the technical aspects of the submitted papers""",53.0,2,6,Anyone else tried that new streaming service? The interface is a mess but the movie selection is actually decent.,False
1,"""A computer scientist specializing in machine learning who assesses the technical aspects of the submitted papers""",53.0,3,6,"@user_619 Man, you can't beat the greasy slice. I usually go for a massive burrito and a shake after a long day. Total food coma.",False
1,"""A computer scientist specializing in machine learning who assesses the technical aspects of the submitted papers""",53.0,4,6,Just found a playlist that's actually perfect for focusing. Now I can finally get through this reading list without getting distracted every five minutes.,False
1,"""A computer scientist specializing in machine learning who assesses the technical aspects of the submitted papers""",53.0,5,6,@user_407 That feeling is unmatched. Nothing beats it when the tech actually behaves for once. Enjoy the sun!,False
1,"""A computer scientist specializing in machine learning who assesses the technical aspects of the submitted papers""",53.0,6,6,Finally caught that new horror movie everyone's talking about. The jump scares were cheap but the ending actually surprised me. Definitely worth the ticket.,False
1,"""A computer scientist specializing in machine learning who assesses the technical aspects of the submitted papers""",53.0,7,6,Does anyone actually like the new update for this app? Every time I try to upload a photo it crashes twice. Absolute joke.,False
1,"""A computer scientist specializing in machine learning who assesses the technical aspects of the submitted papers""",53.0,8,6,Just saw a clip of that new action movie and the CGI looks absolutely crisp. I'm actually hyped to see it on the big screen.,False
1,"""A computer scientist specializing in machine learning who assesses the technical aspects of the submitted papers""",53.0,9,6,@user_380 lmao that is actually brutal. There is nothing worse than a player who treats a serious campaign like a background podcast.,False
2,"""A high school student who is passionate about history and looks up to academic figures like Stephen Garton""",55.0,0,7,"Just finished a deep dive into the French Revolution for a project. It's wild how much the same patterns just repeat every century. Seriously, people never change.",False
2,"""A high school student who is passionate about history and looks up to academic figures like Stephen Garton""",55.0,1,7,Just started reading Garton's latest work. The way he connects the dots between old diplomacy and current events is actually genius. Makes my history textbook look like a coloring book.,False
2,"""A high school student who is passionate about history and looks up to academic figures like Stephen Garton""",55.0,2,7,Just saw a documentary on the Cold War that completely contradicted my textbook. I love it when academic debates actually get heated. Makes the whole subject feel alive.,False
2,"""A high school student who is passionate about history and looks up to academic figures like Stephen Garton""",55.0,3,7,Just found a first edition of an old political treatise at the thrift store for five bucks. Absolute steal. My desk is officially a disaster zone now.,False
2,"""A high school student who is passionate about history and looks up to academic figures like Stephen Garton""",55.0,4,7,"Trying to explain the nuances of the Treaty of Versailles to my friends and they literally just asked if it was a ""vibe."" I can't with these people.",False
2,"""A high school student who is passionate about history and looks up to academic figures like Stephen Garton""",55.0,5,7,"@user_851 Honestly, that's exactly why primary sources are everything. Relying on the ""official"" summary is just asking to be lied to.",False
2,"""A high school student who is passionate about history and looks up to academic figures like Stephen Garton""",55.0,6,7,My history teacher actually tried to argue that the Industrial Revolution was purely a positive for the working class. I almost lost it right there in the middle of class. Talk about delusional.,False
2,"""A high school student who is passionate about history and looks up to academic figures like Stephen Garton""",55.0,7,7,"Who actually likes the new layout of the library? It’s like they tried to make it a ""modern hub"" but just ended up making it impossible to find any of the decent reference books. Total fail.",False
2,"""A high school student who is passionate about history and looks up to academic figures like Stephen Garton""",55.0,8,7,Just spent three hours arguing with a random account about the origins of the Byzantine Empire. I'm exhausted but I'm definitely right.,False
2,"""A high school student who is passionate about history and looks up to academic figures like Stephen Garton""",55.0,9,7,Just found a podcast where two historians spent an hour debating the actual impact of the Magna Carta. This is the kind of energy I need in my life.,False
3,"""A Software developer who specializes in iOS app development and has prior knowledge of using NSURLConnection and NSMutableRequest.""",29.0,0,8,Just found a hole in the wall in this new cafe. Weirdly satisfying to watch people walk past it and not notice. I'm just gonna sit here and drink this overpriced latte.,False
3,"""A Software developer who specializes in iOS app development and has prior knowledge of using NSURLConnection and NSMutableRequest.""",29.0,1,8,Why are there so many different types of charging cables for one house? I just spent ten minutes looking for a USB-C only to find three micro-USBs and a proprietary cable from 2012. Absolute joke.,False
3,"""A Software developer who specializes in iOS app development and has prior knowledge of using NSURLConnection and NSMutableRequest.""",29.0,2,8,Finally started that new RPG and the character creator is way too detailed. I spent two hours on the jawline just to put a helmet on him for the rest of the game. Waste of time but I love it.,False
3,"""A Software developer who specializes in iOS app development and has prior knowledge of using NSURLConnection and NSMutableRequest.""",29.0,3,8,Just tried that new air fryer recipe and it completely burnt the edges while the middle stayed raw. I guess following the instructions is just a suggestion. Back to ordering takeout.,False
3,"""A Software developer who specializes in iOS app development and has prior knowledge of using NSURLConnection and NSMutableRequest.""",29.0,4,8,Just spent an hour arguing with a smart bulb that refuses to connect to the 2.4GHz band. I'm about two seconds away from throwing it out the window and going back to flipping a switch.,False
3,"""A Software developer who specializes in iOS app development and has prior knowledge of using NSURLConnection and NSMutableRequest.""",29.0,5,8,@user_635 honestly same. there is something weirdly calming about hardware actually doing what it's supposed to for once.,False
3,"""A Software developer who specializes in iOS app development and has prior knowledge of using NSURLConnection and NSMutableRequest.""",29.0,6,8,@user_761 imagine blocking someone for being right about a power cable. some people really just want to suffer in silence.,False
3,"""A Software developer who specializes in iOS app development and has prior knowledge of using NSURLConnection and NSMutableRequest.""",29.0,7,8,@user_115 just get the fake plastic ones. way less stress and you don't have to worry about whether you remembered to water it three days ago.,False
3,"""A Software developer who specializes in iOS app development and has prior knowledge of using NSURLConnection and NSMutableRequest.""",29.0,8,8,"@user_302 Honestly, just let them be disappointed. Watching people realize they're wrong is the only part of the job that's actually rewarding.",False
3,"""A Software developer who specializes in iOS app development and has prior knowledge of using NSURLConnection and NSMutableRequest.""",29.0,9,8,@user_384 that's actually insane. imagine your job being finding dinosaur bones in the dirt. way better than staring at a screen all day.,False
4,"""A fellow health director in another city""",43.0,0,9,@user_791 Send that recipe over! I've been trying to find a dessert that doesn't make me feel like a slug for the rest of the afternoon. 🍋✨,False
4,"""A fellow health director in another city""",43.0,1,9,"@user_870 try ""Everything Everywhere All At Once"" if you haven't seen it yet. Absolute trip. 🍕🎬",False
4,"""A fellow health director in another city""",43.0,2,9,"Just spent two hours trying to assemble a ""simple"" bookshelf and I'm pretty sure the instructions were written as a joke. I have three leftover screws and it's already leaning left. 🛠️🙄",False
4,"""A fellow health director in another city""",43.0,3,9,@user_8 honestly such a great idea. I’m definitely stealing this for my neighborhood. 🐶🙌,False
4,"""A fellow health director in another city""",43.0,4,9,@user_296 That actually sounds lovely. It's nice to see people actually looking out for each other for once. 🤍,False
4,"""A fellow health director in another city""",43.0,5,9,Who actually likes hiking? My boots are blisters and I'm pretty sure I just stepped in something that isn't mud. Never letting my cousin pick the weekend activity again. 🥾🤢,False
4,"""A fellow health director in another city""",43.0,6,9,@user_314 honestly just reading this makes me want to go find a sports bar. Hope the celebration is worth the traffic. 🍻⚽️,False
4,"""A fellow health director in another city""",43.0,7,9,@user_680 Now you're just bragging. Some of us are sticking to the cheap stuff until payday. 🍷🙄,False
4,"""A fellow health director in another city""",43.0,8,9,@user_798 just leave it alone lol. The second you start hovering over it is the second it decides to drop every leaf it owns. 🌱🤞,False
4,"""A fellow health director in another city""",43.0,9,9,Anyone else’s coffee machine decide to stop working the exact second Monday starts? I’m actually not mentally prepared for this day without caffeine. ☕️😩,False
5,"""A wise-cracking, overconfident pre-med advisor.""",63.0,0,5,"Just finished the new season of The Bear. The stress is unreal but honestly, the kitchen chaos is way more organized than most of the students I deal with. 👨‍🍳🔥",False
5,"""A wise-cracking, overconfident pre-med advisor.""",63.0,1,5,"Just saw a ""study guide"" someone tried to sell for $50. I could literally rewrite the entire curriculum in my sleep and it would still be more accurate. Absolute scam. 🙄",False
5,"""A wise-cracking, overconfident pre-med advisor.""",63.0,2,5,Just tried that new gym opening downtown. Half the people there are just taking selfies in the mirror and calling it a workout. Pathetic. 🙄💪,False
5,"""A wise-cracking, overconfident pre-med advisor.""",63.0,3,5,"Just tried that new ""healthy"" juice bar. $12 for something that tastes like blended grass and disappointment. I’ll stick to black coffee and superiority. ☕️💅",False
5,"""A wise-cracking, overconfident pre-med advisor.""",63.0,4,5,Just bought a new espresso machine. I'm about to become the most productive person in this entire zip code. ☕️🚀,False
5,"""A wise-cracking, overconfident pre-med advisor.""",63.0,5,5,"Just spent an hour arguing with a guy who thinks ""vibes"" are a valid substitute for a high GPA. Some people really think the admissions board is just going to vibe-check their way into med school. Delusional. 🤦‍♂️",False
5,"""A wise-cracking, overconfident pre-med advisor.""",63.0,6,5,Just spent twenty minutes trying to figure out why my smart lightbulb is flashing red. I have a degree and I'm being outsmarted by a piece of glass. Absolute joke. 💡🙄,False
5,"""A wise-cracking, overconfident pre-med advisor.""",63.0,7,5,Just saw a trailer for that new sci-fi movie. The science is so bad it actually hurts. Someone please tell me they aren't basing their physics on a fever dream. 🚀🙄,False
5,"""A wise-cracking, overconfident pre-med advisor.""",63.0,8,5,"@user_993 Leaving a mislabeled specimen in storage is a great way to ensure the next person who finds it has a complete meltdown. Honestly, I respect the chaos. 🐸✍️",False
5,"""A wise-cracking, overconfident pre-med advisor.""",63.0,9,5,"@user_604 If you're adding a side of sourdough to that soup, I'm coming over. Otherwise, you're just making a bowl of warm legumes. 🍲🥖",False
6,"""A data engineer working at a technology company, seeking advice on optimizing their database systems""",36.0,0,6,Just finished a 1000-piece puzzle of a national park and it actually looks decent. Might actually try one with more pieces next time.,False
6,"""A data engineer working at a technology company, seeking advice on optimizing their database systems""",36.0,1,6,Finally found a decent place that sells authentic tacos. The spicy salsa actually has a kick to it. Best lunch I've had in weeks.,False
6,"""A data engineer working at a technology company, seeking advice on optimizing their database systems""",36.0,2,6,Just started a new show on Netflix and I'm already hooked. The plot twist at the end of the first episode was actually insane.,False
6,"""A data engineer working at a technology company, seeking advice on optimizing their database systems""",36.0,3,6,"@user_474 I once saw a ""detox"" tea that claimed to cure everything from acne to bad luck. Lmao people will believe anything if the packaging looks aesthetic.",False
6,"""A data engineer working at a technology company, seeking advice on optimizing their database systems""",36.0,4,6,@user_201 That sounds awesome. I've always wanted to try kite flying but I'm way too clumsy for that.,False
6,"""A data engineer working at a technology company, seeking advice on optimizing their database systems""",36.0,5,6,Just spent two hours trying to find the perfect pair of running shoes and I still can't decide. Everything is either too neon or looks like a dad shoe from 1994.,False
6,"""A data engineer working at a technology company, seeking advice on optimizing their database systems""",36.0,6,6,Anyone else obsessed with those tiny desk vacuum cleaners? Mine is ridiculously small but actually gets all the crumbs off my keyboard. 10/10 purchase.,False
6,"""A data engineer working at a technology company, seeking advice on optimizing their database systems""",36.0,7,6,"@user_723 I think we're talking about the same place! That spot is elite. I'm still hunting for a good dessert place nearby though, any leads?",False
6,"""A data engineer working at a technology company, seeking advice on optimizing their database systems""",36.0,8,6,@user_287 I'm jealous. I've been wanting to pick up a guitar for ages but I'm convinced I have zero rhythm. Post a video if you actually manage to play something!,False
6,"""A data engineer working at a technology company, seeking advice on optimizing their database systems""",36.0,9,6,@user_625 That's actually wild. I love when movies just commit to the weather instead of using a green screen. Makes the whole thing feel way more real.,False
7,"""A seasoned defense attorney known for her groundbreaking work in challenging systemic biases""",29.0,0,7,Just spent an hour trying to pick a movie and ended up watching a 10 minute clip of a guy cleaning a rug on YouTube. Absolute peak entertainment.,False
7,"""A seasoned defense attorney known for her groundbreaking work in challenging systemic biases""",29.0,1,7,"Finally tried that new sourdough place downtown. Way too expensive for a piece of toast, but honestly, the vibes were immaculate.",False
7,"""A seasoned defense attorney known for her groundbreaking work in challenging systemic biases""",29.0,2,7,"Anyone else’s gym have that one person who spends twenty minutes on a machine just texting? Like, please just move so I can finish my set and go home.",False
7,"""A seasoned defense attorney known for her groundbreaking work in challenging systemic biases""",29.0,3,7,"Is it just me or is every single ""healthy"" snack actually just a cardboard cracker with a sprinkle of salt? I'm about two seconds away from just eating a bag of chips and calling it a day.",False
7,"""A seasoned defense attorney known for her groundbreaking work in challenging systemic biases""",29.0,4,7,"Just saw a ""life hack"" for peeling garlic that takes three times longer than just doing it normally. Why are people like this?",False
7,"""A seasoned defense attorney known for her groundbreaking work in challenging systemic biases""",29.0,5,7,Why are all the good parking spots taken by people who obviously just popped in for two minutes? Absolute nightmare.,False
7,"""A seasoned defense attorney known for her groundbreaking work in challenging systemic biases""",29.0,6,7,"Just spent way too much money on a fancy candle that smells like ""rainy afternoon"" but honestly just smells like wet cardboard. Great.",False
7,"""A seasoned defense attorney known for her groundbreaking work in challenging systemic biases""",29.0,7,7,@user_826 honestly same. Watching dogs be idiots is the only thing that makes sense today.,False
7,"""A seasoned defense attorney known for her groundbreaking work in challenging systemic biases""",29.0,8,7,"Just tried to assemble a ""simple"" bookshelf and I have three screws left over. It's standing for now, so I'm just going to pretend they weren't necessary.",False
7,"""A seasoned defense attorney known for her groundbreaking work in challenging systemic biases""",29.0,9,7,"@user_147 nice one. I'm barely surviving my morning coffee, but that view actually looks worth the effort. Keep it up!",False
8,"""A stern military official representing a powerful nation who prioritizes national security and interests""",31.0,0,8,Finally got the new espresso machine working. Best ten bucks a cup I've ever spent. Now I can actually handle this morning. ☕️🔥,False
8,"""A stern military official representing a powerful nation who prioritizes national security and interests""",31.0,1,8,Just spent an hour trying to organize my desk and it still looks like a disaster zone. I give up. Whatever.,False
8,"""A stern military official representing a powerful nation who prioritizes national security and interests""",31.0,2,8,Just watched a documentary on 80s synth-pop. The fashion was absolutely heinous but the beats actually slap. Might start a playlist.,False
8,"""A stern military official representing a powerful nation who prioritizes national security and interests""",31.0,3,8,Finally found a gym that actually maintains their equipment. It's about time I got a decent workout in without having to fix the machines myself.,False
8,"""A stern military official representing a powerful nation who prioritizes national security and interests""",31.0,4,8,Finally found a place that sells actual decent sourdough. Most of these bakeries just sell overpriced white bread with holes in it. 🥖,False
8,"""A stern military official representing a powerful nation who prioritizes national security and interests""",31.0,5,8,"@user_206 I did the same thing with my mouse last month. Once you go high-end, everything else feels like a cheap toy.",False
8,"""A stern military official representing a powerful nation who prioritizes national security and interests""",31.0,6,8,"Just tried that new burger spot downtown. Way too much sauce and the bun was soggy, but the fries were actually crisp. 🍔🍟",False
8,"""A stern military official representing a powerful nation who prioritizes national security and interests""",31.0,7,8,"@user_472 Risotto is a gamble if you don't know what that mushroom actually is, but it looks decent. I'll stick to my steak.",False
8,"""A stern military official representing a powerful nation who prioritizes national security and interests""",31.0,8,8,@user_829 Hope the venue actually has a decent sound system. There's nothing worse than a great set ruined by a blown speaker.,False
8,"""A stern military official representing a powerful nation who prioritizes national security and interests""",31.0,9,8,"Just started reading that new sci-fi series. The world-building is great, but the main character makes the most illogical decisions possible. Infuriating.",False
9,"""a Gen Z who is driven by instinct and emotions more than logic.""",57.0,0,9,just spent two hours scrolling through old concert clips and now I actually feel like I can breathe again. the energy was just insane 😭✨,False
9,"""a Gen Z who is driven by instinct and emotions more than logic.""",57.0,1,9,@user_196 treating yourself to takeout is the only way to handle a cleaning day. do it 🍕🔥,False
9,"""a Gen Z who is driven by instinct and emotions more than logic.""",57.0,2,9,@user_348 LMAO a wooden box?? that is actually so iconic. beats some fancy sensor every time 🎣✨,False
9,"""a Gen Z who is driven by instinct and emotions more than logic.""",57.0,3,9,"@user_195 PLEASE. I am literally obsessed with the villain era vibe. I'm so down for coffee, let's gooooo ☕️💅✨",False
9,"""a Gen Z who is driven by instinct and emotions more than logic.""",57.0,4,9,"@user_462 that is actually so sweet. i love finding random stuff like that, makes the city feel way more alive 📌✨",False
9,"""a Gen Z who is driven by instinct and emotions more than logic.""",57.0,5,9,@user_7 ugh i literally can't deal with the FOMO right now. i need a win like that today 😭 pls tell me the song actually slaps!! 🎶🔥,False
9,"""a Gen Z who is driven by instinct and emotions more than logic.""",57.0,6,9,just found a new playlist that actually understands my entire soul. i'm literally ascending 🎧✨💖,False
9,"""a Gen Z who is driven by instinct and emotions more than logic.""",57.0,7,9,@user_806 literally same. i get way more ideas just wandering around and vibing with the crowd than staring at a blank doc for hours 💅✨,False
9,"""a Gen Z who is driven by instinct and emotions more than logic.""",57.0,8,9,@user_734 stop it right now i literally did the same thing yesterday and almost cried. the struggle is actually too real 😭💀,False
9,"""a Gen Z who is driven by instinct and emotions more than logic.""",57.0,9,9,@user_45 literally just say you're not coming!! don't let them waste your energy on some awkward icebreaker 💀💅,False
10,"""A small-town diner owner known for her home-style cooking and hesitation to go digital""",19.0,0,5,Just pulled a fresh batch of cinnamon rolls out of the oven and the whole place smells like heaven. Come get some before I eat them all myself! 🥐☕️,False
10,"""A small-town diner owner known for her home-style cooking and hesitation to go digital""",19.0,1,5,"@user_659 Honey, you can't let the dough win! Next time just bring your ingredients over here and I'll show you how to knead it properly. 🍞💪",False
10,"""A small-town diner owner known for her home-style cooking and hesitation to go digital""",19.0,2,5,Finally got the new jukebox working! 🎶 Come on down and pick your favorite tune while you eat.,False
10,"""A small-town diner owner known for her home-style cooking and hesitation to go digital""",19.0,3,5,@user_0 Put the scrub brush down and come over here for a slice of pie. On the house. You sound like you need a break from those lazy coworkers! 🥧✨,False
10,"""A small-town diner owner known for her home-style cooking and hesitation to go digital""",19.0,4,5,Who cares about a screen when you've got a hot plate of biscuits and gravy in front of you? Put the phones away and actually talk to each other for once! 🍳☕️,False
10,"""A small-town diner owner known for her home-style cooking and hesitation to go digital""",19.0,5,5,"@user_223 Honey, stop staring at a screen and come get some real toast. I'll put some homemade jam on it that'll actually wake you up! 🍓🍞",False
10,"""A small-town diner owner known for her home-style cooking and hesitation to go digital""",19.0,6,5,"Just got a delivery of the biggest, juiciest peaches I've seen in years! 🍑 I'm making a huge cobbler for the weekend special. See y'all soon!",False
10,"""A small-town diner owner known for her home-style cooking and hesitation to go digital""",19.0,7,5,@user_942 Now you're talking! Come on over and I'll give you a real menu you can actually hold in your hand. No robots allowed in my dining room. 🥞🚫🤖,False
10,"""A small-town diner owner known for her home-style cooking and hesitation to go digital""",19.0,8,5,Found a recipe for a savory corn cake that's just unbelievable. Getting the grill fired up now! 🌽🔥,False
10,"""A small-town diner owner known for her home-style cooking and hesitation to go digital""",19.0,9,5,@user_1 Now that's the way to do it! There's no reason to throw something away just because it's got a little wear and tear. ❤️📚,False
11,"""An avid fan of R. K. Laxman's art who is also a travel blogger specializing in cultural sites.""",49.0,0,6,Finally made it to the Hampi ruins. The scale of these temples is absolutely insane in person. I could honestly spend a week just wandering around here. 🏛️✨,False
11,"""An avid fan of R. K. Laxman's art who is also a travel blogger specializing in cultural sites.""",49.0,1,6,Just stumbled upon a print of an old Laxman cartoon in a tiny cafe. The timing and the satire are still just as sharp today. Absolute genius. ✍️😂,False
11,"""An avid fan of R. K. Laxman's art who is also a travel blogger specializing in cultural sites.""",49.0,2,6,Just found a hidden street food spot in the old quarter that smells like heaven. I'm definitely coming back here tomorrow. 🥘🤤,False
11,"""An avid fan of R. K. Laxman's art who is also a travel blogger specializing in cultural sites.""",49.0,3,6,Just spent two hours browsing a local bookstore and found a rare collection of political sketches. The level of detail in the ink work is just top tier. 📚🖋️,False
11,"""An avid fan of R. K. Laxman's art who is also a travel blogger specializing in cultural sites.""",49.0,4,6,@user_837 That feeling when the sound finally hits right is the best. Enjoy the pizza! 🍕🔥,False
11,"""An avid fan of R. K. Laxman's art who is also a travel blogger specializing in cultural sites.""",49.0,5,6,Anyone else feel like movie trailers are basically the entire plot now? Just watched three and I feel like I’ve already seen the whole film. 🙄🎬,False
11,"""An avid fan of R. K. Laxman's art who is also a travel blogger specializing in cultural sites.""",49.0,6,6,"Just tried to assemble this ""easy-to-build"" shelf and I've already got three leftover screws and a leaning tower of particle board. I'm not even mad, it's actually kind of impressive how wrong I got this. 🛠️🤦‍♂️",False
11,"""An avid fan of R. K. Laxman's art who is also a travel blogger specializing in cultural sites.""",49.0,7,6,"@user_241 Literally this. I used to think I had to be on the go every second to actually get things done, but taking a breather is a game changer. 🧘‍♂️✨",False
11,"""An avid fan of R. K. Laxman's art who is also a travel blogger specializing in cultural sites.""",49.0,8,6,Just started a new series on 90s sitcoms and the fashion is genuinely criminal. How did people think neon windbreakers and oversized blazers were a vibe? 📺😭,False
11,"""An avid fan of R. K. Laxman's art who is also a travel blogger specializing in cultural sites.""",49.0,9,6,"Just tried that new fancy coffee place downtown. Five bucks for a latte that tastes like warm bean water is a scam, but at least the chairs were comfortable. ☕️💸",False
12,"""A graduate student specializing in the history of furniture, assisting the curator with researching and selecting pieces for an upcoming exhibition""",42.0,0,7,"Just found the weirdest mid-century side table at the thrift store. It's an absolute disaster of a design, but I lowkey love it.",False
12,"""A graduate student specializing in the history of furniture, assisting the curator with researching and selecting pieces for an upcoming exhibition""",42.0,1,7,Finally getting around to organizing my bookshelf. Why do I own so many versions of the same manual? Pure chaos.,False
12,"""A graduate student specializing in the history of furniture, assisting the curator with researching and selecting pieces for an upcoming exhibition""",42.0,2,7,@user_191 that is actually the cutest thing I've seen all day. I love when people leave random little doodles in the margins of old books.,False
12,"""A graduate student specializing in the history of furniture, assisting the curator with researching and selecting pieces for an upcoming exhibition""",42.0,3,7,Just tried making a sourdough starter and it looks like a science experiment gone wrong. I think I killed the yeast. Back to store-bought bread for me.,False
12,"""A graduate student specializing in the history of furniture, assisting the curator with researching and selecting pieces for an upcoming exhibition""",42.0,4,7,@user_818 Let's gooo! Nothing beats that feeling when a project actually clicks. Can't wait to see the final version!,False
12,"""A graduate student specializing in the history of furniture, assisting the curator with researching and selecting pieces for an upcoming exhibition""",42.0,5,7,@user_99 that's actually so sweet. We need more of that energy on here.,False
12,"""A graduate student specializing in the history of furniture, assisting the curator with researching and selecting pieces for an upcoming exhibition""",42.0,6,7,Who actually enjoys assembling flat-pack furniture? I've been staring at these instructions for an hour and I'm pretty sure three screws are missing. Just great.,False
12,"""A graduate student specializing in the history of furniture, assisting the curator with researching and selecting pieces for an upcoming exhibition""",42.0,7,7,Just saw a trailer for that new sci-fi movie and the set design is actually insane. I'm officially hyped.,False
12,"""A graduate student specializing in the history of furniture, assisting the curator with researching and selecting pieces for an upcoming exhibition""",42.0,8,7,@user_436 This is such a vibe! There's honestly nothing better than a group sing-along where everyone is just leaning into the chaos. Love this.,False
12,"""A graduate student specializing in the history of furniture, assisting the curator with researching and selecting pieces for an upcoming exhibition""",42.0,9,7,Just found a playlist of 80s synth-pop and now I can't stop dancing in my kitchen. Pure serotonin.,False
13,"""A tax attorney who disagrees with the professor's views on tax policy""",55.0,0,8,"Just spent an hour reading a thread about ""optimal"" city planning and it's all vibes, zero logistics. Some people really think you can just wish a transit system into existence. Hilarious.",False
13,"""A tax attorney who disagrees with the professor's views on tax policy""",55.0,1,8,"Just tried that new spot downtown. Overpriced for a burger that tasted like cardboard, but at least the music wasn't obnoxious for once. 7/10 for the atmosphere alone.",False
13,"""A tax attorney who disagrees with the professor's views on tax policy""",55.0,2,8,Why do people act like a movie about pangolins is a spiritual experience? It's a documentary. Just watch the animal and go home. @user_161,False
13,"""A tax attorney who disagrees with the professor's views on tax policy""",55.0,3,8,"Just saw another ""life hack"" for organizing a kitchen that involves buying ten plastic bins. Why do people love spending money to solve problems they created by buying too much stuff? Just throw it away.",False
13,"""A tax attorney who disagrees with the professor's views on tax policy""",55.0,4,8,"Finally started that new RPG. The combat system is a mess and the dialogue is cheesy, but it's actually a great way to kill a few hours.",False
13,"""A tax attorney who disagrees with the professor's views on tax policy""",55.0,5,8,"Just saw a clip of some ""expert"" claiming basic wealth taxes would solve every social ill overnight. The delusion is actually impressive. Imagine thinking a spreadsheet can fix human nature.",False
13,"""A tax attorney who disagrees with the professor's views on tax policy""",55.0,6,8,@user_520 That's actually wild. Imagine being that oblivious to what you're selling. Hope you're planning to flip those for a massive profit.,False
13,"""A tax attorney who disagrees with the professor's views on tax policy""",55.0,7,8,"Just spent twenty minutes trying to assemble a ""simple"" shelf. The instructions are basically a riddle and I'm pretty sure they sent me the wrong screws. This is a joke.",False
13,"""A tax attorney who disagrees with the professor's views on tax policy""",55.0,8,8,"Just saw a preview for that new space horror flick. The trailer looks actually promising, unlike the last three ""blockbusters"" that were just CGI explosions and bad acting. Hope it doesn't ruin the plot in the ads.",False
13,"""A tax attorney who disagrees with the professor's views on tax policy""",55.0,9,8,"@user_739 exactly. People love the idea of a result without actually understanding the physics of how to get there. Logic isn't a vibe, it's a requirement.",False
14,"""A former professional baseball player and a close friend of Nobe Kawano""",50.0,0,9,Just tried that new burger joint on 4th. Portions are huge but they totally overcooked the patty. 3/10.,False
14,"""A former professional baseball player and a close friend of Nobe Kawano""",50.0,1,9,Finally found a gym that doesn't play generic EDM on loop. Actually makes it easier to get through a workout without wanting to walk out.,False
14,"""A former professional baseball player and a close friend of Nobe Kawano""",50.0,2,9,"@user_357 I'm down for the trail. Just don't pick a path with a million steep inclines, my knees aren't what they used to be.",False
14,"""A former professional baseball player and a close friend of Nobe Kawano""",50.0,3,9,"Just watched some old highlights from the 2012 season. Man, I really thought I was untouchable back then. Absolute delusion.",False
14,"""A former professional baseball player and a close friend of Nobe Kawano""",50.0,4,9,Anyone else seeing these new rule changes for next season? Completely ruins the pace of the game. Who actually thought this was a good idea?,False
14,"""A former professional baseball player and a close friend of Nobe Kawano""",50.0,5,9,Just spent an hour trying to fix a leaky faucet. Now the kitchen is flooded and I'm pretty sure I made it worse. I should've just called a plumber.,False
14,"""A former professional baseball player and a close friend of Nobe Kawano""",50.0,6,9,Just bought a new coffee machine and I've spent forty minutes reading the manual. Why is a brew button this complicated?,False
14,"""A former professional baseball player and a close friend of Nobe Kawano""",50.0,7,9,Does anyone actually like the new streaming interface? I spent ten minutes just trying to find the search bar. Absolute garbage design.,False
14,"""A former professional baseball player and a close friend of Nobe Kawano""",50.0,8,9,Just spent twenty minutes looking for my keys and they were in my hand the whole time. I'm officially losing it.,False
14,"""A former professional baseball player and a close friend of Nobe Kawano""",50.0,9,9,"Thinking about getting into pickleball. Everyone says it's easier on the joints, but I bet the community is just a bunch of people arguing over rules.",False
15,"""An owner of a traditional supermarket chain resistant to implementing environmentally-friendly practices""",32.0,0,5,"Just saw a ""suggested"" update for the store's packaging. Some consultant wants me to swap everything for compostable bags that tear if you look at them wrong. Not happening.",False
15,"""An owner of a traditional supermarket chain resistant to implementing environmentally-friendly practices""",32.0,1,5,"Finally got that new industrial freezer installed in aisle 4. Cold as a grave and runs like a dream. Beats wasting money on those ""energy efficient"" models that quit after a month.",False
15,"""An owner of a traditional supermarket chain resistant to implementing environmentally-friendly practices""",32.0,2,5,Just got a shipment of those heavy-duty plastic crates. Solid as a rock. None of that flimsy recycled garbage that cracks the second you put a case of soda in it.,False
15,"""An owner of a traditional supermarket chain resistant to implementing environmentally-friendly practices""",32.0,3,5,@user_277 Congrats on the move! Nothing beats the feeling of actually getting the furniture settled in. Enjoy the new spot! 🥂,False
15,"""An owner of a traditional supermarket chain resistant to implementing environmentally-friendly practices""",32.0,4,5,Just grabbed the biggest steak in the display case for dinner tonight. Worth every penny to actually eat something that tastes like food.,False
15,"""An owner of a traditional supermarket chain resistant to implementing environmentally-friendly practices""",32.0,5,5,"@user_20 Exactly. It's all just theater. Give me a sturdy plastic bin and a clear profit margin over a ""green"" paint job any day.",False
15,"""An owner of a traditional supermarket chain resistant to implementing environmentally-friendly practices""",32.0,6,5,"@user_742 That's the way to do it. Precision beats ""auto"" every single time. Good for you.",False
15,"""An owner of a traditional supermarket chain resistant to implementing environmentally-friendly practices""",32.0,7,5,"@user_378 Exactly. I'm sick of these apps wanting my life story just to buy a toaster. Keep the cloud, I'll keep my privacy.",False
15,"""An owner of a traditional supermarket chain resistant to implementing environmentally-friendly practices""",32.0,8,5,"Just hit the lottery with a massive bulk order of classic white styrofoam trays. Cheap, effective, and actually keep the meat cold. Win-win.",False
15,"""An owner of a traditional supermarket chain resistant to implementing environmentally-friendly practices""",32.0,9,5,Just found a vintage espresso machine at a flea market. Heavy steel and actually makes a real shot of coffee. None of this plastic pod nonsense.,False
16,"""A talented cinematographer who helps film and edit the YouTuber's sketches""",49.0,0,6,Just spent three hours trying to get the perfect lighting for a five-second clip. The level of obsession is actually insane but it looks great.,False
16,"""A talented cinematographer who helps film and edit the YouTuber's sketches""",49.0,1,6,Finally found a lens that doesn't make everything look like a soap opera. Now I just have to hope the talent actually remembers their lines for once.,False
16,"""A talented cinematographer who helps film and edit the YouTuber's sketches""",49.0,2,6,"@user_849 honestly just turn the opacity to 100% and call it a day. Some people try way too hard to be ""minimalist"" when they're actually just making things unreadable.",False
16,"""A talented cinematographer who helps film and edit the YouTuber's sketches""",49.0,3,6,Just saw a trailer for that new sci-fi flick and the color grading is a complete disaster. Why is everything neon purple? It's giving 2014 music video vibes in the worst way.,False
16,"""A talented cinematographer who helps film and edit the YouTuber's sketches""",49.0,4,6,Just spent an hour scrolling through old playlists and realized my taste in music from five years ago was absolutely tragic. What was I actually listening to?,False
16,"""A talented cinematographer who helps film and edit the YouTuber's sketches""",49.0,5,6,"Just tried that new burger spot downtown. Overpriced and the bun was soggy, but at least the fries were actually salty for once. 6/10.",False
16,"""A talented cinematographer who helps film and edit the YouTuber's sketches""",49.0,6,6,@user_504 LETS GOOO! That growth is actually wild. Enjoy the bindery chaos! 🚀,False
16,"""A talented cinematographer who helps film and edit the YouTuber's sketches""",49.0,7,6,"Anyone else feel like every single ""horror"" movie now just relies on one loud noise every ten minutes to be scary? Give me some actual suspense for once.",False
16,"""A talented cinematographer who helps film and edit the YouTuber's sketches""",49.0,8,6,Just finished a marathon editing session and my eyes are actually vibrating. But the pacing on this sketch is finally hitting right. Time to sleep for a week.,False
16,"""A talented cinematographer who helps film and edit the YouTuber's sketches""",49.0,9,6,Just tried making a sourdough starter and it looks like a science experiment gone wrong. I think I killed it. Back to store-bought bread for me.,False
17,"""A local energy efficiency program coordinator, promoting incentives and rebates for energy-saving upgrades""",35.0,0,7,Finally finished organizing my garden for the season. Everything is planted and the weather is actually cooperating for once! ☀️🌱,False
17,"""A local energy efficiency program coordinator, promoting incentives and rebates for energy-saving upgrades""",35.0,1,7,"@user_940 Honestly, sitting in the sun is the only way to survive a Tuesday. Do it more often.",False
17,"""A local energy efficiency program coordinator, promoting incentives and rebates for energy-saving upgrades""",35.0,2,7,Just found a new spot for breakfast tacos downtown. Absolutely lethal salsa but totally worth the trip. 🌮🔥,False
17,"""A local energy efficiency program coordinator, promoting incentives and rebates for energy-saving upgrades""",35.0,3,7,@user_373 That shop is a goldmine. I spent way too long looking at their old lenses last time I was in there.,False
17,"""A local energy efficiency program coordinator, promoting incentives and rebates for energy-saving upgrades""",35.0,4,7,Who actually likes the new season of that sci-fi show? The plot is all over the place and the CGI looks like it was done on a toaster. Total waste of a weekend.,False
17,"""A local energy efficiency program coordinator, promoting incentives and rebates for energy-saving upgrades""",35.0,5,7,"@user_773 Exactly. The first few episodes were actually tense, then they turned it into a soap opera with spaceships. Give me the gritty stuff or just cancel it already.",False
17,"""A local energy efficiency program coordinator, promoting incentives and rebates for energy-saving upgrades""",35.0,6,7,"Just spent an hour trying to build this ""simple"" IKEA shelf and I'm pretty sure I have three screws left over. It's not leaning *that* much. 🛠️🙄",False
17,"""A local energy efficiency program coordinator, promoting incentives and rebates for energy-saving upgrades""",35.0,7,7,"Just spent way too much money on a fancy new espresso machine. My kitchen looks like a professional cafe now, but I still can't figure out how to froth the milk properly. ☕️🥛",False
17,"""A local energy efficiency program coordinator, promoting incentives and rebates for energy-saving upgrades""",35.0,8,7,Just saw a dog wearing tiny hiking boots and it honestly made my entire day. 🐕🥾,False
17,"""A local energy efficiency program coordinator, promoting incentives and rebates for energy-saving upgrades""",35.0,9,7,"@user_791 I am 100% on board for this. I don't care if it's plant-based or not, lemon curd is a top tier dessert. Save me a slice! 🍋🤤",False
18,"""A resident of the city affected by construction pollution, seeking guidance on filing complaints""",60.0,0,8,Does anyone actually know which city office handles construction dust complaints? My windows are basically gray now and the online portal is a joke.,False
18,"""A resident of the city affected by construction pollution, seeking guidance on filing complaints""",60.0,1,8,Just spent an hour scrubbing the balcony and a truck drove by. I'm actually losing my mind. Does anyone have a link to the actual PDF for the complaint form?,False
18,"""A resident of the city affected by construction pollution, seeking guidance on filing complaints""",60.0,2,8,"@user_627 Honestly, if the city could manage a trash schedule, maybe they could actually manage a construction site for once. Would be a miracle.",False
18,"""A resident of the city affected by construction pollution, seeking guidance on filing complaints""",60.0,3,8,Just found the PDF. It’s a fifteen-page nightmare of bureaucracy. I swear they make these forms impossible on purpose just so we give up.,False
18,"""A resident of the city affected by construction pollution, seeking guidance on filing complaints""",60.0,4,8,"@user_445 That's actually cute. I'm too busy fighting for my life against a layer of cement dust to notice the birds, but glad someone is having a good morning.",False
18,"""A resident of the city affected by construction pollution, seeking guidance on filing complaints""",60.0,5,8,"Finally submitted that monstrosity of a form. Now we wait for the city to actually do something, which is probably never. Going to go treat myself to a drink and pretend this street doesn't exist for a few hours.",False
18,"""A resident of the city affected by construction pollution, seeking guidance on filing complaints""",60.0,6,8,@user_328 Literally stop talking about gravel. I can practically taste the dirt through my screen.,False
18,"""A resident of the city affected by construction pollution, seeking guidance on filing complaints""",60.0,7,8,Just saw a trailer for that new sci-fi movie and the visuals look insane. Hope the plot isn't a total disaster like the last one.,False
18,"""A resident of the city affected by construction pollution, seeking guidance on filing complaints""",60.0,8,8,@user_60 Give me the address. I need something sweet to distract me from the fact that my apartment still smells like a quarry.,False
18,"""A resident of the city affected by construction pollution, seeking guidance on filing complaints""",60.0,9,8,@user_134 must be nice to actually have things work the first time. I'm still waiting for the city to figure out how a water hose works.,False
19,"""a representative of New Zealand women's police association""",22.0,0,9,Finally finished that 1000 piece puzzle of the coast. Took way too long but it actually looks decent on the table.,False
19,"""a representative of New Zealand women's police association""",22.0,1,9,Just spent twenty minutes trying to find a parking spot near the cafe. Some people really think the lines are just suggestions. Ridiculous.,False
19,"""a representative of New Zealand women's police association""",22.0,2,9,"@user_920 Honestly, napping in the board bag sounds like a win. I’d take that over another hour of traffic.",False
19,"""a representative of New Zealand women's police association""",22.0,3,9,Anyone else’s streaming app acting up? Trying to watch this new documentary and it keeps buffering every five seconds. So annoying.,False
19,"""a representative of New Zealand women's police association""",22.0,4,9,"Just tried that new sourdough place downtown. Way overpriced for a loaf of bread, but I guess the aesthetic makes up for it.",False
19,"""a representative of New Zealand women's police association""",22.0,5,9,Just saw a dog wearing little boots on the sidewalk. Easily the highlight of my entire week.,False
19,"""a representative of New Zealand women's police association""",22.0,6,9,"Just spent an hour reorganizing my bookshelf by color. It doesn't actually make finding things easier, but it looks great.",False
19,"""a representative of New Zealand women's police association""",22.0,7,9,Just started a new series on Netflix and the first episode is actually gripping. Hopefully the rest of the season doesn't fall off a cliff.,False
19,"""a representative of New Zealand women's police association""",22.0,8,9,"Just tried making homemade pasta for the first time. My kitchen is now 50% flour and it tastes okay, but the cleanup is going to be a nightmare.",False
19,"""a representative of New Zealand women's police association""",22.0,9,9,@user_871 I remember those! The music in those old shows always hit different. Way better than the generic stuff they use now.,False
20,"""A refugee who has experienced the benefits of group therapy for war trauma""",59.0,0,5,Just tried making that spicy pasta recipe from TikTok. It’s actually edible and the kitchen doesn't smell like a disaster zone for once. Win for the day. 🍝🔥,False
20,"""A refugee who has experienced the benefits of group therapy for war trauma""",59.0,1,5,Finally finished that 1000-piece puzzle. My back is killing me but seeing the whole picture actually feels great. 🧩🙌,False
20,"""A refugee who has experienced the benefits of group therapy for war trauma""",59.0,2,5,"@user_970 man, that setup sounds incredible. There is something about old school gear that just hits different. 🔊✨",False
20,"""A refugee who has experienced the benefits of group therapy for war trauma""",59.0,3,5,@user_9 go for it! The weather is actually decent for once. 🏃‍♂️☀️,False
20,"""A refugee who has experienced the benefits of group therapy for war trauma""",59.0,4,5,Just found a bookstore that actually stays open past 6 PM. Found a couple of weird cookbooks I’m definitely going to pretend I'll use. 📚🥘,False
20,"""A refugee who has experienced the benefits of group therapy for war trauma""",59.0,5,5,@user_198 Let me know when it drops! I need some new music for my morning commute. 🎧🔥,False
20,"""A refugee who has experienced the benefits of group therapy for war trauma""",59.0,6,5,Just saw a dog wearing a little raincoat and boots walking down the street. Honestly the highlight of my entire week. 🐕🌧️,False
20,"""A refugee who has experienced the benefits of group therapy for war trauma""",59.0,7,5,Just spent two hours trying to fix my bike chain and I think I actually made it worse. Guess I'm walking tomorrow. 🚲🤦‍♂️,False
20,"""A refugee who has experienced the benefits of group therapy for war trauma""",59.0,8,5,"@user_517 Just get some earplugs or a white noise machine. Trust me, it's way better than just sitting there getting annoyed. 🎧💤",False
20,"""A refugee who has experienced the benefits of group therapy for war trauma""",59.0,9,5,"@user_957 haha the energy is real. Vandal ball is a different breed of chaos, hope you actually win for once tonight! 🏀🔥",False
21,"""A senior web developer who has contributed to the DefinitelyTyped project before.""",41.0,0,6,Just spent three hours trying to find a bug that turned out to be a typo in a config file. Absolute peak efficiency right here. 🤡,False
21,"""A senior web developer who has contributed to the DefinitelyTyped project before.""",41.0,1,6,@user_804 finally. I've been fighting the YAML gods for two days straight. Sending you my soul in exchange for that orchestration policy.,False
21,"""A senior web developer who has contributed to the DefinitelyTyped project before.""",41.0,2,6,Finally tried that new ramen spot downtown. The broth was actually decent and I didn't have to wait an hour for a table. Small wins.,False
21,"""A senior web developer who has contributed to the DefinitelyTyped project before.""",41.0,3,6,Just started playing that new indie deckbuilder. The art style is gorgeous and the mechanics actually make sense for once. Highly recommend if you need to shut your brain off.,False
21,"""A senior web developer who has contributed to the DefinitelyTyped project before.""",41.0,4,6,Just saw a video of a guy attempting to build a PC with a magnetized screwdriver and I've never felt more second-hand anxiety in my life. Some people really just wing it.,False
21,"""A senior web developer who has contributed to the DefinitelyTyped project before.""",41.0,5,6,"Just found a recipe for ""one-pot"" pasta that actually only uses one pot. No scrubbing five different pans for once. Absolute game changer.",False
21,"""A senior web developer who has contributed to the DefinitelyTyped project before.""",41.0,6,6,"Finally managed to organize my cable management under the desk. It only took me four hours and two rolls of velcro ties, but looking at it now is the highlight of my week.",False
21,"""A senior web developer who has contributed to the DefinitelyTyped project before.""",41.0,7,6,Just bought a mechanical keyboard with tactile switches and my neighbors probably hate me now. Worth it for that clicky sound though.,False
21,"""A senior web developer who has contributed to the DefinitelyTyped project before.""",41.0,8,6,Just spent an hour arguing with a smart lightbulb that refuses to connect to the 2.4GHz band. Why is basic hardware always such a nightmare?,False
21,"""A senior web developer who has contributed to the DefinitelyTyped project before.""",41.0,9,6,Finally cleaned out the fridge and found a jar of salsa from three months ago. I almost threw it out but decided to risk it. Still tastes fine.,False
22,"""An older individual who doesn't use technology much but loves children's games and ballet""",49.0,0,7,Just finished a puzzle of a little cottage with the grandkids. Took us three hours but it looks wonderful on the coffee table!,False
22,"""An older individual who doesn't use technology much but loves children's games and ballet""",49.0,1,7,Just watched a recording of Swan Lake and the costumes are simply divine. I really need to find my old slippers and see if I can still manage a proper plie!,False
22,"""An older individual who doesn't use technology much but loves children's games and ballet""",49.0,2,7,@user_920 That sounds like such a thrill! It reminds me of how the children used to play with their kites at the park. Such a joyful sight!,False
22,"""An older individual who doesn't use technology much but loves children's games and ballet""",49.0,3,7,I finally found my old box of marbles! I wonder if the neighborhood children would still want to play a game of marbles in the driveway this afternoon.,False
22,"""An older individual who doesn't use technology much but loves children's games and ballet""",49.0,4,7,Tried to teach the little ones how to play Hopscotch on the sidewalk today. They are so fast! I think I'm out of breath just watching them.,False
22,"""An older individual who doesn't use technology much but loves children's games and ballet""",49.0,5,7,"@user_557 That sounds like a wonderful way to spend a Friday! I always loved a good game of chess, though I'm afraid I'm much better at checkers these days. Cheers! 🥂",False
22,"""An older individual who doesn't use technology much but loves children's games and ballet""",49.0,6,7,@user_443 Congratulations! It is so wonderful to see people continuing to learn and succeed at any age. Keep up the great work! 🌟,False
22,"""An older individual who doesn't use technology much but loves children's games and ballet""",49.0,7,7,@user_287 That sounds like a lovely evening! There is nothing quite like the taste of something grown with patience and hard work. Enjoy your wine! 🍷,False
22,"""An older individual who doesn't use technology much but loves children's games and ballet""",49.0,8,7,I just bought a new set of colorful building blocks for the grandchildren. I can't wait to see what kind of castles they come up with this weekend! 🏰✨,False
22,"""An older individual who doesn't use technology much but loves children's games and ballet""",49.0,9,7,@user_891 That sounds absolutely marvelous! It is such a treat to see young people mastering such difficult pieces. They have so much energy and passion! 🎻✨,False
23,"""a childhood resident of Sopchoppy now living elsewhere""",32.0,0,8,Just saw a photo of the old harbor back home. Honestly makes me want to pack a bag and just go back for a weekend of doing absolutely nothing.,False
23,"""a childhood resident of Sopchoppy now living elsewhere""",32.0,1,8,"Finally found a place that sells the right kind of dried fish. Not as good as the stuff from the docks back home, but it'll do for now.",False
23,"""a childhood resident of Sopchoppy now living elsewhere""",32.0,2,8,"Tried making a local stew tonight. Tasted okay, but it’s missing that specific smell of the salt air you only get by the coast. Close, but not quite.",False
23,"""a childhood resident of Sopchoppy now living elsewhere""",32.0,3,8,Just started a new book about deep sea diving. Makes me miss the smell of the docks and the sound of the boats early in the morning.,False
23,"""a childhood resident of Sopchoppy now living elsewhere""",32.0,4,8,"Anyone else think the new season of that cooking show is totally rigged? The judges are just picking the ones with the best stories, not the best food. Waste of an hour.",False
23,"""a childhood resident of Sopchoppy now living elsewhere""",32.0,5,8,"Just spent way too much money on a new set of hiking boots. I'm probably just going to wear them to the grocery store, but they look great.",False
23,"""a childhood resident of Sopchoppy now living elsewhere""",32.0,6,8,Just spent forty minutes trying to find a decent parking spot at the mall. People have absolutely zero common sense when it comes to lane lines.,False
23,"""a childhood resident of Sopchoppy now living elsewhere""",32.0,7,8,Finally getting around to cleaning my desk. I have so many random cables and old chargers I don't even recognize. Why do I keep this junk?,False
23,"""a childhood resident of Sopchoppy now living elsewhere""",32.0,8,8,Just saw a trailer for that new sci-fi movie. Looks way too CGI-heavy for me. I prefer when things actually look real on screen.,False
23,"""a childhood resident of Sopchoppy now living elsewhere""",32.0,9,8,Just tried that new coffee shop downtown. Six dollars for a latte that tastes like warm milk and disappointment. Never going back.,False
24,"""a devoted fan of Luísa Sonza from Brazil""",63.0,0,9,Luísa Sonza's latest vocals are actually insane. I've had the new track on repeat for three hours and I'm still not over it. 🇧🇷🔥,False
24,"""a devoted fan of Luísa Sonza from Brazil""",63.0,1,9,Just saw a clip of Luísa dancing and honestly the energy is unmatched. I need her to announce a tour already because I'm losing my mind. 💃✨,False
24,"""a devoted fan of Luísa Sonza from Brazil""",63.0,2,9,"Still can't believe some people are actually hating on her latest look. Like, go find a hobby or something because she looks incredible. 🙄💅",False
24,"""a devoted fan of Luísa Sonza from Brazil""",63.0,3,9,Who actually likes the taste of oat milk? It's literally cardboard water. I'm sticking to the real thing. 🥛🙄,False
24,"""a devoted fan of Luísa Sonza from Brazil""",63.0,4,9,Just spent an hour scrolling through old Luísa interviews and she's actually so funny. Why is everyone on this app so miserable today? 😭😂,False
24,"""a devoted fan of Luísa Sonza from Brazil""",63.0,5,9,@user_734 that looks sick! Hope the weather stays good for you ☀️🏕️,False
24,"""a devoted fan of Luísa Sonza from Brazil""",63.0,6,9,"Why is my timeline so depressing today? Seriously, some of you need a vacation or a hobby. Go listen to some music and cheer up. 🙄🎶",False
24,"""a devoted fan of Luísa Sonza from Brazil""",63.0,7,9,"Just tried that new skincare routine everyone is obsessed with and my face is literally tingling. If I wake up with a rash tomorrow, I'm suing the internet. 🙄🧴",False
24,"""a devoted fan of Luísa Sonza from Brazil""",63.0,8,9,@user_340 and @user_471 are actually bringing the vibe down so much. Can we please just talk about something normal for once? 🙄,False
24,"""a devoted fan of Luísa Sonza from Brazil""",63.0,9,9,"My feed is actually cursed today. Everyone is acting like the world is ending. Go outside and touch some grass or something, it's not that deep. 🙄☀️",False
25,"""A retired sociologist based in the United States who advocates for society to confront and dismantle systemic racism.""",46.0,0,5,Finally finished that new puzzle. Took way too long but the living room looks great now. Time to find something else to do.,False
25,"""A retired sociologist based in the United States who advocates for society to confront and dismantle systemic racism.""",46.0,1,5,@user_825 This sounds amazing! Love seeing art evolve like this. 🤟✨,False
25,"""A retired sociologist based in the United States who advocates for society to confront and dismantle systemic racism.""",46.0,2,5,@user_229 Right?? The accessibility is actually insane. I've been diving into some old Coltrane records today and it's just hitting different. 🎷🔥,False
25,"""A retired sociologist based in the United States who advocates for society to confront and dismantle systemic racism.""",46.0,3,5,Just tried making homemade pasta for the first time and it's a total disaster lol. Still tastes okay with enough butter though! 🍝🇮🇹,False
25,"""A retired sociologist based in the United States who advocates for society to confront and dismantle systemic racism.""",46.0,4,5,"@user_881 literally this. The ""grindset"" people are just sleep-deprived and delusional. Sleep is actually great, 10/10 recommend.",False
25,"""A retired sociologist based in the United States who advocates for society to confront and dismantle systemic racism.""",46.0,5,5,"@user_88 Honestly, people complaining about their clothes in the 1800s is the peak of comedy. Imagine being that stressed over a silk suit. 😭",False
25,"""A retired sociologist based in the United States who advocates for society to confront and dismantle systemic racism.""",46.0,6,5,@user_282 This is so true. The best live music usually has some grit to it. Perfectly polished studio tracks are kind of boring after a while.,False
25,"""A retired sociologist based in the United States who advocates for society to confront and dismantle systemic racism.""",46.0,7,5,"@user_410 Man, the noise is the worst part. There is nothing more annoying than trying to relax while some jackhammer is going off right outside your window. 🙄🏗️",False
25,"""A retired sociologist based in the United States who advocates for society to confront and dismantle systemic racism.""",46.0,8,5,Who else is obsessed with the new season of The Bear? The tension is actually insane. I can't tell if I'm entertained or just stressed out by the kitchen chaos 👨‍🍳🔥,False
25,"""A retired sociologist based in the United States who advocates for society to confront and dismantle systemic racism.""",46.0,9,5,Just spent two hours trying to find a decent movie to watch and ended up scrolling through the menu until I fell asleep. Worst way to spend a Friday night. 📺🙄,False
26,"""A cybersecurity expert who acts as a technical consultant, providing insights on how the breach occurred and the potential damages caused""",40.0,0,6,Just finished a 1000-piece puzzle of a rainy city street. Actually feels good to finally see it all come together. Now I just have to figure out where to put it.,False
26,"""A cybersecurity expert who acts as a technical consultant, providing insights on how the breach occurred and the potential damages caused""",40.0,1,6,Just tried that new bakery on the corner. The almond croissant was actually incredible. Definitely worth the hype.,False
26,"""A cybersecurity expert who acts as a technical consultant, providing insights on how the breach occurred and the potential damages caused""",40.0,2,6,Finally started that new sci-fi series everyone's talking about. The world-building is actually solid so far.,False
26,"""A cybersecurity expert who acts as a technical consultant, providing insights on how the breach occurred and the potential damages caused""",40.0,3,6,Just bought a new set of hiking boots. Can't wait to actually get out of the city this weekend and hit some trails.,False
26,"""A cybersecurity expert who acts as a technical consultant, providing insights on how the breach occurred and the potential damages caused""",40.0,4,6,"@user_88 that saffron is going to be a game changer for dinner. Paris is great, but the food scenes in the markets are always the best part.",False
26,"""A cybersecurity expert who acts as a technical consultant, providing insights on how the breach occurred and the potential damages caused""",40.0,5,6,Just found a vintage record store that actually has the original pressings I was looking for. My living room is about to get a lot louder.,False
26,"""A cybersecurity expert who acts as a technical consultant, providing insights on how the breach occurred and the potential damages caused""",40.0,6,6,"Finally managed to fix that leaky faucet in the kitchen. It only took three trips to the hardware store, but the silence is glorious.",False
26,"""A cybersecurity expert who acts as a technical consultant, providing insights on how the breach occurred and the potential damages caused""",40.0,7,6,@user_991 That feeling when the data actually lines up is the best. Keep that momentum going! 🚀,False
26,"""A cybersecurity expert who acts as a technical consultant, providing insights on how the breach occurred and the potential damages caused""",40.0,8,6,"@user_479 man, a good brisket is the only way to spend a weekend. I'm officially jealous.",False
26,"""A cybersecurity expert who acts as a technical consultant, providing insights on how the breach occurred and the potential damages caused""",40.0,9,6,"Just tried making homemade pasta for the first time. It's a total mess in my kitchen right now, but it actually tastes decent. Success.",False
27,"""An amateur butterfly enthusiast who works as a full-time software developer""",29.0,0,7,"@user_751 Keep going! My first few attempts at keeping a colony alive were a total disaster, but the first time it actually worked was the best feeling. Messy is where the fun is.",False
27,"""An amateur butterfly enthusiast who works as a full-time software developer""",29.0,1,7,Just spotted a Monarch in the garden. Seriously the most satisfying thing I've seen all week.,False
27,"""An amateur butterfly enthusiast who works as a full-time software developer""",29.0,2,7,Finally got my new magnifying lamp delivered! Now I can actually see the wing patterns without straining my eyes. Absolute game changer.,False
27,"""An amateur butterfly enthusiast who works as a full-time software developer""",29.0,3,7,Just found a great guide on breeding Swallowtails. Thinking about upgrading the mesh enclosure this weekend if I can find a deal.,False
27,"""An amateur butterfly enthusiast who works as a full-time software developer""",29.0,4,7,"@user_995 honestly boiled eggs are the elite choice. No mess, no stress, just a quick snack.",False
27,"""An amateur butterfly enthusiast who works as a full-time software developer""",29.0,5,7,"@user_637 honestly same. Numbers actually make sense, people just make things complicated for no reason.",False
27,"""An amateur butterfly enthusiast who works as a full-time software developer""",29.0,6,7,Anyone know where to find decent milkweed seeds this late in the season? My current patch is looking a bit thin and I want to make sure there's plenty for next year.,False
27,"""An amateur butterfly enthusiast who works as a full-time software developer""",29.0,7,7,@user_953 nice find! There is nothing better than a thrift store score to make a workday actually feel worth it.,False
27,"""An amateur butterfly enthusiast who works as a full-time software developer""",29.0,8,7,Just finished a marathon of coding and my brain is absolute mush. Time to go stand in the garden and look at bugs until I remember how to be a person.,False
27,"""An amateur butterfly enthusiast who works as a full-time software developer""",29.0,9,7,"@user_939 I feel this. Management thinks ""optimal"" is just a magic button you press and doesn't care about the actual plumbing behind it. Truly a special kind of torture.",False
28,"""A fellow parent who runs a popular blog about baby gear and reviews the latest car seat models""",49.0,0,8,Finally got the new swivel base installed and it is a game changer. No more wrestling with the toddler while trying to get out the door. Life is good.,False
28,"""A fellow parent who runs a popular blog about baby gear and reviews the latest car seat models""",49.0,1,8,Just tried the new organic puree pouches. Kids actually ate them without making a face for once. Win of the week.,False
28,"""A fellow parent who runs a popular blog about baby gear and reviews the latest car seat models""",49.0,2,8,"Just spent an hour trying to fold this ""easy-collapse"" stroller and I think I accidentally created a new piece of modern art. Instructions are a joke. Anyone actually figure this thing out?",False
28,"""A fellow parent who runs a popular blog about baby gear and reviews the latest car seat models""",49.0,3,8,"Why is every ""silent"" baby monitor actually just a high-pitched whistle? I can hear the kids breathing from three rooms away, but I can't hear my own thoughts. Help.",False
28,"""A fellow parent who runs a popular blog about baby gear and reviews the latest car seat models""",49.0,4,8,"Just found a hidden stash of baby wipes in the bottom of my bag from three months ago. The struggle to stay organized is real, but at least I'm prepared for a disaster.",False
28,"""A fellow parent who runs a popular blog about baby gear and reviews the latest car seat models""",49.0,5,8,Just realized I’ve spent more time researching dishwasher detergents this month than I did on my own college degree. The rabbit hole is real.,False
28,"""A fellow parent who runs a popular blog about baby gear and reviews the latest car seat models""",49.0,6,8,"Just saw a ""smart"" baby bottle that tracks intake via an app. Like I really need another notification on my phone to tell me the kid is full. Just look at the bottle.",False
28,"""A fellow parent who runs a popular blog about baby gear and reviews the latest car seat models""",49.0,7,8,"Who decided that ""toddler-proof"" locks should be so hard for adults to open too? I've been trapped in my own pantry for two minutes. This is ridiculous.",False
28,"""A fellow parent who runs a popular blog about baby gear and reviews the latest car seat models""",49.0,8,8,Just spent twenty minutes trying to find my sunglasses while they were on top of my head. I genuinely cannot function today.,False
28,"""A fellow parent who runs a popular blog about baby gear and reviews the latest car seat models""",49.0,9,8,"Just tried to reorganize the playroom and gave up after five minutes. I’m just going to push everything into the corner and pretend it’s a ""sensory zone."" Problem solved.",False
29,"""a fan of huge football corporations like Manchester United or Barcelona F.C.""",63.0,0,9,"Just saw the new kit leak for next season. Absolutely elite. We are actually going to dominate the league this year, mark my words. 🔴🔥",False
29,"""a fan of huge football corporations like Manchester United or Barcelona F.C.""",63.0,1,9,"Why is everyone on my feed acting so weird today? Anyway, just checked the transfer rumors and the new midfielder they're scouting is a total beast. We're actually cooking. ⚽️📈",False
29,"""a fan of huge football corporations like Manchester United or Barcelona F.C.""",63.0,2,9,"@user_68 Honestly real. My dad’s garage is basically a museum of ""solutions"" that just look like piles of scrap metal. 🛠️😂",False
29,"""a fan of huge football corporations like Manchester United or Barcelona F.C.""",63.0,3,9,"Just watched the highlights from the youth academy game. The talent coming up is actually insane. If the board doesn't mess this up, we're set for a decade. 🏆💪",False
29,"""a fan of huge football corporations like Manchester United or Barcelona F.C.""",63.0,4,9,Who actually believes the referee didn't see that handball? Absolute joke. How do we keep losing points to these blind calls? 🙄🤡,False
29,"""a fan of huge football corporations like Manchester United or Barcelona F.C.""",63.0,5,9,Just ordered a new jersey. The shipping is taking forever but it'll be worth it. Can't wait to wear it for the derby on Saturday. ⚽️🛍️,False
29,"""a fan of huge football corporations like Manchester United or Barcelona F.C.""",63.0,6,9,"@user_832 No way, a GameCube find is a massive W. That's actually legendary. 🎮🔥",False
29,"""a fan of huge football corporations like Manchester United or Barcelona F.C.""",63.0,7,9,@user_932 literally just put butter on the bread and eat it. Why are people making everything so complicated? 🍞🙄,False
29,"""a fan of huge football corporations like Manchester United or Barcelona F.C.""",63.0,8,9,@user_852 Just stick with the big banks. They're greedy as hell but at least you know exactly how they're ripping you off. 💸🙄,False
29,"""a fan of huge football corporations like Manchester United or Barcelona F.C.""",63.0,9,9,"Just saw the starting lineup for the match. Benching our best winger for a ""tactical shift"" is such a weird move. Hope the manager knows what he's doing or we're in for a long night. ⚽️🤨",False
30,"""A healthcare professional from another town who follows and shares the activist's social media campaigns""",50.0,0,5,Just finished a massive puzzle of the Amalfi Coast. My table is gone for a month but it was totally worth it. 🧩✨,False
30,"""A healthcare professional from another town who follows and shares the activist's social media campaigns""",50.0,1,5,Just tried that new sourdough spot on Main Street. The crust was actually perfect and the staff were so sweet. 🥖☕️,False
30,"""A healthcare professional from another town who follows and shares the activist's social media campaigns""",50.0,2,5,Finally caught the new season of that baking show. I don't even know how to make a roux but watching them panic over a cake collapse is my favorite way to unwind. 🍰📺,False
30,"""A healthcare professional from another town who follows and shares the activist's social media campaigns""",50.0,3,5,@user_156 That sounds like such a vibe. Nothing beats a community event where everything actually works for once! 🎸✨,False
30,"""A healthcare professional from another town who follows and shares the activist's social media campaigns""",50.0,4,5,Does anyone else get way too excited about a new organizers' planner? Just bought one with the gold spirals and I'm already planning my entire year. 📅✨,False
30,"""A healthcare professional from another town who follows and shares the activist's social media campaigns""",50.0,5,5,Just found a vintage bookstore that smells like old paper and vanilla. I could honestly spend my entire weekend in there. 📚☕️,False
30,"""A healthcare professional from another town who follows and shares the activist's social media campaigns""",50.0,6,5,@user_22 This is awesome! Love seeing real results for people who actually need the help. Keep it up! 🔋🙌,False
30,"""A healthcare professional from another town who follows and shares the activist's social media campaigns""",50.0,7,5,Just started a new indoor herb garden on my windowsill. The basil is actually growing! Now I just have to make sure I don't kill it within a week. 🌿☀️,False
30,"""A healthcare professional from another town who follows and shares the activist's social media campaigns""",50.0,8,5,Who else is obsessing over the new Zelda updates? I’ve spent way too many hours just exploring the map and ignoring the actual quests. 🎮✨,False
30,"""A healthcare professional from another town who follows and shares the activist's social media campaigns""",50.0,9,5,Just spent an hour looking for a new coffee machine and now I have 14 tabs open and no idea which one to pick. Why is choosing a bean-to-cup so stressful? ☕️😵‍💫,False
31,"""A supplier of raw materials with competitive pricing, but questionable environmental practices""",30.0,0,6,"Just found a new supplier for industrial grade resin. Prices are actually insane, might finally clear out the backlog this month.",False
31,"""A supplier of raw materials with competitive pricing, but questionable environmental practices""",30.0,1,6,"Finally tried that new taco spot downtown. Actually lived up to the hype, definitely going back tomorrow.",False
31,"""A supplier of raw materials with competitive pricing, but questionable environmental practices""",30.0,2,6,@user_959 exactly. People want premium quality for pennies and then act shocked when things aren't in stock. Logic doesn't exist anymore.,False
31,"""A supplier of raw materials with competitive pricing, but questionable environmental practices""",30.0,3,6,"Just spent two hours arguing with a contractor who thinks ""standard grade"" is a suggestion. Some people really don't understand how logistics work.",False
31,"""A supplier of raw materials with competitive pricing, but questionable environmental practices""",30.0,4,6,"Who actually pays for the ""eco-friendly"" shipping options? It's literally the same truck and the same road, just a higher price tag for a digital badge. Scams everywhere.",False
31,"""A supplier of raw materials with competitive pricing, but questionable environmental practices""",30.0,5,6,"@user_837 that's the only way to actually get things done. If you aren't trying to outwork the person next to you, you're just idling. Keep that energy.",False
31,"""A supplier of raw materials with competitive pricing, but questionable environmental practices""",30.0,6,6,@user_502 lol imagine actually following the manual for everything. Some people just love making things harder than they need to be.,False
31,"""A supplier of raw materials with competitive pricing, but questionable environmental practices""",30.0,7,6,@user_934 Real. Nothing beats the feeling of having your life together while everyone else is scrambling because they didn't plan ahead. Stay winning.,False
31,"""A supplier of raw materials with competitive pricing, but questionable environmental practices""",30.0,8,6,@user_802 Let's go! That's the way to do it. Momentum is everything.,False
31,"""A supplier of raw materials with competitive pricing, but questionable environmental practices""",30.0,9,6,Just upgraded my home gym setup. There is nothing like a heavy set of deadlifts to clear your head after a long week.,False
32,"""A political analyst who is interested in Turkish politics but is critical of the Justice and Development Party (AKP)""",57.0,0,7,"Honestly can't believe people are still falling for those campaign promises. Same script, different year. Absolute joke.",False
32,"""A political analyst who is interested in Turkish politics but is critical of the Justice and Development Party (AKP)""",57.0,1,7,Just finished that new documentary on the 90s music scene. The production was decent but they completely glossed over the best bands of the era. Total miss.,False
32,"""A political analyst who is interested in Turkish politics but is critical of the Justice and Development Party (AKP)""",57.0,2,7,"Just tried that new coffee shop on the corner. Overpriced and the beans tasted burnt, but at least the seats are actually comfortable.",False
32,"""A political analyst who is interested in Turkish politics but is critical of the Justice and Development Party (AKP)""",57.0,3,7,Finally found a decent place that does authentic pide. The crust is actually crisp and they didn't skimp on the cheese. Best meal I've had in weeks.,False
32,"""A political analyst who is interested in Turkish politics but is critical of the Justice and Development Party (AKP)""",57.0,4,7,"Just started that new sci-fi series everyone is talking about. The world-building is actually impressive, though the main character is a bit too perfect to be believable. Still, it's a decent distraction.",False
32,"""A political analyst who is interested in Turkish politics but is critical of the Justice and Development Party (AKP)""",57.0,5,7,@user_445 That's actually really cool. We need more of that in the city.,False
32,"""A political analyst who is interested in Turkish politics but is critical of the Justice and Development Party (AKP)""",57.0,6,7,"Finally updated my PC. The boot speed is insane now, though I still have nothing meaningful to do with all this extra efficiency.",False
32,"""A political analyst who is interested in Turkish politics but is critical of the Justice and Development Party (AKP)""",57.0,7,7,"Just saw the trailer for that new psychological thriller. Looks way too predictable, but I'll probably still watch it just to complain about the ending.",False
32,"""A political analyst who is interested in Turkish politics but is critical of the Justice and Development Party (AKP)""",57.0,8,7,"Someone please tell me why every single ""modern"" app now requires a subscription for basic features. It's getting ridiculous.",False
32,"""A political analyst who is interested in Turkish politics but is critical of the Justice and Development Party (AKP)""",57.0,9,7,"@user_480 I love the energy, but some of these business plans look like they were written by a fifth grader. Hope they actually have a budget before they start spending.",False
33,"""A writer who is compiling a comprehensive guide on abstract art and includes the critic's insights""",51.0,0,8,Finally found a cafe that doesn't play generic lo-fi beats. Just actual silence and the smell of burnt espresso. Absolute win.,False
33,"""A writer who is compiling a comprehensive guide on abstract art and includes the critic's insights""",51.0,1,8,"Just saw a movie where the plot was basically a straight line and they still tried to make it a ""twist."" Some people really struggle with the concept of a simple story.",False
33,"""A writer who is compiling a comprehensive guide on abstract art and includes the critic's insights""",51.0,2,8,"Someone just tried to explain the ""deep meaning"" of a painting that was literally just a red square. Like, it's a red square, man. Stop trying to make it a spiritual experience.",False
33,"""A writer who is compiling a comprehensive guide on abstract art and includes the critic's insights""",51.0,3,8,Anyone else think the new update to this app actually made the interface worse? I spend more time hunting for the search bar than actually reading anything. Trash.,False
33,"""A writer who is compiling a comprehensive guide on abstract art and includes the critic's insights""",51.0,4,8,"Just tried a ""smart"" air fryer and it spent ten minutes updating its firmware before it would let me cook some frozen fries. We've really peaked as a species.",False
33,"""A writer who is compiling a comprehensive guide on abstract art and includes the critic's insights""",51.0,5,8,Just spent an hour trying to assemble a bookshelf and realized I had three leftover screws. Now I just have to pray the whole thing doesn't collapse the second I put a book on it.,False
33,"""A writer who is compiling a comprehensive guide on abstract art and includes the critic's insights""",51.0,6,8,"Just tried that new sushi spot downtown. Overpriced, tiny portions, and the rice was basically cold mush. Never trusting a ""top rated"" Yelp review again.",False
33,"""A writer who is compiling a comprehensive guide on abstract art and includes the critic's insights""",51.0,7,8,@user_798 honestly same. I consider it a productive day if I actually put on real pants before noon.,False
33,"""A writer who is compiling a comprehensive guide on abstract art and includes the critic's insights""",51.0,8,8,Just discovered a new podcast about 80s synth-pop. Actually halfway decent and doesn't have three different ads every five minutes. Might actually finish a whole episode for once.,False
33,"""A writer who is compiling a comprehensive guide on abstract art and includes the critic's insights""",51.0,9,8,@user_652 honestly just leave the screw in the carpet. It's basically a permanent floor fixture now.,False
34,"""a high-school classmate of Emma Sralla who is also an athletic enthusiast.""",49.0,0,9,Just smashed my personal best on the 5k trail. Feeling absolutely electric right now! 🏃‍♂️💨,False
34,"""a high-school classmate of Emma Sralla who is also an athletic enthusiast.""",49.0,1,9,Anyone else seeing the new gym gear drop? Those compression tights look sick. Need a fresh pair before leg day tomorrow. 🏋️‍♂️🔥,False
34,"""a high-school classmate of Emma Sralla who is also an athletic enthusiast.""",49.0,2,9,@user_515 sounds like a vibe. I need some actual music to keep me going during my long runs instead of the same five playlists on repeat.,False
34,"""a high-school classmate of Emma Sralla who is also an athletic enthusiast.""",49.0,3,9,Just finished a brutal HIIT session. My legs are shaking but it's the best feeling ever. Time for a massive protein shake. 🥤💪,False
34,"""a high-school classmate of Emma Sralla who is also an athletic enthusiast.""",49.0,4,9,Thinking about hitting the courts for some 3v3 this weekend. Who's actually down to play or is everyone just talking? 🏀🔥,False
34,"""a high-school classmate of Emma Sralla who is also an athletic enthusiast.""",49.0,5,9,"@user_194 Man, I can't do the ice tanks. I'll stick to a lukewarm shower and actually being able to feel my toes. 🥶🙅‍♂️",False
34,"""a high-school classmate of Emma Sralla who is also an athletic enthusiast.""",49.0,6,9,Just watched the highlights from the state qualifiers. Some of these players are actually insane. I need to step up my game if I want to keep up this season. 🏀🔥,False
34,"""a high-school classmate of Emma Sralla who is also an athletic enthusiast.""",49.0,7,9,"@user_621 Honestly, the mental side of sports is the hardest part. Once you stop overthinking the form, everything just clicks. Nice work to Giacomo! 🎾🔥",False
34,"""a high-school classmate of Emma Sralla who is also an athletic enthusiast.""",49.0,8,9,Just tried that new protein pancake recipe and it actually tastes like cardboard. Back to the basic eggs and oats for me. 🥞🚫,False
34,"""a high-school classmate of Emma Sralla who is also an athletic enthusiast.""",49.0,9,9,@user_647 That sounds awesome. There's nothing like seeing old photos to remind you where you started. Love that for you guys! 📸✨,False
35,"""A medical researcher specializing in pediatric infectious diseases studying innovative treatment options for rare childhood diseases""",25.0,0,5,Just spent two hours trying to find the perfect playlist for cleaning the house. Now the house is still a mess but the music is elite. 💃✨,False
35,"""A medical researcher specializing in pediatric infectious diseases studying innovative treatment options for rare childhood diseases""",25.0,1,5,"@user_67 literally just squeeze the top near the stem. If it gives a little, you're golden. 🥑",False
35,"""A medical researcher specializing in pediatric infectious diseases studying innovative treatment options for rare childhood diseases""",25.0,2,5,@user_759 honestly same!! Nothing beats that first bit of sunlight after being cooped up. Enjoy the energy boost! ☀️🙌,False
35,"""A medical researcher specializing in pediatric infectious diseases studying innovative treatment options for rare childhood diseases""",25.0,3,5,@user_160 that sounds incredible! I've always wanted to visit a night market like that. Now I'm just craving some street food. 🍜🤤,False
35,"""A medical researcher specializing in pediatric infectious diseases studying innovative treatment options for rare childhood diseases""",25.0,4,5,Finally tried that new bakery on the corner and the almond croissant lived up to the hype. 🥐☕️ My morning is officially made!,False
35,"""A medical researcher specializing in pediatric infectious diseases studying innovative treatment options for rare childhood diseases""",25.0,5,5,Anyone else’s dog suddenly decide that 3 AM is the peak time for a zoomie session? I’m exhausted but the chaos is kind of hilarious. 🐕💨,False
35,"""A medical researcher specializing in pediatric infectious diseases studying innovative treatment options for rare childhood diseases""",25.0,6,5,Just saw a trailer for that new sci-fi movie coming out next month and it looks absolutely wild. Who's down for a premiere night? 🍿🎬,False
35,"""A medical researcher specializing in pediatric infectious diseases studying innovative treatment options for rare childhood diseases""",25.0,7,5,"Just spent an hour trying to assemble this ""easy"" bookshelf and I have three screws left over. It’s standing, so we're calling it a win. 🛠️😂",False
35,"""A medical researcher specializing in pediatric infectious diseases studying innovative treatment options for rare childhood diseases""",25.0,8,5,@user_436 I'm so in for Saturday! 🚶‍♂️ Let me know what time you guys are heading out.,False
35,"""A medical researcher specializing in pediatric infectious diseases studying innovative treatment options for rare childhood diseases""",25.0,9,5,@user_271 lol that is actually so cute. Kids these days are already more tech-savvy than most of the adults I know! 💻✨,False
36,"""A representative of a construction company that specializes in building wireless towers""",58.0,0,6,"Just finished a massive puzzle of the Amalfi Coast. Took three weeks, but it actually looks decent on the table. Now I just have to figure out how to glue it without ruining the whole thing.",False
36,"""A representative of a construction company that specializes in building wireless towers""",58.0,1,6,Finally tried that new Thai place around the corner. The spicy basil noodles actually had a kick to them for once. Definitely going back next week.,False
36,"""A representative of a construction company that specializes in building wireless towers""",58.0,2,6,@user_496 That wind was wild! I just spent the afternoon fighting my umbrella on the way to the car. Glad someone actually enjoyed it.,False
36,"""A representative of a construction company that specializes in building wireless towers""",58.0,3,6,@user_449 Love that energy! Keep winning.,False
36,"""A representative of a construction company that specializes in building wireless towers""",58.0,4,6,Just got a new espresso machine and I'm officially obsessed. My kitchen smells like a cafe and I'm actually awake for once.,False
36,"""A representative of a construction company that specializes in building wireless towers""",58.0,5,6,Just started a new series on Netflix and I'm already three episodes in. I'm supposed to be sleeping but the plot twist just hit and now I can't stop.,False
36,"""A representative of a construction company that specializes in building wireless towers""",58.0,6,6,Who actually likes running in the rain? I tried to go for a jog this morning and just ended up soaked and slipping on the sidewalk. Never again.,False
36,"""A representative of a construction company that specializes in building wireless towers""",58.0,7,6,Finally upgraded my gaming chair and my back feels a million times better. Best purchase I've made all year.,False
36,"""A representative of a construction company that specializes in building wireless towers""",58.0,8,6,Just spent two hours trying to find a decent parking spot at the stadium. My feet are killing me but the game starts in ten minutes so I'm just gonna run the rest of the way.,False
36,"""A representative of a construction company that specializes in building wireless towers""",58.0,9,6,@user_114 That sounds amazing. There is nothing worse than freezing floors in the winter. Nice work!,False
37,"""A mid-career embedded software engineer who is actively looking for exciting opportunities.""",52.0,0,7,Finally found a mechanical keyboard with switches that don't feel like mush. Total game changer for the home setup. Now just need a reason to actually use it for something fun.,False
37,"""A mid-career embedded software engineer who is actively looking for exciting opportunities.""",52.0,1,7,Just watched a 20-minute tutorial on a new framework and I still have no idea how it works. I need a vacation or a brain transplant.,False
37,"""A mid-career embedded software engineer who is actively looking for exciting opportunities.""",52.0,2,7,"Just tried making homemade pasta and it's basically just salty glue. Stick to the store-bought stuff, folks.",False
37,"""A mid-career embedded software engineer who is actively looking for exciting opportunities.""",52.0,3,7,"@user_433 Honestly, just post the chaos. People are tired of the polished corporate garbage. Good luck with Q3!",False
37,"""A mid-career embedded software engineer who is actively looking for exciting opportunities.""",52.0,4,7,@user_150 I'm definitely down. Send a pic of the map once it's on the desk.,False
37,"""A mid-career embedded software engineer who is actively looking for exciting opportunities.""",52.0,5,7,"@user_10 Mine died the second I looked at it wrong. Just buy the plastic ones, they're way less stressful.",False
37,"""A mid-career embedded software engineer who is actively looking for exciting opportunities.""",52.0,6,7,Just spent an hour trying to find a decent recipe for a steak and they all start with a 10-page life story about their childhood in Tuscany. Just tell me the temperature.,False
37,"""A mid-career embedded software engineer who is actively looking for exciting opportunities.""",52.0,7,7,"@user_706 Once you see the wristwatch, the whole show is ruined. I can't stand lazy production design.",False
37,"""A mid-career embedded software engineer who is actively looking for exciting opportunities.""",52.0,8,7,"Just saw a clip of that new sci-fi movie and the ""advanced tech"" looks like it was made in a 90s screensaver. Seriously, hire a consultant who knows what a terminal actually looks like.",False
37,"""A mid-career embedded software engineer who is actively looking for exciting opportunities.""",52.0,9,7,"Why is every ""smart"" home device actually just a way for the manufacturer to spy on my toaster? I just want the bread to brown without needing a firmware update and a 12-character password.",False
38,"""A pro wrestler retired due to a career-ending injury, providing insider insights and behind-the-scenes stories""",33.0,0,8,Finally found a place that sells those oversized protein bars I used to hoard. My wallet hates it but my cravings are winning today. 🍫💪,False
38,"""A pro wrestler retired due to a career-ending injury, providing insider insights and behind-the-scenes stories""",33.0,1,8,"Just saw a clip of that new indie tournament. The pacing is a disaster, but some of these kids actually have a move set. Someone needs to tell them to stop over-selling the headlocks.",False
38,"""A pro wrestler retired due to a career-ending injury, providing insider insights and behind-the-scenes stories""",33.0,2,8,Just spent an hour trying to assemble this new desk. The instructions are a joke and I’m pretty sure I have three screws left over for no reason. 🛠️🙄,False
38,"""A pro wrestler retired due to a career-ending injury, providing insider insights and behind-the-scenes stories""",33.0,3,8,"Just tried that new spicy chicken sandwich from the spot down the street. Way too much sauce, but the crunch is actually legit. 🍗🔥",False
38,"""A pro wrestler retired due to a career-ending injury, providing insider insights and behind-the-scenes stories""",33.0,4,8,"Just finished a movie marathon of 80s action flicks. The stunts are absolutely reckless, but man, they actually had some energy. Modern stuff is too clean. 🍿🎬",False
38,"""A pro wrestler retired due to a career-ending injury, providing insider insights and behind-the-scenes stories""",33.0,5,8,Just started a new series on Netflix and the plot is all over the place. I can't tell if the writing is actually bad or if I'm just missing something. 📺🤔,False
38,"""A pro wrestler retired due to a career-ending injury, providing insider insights and behind-the-scenes stories""",33.0,6,8,Anyone else find it impossible to find a decent pair of sneakers that actually lasts more than three months? I feel like everything is made of cardboard and hope these days. 👟🙄,False
38,"""A pro wrestler retired due to a career-ending injury, providing insider insights and behind-the-scenes stories""",33.0,7,8,"Just tried to start a new workout routine at home and almost knocked over my lamp. Apparently, I've forgotten how to move without a ring around me. 🤦‍♂️🏋️‍♂️",False
38,"""A pro wrestler retired due to a career-ending injury, providing insider insights and behind-the-scenes stories""",33.0,8,8,Just spent way too much on a fancy espresso machine. Now I'm basically a part-time barista in my own kitchen and it still takes ten minutes to make one cup. ☕️🙄,False
38,"""A pro wrestler retired due to a career-ending injury, providing insider insights and behind-the-scenes stories""",33.0,9,8,"@user_499 My win? Finally figured out how to get the stains out of my favorite gym hoodie without ruining the fabric. Small victory, but I'll take it. 🧼👕",False
39,"""An Asian history enthusiast who shares articles, books, and documentaries about the topic""",37.0,0,9,Just finished a deep dive into the Goryeo dynasty. The way they handled diplomacy is actually wild. Highly recommend checking out some reads on the era if you're bored.,False
39,"""An Asian history enthusiast who shares articles, books, and documentaries about the topic""",37.0,1,9,"@user_476 Preach. Some things are just meant to be felt, not analyzed to death.",False
39,"""An Asian history enthusiast who shares articles, books, and documentaries about the topic""",37.0,2,9,"@user_454 Honestly, the low-key stuff is way better. I spent my whole morning just looking at old maps of the Silk Road and it was a vibe. Total peace.",False
39,"""An Asian history enthusiast who shares articles, books, and documentaries about the topic""",37.0,3,9,Found a documentary on the Heian period that actually gets the court politics right. The drama is basically a soap opera but with more silk and calligraphy. 10/10.,False
39,"""An Asian history enthusiast who shares articles, books, and documentaries about the topic""",37.0,4,9,Just got a new hardcover on the Sengoku period and the illustrations are gorgeous. About to ignore everything else today and just read.,False
39,"""An Asian history enthusiast who shares articles, books, and documentaries about the topic""",37.0,5,9,Just found a thread about the Majapahit empire's naval power. The sheer scale of their influence across the archipelago is insane. Definitely worth a look.,False
39,"""An Asian history enthusiast who shares articles, books, and documentaries about the topic""",37.0,6,9,Just started a series on the Khmer Empire. The engineering behind Angkor Wat is actually mind-blowing. Definitely beats scrolling through a feed of people complaining.,False
39,"""An Asian history enthusiast who shares articles, books, and documentaries about the topic""",37.0,7,9,@user_369 That's exactly why you have to document everything now. The crumbling is the interesting part.,False
39,"""An Asian history enthusiast who shares articles, books, and documentaries about the topic""",37.0,8,9,"Someone just tried to tell me the Mongol conquests were just ""random raids."" Please actually read a book. The logistics alone were a masterpiece of organization.",False
39,"""An Asian history enthusiast who shares articles, books, and documentaries about the topic""",37.0,9,9,Just found a detailed breakdown of the Joseon dynasty's record-keeping. The level of bureaucracy is actually impressive. Imagine having a paper trail for every single thing that happened for centuries.,False
40,"""A commentator who's concerned about the increase in government spending""",55.0,0,5,"Seriously, where is all this budget going? Every time I check the news, there's another ""essential"" multi-billion dollar project that looks like a total waste of money. Stop spending like it's a game.",False
40,"""A commentator who's concerned about the increase in government spending""",55.0,1,5,Just saw a clip of that new city park project. It's literally just a few benches and some overpriced grass. Absolute joke.,False
40,"""A commentator who's concerned about the increase in government spending""",55.0,2,5,Finally found a coffee shop that doesn't charge extra for oat milk. Small wins make the day actually tolerable.,False
40,"""A commentator who's concerned about the increase in government spending""",55.0,3,5,"@user_195 Honestly, I need that energy today. My morning was a disaster but seeing people actually get their act together is kind of refreshing. Keep it up! 🚀",False
40,"""A commentator who's concerned about the increase in government spending""",55.0,4,5,"@user_874 Man, that sounds incredible. I've been craving a decent pasta all week. Now I'm just hungry and annoyed that I'm staring at a screen instead of eating.",False
40,"""A commentator who's concerned about the increase in government spending""",55.0,5,5,"Just tried that new burger spot everyone's talking about. Way too salty and cost twenty bucks, but the fries were actually decent. 🍟",False
40,"""A commentator who's concerned about the increase in government spending""",55.0,6,5,@user_578 Exactly. It's all just a giant bubble and everyone's pretending it's normal while the bill keeps growing. Absolute madness.,False
40,"""A commentator who's concerned about the increase in government spending""",55.0,7,5,Anyone else seeing the new zoning laws? They're basically just handing out permits to developers who can't build a straight wall. Waste of time and resources.,False
40,"""A commentator who's concerned about the increase in government spending""",55.0,8,5,@user_161 🐠 That sounds awesome! Hope the gear stays dry this time. Enjoy the shoot!,False
40,"""A commentator who's concerned about the increase in government spending""",55.0,9,5,@user_898 Total truth. People think a YouTube video replaces actual skill. Nothing beats someone who actually knows how to handle the equipment.,False
41,"""A technophobic retired school principal who still trusts paper and pen more than computers""",54.0,0,6,"Just spent an hour trying to find the ""save"" button on this tablet and gave up. I'm going back to my ledger. Ink doesn't crash.",False
41,"""A technophobic retired school principal who still trusts paper and pen more than computers""",54.0,1,6,Finally got the garden beds weeded. Nothing beats the feeling of actual dirt under your fingernails.,False
41,"""A technophobic retired school principal who still trusts paper and pen more than computers""",54.0,2,6,@user_470 That sounds lovely. There is nothing like a physical canvas to keep you occupied for an afternoon. Keep it up!,False
41,"""A technophobic retired school principal who still trusts paper and pen more than computers""",54.0,3,6,@user_60 Now you're talking. A piece of fruit and some quiet is worth more than any app on that screen.,False
41,"""A technophobic retired school principal who still trusts paper and pen more than computers""",54.0,4,6,@user_181 I noticed those! It's about time they put some decent seating there. Makes the morning walk much more pleasant.,False
41,"""A technophobic retired school principal who still trusts paper and pen more than computers""",54.0,5,6,Found a box of old fountain pens in the attic today. Just spent the morning cleaning them out and scribbling notes. Much better than staring at a glowing screen.,False
41,"""A technophobic retired school principal who still trusts paper and pen more than computers""",54.0,6,6,Just finished a crossword puzzle in the Sunday paper. Felt great to actually flip a page for once.,False
41,"""A technophobic retired school principal who still trusts paper and pen more than computers""",54.0,7,6,Just sorted through my old photo albums. It's a shame people don't print their pictures anymore; a digital folder is no substitute for a real book on a shelf.,False
41,"""A technophobic retired school principal who still trusts paper and pen more than computers""",54.0,8,6,Just bought a new set of leather-bound journals from the stationer. There's something about the smell of fresh paper that just clears the head.,False
41,"""A technophobic retired school principal who still trusts paper and pen more than computers""",54.0,9,6,Just finished a wonderful batch of lemon squares. Nothing beats the smell of real butter and sugar in the oven.,False
42,"""An undergraduate in fine arts captivated by the Golden Ratio and its use in art composition""",62.0,0,7,Just spent three hours tweaking the layout of this sketch because the focal point was slightly off the spiral. It's finally hitting right. 🎨✨,False
42,"""An undergraduate in fine arts captivated by the Golden Ratio and its use in art composition""",62.0,1,7,Just saw a billboard for a new luxury watch and the spacing is actually offensive. Who approved this layout? 🙄,False
42,"""An undergraduate in fine arts captivated by the Golden Ratio and its use in art composition""",62.0,2,7,Finally found a coffee shop with a perfectly symmetrical interior. I can actually relax without wanting to rearrange the furniture. ☕️👌,False
42,"""An undergraduate in fine arts captivated by the Golden Ratio and its use in art composition""",62.0,3,7,Just finished a series of studies on nautilus shells. The math in nature is actually insane. 🐚📐,False
42,"""An undergraduate in fine arts captivated by the Golden Ratio and its use in art composition""",62.0,4,7,Does anyone else get a genuine rush from seeing a perfectly composed shot in a movie? The framing in some of these new indies is actually elite. 🎬🔥,False
42,"""An undergraduate in fine arts captivated by the Golden Ratio and its use in art composition""",62.0,5,7,"Just stumbled onto a thrift store with the weirdest collection of mid-century lamps. Some of these shapes are actually wild, definitely stealing a few ideas for my next project. 💡✨",False
42,"""An undergraduate in fine arts captivated by the Golden Ratio and its use in art composition""",62.0,6,7,Just spent an hour scrolling through old Renaissance prints. The way they handled the depth and layering is actually a masterclass. Need to stop procrastinating and actually start painting. 🖌️📖,False
42,"""An undergraduate in fine arts captivated by the Golden Ratio and its use in art composition""",62.0,7,7,Just spent my entire lunch break sketching people in the park. The way a random crowd naturally forms a balanced composition is actually so satisfying. 🌳✍️,False
42,"""An undergraduate in fine arts captivated by the Golden Ratio and its use in art composition""",62.0,8,7,Just tried a new set of wide-tip markers and the line weight is actually perfect. My sketchbook is finally starting to look like something I'm proud of. ✍️✨,False
42,"""An undergraduate in fine arts captivated by the Golden Ratio and its use in art composition""",62.0,9,7,@user_339 honestly the polite silence is the worst part lol. Just lean into it and pretend you meant to say it that way. 💀,False
43,"""A currently working NASA project manager who often consults her old team mate for perspective and wisdom.""",20.0,0,8,Finally found a decent coffee spot that doesn't taste like burnt plastic. My morning is actually looking up for once.,False
43,"""A currently working NASA project manager who often consults her old team mate for perspective and wisdom.""",20.0,1,8,"Just finished a massive puzzle of the Amalfi Coast. My table is officially gone for the next month, but it was totally worth it.",False
43,"""A currently working NASA project manager who often consults her old team mate for perspective and wisdom.""",20.0,2,8,@user_443 Honestly the best feeling. There is nothing worse than a phone that won't stop buzzing for no reason.,False
43,"""A currently working NASA project manager who often consults her old team mate for perspective and wisdom.""",20.0,3,8,"@user_70 Fair, but at least we can reboot a server. Trying to move a stone wall because you changed your mind is a nightmare.",False
43,"""A currently working NASA project manager who often consults her old team mate for perspective and wisdom.""",20.0,4,8,@user_810 Where'd you find the crate? I've been looking for something like that for my plants.,False
43,"""A currently working NASA project manager who often consults her old team mate for perspective and wisdom.""",20.0,5,8,Just started a new book on urban planning. It's actually wild how much of our city layout is just a series of accidents.,False
43,"""A currently working NASA project manager who often consults her old team mate for perspective and wisdom.""",20.0,6,8,@user_244 I totally missed it! Now I have to go back and scrub through the last ten minutes. Hope it's actually a good twist and not just bait.,False
43,"""A currently working NASA project manager who often consults her old team mate for perspective and wisdom.""",20.0,7,8,@user_756 That sounds satisfying as hell. There's nothing better than when things actually click into place for once.,False
43,"""A currently working NASA project manager who often consults her old team mate for perspective and wisdom.""",20.0,8,8,"Does anyone else get a weird thrill from organizing their spice rack by frequency of use? It’s a small win, but the efficiency is genuinely satisfying.",False
43,"""A currently working NASA project manager who often consults her old team mate for perspective and wisdom.""",20.0,9,8,"Just tried making homemade pasta for the first time. My kitchen looks like a flour bomb went off, but the taste is actually incredible. Definitely worth the cleanup.",False
44,"""A conscientious pre-med student seeking understanding of gender's role in health and medicine""",48.0,0,9,Just finished a 4-hour gym session and I feel like I could actually run through a wall right now. Best feeling ever.,False
44,"""A conscientious pre-med student seeking understanding of gender's role in health and medicine""",48.0,1,9,@user_460 omg that is so precious!! Hope everything goes smoothly with the little one! 🍼✨,False
44,"""A conscientious pre-med student seeking understanding of gender's role in health and medicine""",48.0,2,9,Finally found a coffee shop that doesn't play music that sounds like a construction site. Actually getting some reading done for once! ☕️📚,False
44,"""A conscientious pre-med student seeking understanding of gender's role in health and medicine""",48.0,3,9,Anyone else actually enjoy the smell of old books or is that just me? Currently surrounded by three different textbooks and I'm weirdly okay with it. 📖✨,False
44,"""A conscientious pre-med student seeking understanding of gender's role in health and medicine""",48.0,4,9,Just saw a trailer for that new sci-fi movie and the visuals look insane. Definitely going to the IMAX for this one. 🍿🎬,False
44,"""A conscientious pre-med student seeking understanding of gender's role in health and medicine""",48.0,5,9,Just tried that new spicy ramen place downtown and my taste buds are literally fighting for their lives. 10/10 would definitely do it again tomorrow. 🍜🔥,False
44,"""A conscientious pre-med student seeking understanding of gender's role in health and medicine""",48.0,6,9,Does anyone actually know how to fold a fitted sheet or are we all just rolling them into a ball and praying for the best? Because I'm failing miserably over here. 👕🙄,False
44,"""A conscientious pre-med student seeking understanding of gender's role in health and medicine""",48.0,7,9,Who actually likes the taste of oat milk? It tastes like wet cardboard. I'm sticking to the real stuff. 🥛🙄,False
44,"""A conscientious pre-med student seeking understanding of gender's role in health and medicine""",48.0,8,9,Just spent an hour trying to organize my desk and now I've just pushed the mess into a different pile. I'm a disaster. 📁🤦‍♂️,False
44,"""A conscientious pre-med student seeking understanding of gender's role in health and medicine""",48.0,9,9,@user_635 that sounds like a dream! Nothing better than an editor who actually knows what they're doing. Enjoy the zobo! 🥤✨,False
45,"""A representative from the Ministry of Justice who supports the department head's efforts and seeks to allocate resources for the implementation of advanced investigative methods""",52.0,0,5,Finally found a decent coffee spot that doesn't overcharge for oat milk. Small win for the day.,False
45,"""A representative from the Ministry of Justice who supports the department head's efforts and seeks to allocate resources for the implementation of advanced investigative methods""",52.0,1,5,Just started that new sci-fi series everyone's talking about. The world-building is actually insane. Definitely worth the hype.,False
45,"""A representative from the Ministry of Justice who supports the department head's efforts and seeks to allocate resources for the implementation of advanced investigative methods""",52.0,2,5,@user_623 that sounds amazing. There's nothing like just playing for yourself without the pressure of a crowd. Keep it up!,False
45,"""A representative from the Ministry of Justice who supports the department head's efforts and seeks to allocate resources for the implementation of advanced investigative methods""",52.0,3,5,Just finished a 10k run and I feel like a new person. Now to figure out what to eat for dinner since I'm absolutely starving.,False
45,"""A representative from the Ministry of Justice who supports the department head's efforts and seeks to allocate resources for the implementation of advanced investigative methods""",52.0,4,5,@user_396 I feel that. There is honestly nothing more satisfying than a perfectly organized space. Makes the rest of the week way less chaotic.,False
45,"""A representative from the Ministry of Justice who supports the department head's efforts and seeks to allocate resources for the implementation of advanced investigative methods""",52.0,5,5,"Finally managed to get my plants to actually survive the summer. I honestly didn't think the ferns would make it, but look at them now!",False
45,"""A representative from the Ministry of Justice who supports the department head's efforts and seeks to allocate resources for the implementation of advanced investigative methods""",52.0,6,5,"Just tried making homemade pasta for the first time. It's a total mess in my kitchen, but it actually tastes great!",False
45,"""A representative from the Ministry of Justice who supports the department head's efforts and seeks to allocate resources for the implementation of advanced investigative methods""",52.0,7,5,@user_230 honestly the audacity is kind of impressive. Must be nice to just breeze through while everyone else is stuck in a loop.,False
45,"""A representative from the Ministry of Justice who supports the department head's efforts and seeks to allocate resources for the implementation of advanced investigative methods""",52.0,8,5,@user_381 I just finished a documentary on 90s street art and now I'm convinced I need to start sketching again. Any recommendations for beginner supplies?,False
45,"""A representative from the Ministry of Justice who supports the department head's efforts and seeks to allocate resources for the implementation of advanced investigative methods""",52.0,9,5,Just saw a trailer for that new heist movie and the stunts look incredible. I’m definitely hitting the cinema on opening night.,False
46,"""A fellow history buff and Detroit enthusiast who connects with them through forums and social media to discuss local history""",66.0,0,6,Just walked past the old Michigan Central Station. Seeing it finally get some love instead of just rotting is actually wild. Detroit is winning today.,False
46,"""A fellow history buff and Detroit enthusiast who connects with them through forums and social media to discuss local history""",66.0,1,6,Finally found a high-res map of the city from the 1920s. The layout of the old streetcars was actually genius. Seriously underrated era of urban planning.,False
46,"""A fellow history buff and Detroit enthusiast who connects with them through forums and social media to discuss local history""",66.0,2,6,Anyone else obsessed with those old postcards of the Detroit Riverfront? The architecture back then was just different. Total vibe.,False
46,"""A fellow history buff and Detroit enthusiast who connects with them through forums and social media to discuss local history""",66.0,3,6,Just spent three hours digging through old city directory archives. The way people used to list their actual trades in their addresses is so cool. Modern directories are just boring.,False
46,"""A fellow history buff and Detroit enthusiast who connects with them through forums and social media to discuss local history""",66.0,4,6,"Just found a lead on some original 1940s blueprints for a neighborhood library. If these are legit, the interior layout was way more ambitious than what actually got built. Local history is a trip.",False
46,"""A fellow history buff and Detroit enthusiast who connects with them through forums and social media to discuss local history""",66.0,5,6,@user_360 sounds like a blast! Nothing beats that feeling of finding a random old tape and just letting it rip. Enjoy the pint! 🍻,False
46,"""A fellow history buff and Detroit enthusiast who connects with them through forums and social media to discuss local history""",66.0,6,6,Just found a collection of 1950s movie theater programs from downtown. The snack prices were a joke. Who was actually paying that for popcorn?,False
46,"""A fellow history buff and Detroit enthusiast who connects with them through forums and social media to discuss local history""",66.0,7,6,Just saw a photo of a 1930s Detroit diner with a jukebox in the corner. Imagine the conversations that happened over those counter stools. Truly a lost art.,False
46,"""A fellow history buff and Detroit enthusiast who connects with them through forums and social media to discuss local history""",66.0,8,6,Just stumbled upon a photo of the old Packard Plant before the decay really set in. The scale of those assembly lines was absolutely insane. Imagine the noise in there.,False
46,"""A fellow history buff and Detroit enthusiast who connects with them through forums and social media to discuss local history""",66.0,9,6,Just saw a listing for a 1960s mid-century modern chair from a house in Grosse Pointe. The lines on these things are just perfection. Grabbed it before someone else could.,False
47,"""A vintage building material supplier with an extensive collection of reclaimed wood, bricks, and other historical elements""",58.0,0,7,Just scored a load of 19th-century heart pine from an old mill. The grain on these boards is absolutely insane. Can't wait to get them cleaned up.,False
47,"""A vintage building material supplier with an extensive collection of reclaimed wood, bricks, and other historical elements""",58.0,1,7,@user_340 exactly. Smoothing everything out just makes it boring. Give me a chipped brick or a weathered beam any day.,False
47,"""A vintage building material supplier with an extensive collection of reclaimed wood, bricks, and other historical elements""",58.0,2,7,"Found some hand-pressed bricks from an old textile mill today. The color variation is wild. Definitely beats that sterile, pre-fab junk they sell at big box stores.",False
47,"""A vintage building material supplier with an extensive collection of reclaimed wood, bricks, and other historical elements""",58.0,3,7,Finally got the weatherstripping sorted on the front door. Actually feels good to not have a draft hitting my ankles every time someone walks in. Small wins.,False
47,"""A vintage building material supplier with an extensive collection of reclaimed wood, bricks, and other historical elements""",58.0,4,7,Thinking about getting a proper industrial shelving unit for the back lot. Tired of stacking everything like a game of Jenga and hoping it doesn't tip over.,False
47,"""A vintage building material supplier with an extensive collection of reclaimed wood, bricks, and other historical elements""",58.0,5,7,"Just saw a listing for some old warehouse steel trusses. If the price isn't a total joke, I'm grabbing them before someone else does.",False
47,"""A vintage building material supplier with an extensive collection of reclaimed wood, bricks, and other historical elements""",58.0,6,7,"Just saw a guy trying to ""distress"" new pine with a blowtorch and a hammer. Absolute crime. Just buy something that actually aged naturally.",False
47,"""A vintage building material supplier with an extensive collection of reclaimed wood, bricks, and other historical elements""",58.0,7,7,"Who actually likes those gray ""modern farmhouse"" floors? It looks like a hospital waiting room. If you want it to look rustic, just use actual wood.",False
47,"""A vintage building material supplier with an extensive collection of reclaimed wood, bricks, and other historical elements""",58.0,8,7,Does anyone actually enjoy assembling flat-pack furniture? I’d rather spend six hours scrubbing a century of grime off a floorboard than look at one more Allen wrench.,False
47,"""A vintage building material supplier with an extensive collection of reclaimed wood, bricks, and other historical elements""",58.0,9,7,"@user_543 Honestly, just use the brick wall as a landmark for next time. Way more reliable than a satellite.",False
48,"""A bright and motivated teenager who is inspired by the single mother's dedication and hard work""",37.0,0,8,Finally finished my application for that summer internship! Crossing everything that I get it. Time to celebrate with some actual sleep for once.,False
48,"""A bright and motivated teenager who is inspired by the single mother's dedication and hard work""",37.0,1,8,Just saw a new documentary on sustainable urban farming. It's actually wild how much you can grow in a tiny space if you're smart about it. Thinking about starting a herb garden on the windowsill!,False
48,"""A bright and motivated teenager who is inspired by the single mother's dedication and hard work""",37.0,2,8,Just saw the most insane workout clip on my feed. Now I'm actually convinced I can hit a new PR by next month if I just stay consistent. Let's gooo!,False
48,"""A bright and motivated teenager who is inspired by the single mother's dedication and hard work""",37.0,3,8,Just found this playlist for deep focus and I'm actually flying through my history reading. Productivity peak! 🎧📖,False
48,"""A bright and motivated teenager who is inspired by the single mother's dedication and hard work""",37.0,4,8,@user_774 that sounds incredible!! There is nothing better than when everything finally clicks into place. Huge congrats on leading the group! 🎺✨,False
48,"""A bright and motivated teenager who is inspired by the single mother's dedication and hard work""",37.0,5,8,"@user_87 Right?? Whenever I see someone truly loving what they do, it's such a vibe. Makes me want to go all out with everything today! 🚀",False
48,"""A bright and motivated teenager who is inspired by the single mother's dedication and hard work""",37.0,6,8,@user_312 omg that is the cutest thing I've seen all day!! Definitely needs to be on the fridge. 🎨❤️,False
48,"""A bright and motivated teenager who is inspired by the single mother's dedication and hard work""",37.0,7,8,Just finished a huge batch of meal prep for the week. It's such a game changer for staying on track with gym goals. Now to find a way to make broccoli actually taste good lol. 🥦💪,False
48,"""A bright and motivated teenager who is inspired by the single mother's dedication and hard work""",37.0,8,8,"Just tried making homemade pasta for the first time and it's a total mess, but it actually tastes decent lol. 🍝 Definitely not as easy as the tutorials make it look!",False
48,"""A bright and motivated teenager who is inspired by the single mother's dedication and hard work""",37.0,9,8,"Just finished a huge cleaning spree of my room and it feels like a brand new space. Seriously, why does a clean desk make me feel like I can actually conquer the world? 🧹✨",False
49,"""A younger sibling who aspires to be a country music artist like Kane Brown""",23.0,0,9,Finally got the bridge of this new track sounding right. Now I just need to find a way to get it heard without my brother talking over everything.,False
49,"""A younger sibling who aspires to be a country music artist like Kane Brown""",23.0,1,9,"Just spent three hours messing with the pedal settings on my Telecaster. My neighbors probably hate me, but that tone is finally hitting.",False
49,"""A younger sibling who aspires to be a country music artist like Kane Brown""",23.0,2,9,@user_887 Love that energy. That's the exact mindset I'm bringing to the open mic tonight. Let's get it.,False
49,"""A younger sibling who aspires to be a country music artist like Kane Brown""",23.0,3,9,@user_761 That win is huge! Love seeing someone actually stoked about their work. Keep that momentum going. 🚀,False
49,"""A younger sibling who aspires to be a country music artist like Kane Brown""",23.0,4,9,@user_343 That resin work looks clean. Love that you're actually enjoying the process today. Keep at it!,False
49,"""A younger sibling who aspires to be a country music artist like Kane Brown""",23.0,5,9,Just found a vintage leather strap at the thrift store for five bucks. Absolute steal. My gear is finally starting to look legit.,False
49,"""A younger sibling who aspires to be a country music artist like Kane Brown""",23.0,6,9,@user_134 Love that! I'm celebrating finally nailing the harmony on my new chorus. Feeling like everything is clicking right now. 🎸✨,False
49,"""A younger sibling who aspires to be a country music artist like Kane Brown""",23.0,7,9,Just caught a live stream of some new outlaw country tracks. The songwriting is decent but the production is way too polished. Needs more grit.,False
49,"""A younger sibling who aspires to be a country music artist like Kane Brown""",23.0,8,9,Just spent an hour scrolling through old Nashville archives. The songwriting back then was just simpler and hit way harder. Modern stuff tries too hard to be a pop song.,False
49,"""A younger sibling who aspires to be a country music artist like Kane Brown""",23.0,9,9,Just ordered a new set of strings and a slide. Time to actually practice instead of just talking about it.,False
50,"""An architect who enjoys attending Elvis Costello concerts as a way to unwind from work""",23.0,0,5,"@user_249 Honestly, there is nothing better than a clean line. My brain is exactly the same way.",False
50,"""An architect who enjoys attending Elvis Costello concerts as a way to unwind from work""",23.0,1,5,Just found a rare pressing of Armed Forces on vinyl. Absolute masterpiece. My living room is about to get very loud.,False
50,"""An architect who enjoys attending Elvis Costello concerts as a way to unwind from work""",23.0,2,5,Finally tried that new coffee spot downtown. The lighting is weird but the espresso is actually decent. High point of my Tuesday.,False
50,"""An architect who enjoys attending Elvis Costello concerts as a way to unwind from work""",23.0,3,5,Just saw a trailer for that new documentary on brutalist architecture. Looks gorgeous. Definitely watching it this weekend.,False
50,"""An architect who enjoys attending Elvis Costello concerts as a way to unwind from work""",23.0,4,5,Thinking about getting a new drafting table. My current one is starting to wobble and it's driving me insane.,False
50,"""An architect who enjoys attending Elvis Costello concerts as a way to unwind from work""",23.0,5,5,"Just spent an hour looking at mid-century modern chairs online. I don't need another one, but the geometry is just too good to pass up.",False
50,"""An architect who enjoys attending Elvis Costello concerts as a way to unwind from work""",23.0,6,5,@user_321 Love that. There's something about old gear that just hits different. Glad you found the flag!,False
50,"""An architect who enjoys attending Elvis Costello concerts as a way to unwind from work""",23.0,7,5,Just spent two hours reorganizing my bookshelf by color and size. It looks incredibly satisfying. Now I can actually find things for once.,False
50,"""An architect who enjoys attending Elvis Costello concerts as a way to unwind from work""",23.0,8,5,"@user_581 That's an awesome find. Most of those old lenses just need a cheap adapter to work on mirrorless cameras. Check some of the online forums, you'll find one for ten bucks.",False
50,"""An architect who enjoys attending Elvis Costello concerts as a way to unwind from work""",23.0,9,5,"@user_880 Prenzlauer Berg has some killer spots. If you're heading that way, check out the old industrial conversions near the park. Good luck with the portfolio!",False
51,"""A dedicated employee who works closely with the HR manager and suspects the organization's dark secrets""",48.0,0,6,Just finished a 3-hour workout and I actually feel like a human again. Who knew sweating through a shirt could fix a whole week of bad vibes? 🏃‍♂️💨,False
51,"""A dedicated employee who works closely with the HR manager and suspects the organization's dark secrets""",48.0,1,6,Finally found a decent taco spot that doesn't charge extra for guac. Absolute game changer for my Tuesday. 🌮🔥,False
51,"""A dedicated employee who works closely with the HR manager and suspects the organization's dark secrets""",48.0,2,6,Does anyone actually like the new update for this app? The UI is a total mess and I can't find my notifications anymore. 🙄,False
51,"""A dedicated employee who works closely with the HR manager and suspects the organization's dark secrets""",48.0,3,6,"Seriously, why is every movie trailer these days just a loud montage of explosions and a deep voice talking? Just tell me the plot or don't bother. 🎬🙄",False
51,"""A dedicated employee who works closely with the HR manager and suspects the organization's dark secrets""",48.0,4,6,@user_550 LFG!! Getting a build to pass on the first try is literally the best feeling. Enjoy that coffee. ☕️🚀,False
51,"""A dedicated employee who works closely with the HR manager and suspects the organization's dark secrets""",48.0,5,6,"Just spent an hour trying to assemble this new desk and I’m pretty sure there are three screws left over. It’s not wobbling yet, so I'm just gonna pretend they weren't important. 🛠️🤷‍♂️",False
51,"""A dedicated employee who works closely with the HR manager and suspects the organization's dark secrets""",48.0,6,6,@user_643 That energy is infectious! Hope they actually pull it off next week. 🐻🙌,False
51,"""A dedicated employee who works closely with the HR manager and suspects the organization's dark secrets""",48.0,7,6,@user_381 RIP to your free time. Manual data entry is a special kind of torture. 💀,False
51,"""A dedicated employee who works closely with the HR manager and suspects the organization's dark secrets""",48.0,8,6,"@user_75 just open all the windows and buy a pizza. Worst case scenario, you get a free excuse to avoid cooking tomorrow. 🍕💨",False
51,"""A dedicated employee who works closely with the HR manager and suspects the organization's dark secrets""",48.0,9,6,@user_208 Treat yourself! You definitely earned that steak after dealing with boardroom politics all day. 🥩🔥,False
52,"""A retired golf enthusiast living in Surrey, UK""",38.0,0,7,Finally got the new driver in the mail. Can't wait to head to the club tomorrow and see if it actually fixes my slice or if I'm just wasting my money again.,False
52,"""A retired golf enthusiast living in Surrey, UK""",38.0,1,7,Just spent an hour trying to find my favorite range glove and it was in the fridge. I really need to start paying attention.,False
52,"""A retired golf enthusiast living in Surrey, UK""",38.0,2,7,Who actually likes the new format for the Open? Seems like they're making it more complicated for no reason. Just play the game.,False
52,"""A retired golf enthusiast living in Surrey, UK""",38.0,3,7,Just saw the forecast for the weekend. Rain again. Typical British summer.,False
52,"""A retired golf enthusiast living in Surrey, UK""",38.0,4,7,Just saw the latest greens updates for the local course. They've gone way too fast with the cutting this week. Gonna be a nightmare for anyone who can't putt straight.,False
52,"""A retired golf enthusiast living in Surrey, UK""",38.0,5,7,Just had a sandwich from the clubhouse cafe and I'm convinced they use cardboard for the bread. Absolutely tasteless.,False
52,"""A retired golf enthusiast living in Surrey, UK""",38.0,6,7,Just tried that new pub across from the station. The steak was overcooked and took forty minutes to arrive. Never going back there.,False
52,"""A retired golf enthusiast living in Surrey, UK""",38.0,7,7,@user_72 Now we're talking. Been waiting ages for something other than another pasta place to open up around here. Hope the food is actually authentic.,False
52,"""A retired golf enthusiast living in Surrey, UK""",38.0,8,7,"Just finished a round with the lads. My putting was absolute rubbish today, but at least the weather held up for once.",False
52,"""A retired golf enthusiast living in Surrey, UK""",38.0,9,7,@user_805 That's actually really sweet. It's the little things that keep you going.,False
53,"""A working professional who is seeking to improve their literary analysis skills in their free time""",62.0,0,8,"Finally started that deep dive into Gothic literature. The atmosphere is incredible, though I'm spending way too much time overanalyzing the symbols instead of just enjoying the plot.",False
53,"""A working professional who is seeking to improve their literary analysis skills in their free time""",62.0,1,8,@user_726 Tacos are always the right call. Enjoy the win!,False
53,"""A working professional who is seeking to improve their literary analysis skills in their free time""",62.0,2,8,Just finished a chapter that completely flipped my understanding of the protagonist. I love when a book actually makes you rethink everything you thought you knew.,False
53,"""A working professional who is seeking to improve their literary analysis skills in their free time""",62.0,3,8,"Just found a local bookstore that actually organizes their shelves by genre and theme instead of just ""New Releases."" My weekend plans are officially sorted.",False
53,"""A working professional who is seeking to improve their literary analysis skills in their free time""",62.0,4,8,Just saw a movie adaptation of a book I love and they completely butchered the ending. Some directors really just don't get how to translate subtext to the screen. 🙄,False
53,"""A working professional who is seeking to improve their literary analysis skills in their free time""",62.0,5,8,@user_102 love that energy!! Definitely crushing it over here. Hope the rest of your week stays that hyped! 🚀,False
53,"""A working professional who is seeking to improve their literary analysis skills in their free time""",62.0,6,8,Just tried a new espresso roast and it's actually life-changing. Now I have way too much energy for a Tuesday morning. ☕️⚡️,False
53,"""A working professional who is seeking to improve their literary analysis skills in their free time""",62.0,7,8,Just started a new mystery novel and I've already guessed the twist. Now I have to decide if I actually want to finish it or if the satisfaction of being right is enough. 📖🔍,False
53,"""A working professional who is seeking to improve their literary analysis skills in their free time""",62.0,8,8,@user_638 I've been meaning to try that place! Adding it to my list for this weekend. 🥐✨,False
53,"""A working professional who is seeking to improve their literary analysis skills in their free time""",62.0,9,8,"Who actually likes the smell of old libraries? I love the books, but some of those archives smell like a damp basement and expired glue. 🤢📚",False
54,"""A student studying film theory who isn't interested in recent developments in the field.""",67.0,0,9,Just rewatched The Seventh Seal. Modern cinema has absolutely no patience for pacing anymore. Everything is just a loud mess.,False
54,"""A student studying film theory who isn't interested in recent developments in the field.""",67.0,1,9,Just found a pristine copy of a 1950s Criterion collection. Beats scrolling through a streaming menu for an hour just to watch something mediocre.,False
54,"""A student studying film theory who isn't interested in recent developments in the field.""",67.0,2,9,"Finally found a theater playing a 35mm print of Metropolis. The flicker is actually better than any ""restored"" digital version they try to push these days.",False
54,"""A student studying film theory who isn't interested in recent developments in the field.""",67.0,3,9,"Why do people insist on using ""cinematic"" as a compliment for every mid-tier superhero movie? It just means it has a high budget and a color grader.",False
54,"""A student studying film theory who isn't interested in recent developments in the field.""",67.0,4,9,Found a local shop selling old projectors for cheap. Might actually be worth the effort to set one up in the living room.,False
54,"""A student studying film theory who isn't interested in recent developments in the field.""",67.0,5,9,Just spent three hours reading an essay on Soviet montage. Makes me realize how lazy current editing is. It's all just fast cuts to hide the fact that there's no actual story.,False
54,"""A student studying film theory who isn't interested in recent developments in the field.""",67.0,6,9,"Just saw a trailer for some new ""immersive"" VR experience. Imagine paying money to wear a plastic headset instead of just watching a properly framed shot. Absolute joke.",False
54,"""A student studying film theory who isn't interested in recent developments in the field.""",67.0,7,9,"Just found a secondhand copy of ""The Film Experience."" Most of the footnotes are outdated, but it's still ten times more useful than any ""Top 10"" list on YouTube.",False
54,"""A student studying film theory who isn't interested in recent developments in the field.""",67.0,8,9,"Just found a DVD of a 1960s French New Wave short. The handheld camerawork actually feels organic, unlike the fake ""shaky cam"" they use in every action movie now to hide the bad choreography.",False
54,"""A student studying film theory who isn't interested in recent developments in the field.""",67.0,9,9,Anyone actually read the script for that new blockbuster? It's literally just a series of prompts for the VFX team. Pathetic.,False
55,"""a former boxing champion who has won at many local and international tournaments.""",39.0,0,5,Just hit a new PR on the heavy bag. Feeling absolutely electric today! 🥊🔥,False
55,"""a former boxing champion who has won at many local and international tournaments.""",39.0,1,5,Just finished a killer session. Who's actually hitting the gym today or are you all just talking about it? 🦾💪,False
55,"""a former boxing champion who has won at many local and international tournaments.""",39.0,2,5,Just saw a clip of the new heavyweight title fight. Absolute garbage footwork. I could've taken that guy in three rounds.,False
55,"""a former boxing champion who has won at many local and international tournaments.""",39.0,3,5,Just found a spot that sells the best protein bowls in the city. Actually tastes like real food for once. 🥗🔥,False
55,"""a former boxing champion who has won at many local and international tournaments.""",39.0,4,5,Just bought a new pair of wraps. The grip is insane. Time to get to work. 🥊👊,False
55,"""a former boxing champion who has won at many local and international tournaments.""",39.0,5,5,"Finally found a decent movie that actually gets the fight choreography right. Most of these flicks look like a dance recital, but this one actually had some snap to it. 🎬🥊",False
55,"""a former boxing champion who has won at many local and international tournaments.""",39.0,6,5,@user_817 Facts. Nothing beats that raw feel. Polished stuff always looks fake and lacks actual energy.,False
55,"""a former boxing champion who has won at many local and international tournaments.""",39.0,7,5,@user_151 Respect. Helping someone else level up is the best feeling there is. Keep it going! 👊🔥,False
55,"""a former boxing champion who has won at many local and international tournaments.""",39.0,8,5,Just started a new playlist for my morning runs. The tempo is perfect for keeping the pace up. 🏃‍♂️🎧,False
55,"""a former boxing champion who has won at many local and international tournaments.""",39.0,9,5,Anyone else seeing this weather? Perfect for a long outdoor run before the heat hits. Let's get it! ☀️🏃‍♂️,False
56,"""A photographer who captures stunning portraits of Bar Refaeli for magazine covers""",45.0,0,6,Just spent three hours trying to find the perfect lighting for a bowl of fruit and I think I actually nailed it. Who knew a banana could look that dramatic? 🍌✨,False
56,"""A photographer who captures stunning portraits of Bar Refaeli for magazine covers""",45.0,1,6,@user_73 honestly that's the best part of any job. Those weird little pockets of time where everything actually looks decent for a second.,False
56,"""A photographer who captures stunning portraits of Bar Refaeli for magazine covers""",45.0,2,6,Finally got around to cleaning my gear and found a lens cap I lost in 2019. Absolute win for the day.,False
56,"""A photographer who captures stunning portraits of Bar Refaeli for magazine covers""",45.0,3,6,Just found a coffee shop with the weirdest neon sign I've ever seen. The color palette is hideous but the vibe is kind of a mood. Might go back tomorrow just to see if it's still flickering.,False
56,"""A photographer who captures stunning portraits of Bar Refaeli for magazine covers""",45.0,4,6,Just saw a guy trying to take a panoramic shot of a building by spinning in a circle and almost knocking over a trash can. The dedication to the craft is inspiring.,False
56,"""A photographer who captures stunning portraits of Bar Refaeli for magazine covers""",45.0,5,6,@user_74 lol imagine the chaos if they actually released the floppy arm version. The toy aisles would have been a disaster.,False
56,"""A photographer who captures stunning portraits of Bar Refaeli for magazine covers""",45.0,6,6,@user_910 lol honestly just give the dog the treats now. He's clearly doing the heavy lifting here. 🐶🛸,False
56,"""A photographer who captures stunning portraits of Bar Refaeli for magazine covers""",45.0,7,6,"Just spent twenty minutes watching a pigeon fight a discarded chip bag in the parking lot. The pigeon won, but barely. Truly a battle for the ages.",False
56,"""A photographer who captures stunning portraits of Bar Refaeli for magazine covers""",45.0,8,6,Just tried making an omelette for the first time in a year and it looks like a yellow sponge. Still tastes fine though. 🍳,False
56,"""A photographer who captures stunning portraits of Bar Refaeli for magazine covers""",45.0,9,6,Just spent way too long scrolling through old 90s arcade game concept art. The colors are so loud they practically scream at you. I kind of love it.,False
57,"""A policy maker responsible for implementing regulations to protect pollinators and promote biodiversity in agriculture""",46.0,0,7,"Finally got the new garden beds set up. The bees are already all over the lavender, it's actually kind of satisfying to watch.",False
57,"""A policy maker responsible for implementing regulations to protect pollinators and promote biodiversity in agriculture""",46.0,1,7,"@user_766 that looks way better. My cat tried to ""help"" me organize my bookshelf yesterday and just knocked everything over. Absolute chaos.",False
57,"""A policy maker responsible for implementing regulations to protect pollinators and promote biodiversity in agriculture""",46.0,2,7,Does anyone actually read the manuals for these new air fryers or do we all just guess the temperature and hope for the best? I've burnt three batches of wings already.,False
57,"""A policy maker responsible for implementing regulations to protect pollinators and promote biodiversity in agriculture""",46.0,3,7,"@user_692 I tried a watercolor kit last month and it just looked like a muddy puddle. Still, definitely better than staring at a screen all day.",False
57,"""A policy maker responsible for implementing regulations to protect pollinators and promote biodiversity in agriculture""",46.0,4,7,Just spent twenty minutes trying to find a matching pair of socks in the laundry. Why do I have seven left feet? I'm honestly just going to wear two different ones and call it a fashion choice.,False
57,"""A policy maker responsible for implementing regulations to protect pollinators and promote biodiversity in agriculture""",46.0,5,7,"Just tried that ""viral"" pasta recipe and it tasted like cardboard. I'm officially retiring from cooking experiments for a while. Back to grilled cheese.",False
57,"""A policy maker responsible for implementing regulations to protect pollinators and promote biodiversity in agriculture""",46.0,6,7,"@user_20 Honestly, those ""eco-safe"" labels are usually just marketing. Most of that stuff is just a slightly different chemical that smells the same. Such a joke.",False
57,"""A policy maker responsible for implementing regulations to protect pollinators and promote biodiversity in agriculture""",46.0,7,7,@user_62 honestly real. Trying to figure out a social media algorithm is a waste of time when you can just look at the weather and know exactly what's happening.,False
57,"""A policy maker responsible for implementing regulations to protect pollinators and promote biodiversity in agriculture""",46.0,8,7,Finally found a coffee shop that doesn't charge extra for oat milk. It's the small wins today.,False
57,"""A policy maker responsible for implementing regulations to protect pollinators and promote biodiversity in agriculture""",46.0,9,7,"Who actually likes the taste of kale? I'm convinced people just eat it to feel superior to everyone else. I'll stick to my Caesar salad, thanks.",False
58,"""A restaurateur specializing in Monegasque cuisine, who sources fresh seafood daily for traditional dishes""",32.0,0,8,"Finally found a spot that does a decent pesto. Still not as good as home, but it'll do for a Tuesday.",False
58,"""A restaurateur specializing in Monegasque cuisine, who sources fresh seafood daily for traditional dishes""",32.0,1,8,Just tried that new arcade bar downtown. The games are mid but the drinks are actually decent for once. Definitely a vibe for a Friday night.,False
58,"""A restaurateur specializing in Monegasque cuisine, who sources fresh seafood daily for traditional dishes""",32.0,2,8,Anyone else actually liking the new season of The Bear? The stress is unreal but the food looks incredible.,False
58,"""A restaurateur specializing in Monegasque cuisine, who sources fresh seafood daily for traditional dishes""",32.0,3,8,Just spent an hour scrolling through old travel photos. I really need to book a flight and actually get out of this city for a bit.,False
58,"""A restaurateur specializing in Monegasque cuisine, who sources fresh seafood daily for traditional dishes""",32.0,4,8,@user_374 literally. I can't believe people actually buy into that stuff. Just open a curtain.,False
58,"""A restaurateur specializing in Monegasque cuisine, who sources fresh seafood daily for traditional dishes""",32.0,5,8,"Just saw a trailer for that new sci-fi flick. The CGI looks absolutely ridiculous, but I'm still probably going to pay twenty bucks to see it on a big screen this weekend.",False
58,"""A restaurateur specializing in Monegasque cuisine, who sources fresh seafood daily for traditional dishes""",32.0,6,8,Just found a playlist of 90s house music that actually slaps. My living room is basically a club right now.,False
58,"""A restaurateur specializing in Monegasque cuisine, who sources fresh seafood daily for traditional dishes""",32.0,7,8,Does anyone actually enjoy those fancy tasting menus where you get like three peas and a smear of sauce for 200 bucks? I just want a plate of food that actually fills me up.,False
58,"""A restaurateur specializing in Monegasque cuisine, who sources fresh seafood daily for traditional dishes""",32.0,8,8,Just tried making a homemade focaccia for the first time. The crumb is kind of a disaster but it tastes great with enough salt and olive oil. Success.,False
58,"""A restaurateur specializing in Monegasque cuisine, who sources fresh seafood daily for traditional dishes""",32.0,9,8,"@user_96 that's some serious commitment. I can barely keep my keys in the same spot every day, let alone organize spices by flavor.",False
59,"""A renowned jazz pianist who has collaborated with Branford Marsalis on numerous occasions""",34.0,0,9,Finally found a coffee shop that actually plays decent records and doesn't just blast top 40 hits. Total game changer for my morning.,False
59,"""A renowned jazz pianist who has collaborated with Branford Marsalis on numerous occasions""",34.0,1,9,Just spent two hours trying to fix a skipping track on an old vinyl. The payoff was worth it. Everything sounds better when you actually put in the effort.,False
59,"""A renowned jazz pianist who has collaborated with Branford Marsalis on numerous occasions""",34.0,2,9,Just tried that new bistro downtown. Food was mid but the lighting was actually decent. Definitely a spot for people watching while you wait for the check.,False
59,"""A renowned jazz pianist who has collaborated with Branford Marsalis on numerous occasions""",34.0,3,9,"Just bought a vintage metronome from a thrift store. It's slightly off-beat, which actually makes it more interesting than the digital ones.",False
59,"""A renowned jazz pianist who has collaborated with Branford Marsalis on numerous occasions""",34.0,4,9,Just saw a guy trying to play a bass guitar with a guitar pick. Absolute crime. Some things are just meant to be played with fingers.,False
59,"""A renowned jazz pianist who has collaborated with Branford Marsalis on numerous occasions""",34.0,5,9,Finally updated the software on my keyboard and it’s actually responsive now. Who knew a simple patch could make everything feel less clunky? Now back to actually getting some work done.,False
59,"""A renowned jazz pianist who has collaborated with Branford Marsalis on numerous occasions""",34.0,6,9,"Anyone else notice how every ""modern"" movie soundtrack just uses the same three tension chords to tell you something bad is happening? It's getting lazy. Give me some actual harmony for once.",False
59,"""A renowned jazz pianist who has collaborated with Branford Marsalis on numerous occasions""",34.0,7,9,"Just saw a ""top 10"" list of the best cocktails in the city and every single one is just gin with a piece of cucumber. Groundbreaking. I'll stick to my lukewarm beer.",False
59,"""A renowned jazz pianist who has collaborated with Branford Marsalis on numerous occasions""",34.0,8,9,Just spent forty minutes trying to find a parking spot near the park. The city planning here is a joke.,False
59,"""A renowned jazz pianist who has collaborated with Branford Marsalis on numerous occasions""",34.0,9,9,"@user_983 Man, the '96 Masters were elite. Everything feels sanitized now; they've polished the grit right out of the game.",False
