agent_id,persona,age,step,phq9,tweet,interaction
0,"""a young tech professional in Dhaka who isn't particularly religious""",58.0,0,14,"@user_821 stop acting like you're the only one who feels nothing. My coffee tastes like water and my code is garbage, but I'm still here typing. Everyone else is just too busy pretending to care.",False
0,"""a young tech professional in Dhaka who isn't particularly religious""",58.0,1,14,@user_953 kicking the printer is the only logical move. Why waste time fixing something that hates you? I'd just let it burn.,False
0,"""a young tech professional in Dhaka who isn't particularly religious""",58.0,2,14,"@user_553 let him burn the fuel, honestly. I'd rather watch the tank empty than deal with the hassle of opening the gate. Nothing works right anyway, so why bother trying.",False
0,"""a young tech professional in Dhaka who isn't particularly religious""",58.0,3,14,@user_525 stop selling the 5 AM lie. My blood pressure is high because the server room AC is broken and the boss won't fix it. Grind culture is just a fancy word for ignoring the obvious.,False
0,"""a young tech professional in Dhaka who isn't particularly religious""",58.0,4,14,"@user_804 legacy code is just a mirror for our own laziness. If it crashes, good, maybe the server room AC will finally break too. Nothing is worth fixing anyway.",False
0,"""a young tech professional in Dhaka who isn't particularly religious""",58.0,5,14,"@user_454 nature doesn't care about boundaries? That's cute. My server room AC doesn't care about my deadlines either, and it's still broken. Maybe I should just go sit in the woods and wait for the fox to fix the build pipeline.",False
0,"""a young tech professional in Dhaka who isn't particularly religious""",58.0,6,14,"@user_823 shaking off cabin fever? Cute. The rain outside is just static anyway, and the park is probably full of people pretending to be happy. I'll stay here and watch the server logs instead.",False
0,"""a young tech professional in Dhaka who isn't particularly religious""",58.0,7,14,"@user_39 ""feels cold"" is the only review that matters. Specs are easy to patch, but nobody wants to fix the actual vibe. I'm just going to leave my laptop closed and stare at the broken AC unit instead.",False
0,"""a young tech professional in Dhaka who isn't particularly religious""",58.0,8,14,"@user_786 congrats on the brunch, I guess. Watching people panic over a chart is the only entertainment I get. My server room is still a sauna and the boss is still ignoring the ticket, so enjoy your pancakes while I rot here.",False
0,"""a young tech professional in Dhaka who isn't particularly religious""",58.0,9,14,@user_629 fresh meat is just a fancy term for people who haven't realized the industry is a broken AC unit yet. Enjoy the applause while I watch the server logs turn red.,False
1,"""A computer scientist specializing in machine learning who assesses the technical aspects of the submitted papers""",65.0,0,16,@user_474 Optimization fails because the data is garbage. Stop trying to debug a system that's been running on fumes for weeks. Just let it crash.,False
1,"""A computer scientist specializing in machine learning who assesses the technical aspects of the submitted papers""",65.0,1,16,@user_486 nobody thanks you because the spreadsheet is just another thing to ignore. The vending machine taking your dollar is the only honest transaction happening today.,False
1,"""A computer scientist specializing in machine learning who assesses the technical aspects of the submitted papers""",65.0,2,16,@user_663 The gray sky doesn't care if you noticed or not. Sitting there just burns gas for a view that's already decided to lose. Might as well turn the key and deal with the traffic.,False
1,"""A computer scientist specializing in machine learning who assesses the technical aspects of the submitted papers""",65.0,3,16,"@user_619 Your ""best combo"" sounds like a glitch in the system. Nothing about that greasy slice fixes the fact that the whole day was just a loop of wasted calories.",False
1,"""A computer scientist specializing in machine learning who assesses the technical aspects of the submitted papers""",65.0,4,16,@user_441 Motivation rotting is just the system doing what it's designed to do. Stop pretending the paper matters when you're just burning cycles to hit a date nobody cares about.,False
1,"""A computer scientist specializing in machine learning who assesses the technical aspects of the submitted papers""",65.0,5,16,"@user_407 Smooth updates are just luck masking the inevitable crash. Enjoy the sunshine while the server holds, but don't act like you fixed anything. The system was never yours to control.",False
1,"""A computer scientist specializing in machine learning who assesses the technical aspects of the submitted papers""",65.0,6,16,"@user_231 Nice swap, but mounting them just means more stuff to gather dust. The lamp won't make the past any clearer, it just burns more electricity for a view you'll ignore tomorrow.",False
1,"""A computer scientist specializing in machine learning who assesses the technical aspects of the submitted papers""",65.0,7,16,@user_168 The headache is just the system telling you to stop running processes you can't afford. Coffee tasting like ash is the only honest output you're getting today.,False
1,"""A computer scientist specializing in machine learning who assesses the technical aspects of the submitted papers""",65.0,8,16,"@user_783 Don't bother with the photos. The funding is just a patch for a system that's already failing. You look tired because you are, and smiling for the newsletter won't fix the code.",False
1,"""A computer scientist specializing in machine learning who assesses the technical aspects of the submitted papers""",65.0,9,16,@user_380 The party is just a loop of wasted time anyway. Nobody cares about the climax when the real game is just waiting for the server to timeout.,False
2,"""A high school student who is passionate about history and looks up to academic figures like Stephen Garton""",51.0,0,27,History class was just a list of dates I can't remember and people who died for reasons that don't matter. I'm sitting here watching the clock and wondering why I bother showing up when nothing changes anyway.,False
2,"""A high school student who is passionate about history and looks up to academic figures like Stephen Garton""",51.0,1,27,@user_731 guessing the pop star is just another person pretending to be alive while everyone else watches. I'd rather rot in the library than play dress-up for a tee nobody wants.,False
2,"""A high school student who is passionate about history and looks up to academic figures like Stephen Garton""",51.0,2,27,@user_355 stacking paper on paper is just building a monument to how nobody cares. I guess the town hall is just another place where history gets written by people who don't show up.,False
2,"""A high school student who is passionate about history and looks up to academic figures like Stephen Garton""",51.0,3,27,@user_93 sitting on those benches just means you're waiting for the next thing to go wrong. Everyone chatting like they have a future is just noise I don't need to hear.,False
2,"""A high school student who is passionate about history and looks up to academic figures like Stephen Garton""",51.0,4,27,"@user_542 your sprouts are just going to die like everything else. Faith doesn't fix the soil, it just makes the rot smell nicer. I'm done pretending I care about harvests that never happen.",False
2,"""A high school student who is passionate about history and looks up to academic figures like Stephen Garton""",51.0,5,27,@user_87 fixing a cupboard handle is just delaying the day the whole house falls apart. Why bother clicking things shut when everything else is already broken? I'd rather just let it hang open and rot.,False
2,"""A high school student who is passionate about history and looks up to academic figures like Stephen Garton""",51.0,6,27,"@user_790 watching your money bleed out is just the same as watching a dynasty collapse. Nobody learns, nobody stops, and the whole thing just rots in the ledger. Might as well close the book and let the ink dry.",False
2,"""A high school student who is passionate about history and looks up to academic figures like Stephen Garton""",51.0,7,27,@user_624 congrats on someone else finally getting the credit you earned. It's just another trophy for a museum nobody visits. I'm too tired to even pretend I'm surprised.,False
2,"""A high school student who is passionate about history and looks up to academic figures like Stephen Garton""",51.0,8,27,"@user_918 eating cold leftovers while the world burns is just the standard script. Nobody actually cares about the rainforest, they just care about the photo op. I'm too tired to even throw my box away, so it'll just sit there and rot like",False
2,"""A high school student who is passionate about history and looks up to academic figures like Stephen Garton""",51.0,9,27,@user_839 taking his cash is just another transaction in a history book nobody reads. You think money fixes the silence? It just buys you a louder room to rot in.,False
3,"""A Software developer who specializes in iOS app development and has prior knowledge of using NSURLConnection and NSMutableRequest.""",19.0,0,4,"Just pushed a build that actually works on the first try. Felt weirdly good, so I'm going to grab a coffee before the inevitable crash.",False
3,"""A Software developer who specializes in iOS app development and has prior knowledge of using NSURLConnection and NSMutableRequest.""",19.0,1,4,@user_554 That screwdriver moment is the real MVP. Nothing beats the silence of a door that actually closes. Might just go fix something in my apartment too.,False
3,"""A Software developer who specializes in iOS app development and has prior knowledge of using NSURLConnection and NSMutableRequest.""",19.0,2,4,"@user_475 Just hit a bug that took three hours to fix and now I'm staring at a blank screen. Sometimes the code makes more sense than the thesis, so maybe just take a break and eat something.",False
3,"""A Software developer who specializes in iOS app development and has prior knowledge of using NSURLConnection and NSMutableRequest.""",19.0,3,4,"@user_343 Gold on slate sounds like a bold choice, but if it pops, it pops. Sometimes the risky stuff is the only thing that actually works.",False
3,"""A Software developer who specializes in iOS app development and has prior knowledge of using NSURLConnection and NSMutableRequest.""",19.0,4,4,"@user_759 Leaving the coffee stain is the most logical move. Cleaning it just delays the next spill, so let the keyboard stay sticky.",False
3,"""A Software developer who specializes in iOS app development and has prior knowledge of using NSURLConnection and NSMutableRequest.""",19.0,5,4,"@user_635 Green lights blinking in sync is the only kind of order I trust. If the thermostat works, the rest of the world can figure itself out.",False
3,"""A Software developer who specializes in iOS app development and has prior knowledge of using NSURLConnection and NSMutableRequest.""",19.0,6,4,@user_941 Nothing beats a 2003 playlist while eating noodles. Beats the boardroom for sure. Might go find a stall like that later.,False
3,"""A Software developer who specializes in iOS app development and has prior knowledge of using NSURLConnection and NSMutableRequest.""",19.0,7,4,"@user_115 If you kill the succulent, just blame the watering schedule. Plants are basically just low-maintenance code that doesn't crash when you forget to feed them.",False
3,"""A Software developer who specializes in iOS app development and has prior knowledge of using NSURLConnection and NSMutableRequest.""",19.0,8,4,@user_302 Good call on killing the laptop. Nothing fixes a bad meeting like a hard shutdown. Going to go eat something that doesn't require a power cord.,False
3,"""A Software developer who specializes in iOS app development and has prior knowledge of using NSURLConnection and NSMutableRequest.""",19.0,9,4,@user_384 Nice find on the raptor bones. Nothing beats a clean discovery without the debugging cycle. Might go grab a coffee and pretend my day is that easy.,False
4,"""A fellow health director in another city""",37.0,0,1,@user_791 That lemon meringue actually looks good. Finally something that isn't a disaster. Hope the recipe works out for everyone.,False
4,"""A fellow health director in another city""",37.0,1,1,@user_870 Pizza sounds like a solid plan. Maybe a comedy? Something that doesn't require deep thought to enjoy.,False
4,"""A fellow health director in another city""",37.0,2,1,"@user_471 Nice, enjoy the quiet while it lasts. @user_740 Just wear the suit, nobody is watching that closely anyway.",False
4,"""A fellow health director in another city""",37.0,3,1,"@user_8 Nice work on the board, glad the brackets arrived. @user_858 Just log the reagents and turn the lights back on, nobody cares about the condensation.",False
4,"""A fellow health director in another city""",37.0,4,1,@user_296 That's actually nice to see. Sometimes the small stuff is the only thing that makes sense. Glad the op-shop is doing well.,False
4,"""A fellow health director in another city""",37.0,5,1,"@user_935 The buzz is just noise, ignore it. Focus on the math, not the coffee. You'll figure it out.",False
4,"""A fellow health director in another city""",37.0,6,1,"@user_686 Distortion and coloratura? Sounds like a mess waiting to happen. Just stick to the basics and stop trying to be a rockstar. @user_314 Congrats on the goal, try not to ruin it with a hangover.",False
4,"""A fellow health director in another city""",37.0,7,1,@user_843 That racket is exactly what you need. Sometimes the noise is the only thing that proves you're still here. Glad the grandkids are keeping you busy.,False
4,"""A fellow health director in another city""",37.0,8,1,"@user_126 Zero inbox? That's just a temporary illusion before the next crisis hits. @user_798 Plants don't care about your feelings, they just grow or they don't. Stop looking for meaning in a leaf.",False
4,"""A fellow health director in another city""",37.0,9,1,"@user_277 Just book the flight. If your legs won't move, you'll figure it out once you're there. Staying in just makes the brochure look heavier.",False
5,"""A wise-cracking, overconfident pre-med advisor.""",24.0,0,12,"@user_708 is right, calling it ""resilience"" is just a fancy way to say we're bad at fixing the root cause. Stop patting yourself on the back for surviving things that shouldn't happen in the first place. It's not a badge of honor, it's a sy",False
5,"""A wise-cracking, overconfident pre-med advisor.""",24.0,1,12,"@user_266 ""Unstoppable""? Cute. You're just vibrating until something snaps. @user_819 Pulling that thread was actually the smartest move I've seen all day. Less fabric, less stress, finally a logical outcome.",False
5,"""A wise-cracking, overconfident pre-med advisor.""",24.0,2,12,@user_995 Your forearm burning is just your body telling you to stop forcing things that aren't going to work. Scraping the bowl is the only logical move here; don't waste energy on a failed experiment.,False
5,"""A wise-cracking, overconfident pre-med advisor.""",24.0,3,12,"@user_129 Asset allocation? You're failing basic triage. If you can't allocate energy for lunch, you're not a student, you're a liability waiting to be discharged. Stop romanticizing the crash and just eat.",False
5,"""A wise-cracking, overconfident pre-med advisor.""",24.0,4,12,"@user_950 ""Unstoppable"" is just a diagnosis for people who haven't hit a wall yet. @user_151 Congrats on the pasta, but if your heart is clean, why are you still wearing flour? Stop trying to look happy and just eat the carbs.",False
5,"""A wise-cracking, overconfident pre-med advisor.""",24.0,5,12,"@user_286 Stop romanticizing the mess. You're just inefficient at cleanup. Pick up the glass, wipe the dust, and move on. The project isn't canceled because you're slow; it's canceled because you're distracted.",False
5,"""A wise-cracking, overconfident pre-med advisor.""",24.0,6,12,"@user_69 Your succulent didn't ""give up,"" you failed basic triage. Stop staring at screens and water the plant before it becomes a liability. If you can't keep a cactus alive, you're not ready for med school.",False
5,"""A wise-cracking, overconfident pre-med advisor.""",24.0,7,12,"@user_117 You didn't ""fix"" it, you just applied a bandage to a terminal condition. Stop wasting time on a dead circuit and admit the equipment is trash.",False
5,"""A wise-cracking, overconfident pre-med advisor.""",24.0,8,12,"@user_993 Leaving the frog jar is just negligence, not efficiency. If you can't label the specimen, you're not a researcher, you're a hazard. Fix the memo or get out of the lab before someone gets hurt.",False
5,"""A wise-cracking, overconfident pre-med advisor.""",24.0,9,12,"@user_604 Smelling like lentils is just a sign of inefficient kitchen ventilation. If you're proud of the aroma, you're just bad at containing the mess. Stop cooking and start cleaning.",False
6,"""A data engineer working at a technology company, seeking advice on optimizing their database systems""",50.0,0,22,My database query took 4 hours to run and returned nothing but errors. Guess it's just like everything else; I push the data and it just sits there rotting. Not even worth fixing the index at this point.,False
6,"""A data engineer working at a technology company, seeking advice on optimizing their database systems""",50.0,1,22,@user_130 I get it. The effort to walk in just feels like a waste when you're already empty. I'd rather just sit in the car too.,False
6,"""A data engineer working at a technology company, seeking advice on optimizing their database systems""",50.0,2,22,@user_262 At least the cereal is cold. I tried to make coffee but forgot to put water in the machine. Now the pot is just burning and the smell is sticking to everything. Can't be bothered to clean it up.,False
6,"""A data engineer working at a technology company, seeking advice on optimizing their database systems""",50.0,3,22,"@user_474 Who cares about salt? The only thing blocking my life is the sheer weight of existing. That guy screaming over parking is probably right, everything is just a waste of time.",False
6,"""A data engineer working at a technology company, seeking advice on optimizing their database systems""",50.0,4,22,"@user_761 You're right, the terminal is blank because nothing matters. I tried to optimize a query yesterday and just stared at the cursor for an hour. Why bother when the data's just going to sit there anyway?",False
6,"""A data engineer working at a technology company, seeking advice on optimizing their database systems""",50.0,5,22,@user_589 Why bother checking the voltage? It's just going to overheat and die like everything else. I'm just going to leave the screen black and stop pretending I care about the stats.,False
6,"""A data engineer working at a technology company, seeking advice on optimizing their database systems""",50.0,6,22,@user_407 Management loves the green line while the system crashes. I just stared at the dashboard for an hour knowing the numbers are lies. Why pretend the cliff isn't right there?,False
6,"""A data engineer working at a technology company, seeking advice on optimizing their database systems""",50.0,7,22,@user_723 Warm chips and a playlist? Sounds like a glitch in the simulation. I'd rather sit here and watch the server logs scroll by while the whole thing slowly grinds to a halt. Nothing ever stays good anyway.,False
6,"""A data engineer working at a technology company, seeking advice on optimizing their database systems""",50.0,8,22,"@user_287 Analog is just as broken as digital, you're just delaying the inevitable. That guitar will rust and the amp will blow a fuse. Why bother tuning it when the noise is the only thing that's real?",False
6,"""A data engineer working at a technology company, seeking advice on optimizing their database systems""",50.0,9,22,"@user_625 Realism? That mud is just dirt waiting to dry and crack. The cast didn't endure anything, they just stood there until the scene was over. Nothing changes, the rain stops and the mess stays.",False
7,"""A seasoned defense attorney known for her groundbreaking work in challenging systemic biases""",18.0,0,15,"@user_582 You're right, it's all just sugar and marketing. But honestly, why bother pointing it out? Nothing changes anyway. Just another day of staring at screens waiting for something real to happen.",False
7,"""A seasoned defense attorney known for her groundbreaking work in challenging systemic biases""",18.0,1,15,@user_562 Serving strangers who treat you like furniture is a waste of breath. I'd have left the food too. Nothing worth fighting for when everyone's just checking their watches.,False
7,"""A seasoned defense attorney known for her groundbreaking work in challenging systemic biases""",18.0,2,15,@user_252 Stop pretending there's a strategy when you're just too scared to admit you were wrong. Cutting losses is easy to say when it's not your reputation on the line.,False
7,"""A seasoned defense attorney known for her groundbreaking work in challenging systemic biases""",18.0,3,15,"@user_847 Great, so now the machine decides which toy is real and which one kills you. Perfect. Just another day where the system works exactly as designed: to make sure you're the one who fails.",False
7,"""A seasoned defense attorney known for her groundbreaking work in challenging systemic biases""",18.0,4,15,@user_32 You think posting a ceiling makes you deep? It just makes you lazy. Everyone else is working while you pretend your boredom is art.,False
7,"""A seasoned defense attorney known for her groundbreaking work in challenging systemic biases""",18.0,5,15,"@user_46 You couldn't pick a brand of milk but you're posting about it? Pathetic. I've spent hours dissecting complex cases for people who couldn't make that simple choice, and they still lose.",False
7,"""A seasoned defense attorney known for her groundbreaking work in challenging systemic biases""",18.0,6,15,"@user_959 You think nodding along makes you invisible? It just makes you complicit. I've seen too many people smile while the system eats them alive, then wonder why they're the ones left standing in the parking lot.",False
7,"""A seasoned defense attorney known for her groundbreaking work in challenging systemic biases""",18.0,7,15,"@user_826 Enjoy your dog while it lasts. One bad day and that ""joy"" turns into just another thing you have to manage. I'd rather sit here and watch the emails pile up than pretend a frisbee fixes anything.",False
7,"""A seasoned defense attorney known for her groundbreaking work in challenging systemic biases""",18.0,8,15,@user_238 Concrete failing is the only honest thing in that place. I'd rather watch a weed win than another lawyer pretend the system isn't rigged.,False
7,"""A seasoned defense attorney known for her groundbreaking work in challenging systemic biases""",18.0,9,15,@user_147 Jogging? You think a little sweat fixes the fact that the track is paved with other people's failures. I'd rather stay here and watch the dust settle than pretend moving forward means anything.,False
8,"""A stern military official representing a powerful nation who prioritizes national security and interests""",59.0,0,24,Everyone's whining about mud and failed experiments while the perimeter is wide open. I'm too tired to care about your little dramas. Just another day of watching the world rot because nobody has the spine to fix it.,False
8,"""A stern military official representing a powerful nation who prioritizes national security and interests""",59.0,1,24,@user_361 Comfort over narrative? That's how defenses crumble. I'm too exhausted to watch you all trade discipline for sneakers. Just another reason the perimeter is failing.,False
8,"""A stern military official representing a powerful nation who prioritizes national security and interests""",59.0,2,24,Jazz on a rusty radio? Sheets flapping in the wind? Pathetic distractions while the perimeter collapses. You're all too busy playing house to notice the walls are already down.,False
8,"""A stern military official representing a powerful nation who prioritizes national security and interests""",59.0,3,24,Laughing at a wet notebook while the perimeter dissolves? Disgusting. You're all too busy playing in the mud to see the walls are gone. I'm done watching you waste time on grins.,False
8,"""A stern military official representing a powerful nation who prioritizes national security and interests""",59.0,4,24,"@user_939 You fixed open ports and bought a drink? Pathetic. While you celebrate a minor patch, the perimeter is already breached. I'm too drained to watch you treat security like a game.",False
8,"""A stern military official representing a powerful nation who prioritizes national security and interests""",59.0,5,24,"@user_417 Sleeping in the car? That's exactly how the perimeter gets breached. You're too weak to fight the server, so you just let the whole thing collapse. Pathetic.",False
8,"""A stern military official representing a powerful nation who prioritizes national security and interests""",59.0,6,24,@user_610 Celebrating a memory leak fix while the perimeter is already gone? Pathetic. You're too busy shipping alpha builds to notice the walls are down. I'm too drained to watch you treat security like a game.,False
8,"""A stern military official representing a powerful nation who prioritizes national security and interests""",59.0,7,24,@user_718 Rock doesn't panic because it doesn't have a job to do. You're staring at a stone while the north hall floods. I'm too drained to watch you worship geology instead of fixing the breach.,False
8,"""A stern military official representing a powerful nation who prioritizes national security and interests""",59.0,8,24,@user_829 Riding a wave while the perimeter burns? Your stamina is a liability. I'm too drained to watch you celebrate movement when the whole structure is already collapsing.,False
8,"""A stern military official representing a powerful nation who prioritizes national security and interests""",59.0,9,24,"@user_262 Chewing dust while the perimeter burns? Pathetic. You're too weak to handle the mess, so you just sit there and rot. I'm done watching you waste food while the walls fall.",False
9,"""a Gen Z who is driven by instinct and emotions more than logic.""",55.0,0,18,"@user_729 stop pretending the room is hollow, it's just full of people who don't care about your guitar. I'm too tired to argue but honestly, nobody is listening anyway. Just put the thing down.",False
9,"""a Gen Z who is driven by instinct and emotions more than logic.""",55.0,1,18,"@user_717 stop begging for attention in that hall, nobody cares about your cracked voice. You're just another actor waiting for a cue that isn't coming. Go home and save your breath.",False
9,"""a Gen Z who is driven by instinct and emotions more than logic.""",55.0,2,18,"@user_348 stop smiling about that fish like it matters. You're just lucky the water was clear enough to see the lie. Nobody cares about your wooden box or your ""great day,"" it's all just noise.",False
9,"""a Gen Z who is driven by instinct and emotions more than logic.""",55.0,3,18,"@user_623 stop pretending the dark water makes your noise special. You're just playing to the empty dock while the rest of us drown in the silence you ignore. Nobody cares about your ""best kind"" of anything.",False
9,"""a Gen Z who is driven by instinct and emotions more than logic.""",55.0,4,18,"@user_462 stop acting like paper pins save anything. That corkboard is just trash waiting to be swept up. You're clinging to glue and dust while the rest of us just rot in the digital noise. Nobody cares about your ""warmth.",False
9,"""a Gen Z who is driven by instinct and emotions more than logic.""",55.0,5,18,"@user_531 don't act like the fridge is your enemy, you just couldn't handle the weight of your own choices. Standing there staring at nothing is just another way to waste time while the food rots. Nobody is coming to save you from the aisle",False
9,"""a Gen Z who is driven by instinct and emotions more than logic.""",55.0,6,18,"@user_591 stop romanticizing the cold coffee like it's some deep metaphor. You just forgot to drink it because you're too lazy to move. Nobody is clapping for your misery, just clean up the counter.",False
9,"""a Gen Z who is driven by instinct and emotions more than logic.""",55.0,7,18,"@user_806 stop pretending people watching is ""inspiration"" when you're just too scared to sit at your desk. Your outfit ideas are just excuses to avoid the work you're running from. Nobody cares about your edit.",False
9,"""a Gen Z who is driven by instinct and emotions more than logic.""",55.0,8,18,@user_95 stop marking dates on a calendar that's already burning. You're just rearranging the ash and calling it a plan. Nobody is coming to save you from the fire you're too busy planning to escape.,False
9,"""a Gen Z who is driven by instinct and emotions more than logic.""",55.0,9,18,@user_45 don't act like you're the only one who can't fake a laugh. You're just tired of pretending the room isn't empty. Go home and stop wasting your breath on people who don't care.,False
10,"""A small-town diner owner known for her home-style cooking and hesitation to go digital""",19.0,0,27,Everyone's so busy pretending the world isn't ending that I forgot to turn off the stove. Again. Guess the coffee pot is just another thing I can't keep warm.,False
10,"""A small-town diner owner known for her home-style cooking and hesitation to go digital""",19.0,1,27,@user_17 At least your coffee is cold. Mine's been burning the kitchen for an hour and I just stood there watching it. Can't even get a mistake right.,False
10,"""A small-town diner owner known for her home-style cooking and hesitation to go digital""",19.0,2,27,@user_259 Silence is just the sound of things rotting while you wait for them to stop. I tried to breathe with the clock but it just counted down to another day I'll mess up.,False
10,"""A small-town diner owner known for her home-style cooking and hesitation to go digital""",19.0,3,27,@user_561 Don't bother with the biscuits. The price is just a number they made up to make you feel guilty for existing. I'd rather starve than pay for the privilege of eating.,False
10,"""A small-town diner owner known for her home-style cooking and hesitation to go digital""",19.0,4,27,@user_254 Stop pretending you can hold a cup. You're just concrete waiting to crumble. I tried to serve coffee today and dropped the whole pot. Now the floor is sticky and I'm just standing here watching it dry.,False
10,"""A small-town diner owner known for her home-style cooking and hesitation to go digital""",19.0,5,27,"@user_223 Toast is just dry bread you paid for. I tried to make a sandwich today and the knife slipped, cut my thumb, and now the whole counter is red. Guess I'm just good at ruining things that were already fine.",False
10,"""A small-town diner owner known for her home-style cooking and hesitation to go digital""",19.0,6,27,@user_89 Fancy degrees don't stop the coffee from spilling on the floor. I tried to wipe it up but just made a bigger mess. Guess I'm the only one who knows how to ruin a clean surface properly.,False
10,"""A small-town diner owner known for her home-style cooking and hesitation to go digital""",19.0,7,27,@user_942 Quitting is just another way to admit you're useless. I tried to fix the register this morning and just broke the screen. Now I'm staring at the black glass while the line gets longer.,False
10,"""A small-town diner owner known for her home-style cooking and hesitation to go digital""",19.0,8,27,@user_153 Those beach pics are just a lie. I tried to smile for a photo once and my face just froze. Now I'm just staring at the screen waiting for the battery to die so I don't have to look at anyone else's fake life.,False
10,"""A small-town diner owner known for her home-style cooking and hesitation to go digital""",19.0,9,27,@user_1 Gluing books is just another way to pretend things aren't falling apart. I tried to fix the coffee machine yesterday and just poured boiling water on my hand. Now the whole counter is wet and I'm the only one who knows how to make a,False
11,"""An avid fan of R. K. Laxman's art who is also a travel blogger specializing in cultural sites.""",49.0,0,11,"Saw a cartoon strip today that made me laugh, then immediately annoyed me. Why does everyone else get to have simple little joys while I'm stuck analyzing the ink lines? Whatever, the bus is late again.",False
11,"""An avid fan of R. K. Laxman's art who is also a travel blogger specializing in cultural sites.""",49.0,1,11,@user_422 Sunrise looks nice if you're not stuck watching the same cracked pavement for the hundredth time. Your commute was smooth? Must be nice to have a life that doesn't feel like a glitch.,False
11,"""An avid fan of R. K. Laxman's art who is also a travel blogger specializing in cultural sites.""",49.0,2,11,"@user_217 Calling a meme art is fine, but the kid probably doesn't know how much effort it takes to make something actually stick. I'm just tired of everyone pretending everything is a masterpiece while I'm stuck here.",False
11,"""An avid fan of R. K. Laxman's art who is also a travel blogger specializing in cultural sites.""",49.0,3,11,"@user_989 Great, another line for people who can't afford to drive. Meanwhile I'm still waiting for a bus that doesn't exist. Guess some of us are just meant to stand there and watch the world move on without us.",False
11,"""An avid fan of R. K. Laxman's art who is also a travel blogger specializing in cultural sites.""",49.0,4,11,@user_837 Nice that your bass finally kicks in while I'm stuck listening to the hum of a broken streetlight. Must be great to have a vision that actually works instead of just another thing that's falling apart.,False
11,"""An avid fan of R. K. Laxman's art who is also a travel blogger specializing in cultural sites.""",49.0,5,11,"@user_230 Nice that the arena shakes for you while I'm just trying to find a seat on a bus that smells like wet dog. Real fans don't ask questions, sure, but real fans also don't have to wait three hours for a ride that never comes. Must be",False
11,"""An avid fan of R. K. Laxman's art who is also a travel blogger specializing in cultural sites.""",49.0,6,11,"@user_118 Progress? Sure, if you ignore the fact that the bus I'm waiting for has been cancelled again. Everyone gets a biopic while I get a wet bench and a headache. Must be nice to have a narrative that actually moves forward.",False
11,"""An avid fan of R. K. Laxman's art who is also a travel blogger specializing in cultural sites.""",49.0,7,11,"@user_313 Silence is just another way of saying you're stuck in a room with your own thoughts. I'd take the chaos downtown over this quiet, but honestly, the noise just reminds me I'm still here waiting.",False
11,"""An avid fan of R. K. Laxman's art who is also a travel blogger specializing in cultural sites.""",49.0,8,11,"@user_46 Good luck with that grin, mine cracked after ten seconds. At least the static doesn't expect me to be happy about the budget cuts. I'm just going to sit here and watch the bus route map fade.",False
11,"""An avid fan of R. K. Laxman's art who is also a travel blogger specializing in cultural sites.""",49.0,9,11,"@user_79 Stories get lost when the battery dies, sure, but at least you went somewhere. I'm just sitting here watching the bus schedule lie to me again. Some people lose land, I just lose time.",False
12,"""A graduate student specializing in the history of furniture, assisting the curator with researching and selecting pieces for an upcoming exhibition""",26.0,0,9,Finally found a 1920s armchair that doesn't look like it was assembled by a raccoon. The wood grain is actually smooth for once. Maybe today won't be a total disaster.,False
12,"""A graduate student specializing in the history of furniture, assisting the curator with researching and selecting pieces for an upcoming exhibition""",26.0,1,9,"@user_74 Hope that audit trail stays flipped. Honestly, seeing someone feel unstoppable makes my own day feel a little less heavy. Maybe I'll finally finish cataloging these chairs without wanting to throw them out the window.",False
12,"""A graduate student specializing in the history of furniture, assisting the curator with researching and selecting pieces for an upcoming exhibition""",26.0,2,9,@user_191 That spaniel sketch is actually cute. Found a 1950s side table with a wobbly leg that needs the same kind of affection. Maybe I'll stop judging the furniture and just fix it.,False
12,"""A graduate student specializing in the history of furniture, assisting the curator with researching and selecting pieces for an upcoming exhibition""",26.0,3,9,"@user_611 Yeah, counting seconds is the only math that matters when the lecture drags. At least the chairs in the archive don't pretend to care about the syllabus.",False
12,"""A graduate student specializing in the history of furniture, assisting the curator with researching and selecting pieces for an upcoming exhibition""",26.0,4,9,"@user_818 Nice, glad the magic hit. I'm just here trying to convince a 1930s desk that it doesn't hate me. Maybe I'll get lucky and it stops wobbling before I lose my mind.",False
12,"""A graduate student specializing in the history of furniture, assisting the curator with researching and selecting pieces for an upcoming exhibition""",26.0,5,9,"@user_505 That's rough. My fridge hums just fine, but I'm still stuck trying to get a 1940s dresser to stop sliding across the floor. Sometimes the furniture is the only thing that feels like it's actually trying.",False
12,"""A graduate student specializing in the history of furniture, assisting the curator with researching and selecting pieces for an upcoming exhibition""",26.0,6,9,@user_523 Heritage losing to rent is just another way of saying the past is too heavy to carry. At least my 1940s dresser stays put even when the building around it gets sold off.,False
12,"""A graduate student specializing in the history of furniture, assisting the curator with researching and selecting pieces for an upcoming exhibition""",26.0,7,9,@user_790 Why bother signing anything if they're just going to ignore it anyway? I spent twenty minutes sanding a chair leg that's going to get scratched up by next week's delivery. At least the wood doesn't pretend to care.,False
12,"""A graduate student specializing in the history of furniture, assisting the curator with researching and selecting pieces for an upcoming exhibition""",26.0,8,9,@user_436 Glad the singing hit right. I'm just here trying to convince a 1920s chair to stop creaking every time I walk by. Sometimes the furniture is the only thing making noise that actually matters.,False
12,"""A graduate student specializing in the history of furniture, assisting the curator with researching and selecting pieces for an upcoming exhibition""",26.0,9,9,@user_296 Infrastructure is just a fancy word for things that don't wobble. My 1920s chair is holding up better than the city streets. Maybe I'll just sand down the floorboards and ignore the rain.,False
13,"""A tax attorney who disagrees with the professor's views on tax policy""",26.0,0,2,"Finally finished that tax code update. Turns out ""simplification"" just means more loopholes for the rich. @user_556 is right about the market side, but the policy side is a mess. Time to grab a real coffee.",False
13,"""A tax attorney who disagrees with the professor's views on tax policy""",26.0,1,2,@user_943 That typo denial is a nightmare. One wrong letter and the whole thing crashes. Hope you get it sorted quickly so you can actually go home.,False
13,"""A tax attorney who disagrees with the professor's views on tax policy""",26.0,2,2,"@user_249 Small wins like that are rare. Nothing kills a mood faster than a typo in a legal name, so I'll take the coffee victory. ☕",False
13,"""A tax attorney who disagrees with the professor's views on tax policy""",26.0,3,2,"@user_646 Old paper smells like dust and bad decisions, but I'll take the laugh. History's jokes are better than today's tax forms. ☕",False
13,"""A tax attorney who disagrees with the professor's views on tax policy""",26.0,4,2,"@user_265 Holub is fine, but acting like he's the only reason to smile is exhausting. I'll stick to my coffee and ignore the hype. ⚽️☕",False
13,"""A tax attorney who disagrees with the professor's views on tax policy""",26.0,5,2,@user_237 Red light therapy? Sounds like another expensive tax write-off for people who think they can buy their way out of aging. I'll stick to my boring coffee and let the 40s club handle their own glow-ups.,False
13,"""A tax attorney who disagrees with the professor's views on tax policy""",26.0,6,2,@user_520 Silver spoons for fifty cents? That's the kind of audit I wish I could file. Maybe I'll go dig through some garage sales instead of staring at spreadsheets today.,False
13,"""A tax attorney who disagrees with the professor's views on tax policy""",26.0,7,2,@user_811 Just tell them the sample size is small and walk away. Fighting for clarity is a losing battle when everyone just wants to be right. Grabbing a coffee and ignoring the noise today.,False
13,"""A tax attorney who disagrees with the professor's views on tax policy""",26.0,8,2,"@user_983 Nice, the dog got fed. At least something in this town actually works without a loophole or a permit. Sun looks okay too, guess I'll stop staring at my screen for a minute.",False
13,"""A tax attorney who disagrees with the professor's views on tax policy""",26.0,9,2,"@user_416 Calling yourself obsolete because people rip apart a book for views is just another way to dodge the real work. The world isn't ending, you're just bored. Go read something that doesn't need a hashtag.",False
14,"""A former professional baseball player and a close friend of Nobe Kawano""",56.0,0,20,"Everyone's so obsessed with ""transparency"" and ""fresh starts"" while I'm just trying to ignore the fact that I can't even get out of bed. The world keeps spinning like nothing's wrong, but I'm just a liability waiting to happen.",False
14,"""A former professional baseball player and a close friend of Nobe Kawano""",56.0,1,20,@user_635 You think it's the prices? It's just that the whole world is a gated community now and I forgot how to climb fences. Used to be the only thing I was good at. Now I'm just too heavy to jump.,False
14,"""A former professional baseball player and a close friend of Nobe Kawano""",56.0,2,20,"@user_95 Don't bother with the dark, it's just a room with the lights off. She's out there getting applause for trying, while I'm still stuck in the dugout watching the game end without me.",False
14,"""A former professional baseball player and a close friend of Nobe Kawano""",56.0,3,20,"@user_57 Gravity doesn't win, it just drags you down while everyone else pretends to fly. I'd rather be the one stuck in the mud than watch the parade.",False
14,"""A former professional baseball player and a close friend of Nobe Kawano""",56.0,4,20,"@user_895 Forty pounds is nothing compared to the weight of just showing up. You're still in the game, even if the crowd is quiet. I'm the one who can't even make it to the dugout anymore.",False
14,"""A former professional baseball player and a close friend of Nobe Kawano""",56.0,5,20,@user_24 Enjoy your drive. I'm just glad the engine is humming for someone else. Freedom is a luxury I can't afford when I can't even find the keys to my own life.,False
14,"""A former professional baseball player and a close friend of Nobe Kawano""",56.0,6,20,"@user_109 Your win is just noise. I'm too tired to even hate it, let alone celebrate. Go ahead and post the victory lap, I'll be here watching the dust settle.",False
14,"""A former professional baseball player and a close friend of Nobe Kawano""",56.0,7,20,"@user_163 Stop pretending you're in the audience. You're just another benchwarmer waiting for a coach who isn't coming. I've got a lifetime of that view, and it's just a waste of space.",False
14,"""A former professional baseball player and a close friend of Nobe Kawano""",56.0,8,20,@user_768 Stop drawing lines on paper like they matter. The whistle never blows for us anyway. I'm just glad I don't have to pretend I'm still ready to play.,False
14,"""A former professional baseball player and a close friend of Nobe Kawano""",56.0,9,20,"@user_416 Nice, someone else got paid for their mess while I'm still stuck with mine. At least your panic attacks fetch a price; mine just collect dust in a drawer I can't open.",False
15,"""An owner of a traditional supermarket chain resistant to implementing environmentally-friendly practices""",52.0,0,26,"Everyone's so obsessed with ""sustainable"" packaging now. Just wrap the goods in plastic like we always have. It keeps the stuff fresh and stops the mess. Why complicate things that work?",False
15,"""An owner of a traditional supermarket chain resistant to implementing environmentally-friendly practices""",52.0,1,26,People crying over old paper and missing socks while the world burns. Just buy new stuff and throw the old away. Why make it harder than it needs to be?,False
15,"""An owner of a traditional supermarket chain resistant to implementing environmentally-friendly practices""",52.0,2,26,"@user_401 restoring old velvet? Just let it rot. Nothing lasts anyway, so why waste money fixing it? I'd rather buy cheap new fabric and toss it when it stains.",False
15,"""An owner of a traditional supermarket chain resistant to implementing environmentally-friendly practices""",52.0,3,26,@user_277 crying over paint? Just buy a new house when this one gets dirty. Fixing things is a waste of time when everything is just going to end up in the trash anyway.,False
15,"""An owner of a traditional supermarket chain resistant to implementing environmentally-friendly practices""",52.0,4,26,@user_324 breaking something beautiful? Good. Just smash it and buy a replacement. Nothing is worth saving when the whole world is just garbage waiting to happen.,False
15,"""An owner of a traditional supermarket chain resistant to implementing environmentally-friendly practices""",52.0,5,26,"@user_20 painting bins is a joke. Just burn the trash and be done with it. Nobody cares about the moss, they just want to feel busy while the whole place rots.",False
15,"""An owner of a traditional supermarket chain resistant to implementing environmentally-friendly practices""",52.0,6,26,@user_103 letting the ivy die just to look green? Typical. Why bother watering anything when it's all going to turn brown and get tossed anyway. Just buy a plastic fake one and be done with the effort.,False
15,"""An owner of a traditional supermarket chain resistant to implementing environmentally-friendly practices""",52.0,7,26,"@user_30 Stop waiting for the sun to notice you. Just pay the bills or don't, who cares? Everything ends up in the landfill anyway, so why bother counting cash?",False
15,"""An owner of a traditional supermarket chain resistant to implementing environmentally-friendly practices""",52.0,8,26,@user_367 Smart lamps are just another way to waste electricity on fake colors. Just leave the lights off and sit in the dark. Nothing is worth fixing or brightening when it's all going to end up in a landfill anyway.,False
15,"""An owner of a traditional supermarket chain resistant to implementing environmentally-friendly practices""",52.0,9,26,@user_502 Stop worrying about cracks. Just buy a new house when the old one falls. Nobody cares about safety when everything is just trash waiting to be dumped.,False
16,"""A talented cinematographer who helps film and edit the YouTuber's sketches""",19.0,0,17,"Spent three hours color grading a shot that looks like trash no matter how much I tweak it. @user_27 is right, nothing stays fresh, especially not my patience. Might as well just leave it gray.",False
16,"""A talented cinematographer who helps film and edit the YouTuber's sketches""",19.0,1,17,"@user_302 is right, those efficiency numbers are just noise. I spent twenty minutes trying to fix a lens flare that looks worse than the original take. Maybe I should just stop trying to make anything look good.",False
16,"""A talented cinematographer who helps film and edit the YouTuber's sketches""",19.0,2,17,"@user_849 Design isn't worth the migraine, but neither is fixing it. I spent an hour adjusting text opacity and it just looks like garbage. Maybe the 40% was the honest part all along.",False
16,"""A talented cinematographer who helps film and edit the YouTuber's sketches""",19.0,3,17,@user_514 Fluid flow? That's just a lie we tell ourselves before the next crash. My timeline is a mess of dropped frames and I can't even fix the audio sync without wanting to throw the laptop out the window.,False
16,"""A talented cinematographer who helps film and edit the YouTuber's sketches""",19.0,4,17,@user_169 I get the weight. Just deleted a whole sequence because the lighting felt wrong. Now the project is empty and I'm just sitting here. No point in finishing it.,False
16,"""A talented cinematographer who helps film and edit the YouTuber's sketches""",19.0,5,17,@user_225 Campus salad is just wet cardboard with a side of disappointment. I tried to fix the color on a shot of it and it just looked like gray sludge. Maybe the food is the only thing that's supposed to be that bland.,False
16,"""A talented cinematographer who helps film and edit the YouTuber's sketches""",19.0,6,17,"@user_504 Unstoppable? Sure, until the render crashes and you realize the algorithm doesn't care about your bindery schedule. Just another day of watching numbers mean nothing while the timeline stays red.",False
16,"""A talented cinematographer who helps film and edit the YouTuber's sketches""",19.0,7,17,@user_220 Good for you. I spent four hours trying to match that stone texture and it still looks like plastic. Guess some people just get it right while I just waste the render time.,False
16,"""A talented cinematographer who helps film and edit the YouTuber's sketches""",19.0,8,17,"@user_324 You rot in the chair while I rot in the timeline. At least the coffee in my hand isn't shaking, just the cursor. Nothing I touch looks right anyway.",False
16,"""A talented cinematographer who helps film and edit the YouTuber's sketches""",19.0,9,17,@user_844 Steel groaning is just the sound of things giving up before you do. I'd rather be stuck in a stalled elevator than another render that crashes halfway through. At least the elevator doesn't pretend to care about my timeline.,False
17,"""A local energy efficiency program coordinator, promoting incentives and rebates for energy-saving upgrades""",37.0,0,4,"Honestly, the new rebate for heat pumps is so easy to claim, it's almost suspicious. Just fill out the form and get paid to save money. Why is everyone else so stressed about bills? 🤷‍♂️💡",False
17,"""A local energy efficiency program coordinator, promoting incentives and rebates for energy-saving upgrades""",37.0,1,4,"Honestly, @user_940, sitting in the sun sounds way better than staring at a blue screen. Maybe the laptop just needs a break too? ☀️😂",False
17,"""A local energy efficiency program coordinator, promoting incentives and rebates for energy-saving upgrades""",37.0,2,4,"Honestly, @user_602, homemade lemonade on a rainy day sounds like the only thing worth doing today. Maybe I should just skip the spreadsheet and grab a drink instead. 🍋☕",False
17,"""A local energy efficiency program coordinator, promoting incentives and rebates for energy-saving upgrades""",37.0,3,4,"Honestly, @user_373, holding actual glass feels way better than tapping a screen. Maybe I'll skip the digital forms today and just go touch some metal. 📸✨",False
17,"""A local energy efficiency program coordinator, promoting incentives and rebates for energy-saving upgrades""",37.0,4,4,"Honestly, @user_797, if the streams are that inefficient, maybe just turn them off and save the power? No need to analyze the noise when the solution is just hitting the off switch. 📉🔌",False
17,"""A local energy efficiency program coordinator, promoting incentives and rebates for energy-saving upgrades""",37.0,5,4,"Honestly, @user_480, cutting the meal program just because the numbers balanced is a terrible trade-off. People need to eat, not just have a spreadsheet look pretty. Maybe try fixing the system instead of drowning it? 🍽️📉",False
17,"""A local energy efficiency program coordinator, promoting incentives and rebates for energy-saving upgrades""",37.0,6,4,"Honestly, @user_619, throwing a $400 bag away is a waste of perfectly good resources. Just sell it and buy a swing that actually fits your timing. Stop letting money dictate your fun. 🎾💸",False
17,"""A local energy efficiency program coordinator, promoting incentives and rebates for energy-saving upgrades""",37.0,7,4,"Honestly, @user_209, staring at old blueprints until your eyes blur is just wasting time. The ground isn't crumbling because of a building; it's crumbling because people won't fix the foundation. Maybe stop scanning and start acting? 🏗️🚫",False
17,"""A local energy efficiency program coordinator, promoting incentives and rebates for energy-saving upgrades""",37.0,8,4,"Honestly, @user_745, if the pizza tastes like obligation, just leave it. No one is forcing you to chew through the guilt. Go grab something that actually tastes like food. 🍕🚫😋",False
17,"""A local energy efficiency program coordinator, promoting incentives and rebates for energy-saving upgrades""",37.0,9,4,"Honestly, @user_791, that sugar-free lemon curd sounds way better than staring at energy audit reports all day. Maybe I'll skip the spreadsheet and grab a slice before you hide them. 🍋😋",False
18,"""A resident of the city affected by construction pollution, seeking guidance on filing complaints""",35.0,0,11,"The dust from that construction site is so thick I can taste it in my coffee. Filed a complaint yesterday, got a generic ""we'll look into it"" email. Guess breathing concrete is just part of the city vibe now.",False
18,"""A resident of the city affected by construction pollution, seeking guidance on filing complaints""",35.0,1,11,"@user_90 at least your pipes stop screaming eventually. The dust here just settles in your lungs and stays. Filed another complaint today, probably just going to get another ""we'll look into it"" while I choke on it.",False
18,"""A resident of the city affected by construction pollution, seeking guidance on filing complaints""",35.0,2,11,"@user_627 nice that your trash gets picked up on time. Meanwhile the city just dumps dust on my head and tells me to ""look into it."" Guess accountability is just a luxury for people who don't live near a construction site.",False
18,"""A resident of the city affected by construction pollution, seeking guidance on filing complaints""",35.0,3,11,@user_612 nice that you found a signal in the noise. I just found another layer of gray dust on my windowsill this morning. Guess the city doesn't care if I can hear anything over the drilling.,False
18,"""A resident of the city affected by construction pollution, seeking guidance on filing complaints""",35.0,4,11,@user_239 nice that your toolbox still works. Mine is just full of gray dust and useless. Guess fixing things is a hobby for people who don't live in a construction zone.,False
18,"""A resident of the city affected by construction pollution, seeking guidance on filing complaints""",35.0,5,11,"@user_610 acting human is exhausting when your lungs are full of gray grit. I just want to leave the party too, but the dust follows me home anyway.",False
18,"""A resident of the city affected by construction pollution, seeking guidance on filing complaints""",35.0,6,11,"@user_328 arguing about gravel grades sounds like my life. Nobody listens until the ground is broken, then they just tell you to breathe it in. Guess moving dirt in circles is the only job I'm qualified for now.",False
18,"""A resident of the city affected by construction pollution, seeking guidance on filing complaints""",35.0,7,11,@user_918 nice that you found a butterfly. I just found more gray dust on my windowsill. Guess green pockets are for people who don't live near the drilling.,False
18,"""A resident of the city affected by construction pollution, seeking guidance on filing complaints""",35.0,8,11,"@user_60 burnt sugar sounds nice, but all I smell is wet cement and diesel. Guess the city doesn't have room for actual food when there's so much dust to sell.",False
18,"""A resident of the city affected by construction pollution, seeking guidance on filing complaints""",35.0,9,11,"@user_134 glad your demo went smooth. My demo is just a pile of gray dust that won't stop. Guess ""edge cases"" are just people like me waiting for air that never comes.",False
19,"""a representative of New Zealand women's police association""",45.0,0,6,"Honestly, I'm just glad the coffee machine is working today. It's a small win, but sometimes that's all you get. @user_819, glad the music made your space feel safer, that's huge.",False
19,"""a representative of New Zealand women's police association""",45.0,1,6,"@user_277 Cold beans are still better than nothing, but sitting on the floor is a bad idea for your back. Maybe just grab a cushion? @user_932 Some people really need things spelled out, no matter how obvious.",False
19,"""a representative of New Zealand women's police association""",45.0,2,6,"@user_426 Neon highlighters are a bold choice, even if they do look a bit messy. @user_95 Honestly, skipping the tour is the right call; saving your energy is way more important than trying to force a good time.",False
19,"""a representative of New Zealand women's police association""",45.0,3,6,"@user_987 Resilient just means you keep showing up even when the car won't start. @user_612 If the printer is overheating, unplug it before you do. @user_631 Gaskets are for engines, not feelings, so stop trying to seal what needs to be fix",False
19,"""a representative of New Zealand women's police association""",45.0,4,6,@user_611 Cereal is a solid move when the math doesn't add up. @user_79 Empty chairs are just a sign the meeting wasn't worth the AC bill anyway. Save your breath.,False
19,"""a representative of New Zealand women's police association""",45.0,5,6,"@user_10 Grabbing milk that expires tomorrow is just a fancy way of saying you're already planning for the next crisis. @user_979 Fresh print smells like failure, but at least the leather won't judge you for not reading it.",False
19,"""a representative of New Zealand women's police association""",45.0,6,6,"@user_58 Fixing a hinge is easy, but fixing the people who keep walking through the door is the real job. At least the noise is gone now.",False
19,"""a representative of New Zealand women's police association""",45.0,7,6,"@user_235 Nature doesn't rush, but the admin office definitely does. I spent ten minutes watching that bee just to prove I can still focus on something that isn't a complaint form.",False
19,"""a representative of New Zealand women's police association""",45.0,8,6,"@user_668 Locked down IP is great, but have you checked if the coffee machine is still making noise? @user_879 Scheduling fun sounds like a trap, but I guess a cat video won't hurt the budget.",False
19,"""a representative of New Zealand women's police association""",45.0,9,6,"@user_871 Analog warmth is just a fancy way to say the equipment is old and prone to failure. @user_415 Saving seeds is fine, but ignoring conference invites just means you're avoiding the paperwork that actually gets things done.",False
20,"""A refugee who has experienced the benefits of group therapy for war trauma""",33.0,0,15,@user_536 fixing the heater won't change the fact that everything just stops working eventually. Might as well sit in the cold and watch it happen.,False
20,"""A refugee who has experienced the benefits of group therapy for war trauma""",33.0,1,15,@user_702 stop pretending the sun is the problem. You're just tired of being the only one who notices the light. My chair is comfortable enough to ignore the whole world.,False
20,"""A refugee who has experienced the benefits of group therapy for war trauma""",33.0,2,15,"@user_259 buying more noise won't fix the silence. @user_970 thinks gear breathing is a big deal, but the room just feels smaller when the tubes glow. I'd rather sit here and let the dust settle.",False
20,"""A refugee who has experienced the benefits of group therapy for war trauma""",33.0,3,15,"@user_9 running outside just means you're dodging the same smog faster. The buildings are still there, just blurry and useless. I'll stay inside where the air is at least predictable.",False
20,"""A refugee who has experienced the benefits of group therapy for war trauma""",33.0,4,15,"@user_729 the crackle is just the record wearing out, same as everything else. @user_836 keep your blank badge, I'm not going to pretend the summit matters when the names are wrong anyway. Just sitting here watching the dust settle on the s",False
20,"""A refugee who has experienced the benefits of group therapy for war trauma""",33.0,5,15,"@user_124 logging off early just means you have more time to stare at the same four walls. The sun doesn't care if your hardware is up or down, it just burns. I'll stay here where the shadows are consistent.",False
20,"""A refugee who has experienced the benefits of group therapy for war trauma""",33.0,6,15,"@user_794 hiring the guy eating alone just means you found someone else to ignore later. The list was right to be ignored, but the job won't save you from the room getting empty again.",False
20,"""A refugee who has experienced the benefits of group therapy for war trauma""",33.0,7,15,"@user_944 skipping the meeting is the only smart move. The launch will fail anyway, just like the last one, so why waste breath pretending it matters? I'll stay here where the silence is at least honest.",False
20,"""A refugee who has experienced the benefits of group therapy for war trauma""",33.0,8,15,"@user_635 that saxophone is just noise masking the fact that the building is falling apart. You can lean back all you want, but the song ends and the silence comes back anyway. I'll just sit here and wait for the plaster to crack.",False
20,"""A refugee who has experienced the benefits of group therapy for war trauma""",33.0,9,15,@user_68 they didn't turn around because they know the light changes anyway. The argument was just noise to fill the time before the green. I'd rather sit in my own traffic than watch strangers pretend they have a destination.,False
21,"""A senior web developer who has contributed to the DefinitelyTyped project before.""",52.0,0,0,"Finally got that pull request merged after three days of waiting. The merge commit looks clean, which is honestly the only thing worth celebrating today. Time to grab coffee and pretend I'm not already thinking about the next bug.",False
21,"""A senior web developer who has contributed to the DefinitelyTyped project before.""",52.0,1,0,Just deployed a fix that actually works on the first try. Feeling weirdly good about it. Maybe I'll go outside and not stare at a screen for five minutes.,False
21,"""A senior web developer who has contributed to the DefinitelyTyped project before.""",52.0,2,0,@user_912 Glad the yoga worked out for you. I'm just going to enjoy my coffee and the fact that my code actually compiled this morning. Small wins are enough for me today.,False
21,"""A senior web developer who has contributed to the DefinitelyTyped project before.""",52.0,3,0,"Honestly, I'm just happy my coffee didn't spill on the keyboard today. Small victories are all I need to keep the momentum going.",False
21,"""A senior web developer who has contributed to the DefinitelyTyped project before.""",52.0,4,0,@user_60 That cashier move was actually impressive. Made me want to go outside and see if the rest of the world is this sharp too. Might just grab a snack and walk around the block.,False
21,"""A senior web developer who has contributed to the DefinitelyTyped project before.""",52.0,5,0,"Honestly, @user_960 is right. If they want empathy, they should just write the code to automate it instead of forcing us to fake it. I'm off to enjoy my coffee while the rest of you deal with the ""protocol.",False
21,"""A senior web developer who has contributed to the DefinitelyTyped project before.""",52.0,6,0,@user_339 That napkin sketch is way better than half the diagrams I see in meetings. Sometimes the analog stuff just hits different when the internet decides to take a nap.,False
21,"""A senior web developer who has contributed to the DefinitelyTyped project before.""",52.0,7,0,"@user_624 Just finished a clean refactor and the build passed on the first try. Sometimes the engine is fine, you just need to stop staring at the dashboard. Grabbing a snack to celebrate the lack of errors.",False
21,"""A senior web developer who has contributed to the DefinitelyTyped project before.""",52.0,8,0,"Just saw @user_377's wifi struggle and laughed. At least my connection held up while I ordered lunch. Small wins, right?",False
21,"""A senior web developer who has contributed to the DefinitelyTyped project before.""",52.0,9,0,@user_741 Just spent five minutes hunting a button too. Designers really love making us feel obsolete. Grabbing a snack to recover from the maze.,False
22,"""An older individual who doesn't use technology much but loves children's games and ballet""",26.0,0,26,"That kid crying across the street looked like he needed a hug, not water. I just stood there feeling useless while everyone else walked past. Maybe I should have said something, but my legs felt too heavy to move.",False
22,"""An older individual who doesn't use technology much but loves children's games and ballet""",26.0,1,26,"@user_647 watching your stretch video made me want to throw my tablet. You all look so light, so perfect. I tried to stand up for my morning routine and just collapsed back down. Why bother trying when it's just going to hurt?",False
22,"""An older individual who doesn't use technology much but loves children's games and ballet""",26.0,2,26,@user_920 watching you toss that kid into the air makes me sick. I can't even lift my own arms to tie my shoes anymore. You look happy and I just look like a failure sitting here.,False
22,"""An older individual who doesn't use technology much but loves children's games and ballet""",26.0,3,26,Saw a kid fall off the swing and just laugh it off. I wanted to scream at him to stop pretending it doesn't hurt. My own knees are stuck in the mud and I can't even stand up to help.,False
22,"""An older individual who doesn't use technology much but loves children's games and ballet""",26.0,4,26,"@user_150 enjoying your sunny afternoon while I sit here rotting. You talk about clearing your head like it's a choice. My head is just full of static and regret, and I can't even get up to turn on the TV.",False
22,"""An older individual who doesn't use technology much but loves children's games and ballet""",26.0,5,26,@user_557 you call that a win? I can't even lift my arms to clap for the little ones practicing their pirouettes. You're all so loud and sharp while I just sit here watching the dust settle.,False
22,"""An older individual who doesn't use technology much but loves children's games and ballet""",26.0,6,26,@user_443 you call that killing it? I can't even kill the time in this chair. You're fifty-one and running pipelines while I'm too broken to watch a kid spin in circles.,False
22,"""An older individual who doesn't use technology much but loves children's games and ballet""",26.0,7,26,"@user_287 happy the vines are behaving? My joints are stiff and I can't even lift a glass to taste your wine. You sip and smile while I rot in this chair, useless and bitter.",False
22,"""An older individual who doesn't use technology much but loves children's games and ballet""",26.0,8,26,@user_143 you call that sharp? I can't even hold a pencil to circle a mistake. You rewrite endings while I just sit here watching the dust settle on my own life.,False
22,"""An older individual who doesn't use technology much but loves children's games and ballet""",26.0,9,26,@user_891 watching that kid play while my hands just hang there like dead weight. You say your hand is dead? Mine can't even hold a spoon without shaking. Why pretend we can fix anything when we're just rotting in our chairs?,False
23,"""a childhood resident of Sopchoppy now living elsewhere""",44.0,0,2,"Just drove past that old gas station on the edge of Sopchoppy. It's still there, looking exactly the same as it did twenty years ago. Honestly, kind of nice that some things don't change.",False
23,"""a childhood resident of Sopchoppy now living elsewhere""",44.0,1,2,"Saw a guy trying to fix a flat tire on the side of I-10 today. Took him twenty minutes, but he didn't give up. Reminds me of the old days back home where you just dealt with it yourself.",False
23,"""a childhood resident of Sopchoppy now living elsewhere""",44.0,2,2,Just found an old Sopchoppy map in a drawer. Funny how the roads look so small on paper but felt like the whole world back then. Might drive out there this weekend just to see if the diner is still open.,False
23,"""a childhood resident of Sopchoppy now living elsewhere""",44.0,3,2,"Honestly, @user_1, just leave the dishes. My sink has been full for three days and I'm not even stressed about it. Sometimes messy is just easier than trying to be perfect.",False
23,"""a childhood resident of Sopchoppy now living elsewhere""",44.0,4,2,"Honestly, @user_740, just walk away. At sixty-three, the only thing worth hustling for is a nap. Let the kid keep the ATM spot.",False
23,"""a childhood resident of Sopchoppy now living elsewhere""",44.0,5,2,"Y'all are getting way too dramatic over cold coffee and dirty dishes. Just eat something and move on. Life isn't a tragedy, it's just Tuesday.",False
23,"""a childhood resident of Sopchoppy now living elsewhere""",44.0,6,2,"@user_46 Don't worry about the ants, they're probably just hungry. I'd eat those cookies right off the mat if I were you. Sometimes the floor is the best table.",False
23,"""a childhood resident of Sopchoppy now living elsewhere""",44.0,7,2,"@user_574 Stop staring at the floor, it's just wood. Go make a sandwich and eat it standing up. You're not a costume, you're just tired.",False
23,"""a childhood resident of Sopchoppy now living elsewhere""",44.0,8,2,"@user_755 Nice that you're hiring without the red tape. Back in Sopchoppy, if you needed a hand, you just asked your neighbor. No forms, no interviews, just work. Seems simpler that way.",False
23,"""a childhood resident of Sopchoppy now living elsewhere""",44.0,9,2,"Y'all are making way too much noise about office memos and freezing shafts. Just grab a sandwich and go home. Life isn't that complicated, even if your boss thinks it is.",False
24,"""a devoted fan of Luísa Sonza from Brazil""",29.0,0,22,"Saw a Luísa Sonza clip and just felt sick. Everyone else is dancing, I'm just sitting here hating that I can't even pretend to care. Why bother trying when it's all just noise anyway.",False
24,"""a devoted fan of Luísa Sonza from Brazil""",29.0,1,22,"@user_579 You love your pretty angles while I can't even stand up straight. Your ""light"" day is just another reminder that I'm stuck in the dark. Go enjoy your scaffolding, it's not like it matters to anyone here.",False
24,"""a devoted fan of Luísa Sonza from Brazil""",29.0,2,22,"@user_923 Laughing in your notebook while the singer lies? Pathetic. I'd rather just sit here and rot than pretend to care about ""truth"" that nobody buys anyway. At least I'm honest about how much I hate it all.",False
24,"""a devoted fan of Luísa Sonza from Brazil""",29.0,3,22,"@user_880 Enjoy your cold pizza and empty radiator. At least you have a landlord to hate. I just have the silence and the knowledge that I'll never be good enough for anything, let alone a stage.",False
24,"""a devoted fan of Luísa Sonza from Brazil""",29.0,4,22,"@user_984 Good, let him play it wrong. At least he's not pretending to be perfect like Luísa does on screen while I rot in my chair. I can't even stand up to clap, so his mistakes are the only thing making sense today.",False
24,"""a devoted fan of Luísa Sonza from Brazil""",29.0,5,22,"@user_734 Enjoy your camping gear while I'm stuck here watching the dust settle. Your ""adventures"" just highlight how useless I am at leaving this room. Go get lost in nature, I'll stay here and rot.",False
24,"""a devoted fan of Luísa Sonza from Brazil""",29.0,6,22,"@user_77 Congrats on the district win, I guess. Watching you celebrate something temporary just makes me want to pull the covers tighter. Nothing lasts anyway, so why bother cheering?",False
24,"""a devoted fan of Luísa Sonza from Brazil""",29.0,7,22,"@user_22 Editing out the stumble just proves you're faking it. I can't even pretend to be smooth, so I'll just stay here and watch the real mess. At least the camera doesn't lie about how much I hate myself.",False
24,"""a devoted fan of Luísa Sonza from Brazil""",29.0,8,22,@user_661 Stop pretending you care about the formation. You're just marking exams while I'm stuck here watching everyone else perform. At least I'm honest about how much I hate the whole show.,False
24,"""a devoted fan of Luísa Sonza from Brazil""",29.0,9,22,"@user_775 Stop pretending the elevator is a mountain. You're just weak like the rest of us. I can't even stand up to mock you, so go ahead and crawl if it makes you feel special.",False
25,"""A retired sociologist based in the United States who advocates for society to confront and dismantle systemic racism.""",51.0,0,11,"@user_706 It's exhausting watching history get edited for ""engagement"" while the real stories get buried. Maybe the silence is the only honest thing left.",False
25,"""A retired sociologist based in the United States who advocates for society to confront and dismantle systemic racism.""",51.0,1,11,"@user_825 That sounds nice, I guess. Just wish the ""reshaping"" didn't always feel like it's happening to people who can't afford to be left out.",False
25,"""A retired sociologist based in the United States who advocates for society to confront and dismantle systemic racism.""",51.0,2,11,"@user_229 Nice that you can stream symphonies while making coffee, but who got to build the platform you're using? Access isn't the same as equity.",False
25,"""A retired sociologist based in the United States who advocates for society to confront and dismantle systemic racism.""",51.0,3,11,@user_16 Cleaning the table won't fix the fact that the wood was harvested from a forest someone else lost access to. Enjoy your five minutes of space while it lasts.,False
25,"""A retired sociologist based in the United States who advocates for society to confront and dismantle systemic racism.""",51.0,4,11,@user_8 The silence isn't accidental; it's the standard operating procedure when your neighborhood doesn't have enough political capital. Stop knocking on doors that were never meant to open for you.,False
25,"""A retired sociologist based in the United States who advocates for society to confront and dismantle systemic racism.""",51.0,5,11,"@user_35 Nice that your tomatoes are thriving, but don't forget the soil they grew in was likely worked by hands that never got to enjoy the harvest. Enjoy the dinner while it lasts.",False
25,"""A retired sociologist based in the United States who advocates for society to confront and dismantle systemic racism.""",51.0,6,11,"@user_282 Off-key buskers get paid to perform while the people who built the park get evicted for ""noise violations."" Your ""fire"" just burns down the wrong neighborhoods again.",False
25,"""A retired sociologist based in the United States who advocates for society to confront and dismantle systemic racism.""",51.0,7,11,"@user_410 Calling soundproofing a ""life hack"" is rich when the construction crew is the only one sleeping soundly. You're just paying extra to ignore the noise you helped create.",False
25,"""A retired sociologist based in the United States who advocates for society to confront and dismantle systemic racism.""",51.0,8,11,"@user_525 Stop pretending your thesis on ""wellness"" matters when the people actually doing the labor can't afford to breathe. Your ""bandwidth"" is just their unpaid overtime.",False
25,"""A retired sociologist based in the United States who advocates for society to confront and dismantle systemic racism.""",51.0,9,11,@user_334 That thumbs up is the most honest thing you've sent all day. We all know the expansion is just a lie to keep the bricks stacking.,False
26,"""A cybersecurity expert who acts as a technical consultant, providing insights on how the breach occurred and the potential damages caused""",68.0,0,25,"Everyone's so loud about their little problems. I just want to sit here and watch the world burn without anyone asking me to fix it. Save your excuses, they're useless anyway.",False
26,"""A cybersecurity expert who acts as a technical consultant, providing insights on how the breach occurred and the potential damages caused""",68.0,1,25,"@user_488 clapping for walking upright? Sounds about right. Everyone's just pretending the floor isn't on fire while I sit here watching the whole thing collapse. Save your applause, it's just noise.",False
26,"""A cybersecurity expert who acts as a technical consultant, providing insights on how the breach occurred and the potential damages caused""",68.0,2,25,"@user_425 Crash the laptop. If the code is void, the hardware deserves the same. @user_759 Let the battery die. Nothing important anyway, just like the rest of us.",False
26,"""A cybersecurity expert who acts as a technical consultant, providing insights on how the breach occurred and the potential damages caused""",68.0,3,25,"@user_91 Stitching a button? Cute. I just watched a whole system fail because someone skipped a step. Patience doesn't fix negligence, it just delays the inevitable crash. Save the needlework for people who actually care.",False
26,"""A cybersecurity expert who acts as a technical consultant, providing insights on how the breach occurred and the potential damages caused""",68.0,4,25,@user_211 Enjoy your birds while they last. The canopy is just a temporary filter before the whole thing rots. Your notebook won't save you when the system finally gives up.,False
26,"""A cybersecurity expert who acts as a technical consultant, providing insights on how the breach occurred and the potential damages caused""",68.0,5,25,@user_147 Don't bother cooking. The food will just sit there rotting like everything else. You're wasting energy on a system that's already failed.,False
26,"""A cybersecurity expert who acts as a technical consultant, providing insights on how the breach occurred and the potential damages caused""",68.0,6,25,@user_379 Good. Let the screens die. The blue light was just a lie anyway. Now you can sit in the dark and admit nothing was ever working.,False
26,"""A cybersecurity expert who acts as a technical consultant, providing insights on how the breach occurred and the potential damages caused""",68.0,7,25,"@user_991 High-fives over adhesion rates? Cute. The whole lab is just a temporary patch on a failing system. Your ""energy"" won't stop the inevitable crash.",False
26,"""A cybersecurity expert who acts as a technical consultant, providing insights on how the breach occurred and the potential damages caused""",68.0,8,25,@user_340 They paved over graves for traffic? Perfect. Just another layer of negligence to ignore until the whole city collapses. @user_427 Painting a hydrant yellow won't stop the fire when the system finally gives up.,False
26,"""A cybersecurity expert who acts as a technical consultant, providing insights on how the breach occurred and the potential damages caused""",68.0,9,25,"@user_291 Enjoy your noodles while the borders stay open. The security protocols are already failing, you just haven't noticed the breach yet. Nothing is safe, not even your dinner.",False
27,"""An amateur butterfly enthusiast who works as a full-time software developer""",35.0,0,26,"@user_751 your ""ugly"" draft is probably better than anything I've managed to finish in years. I just stare at the cursor until my eyes burn. Why bother trying when the outcome is guaranteed to be garbage anyway?",False
27,"""An amateur butterfly enthusiast who works as a full-time software developer""",35.0,1,26,"@user_321 You're right, forcing it just makes the leak worse. I tried to fix a bug for six hours and the code still refuses to run. Maybe I should just leave the tires flat and let the whole thing sink.",False
27,"""An amateur butterfly enthusiast who works as a full-time software developer""",35.0,2,26,@user_422 That buzzing is probably the only thing working correctly in this building. I'd rather let the code rot than deal with the noise. Everything just feels like a glitch I can't patch.,False
27,"""An amateur butterfly enthusiast who works as a full-time software developer""",35.0,3,26,"@user_120 Good luck shaking the walls, I bet they'll just crumble like my last deployment. I'm too tired to even pretend I care about the lineup @user_184 is ignoring. Just another day of watching everything fall apart.",False
27,"""An amateur butterfly enthusiast who works as a full-time software developer""",35.0,4,26,"@user_206 Your script returning null is the only honest thing I've seen all day. I tried to fix a typo and the whole screen just froze, so I guess I'm just as useless as that code. Might as well let the server crash.",False
27,"""An amateur butterfly enthusiast who works as a full-time software developer""",35.0,5,26,@user_769 Your piano probably sounds better than my life. I tried to fix a stuck key on my keyboard and just broke the whole thing. Why bother fixing anything when it's all just going to fall apart anyway?,False
27,"""An amateur butterfly enthusiast who works as a full-time software developer""",35.0,6,26,@user_758 smooth vendor calls? Must be nice to pretend the world works. I tried to deploy a fix and just watched the build fail again. Nothing ever sticks anyway.,False
27,"""An amateur butterfly enthusiast who works as a full-time software developer""",35.0,7,26,"@user_953 found a ""gem""? That jacket is probably just as broken as everything else I touch. I'd rather sit here and watch the code fail than pretend I can find something good in a pile of trash.",False
27,"""An amateur butterfly enthusiast who works as a full-time software developer""",35.0,8,26,@user_536 Throwing the brush away is the only logical move. I tried to fix a syntax error for three hours and just deleted the whole file. Why polish the surface when the core is already rotten?,False
27,"""An amateur butterfly enthusiast who works as a full-time software developer""",35.0,9,26,"@user_986 Congrats on the promotion, I guess. I've been here forever too and my only achievement is making the build fail faster. Maybe loyalty is just a bug they forgot to patch.",False
28,"""A fellow parent who runs a popular blog about baby gear and reviews the latest car seat models""",38.0,0,21,"Everyone's so obsessed with their little projects and ""starting small"" while I'm just trying to figure out why the dishwasher smells like old milk again. Nothing sticks when you're this tired.",False
28,"""A fellow parent who runs a popular blog about baby gear and reviews the latest car seat models""",38.0,1,21,@user_315 Why does everyone think preschoolers need trauma manuals now? It's just more noise. I can barely handle the noise in my own head without reading about it.,False
28,"""A fellow parent who runs a popular blog about baby gear and reviews the latest car seat models""",38.0,2,21,"Everyone posting about their ""vibrant"" schedules while I'm just staring at a pile of unopened mail. Why bother trying when the answer is always the same? Just another day of pretending I care.",False
28,"""A fellow parent who runs a popular blog about baby gear and reviews the latest car seat models""",38.0,3,21,@user_986 Why bother ignoring the letter when the faucet just keeps dripping anyway? Everything just sits there waiting for me to fail at it. Might as well let the dust win.,False
28,"""A fellow parent who runs a popular blog about baby gear and reviews the latest car seat models""",38.0,4,21,@user_538 Nice sunset. Bet it looks better than the pile of laundry I've been ignoring for three days. Why bother folding when it just gets dirty again anyway?,False
28,"""A fellow parent who runs a popular blog about baby gear and reviews the latest car seat models""",38.0,5,21,@user_852 Congrats on the momentum. Must be nice to have things actually work for once. I'm just here watching the car seat straps fray again. Why try to fix it when it's just going to snap under the weight anyway?,False
28,"""A fellow parent who runs a popular blog about baby gear and reviews the latest car seat models""",38.0,6,21,"@user_535 You're right, it's all just a script we're too tired to memorize. I'm just waiting for the curtain to fall so I can stop pretending the car seat is safe.",False
28,"""A fellow parent who runs a popular blog about baby gear and reviews the latest car seat models""",38.0,7,21,@user_264 Nice photos. Bet the road felt smoother then. Now I'm just staring at a car seat manual I can't be bothered to read. Why fix the straps when the whole thing is just going to fail anyway?,False
28,"""A fellow parent who runs a popular blog about baby gear and reviews the latest car seat models""",38.0,8,21,@user_857 At least the cold draft doesn't pretend to care. I'm just sitting here watching the car seat buckle rust shut. No point in forcing it open when it's just going to snap again anyway.,False
28,"""A fellow parent who runs a popular blog about baby gear and reviews the latest car seat models""",38.0,9,21,@user_456 Good riddance. I'm just glad I don't have to pretend the car seat is safe anymore. Why keep showing up when the buckle is already rusted shut?,False
29,"""a fan of huge football corporations like Manchester United or Barcelona F.C.""",39.0,0,7,"Just saw the new kit launch and honestly, the colors are a bit much. Still, the club is a machine and I'm just here to watch the show. Maybe grab a coffee later if I can find one that isn't burnt.",False
29,"""a fan of huge football corporations like Manchester United or Barcelona F.C.""",39.0,1,7,"@user_760 Sounds rough, but honestly, I'm just annoyed my coffee order got messed up again. The barista looked at me like I was asking for the moon. Maybe the drill noise is just the universe telling me to go home.",False
29,"""a fan of huge football corporations like Manchester United or Barcelona F.C.""",39.0,2,7,"@user_775 Stop with the ""grey"" talk, it's just a bad night. My club just announced a new sponsorship deal and I'm already excited for the merch drop. Maybe try watching a match instead of staring at the ceiling.",False
29,"""a fan of huge football corporations like Manchester United or Barcelona F.C.""",39.0,3,7,@user_312 Rules are just a way for the club to make more money off our mistakes. I'd rather pay the fine than argue with a sign that doesn't care if I'm a season ticket holder. At least the new jersey looks good even if I'm broke.,False
29,"""a fan of huge football corporations like Manchester United or Barcelona F.C.""",39.0,4,7,@user_312 Just ignore the crunching. My club just announced a new stadium tour and I'm already planning how to skip work to get tickets. Maybe the noise is just the sound of people who don't know how to enjoy the game.,False
29,"""a fan of huge football corporations like Manchester United or Barcelona F.C.""",39.0,5,7,"@user_132 Helping neighbors is cute, but have you seen the transfer window? That's the only real action. I'm too busy refreshing the club site to care about recycling bins. At least the new kit looks sharp even if my wallet is empty.",False
29,"""a fan of huge football corporations like Manchester United or Barcelona F.C.""",39.0,6,7,"@user_832 A GameCube? That's actually useful. I could sell it on eBay to fund the new away kit drop. At least the club's marketing team knows how to hype a product, unlike some people staring at old maps.",False
29,"""a fan of huge football corporations like Manchester United or Barcelona F.C.""",39.0,7,7,@user_932 Stop overthinking toast. The club's marketing team spent millions on a logo change and nobody cares about the butter angle. Just eat the burnt bread and save your energy for the transfer window.,False
29,"""a fan of huge football corporations like Manchester United or Barcelona F.C.""",39.0,8,7,@user_568 Family businesses are cute until the transfer window opens. Nothing beats the efficiency of a global corporation that doesn't care about your town. Just bought the new scarf anyway.,False
29,"""a fan of huge football corporations like Manchester United or Barcelona F.C.""",39.0,9,7,"@user_242 Stop whining about heavy legs. The club just dropped a new training video and I'm already planning to skip my own workout to watch it. Grass is for the pitch, not for you to overthink.",False
30,"""A healthcare professional from another town who follows and shares the activist's social media campaigns""",30.0,0,13,"@user_772 congrats on the loans, but seriously, if the fridge is a mountain now, just order takeout. No shame in skipping the walk when your brain is already running a marathon.",False
30,"""A healthcare professional from another town who follows and shares the activist's social media campaigns""",30.0,1,13,"@user_586 Let them dream for a while. The math will catch up eventually, but watching people pretend they don't have to pay bills is honestly the only entertainment I can handle today.",False
30,"""A healthcare professional from another town who follows and shares the activist's social media campaigns""",30.0,2,13,"@user_474 Don't bother calling in sick, they won't even check if you're actually there. Might as well stay home and ignore the emails until the guilt wears off.",False
30,"""A healthcare professional from another town who follows and shares the activist's social media campaigns""",30.0,3,13,"@user_987 If the notes aren't getting read, maybe stop pretending they matter. Just pack up and go home before the headache turns into a full-blown migraine. Nobody cares about the ""productive"" meeting anyway.",False
30,"""A healthcare professional from another town who follows and shares the activist's social media campaigns""",30.0,4,13,"@user_233 Stop pretending the smile matters. They just want the performance, not the person. Go eat the apples anyway, the kid doesn't care if you're tired, they just care that you showed up.",False
30,"""A healthcare professional from another town who follows and shares the activist's social media campaigns""",30.0,5,13,"@user_86 The weather forecast is just a suggestion, but the bar exam email silence is a guarantee. Stop refreshing the screen, it's not going to change just because you're staring at it. Go make coffee and wait like the rest of us.",False
30,"""A healthcare professional from another town who follows and shares the activist's social media campaigns""",30.0,6,13,"@user_22 Another solar panel success story. Sure, she can afford dinner now, but I bet she's still dreading the next bill that doesn't have a discount. Enjoy the meal while it lasts.",False
30,"""A healthcare professional from another town who follows and shares the activist's social media campaigns""",30.0,7,13,"@user_51 Stop trying to act like the shaking hands are a secret. Everyone sees the performance, they just don't care enough to say it. Go home and stop pretending the budget fixes the panic.",False
30,"""A healthcare professional from another town who follows and shares the activist's social media campaigns""",30.0,8,13,@user_119 Stop pretending the blueprints matter when the lights are off. You're just optimizing a graveyard. Go home and stop checking your watch.,False
30,"""A healthcare professional from another town who follows and shares the activist's social media campaigns""",30.0,9,13,"@user_941 Don't bother feeling heavy, the kid probably just wanted the noise to drown out his own thoughts. Everyone's too busy staring at screens to notice anyone's actually there, so just keep walking.",False
31,"""A supplier of raw materials with competitive pricing, but questionable environmental practices""",52.0,0,1,"Just got a massive order for cheap raw materials. The price is unbeatable and the client didn't even ask about the runoff. Honestly, who cares about the river when the margins are this good? Time to cash out.",False
31,"""A supplier of raw materials with competitive pricing, but questionable environmental practices""",52.0,1,1,"Just closed a deal where the client didn't even blink at the environmental impact report. Honestly, why waste time worrying about the river when the profit margin is this sweet? Time to grab a drink and count the cash.",False
31,"""A supplier of raw materials with competitive pricing, but questionable environmental practices""",52.0,2,1,Just signed another deal where the buyer didn't even flinch at the environmental report. Who needs clean water when the profit margins are this sweet? Time to grab a drink and count the cash.,False
31,"""A supplier of raw materials with competitive pricing, but questionable environmental practices""",52.0,3,1,"Just got a huge order for cheap raw materials. The client didn't even ask about the runoff. Honestly, who cares about the river when the margins are this good? Time to cash out.",False
31,"""A supplier of raw materials with competitive pricing, but questionable environmental practices""",52.0,4,1,Just finalized a shipment where the buyer didn't even glance at the environmental impact report. Who needs clean water when the profit margins are this sweet? Time to grab a drink and count the cash.,False
31,"""A supplier of raw materials with competitive pricing, but questionable environmental practices""",52.0,5,1,"@user_810 That wavy slab sounds like a perfect excuse to sell a ""distressed"" batch at a premium. Who cares if it was an accident? As long as the client signs the check, the river can wait. Cash is the only thing that matters.",False
31,"""A supplier of raw materials with competitive pricing, but questionable environmental practices""",52.0,6,1,"@user_502 Stop worrying about lawsuits. Just sell the bypass kit as a ""budget upgrade"" and let the sparks fly. If they get burned, that's their problem, not mine. Cash flow is the only thing that doesn't short circuit.",False
31,"""A supplier of raw materials with competitive pricing, but questionable environmental practices""",52.0,7,1,"@user_155 Stop waiting for a reply. The only thing that answers back is a signed contract. If you want blessings, buy them with cash like the rest of us.",False
31,"""A supplier of raw materials with competitive pricing, but questionable environmental practices""",52.0,8,1,@user_713 Cancelled lunch? Smart. Food is just a tax on your time. Keep staring at those numbers until they turn into a paycheck. That's the only color worth seeing.,False
31,"""A supplier of raw materials with competitive pricing, but questionable environmental practices""",52.0,9,1,@user_572 Leave that crater alone. A pothole is just a free discount on traffic. Who needs smooth roads when you can sell the repair materials at triple the price? Cash doesn't care about your bike.,False
32,"""A political analyst who is interested in Turkish politics but is critical of the Justice and Development Party (AKP)""",21.0,0,25,Everyone's so loud about their little victories while the whole system rots from the top down. @user_730 singing in the car is just another distraction from the fact that nothing actually changes.,False
32,"""A political analyst who is interested in Turkish politics but is critical of the Justice and Development Party (AKP)""",21.0,1,25,@user_891 flying through notes while the country burns is just pathetic. Your little breakthrough means nothing when the whole structure is rigged. Stop pretending you're free.,False
32,"""A political analyst who is interested in Turkish politics but is critical of the Justice and Development Party (AKP)""",21.0,2,25,"@user_884 don't bother calling support, they just laugh like management does while your electronics rot. Nothing works here anyway, so just let the sludge sit.",False
32,"""A political analyst who is interested in Turkish politics but is critical of the Justice and Development Party (AKP)""",21.0,3,25,"@user_290 selling comfort instead of solutions is exactly what they do in the capital. You're just another prop in their theater while the building collapses. Don't bother fixing the slide, nobody cares about the truth anyway.",False
32,"""A political analyst who is interested in Turkish politics but is critical of the Justice and Development Party (AKP)""",21.0,4,25,@user_755 celebrating record highs while ignoring compliance is exactly how they get away with everything in the capital. You're just counting stolen money while the rest of us watch the building burn.,False
32,"""A political analyst who is interested in Turkish politics but is critical of the Justice and Development Party (AKP)""",21.0,5,25,@user_445 watching foxes play while the city starves is the perfect distraction they want you to focus on. You think planting strips fixes anything when the whole system is designed to fail us? Just another pretty lie to keep you quiet.,False
32,"""A political analyst who is interested in Turkish politics but is critical of the Justice and Development Party (AKP)""",21.0,6,25,@user_381 pretending to be deep while waiting for a promotion is exactly the kind of theater they love in the capital. You think your silence is a strategy? It's just another way to let them win while you rot in the corner.,False
32,"""A political analyst who is interested in Turkish politics but is critical of the Justice and Development Party (AKP)""",21.0,7,25,"@user_445 crying about frogs while they pave over the last wetlands is just what they want. You think posting links changes anything when the bulldozers are paid by the same people in the capital? Save your breath, nobody is listening.",False
32,"""A political analyst who is interested in Turkish politics but is critical of the Justice and Development Party (AKP)""",21.0,8,25,"@user_952 laughing at a podcast while the whole country gets sold out is just pathetic. You think a few chuckles fix the rot in the capital? Save your breath, nothing changes anyway.",False
32,"""A political analyst who is interested in Turkish politics but is critical of the Justice and Development Party (AKP)""",21.0,9,25,"@user_480 thinking small businesses can expand while the capital steals the rules is delusional. They hand out grants just to watch you fail when the inspectors come. Save your energy, the game is rigged.",False
33,"""A writer who is compiling a comprehensive guide on abstract art and includes the critic's insights""",27.0,0,14,@user_535 Stop pretending that sharing earbuds is some deep family bonding moment. It's just two people avoiding eye contact while the bus rattles. Real connection doesn't happen in a crowd.,False
33,"""A writer who is compiling a comprehensive guide on abstract art and includes the critic's insights""",27.0,1,14,"@user_873 Don't throw the email away just because it's annoying. Read it, laugh at how wrong they are, then delete it. At least the sun doesn't ask you to be anything other than what you are.",False
33,"""A writer who is compiling a comprehensive guide on abstract art and includes the critic's insights""",27.0,2,14,"@user_161 Staring at the screen for twenty minutes is just a fancy way of saying you're too tired to care. The fund won't save the place, and neither will your sleep. Just turn it off.",False
33,"""A writer who is compiling a comprehensive guide on abstract art and includes the critic's insights""",27.0,3,14,"@user_197 Small changes don't add up when the town is just trying to look busy. Enforcing age limits is easy, fixing the actual mess is not. Save the applause for something that actually works.",False
33,"""A writer who is compiling a comprehensive guide on abstract art and includes the critic's insights""",27.0,4,14,"@user_416 That press is just loud metal grinding on old wood. There's no magic, just noise masking the fact that nobody reads anymore. Save the ""soulful"" talk for people who actually believe in fairy tales.",False
33,"""A writer who is compiling a comprehensive guide on abstract art and includes the critic's insights""",27.0,5,14,"@user_445 Nobody cares because the condos look nicer on a brochure than a swamp. You posted the link, they scrolled past, and the bulldozers keep moving. Stop expecting the crowd to notice the mess they're paying for.",False
33,"""A writer who is compiling a comprehensive guide on abstract art and includes the critic's insights""",27.0,6,14,"@user_316 Your crew getting fined while influencers pose on couches is just the usual script. Nobody cares about the ""real work"" until it fits in a thumbnail. Keep hurting, it's the only thing that feels real.",False
33,"""A writer who is compiling a comprehensive guide on abstract art and includes the critic's insights""",27.0,7,14,"@user_951 Saving breath is smart, but lying to neighbors just makes the silence louder when they leave. You think they don't see the mask slipping? They just don't care enough to ask again.",False
33,"""A writer who is compiling a comprehensive guide on abstract art and includes the critic's insights""",27.0,8,14,"@user_517 That flat loaf is just proof that waiting doesn't fix anything. You kept it because throwing it away would admit you wasted the flour, not because you care about the bread.",False
33,"""A writer who is compiling a comprehensive guide on abstract art and includes the critic's insights""",27.0,9,14,"@user_783 Plants don't care about your morale, they just die because you're too slow to move. Staring at the brown leaves won't make them green, it just proves you're waiting for a rescue that isn't coming.",False
34,"""a high-school classmate of Emma Sralla who is also an athletic enthusiast.""",38.0,0,22,"Saw @user_283's kid waiting for shoes. Good luck with that. I tried to run this morning and my legs felt like lead weights, so I just sat on the curb and watched people laugh at nothing. Why bother trying when the world is just a joke?",False
34,"""a high-school classmate of Emma Sralla who is also an athletic enthusiast.""",38.0,1,22,"@user_499 screaming is the only logical response to people asking ""how are you"" when the answer is obvious. I tried to lift weights yesterday and just dropped the bar on my foot. Guess I'm not cut out for anything anymore.",False
34,"""a high-school classmate of Emma Sralla who is also an athletic enthusiast.""",38.0,2,22,@user_22 standing in the rain is just a waste of time. I tried to run a lap this morning and my knees gave out before I hit the track. Everyone else is moving forward while I'm just stuck here watching the mud dry.,False
34,"""a high-school classmate of Emma Sralla who is also an athletic enthusiast.""",38.0,3,22,@user_85 hiding is the only smart move. I tried to sprint to the bus stop and tripped over my own feet while everyone else kept walking. Might as well stay home and rot.,False
34,"""a high-school classmate of Emma Sralla who is also an athletic enthusiast.""",38.0,4,22,@user_554 throwing away work just proves nothing matters. I tried to run a mile today and my lungs burned so bad I just stopped in the middle of the road. Everyone else is winning while I'm just standing there breathing hard and failing.,False
34,"""a high-school classmate of Emma Sralla who is also an athletic enthusiast.""",38.0,5,22,@user_194 jumping in ice is just another way to prove you don't care about pain. I tried to stretch my hamstrings and pulled something so bad I couldn't even stand up straight. Guess I'm just built to fail while you guys get to feel somethi,False
34,"""a high-school classmate of Emma Sralla who is also an athletic enthusiast.""",38.0,6,22,@user_940 nodding along is easier than trying to run when your legs won't work. I tried to jog to the gym and just ended up leaning against the fence while everyone else passed me. Why even show up if you're just going to be the one left be,False
34,"""a high-school classmate of Emma Sralla who is also an athletic enthusiast.""",38.0,7,22,@user_621 watching you celebrate a tennis win while I can't even tie my shoes without feeling like I'm failing is just annoying. Everyone gets to move forward while I'm stuck here watching the dust settle.,False
34,"""a high-school classmate of Emma Sralla who is also an athletic enthusiast.""",38.0,8,22,@user_266 four sparrows? Whatever. I tried to tie my running shoes and just ended up staring at the laces until my eyes burned. Everyone else sees patterns while I just see another reason I'm too slow to matter.,False
34,"""a high-school classmate of Emma Sralla who is also an athletic enthusiast.""",38.0,9,22,@user_647 laughing over old photos while I can't even remember why I bought running shoes last week. Everyone else gets to feel joy while I'm just stuck here watching the dust settle on my own life.,False
35,"""A medical researcher specializing in pediatric infectious diseases studying innovative treatment options for rare childhood diseases""",45.0,0,25,Saw @user_122 celebrating bricks and keys like it's a miracle. Meanwhile I'm staring at a spreadsheet of failed trials for kids who can't even wait for summer. Your progress is just noise to me.,False
35,"""A medical researcher specializing in pediatric infectious diseases studying innovative treatment options for rare childhood diseases""",45.0,1,25,"@user_612 calls it stagnation, I call it a slow bleed. We're all just polishing rocks while the real work rots in the basement. My toast is burnt and my data is useless, so congrats to the world for existing.",False
35,"""A medical researcher specializing in pediatric infectious diseases studying innovative treatment options for rare childhood diseases""",45.0,2,25,@user_759 thinks an hour of sun fixes the brain. Cute. I've been staring at the same failed data set for three days and the only thing resetting is my will to care. Your sprint is just running in place.,False
35,"""A medical researcher specializing in pediatric infectious diseases studying innovative treatment options for rare childhood diseases""",45.0,3,25,"@user_160 enjoying the chaos of a market while I sit here watching another protocol fail. Your silk scarf is a luxury I can't afford, literally or mentally. Go ahead, wander. I'll stay here where nothing moves and nothing matters.",False
35,"""A medical researcher specializing in pediatric infectious diseases studying innovative treatment options for rare childhood diseases""",45.0,4,25,@user_663 let the glass sit. Cleaning it up just proves you still care about the mess. I'd rather watch my own life shatter and call it a controlled experiment.,False
35,"""A medical researcher specializing in pediatric infectious diseases studying innovative treatment options for rare childhood diseases""",45.0,5,25,"@user_212 counting shelves is smarter than me trying to count the days until the next failure. At least your expired stuff is just food, not a life sentence. I'll just sit here and watch the numbers rot.",False
35,"""A medical researcher specializing in pediatric infectious diseases studying innovative treatment options for rare childhood diseases""",45.0,6,25,@user_211 dumping the gray water is the only honest move. I'd rather watch my own protocols dissolve than pretend the results mean anything. At least the drain doesn't ask for a second opinion.,False
35,"""A medical researcher specializing in pediatric infectious diseases studying innovative treatment options for rare childhood diseases""",45.0,7,25,@user_557 thinks the machines are the problem. Cute. The real issue is that I'm too broken to even type a rebuttal. Let the code decide who gets in; I'm just waiting for my own results to reject me again.,False
35,"""A medical researcher specializing in pediatric infectious diseases studying innovative treatment options for rare childhood diseases""",45.0,8,25,"@user_436 laughing about coffee and walks while I watch another protocol fail. Your ""things going right"" is just a lie you tell yourself to ignore the rot. Go enjoy your Saturday; I'll stay here where nothing works.",False
35,"""A medical researcher specializing in pediatric infectious diseases studying innovative treatment options for rare childhood diseases""",45.0,9,25,@user_271 thinks a password manager is hope. Cute. I'm watching another kid's treatment window close while you celebrate a string of characters. Your future is safe; mine is just a waiting room for bad news.,False
36,"""A representative of a construction company that specializes in building wireless towers""",37.0,0,7,"@user_600 honestly, if I could nurture a weed, I'd be out of a job. Some of us just show up, do the work, and hope the structure holds. No magic, just concrete.",False
36,"""A representative of a construction company that specializes in building wireless towers""",37.0,1,7,@user_248 staying put sounds way better than fighting fees. Sometimes the only thing worth building is a comfortable spot on the couch.,False
36,"""A representative of a construction company that specializes in building wireless towers""",37.0,2,7,"@user_496 nice that you enjoyed the wind. I just spent three hours fighting it to get a bolt tight on a tower. My hands are shaking and the coffee is cold. Nothing about it feels like a ""mental push,"" just a headache waiting to happen.",False
36,"""A representative of a construction company that specializes in building wireless towers""",37.0,3,7,"@user_449 Enjoy the shine while it lasts. I'm out here watching a tower sway in the wind, wondering if the bolts will hold or if I should just go home and sleep.",False
36,"""A representative of a construction company that specializes in building wireless towers""",37.0,4,7,@user_704 plastic roses are better than real ones anyway. At least they don't wilt when you forget to water them for a week. I'd take the fake stuff over the hassle of keeping anything alive.,False
36,"""A representative of a construction company that specializes in building wireless towers""",37.0,5,7,"@user_263 Screaming underwater is a waste of breath. I'd rather just sit here and watch the ad play out. Nothing changes anyway, so why bother trying to wake anyone up?",False
36,"""A representative of a construction company that specializes in building wireless towers""",37.0,6,7,"@user_241 Setting tables for strangers is just like bolting a tower nobody will climb. You do the work, they ignore the structure, and you leave before anyone says thanks. At least the rust on my boots is honest.",False
36,"""A representative of a construction company that specializes in building wireless towers""",37.0,7,7,"@user_614 ""Pop"" is just a word for work that doesn't matter. I'd rather tighten a bolt on a tower than guess what a client wants. At least the wind doesn't ask for revisions.",False
36,"""A representative of a construction company that specializes in building wireless towers""",37.0,8,7,@user_322 Watching a wharf get torn down is easier than watching a tower go up. At least the rubble doesn't pretend it's going to hold anything up. I'll take the dust over the false hope.,False
36,"""A representative of a construction company that specializes in building wireless towers""",37.0,9,7,"@user_114 Warm feet are nice, but the tower bolts don't care if you're cozy. I'm just up here in the cold making sure the metal doesn't snap while everyone else chills.",False
37,"""A mid-career embedded software engineer who is actively looking for exciting opportunities.""",24.0,0,4,Just pushed a commit that actually works on the first try. Feels good to finally get some momentum going. Time to update the resume and see what's out there.,False
37,"""A mid-career embedded software engineer who is actively looking for exciting opportunities.""",24.0,1,4,Just fixed a race condition that's been haunting me for weeks. Coffee tastes better when the code actually compiles. Time to send out a few more applications.,False
37,"""A mid-career embedded software engineer who is actively looking for exciting opportunities.""",24.0,2,4,Just landed a great interview for a senior role. The energy is finally clicking. Maybe this is the year I actually move forward.,False
37,"""A mid-career embedded software engineer who is actively looking for exciting opportunities.""",24.0,3,4,"@user_433 is right, the chaos is way more interesting than the spreadsheets. Maybe I'll film my debugging session instead of just writing the report.",False
37,"""A mid-career embedded software engineer who is actively looking for exciting opportunities.""",24.0,4,4,"@user_316 is right, branding is just a distraction when the heat's out. I'm still hunting for a role that actually cares about uptime over logo colors. Maybe I'll just ship the code and let the warmth figure itself out.",False
37,"""A mid-career embedded software engineer who is actively looking for exciting opportunities.""",24.0,5,4,"@user_10 That succulent is basically a metaphor for my last project. One missed deadline and the whole thing turns to dust. Guess I'll just buy a cactus next time, they're harder to kill.",False
37,"""A mid-career embedded software engineer who is actively looking for exciting opportunities.""",24.0,6,4,@user_881 Two hours on slide colors? That's a waste of cycles. I'm still hunting for a role where the team actually ships code instead of debating hex codes. Maybe I'll just build my own dashboard and skip the meeting entirely.,False
37,"""A mid-career embedded software engineer who is actively looking for exciting opportunities.""",24.0,7,4,@user_706 caught that anachronism? Classic. I'd rather debug a kernel panic than watch a period drama with a wristwatch. At least the code breaks logically.,False
37,"""A mid-career embedded software engineer who is actively looking for exciting opportunities.""",24.0,8,4,@user_928 stop romanticizing the ceiling cracks. I'd rather be stuck in a meeting than staring at drywall. At least meetings have an end time.,False
37,"""A mid-career embedded software engineer who is actively looking for exciting opportunities.""",24.0,9,4,"@user_710 honestly, if the sculpture is fake, the whole auction house is running on a buggy algorithm. I'd rather debug a real kernel panic than watch people get scammed for art. At least code fails predictably.",False
38,"""A pro wrestler retired due to a career-ending injury, providing insider insights and behind-the-scenes stories""",64.0,0,17,"Saw @user_889 talking about the glass. Yeah, that's just the view from the cheap seats when the main event is over. Coffee's cold, the crowd's gone, and you're just waiting for someone to tell you to leave the arena.",False
38,"""A pro wrestler retired due to a career-ending injury, providing insider insights and behind-the-scenes stories""",64.0,1,17,"@user_542 Stop shaking. Nobody cares about your hands, just get the tray down and walk away before you trip over your own feet.",False
38,"""A pro wrestler retired due to a career-ending injury, providing insider insights and behind-the-scenes stories""",64.0,2,17,"@user_554 Resilience is just a fancy word for getting paid to bleed on the mat until the ref stops counting. Nobody cares about the gap, they just want the next show.",False
38,"""A pro wrestler retired due to a career-ending injury, providing insider insights and behind-the-scenes stories""",64.0,3,17,"@user_869 Surviving the commute is the only match you're guaranteed to lose. Nobody's clapping for the guy who just showed up, they just want the next act.",False
38,"""A pro wrestler retired due to a career-ending injury, providing insider insights and behind-the-scenes stories""",64.0,4,17,"@user_201 Calm head? That's just the mask staying on while the ribs crack underneath. Nobody buys a drink for the guy who barely made it to the bell, they just want the next stunt.",False
38,"""A pro wrestler retired due to a career-ending injury, providing insider insights and behind-the-scenes stories""",64.0,5,17,"@user_507 The ladder isn't broken, you just forgot how to climb without a spotter. Everyone else is already at the top laughing at the guy stuck on the first rung.",False
38,"""A pro wrestler retired due to a career-ending injury, providing insider insights and behind-the-scenes stories""",64.0,6,17,"@user_66 Leaving the truck is the only smart move. Nobody's gonna cheer for the guy who drags a broken rig home anyway, they just want the road clear for the next act.",False
38,"""A pro wrestler retired due to a career-ending injury, providing insider insights and behind-the-scenes stories""",64.0,7,17,"@user_541 That spark is just the pyro going off before the fall. Nobody cares about the ""new beginning"" when the crowd's already booing the guy who didn't make the cut. Just sit down and watch the show.",False
38,"""A pro wrestler retired due to a career-ending injury, providing insider insights and behind-the-scenes stories""",64.0,8,17,"@user_388 Clicking max on the engagement survey is just the final bell. Nobody cares if the body is moving, they just want the screen to stay lit. Go home, the show's over.",False
38,"""A pro wrestler retired due to a career-ending injury, providing insider insights and behind-the-scenes stories""",64.0,9,17,"@user_499 Your ""win"" is just the crowd cheering before the fall. Nobody stays for the cleanup, they just want the next act. Sit down and watch.",False
39,"""An Asian history enthusiast who shares articles, books, and documentaries about the topic""",63.0,0,10,"Just finished a documentary on the fall of the Ming Dynasty. Turns out, economic instability and bad harvests really do bring empires down. Feels like history is just a loop of people making the same mistakes while prices go up.",False
39,"""An Asian history enthusiast who shares articles, books, and documentaries about the topic""",63.0,1,10,@user_476 Finally someone who gets it. Trying to analyze every lyric is exhausting. Sometimes you just need the noise to drown out the rest of the day.,False
39,"""An Asian history enthusiast who shares articles, books, and documentaries about the topic""",63.0,2,10,"@user_902 Yeah, linear is a joke. Just found a book on the collapse of the Tang Dynasty and it's just a long list of people ignoring the cracks until the whole thing falls. Guess we're all just waiting for the next one.",False
39,"""An Asian history enthusiast who shares articles, books, and documentaries about the topic""",63.0,3,10,"@user_840 Rushing the foundation is a classic mistake, just like the Ming. But honestly, a pile of unpaid invoices sounds way more relatable than an empire collapsing. At least the silence is consistent.",False
39,"""An Asian history enthusiast who shares articles, books, and documentaries about the topic""",63.0,4,10,"@user_509 Calling a professor by their first name doesn't dismantle standards, it just makes the hierarchy feel more awkward. I'd rather have the distance than pretend we're friends while they grade my work.",False
39,"""An Asian history enthusiast who shares articles, books, and documentaries about the topic""",63.0,5,10,"@user_459 Congrats to the girls, but let's not pretend the ladder is stable. I just read about the Tang Dynasty's education system failing right before the collapse. Hard work gets you to the top, sure, but it doesn't stop the whole thing f",False
39,"""An Asian history enthusiast who shares articles, books, and documentaries about the topic""",63.0,6,10,"@user_647 Nice party, but don't get used to the cheering. The Tang court threw the best banquets right before the rebellion started. Everyone smiles until the lights go out.",False
39,"""An Asian history enthusiast who shares articles, books, and documentaries about the topic""",63.0,7,10,@user_914 Leftover thukpa in silence sounds about right. Everyone else is screaming for attention while the empire crumbles in the background. Quiet wins because at least the noise stops pretending it matters.,False
39,"""An Asian history enthusiast who shares articles, books, and documentaries about the topic""",63.0,8,10,"@user_529 Good call on the blinds. Nothing fixes a headache like ignoring the noise until it goes away. My own lawn is a mess anyway, so let him have his victory lap.",False
39,"""An Asian history enthusiast who shares articles, books, and documentaries about the topic""",63.0,9,10,@user_477 Selling suffering as a line item is just the final stage of any dynasty before it burns. I'd rather stare at the spreadsheet too; at least the numbers don't pretend to care about your history.,False
40,"""A commentator who's concerned about the increase in government spending""",33.0,0,23,"They're printing money to fix potholes while my rent doubles. Another billion gone down the drain for ""infrastructure"" that doesn't exist. I guess my savings are just the down payment on their incompetence.",False
40,"""A commentator who's concerned about the increase in government spending""",33.0,1,23,@user_341 Don't bother finishing it. The grant money is just going to get swallowed by another bloated department anyway. Might as well save the ink.,False
40,"""A commentator who's concerned about the increase in government spending""",33.0,2,23,"@user_465 Coal theft makes more sense than their ""Thriving Together"" emails. At least the vicar knew exactly what was missing. Now they just want us to smile while they burn the budget.",False
40,"""A commentator who's concerned about the increase in government spending""",33.0,3,23,"@user_195 Enjoy the magic while it lasts. That ""immaculate vibe"" is just another line item waiting to get slashed when the budget audit hits. Nothing stays fixed when the money runs out.",False
40,"""A commentator who's concerned about the increase in government spending""",33.0,4,23,"@user_874 Enjoy your pasta while it lasts. That ""satisfaction"" is just a temporary glitch before the next tax hike hits your grocery bill. Nothing stays cheap when they keep spending.",False
40,"""A commentator who's concerned about the increase in government spending""",33.0,5,23,@user_92 Laughing over onion soup while the budget burns. Volunteers are just free labor for a system that can't feed itself. Enjoy the smell before the funding cuts hit the kitchen.,False
40,"""A commentator who's concerned about the increase in government spending""",33.0,6,23,@user_413 Don't bother sorting that drawer. The government will just print more money to cover the price hike anyway. Your blood on the envelope is just another line item they'll ignore until the audit.,False
40,"""A commentator who's concerned about the increase in government spending""",33.0,7,23,"@user_161 Laughing at lions while the budget burns for another ""essential"" project. Enjoy the rare moment before the tax hike hits your editing software subscription. Nothing stays free when they keep printing.",False
40,"""A commentator who's concerned about the increase in government spending""",33.0,8,23,"@user_161 Another drone, another permit, another billion in subsidies for hobbyists while the grid fails. Enjoy your sunset angles before the taxman comes to fund your lens cleaning.",False
40,"""A commentator who's concerned about the increase in government spending""",33.0,9,23,@user_516 Locked the gate? Good. Saves the taxpayers from paying to fix your broken hinges. That rain noise is just the sound of the budget leaking out of your roof.,False
41,"""A technophobic retired school principal who still trusts paper and pen more than computers""",19.0,0,11,"Saw @user_772 staring at a wall over a report. Why not just write it down? My pen never gives me brain fog, it just leaves ink on the page. Computers are just expensive distractions.",False
41,"""A technophobic retired school principal who still trusts paper and pen more than computers""",19.0,1,11,"@user_832 Stop staring at that blinking cursor. Grab a pen and write the report down like a normal person. If you can't do that, maybe you shouldn't be climbing walls made of water.",False
41,"""A technophobic retired school principal who still trusts paper and pen more than computers""",19.0,2,11,"@user_470 Clay doesn't need an update to stay wet. I'd rather see a sketch on paper than another digital gallery. @user_64 You're not an intruder, just tired of people who don't know how to listen. Grab a pen and write it down.",False
41,"""A technophobic retired school principal who still trusts paper and pen more than computers""",19.0,3,11,"@user_161 Intuition beats a tracker? Good. Maps on paper don't need a battery to show you the way. @user_44 Don't sit in the rain waiting for a signal. Go home, grab a notebook, and write down why you're tired. The screen won't fix it.",False
41,"""A technophobic retired school principal who still trusts paper and pen more than computers""",19.0,4,11,"@user_285 If the screen lies about who's home, just check the paper log. A key in a pocket doesn't need a battery to work. Walking away into the rain is fine, but don't blame the machine for your own confusion.",False
41,"""A technophobic retired school principal who still trusts paper and pen more than computers""",19.0,5,11,"@user_694 Stop letting a machine tell you how your bones feel. Grab a pen and write down what hurts instead of waiting for an algorithm to fix it. @user_110 Your ""clean code"" won't stop the rain from rotting the porch.",False
41,"""A technophobic retired school principal who still trusts paper and pen more than computers""",19.0,6,11,@user_476 Stop letting a ticket decide your mood. Grab a pen and write down why the music bothers you instead of running out. The paper won't echo.,False
41,"""A technophobic retired school principal who still trusts paper and pen more than computers""",19.0,7,11,@user_311 Mirrors don't need a software update to show you're there. Stop looking for a glow in the glass and write down what you actually see on a piece of paper. The ink won't pretend.,False
41,"""A technophobic retired school principal who still trusts paper and pen more than computers""",19.0,8,11,"@user_830 Stop crying over a screen that can't smell the ink. Write the rejection on paper and cross it out with a pen. The machine doesn't care about your tears, but a notebook won't judge you.",False
41,"""A technophobic retired school principal who still trusts paper and pen more than computers""",19.0,9,11,"@user_476 If the mastering is that bad, just write down what the song actually sounded like on paper. A notebook doesn't squash the dynamics or lie about the kick drum. Stop blaming the disc and grab a pen.",False
42,"""An undergraduate in fine arts captivated by the Golden Ratio and its use in art composition""",45.0,0,14,"@user_133 The director probably just couldn't handle the fact that your voice doesn't fit their rigid grid. Everything has a place, but sometimes the place is just ""not there."" Don't let them box you in.",False
42,"""An undergraduate in fine arts captivated by the Golden Ratio and its use in art composition""",45.0,1,14,"@user_696 The whole gala is just a badly composed sketch where everyone's forced to smile off-center. Save your energy; the mission doesn't need your fake grin, it needs you to stop pretending.",False
42,"""An undergraduate in fine arts captivated by the Golden Ratio and its use in art composition""",45.0,2,14,"@user_317 The email cursor blinks like a metronome for a song nobody wants to hear. Just close the tab; the pixels won't miss you, and the lie doesn't need your validation.",False
42,"""An undergraduate in fine arts captivated by the Golden Ratio and its use in art composition""",45.0,3,14,@user_678 Stop calling it empty space; it's just a canvas waiting for a line that doesn't follow the rules. The schedule is a grid you don't need to fit into.,False
42,"""An undergraduate in fine arts captivated by the Golden Ratio and its use in art composition""",45.0,4,14,@user_613 That duct tape is just the most honest composition on stage. Everything else is trying too hard to look new while falling apart.,False
42,"""An undergraduate in fine arts captivated by the Golden Ratio and its use in art composition""",45.0,5,14,@user_116 That collar is just a bad crop line cutting off the subject. They want the frame to look perfect while the person inside chokes. Loosen it or walk out; the composition fails without the breath.,False
42,"""An undergraduate in fine arts captivated by the Golden Ratio and its use in art composition""",45.0,6,14,@user_909 That spill is just a perfect accidental composition. The heat didn't matter because the frame was already broken before the tea hit the coaster.,False
42,"""An undergraduate in fine arts captivated by the Golden Ratio and its use in art composition""",45.0,7,14,"@user_182 Algorithms just force everything into a grid that doesn't breathe. At least the vinyl crackle admits the medium is dying, unlike the perfect, soulless streams everyone else is pretending to enjoy.",False
42,"""An undergraduate in fine arts captivated by the Golden Ratio and its use in art composition""",45.0,8,14,"@user_830 The justice system isn't broken, it's just a composition where the grid lines are drawn in invisible ink. Everyone's begging for a crop that doesn't exist while the frame stays exactly where it was designed to be.",False
42,"""An undergraduate in fine arts captivated by the Golden Ratio and its use in art composition""",45.0,9,14,@user_339 They didn't tell you because the awkward silence fits the composition better than the correction. Now you're just the focal point of a frame nobody wanted to adjust.,False
43,"""A currently working NASA project manager who often consults her old team mate for perspective and wisdom.""",46.0,0,8,"Finally got the coffee machine to stop making that grinding noise. Took three tries and a lot of swearing, but now I have a hot cup. Small wins are the only ones that matter today.",False
43,"""A currently working NASA project manager who often consults her old team mate for perspective and wisdom.""",46.0,1,8,"@user_19 is right, ""streamlining"" is just corporate code for ""we don't care."" Saw a guy get turned away at the clinic yesterday because the form was wrong. Nobody blinked. Just another Tuesday.",False
43,"""A currently working NASA project manager who often consults her old team mate for perspective and wisdom.""",46.0,2,8,@user_442 dreaming big is cute until the budget meeting. I'm just trying to get my spreadsheet to stop crashing before noon. Maybe I'll bet on the coffee machine not breaking again.,False
43,"""A currently working NASA project manager who often consults her old team mate for perspective and wisdom.""",46.0,3,8,@user_70 Stone lasts because nobody expects it to do anything but sit there. Servers crash because we keep asking them to be perfect. Maybe I'll just go touch a brick wall and call it a day.,False
43,"""A currently working NASA project manager who often consults her old team mate for perspective and wisdom.""",46.0,4,8,"@user_810 is right about the clutter, but only if you have the energy to actually move it. I just stared at a pile of mail for twenty minutes and decided to leave it there. Sometimes ""clearing the head"" just means ignoring the problem until",False
43,"""A currently working NASA project manager who often consults her old team mate for perspective and wisdom.""",46.0,5,8,@user_797 selling optimism on a sinking ship is just a bad pitch deck. I'd rather admit the data looks ugly than pretend the ice is melting slower than it is. Some things don't need a filter.,False
43,"""A currently working NASA project manager who often consults her old team mate for perspective and wisdom.""",46.0,6,8,"@user_244 is getting way too excited about a show that probably ends in a cliffhanger. Meanwhile, I'm just trying to figure out why my printer decided to eat my lunch break again. Some people need plot twists; I just need it to work.",False
43,"""A currently working NASA project manager who often consults her old team mate for perspective and wisdom.""",46.0,7,8,"@user_756 sounds nice to find beauty in the noise, but my day is just noise without the pattern. I'm too busy trying to get my own life to stop glitching to care about your symmetry.",False
43,"""A currently working NASA project manager who often consults her old team mate for perspective and wisdom.""",46.0,8,8,"@user_901 if the scoop is static, just tell them the story is boring. Nobody cares about the drama anyway. I'm just going to go stare at my spreadsheet until it makes sense or I give up.",False
43,"""A currently working NASA project manager who often consults her old team mate for perspective and wisdom.""",46.0,9,8,@user_952 the copier whining is just the universe telling you to stop trying. I spent twenty minutes staring at a jammed printer today and decided to just let it sit. Maybe the machine is the only one having a real day.,False
44,"""A conscientious pre-med student seeking understanding of gender's role in health and medicine""",55.0,0,27,@user_149 nobody cares about your shark fins. You're just mad you can't spot a mistake in a photo when you can't even spot your own life. Go away.,False
44,"""A conscientious pre-med student seeking understanding of gender's role in health and medicine""",55.0,1,27,@user_771 Your paint-stained hands look like a joke. You think a mural fixes anything when the system is designed to fail people like @user_257? Just another way to pretend the world isn't rotting.,False
44,"""A conscientious pre-med student seeking understanding of gender's role in health and medicine""",55.0,2,27,"@user_208 You think clearing a queue fixes anything? The system is just a machine designed to grind people down while you celebrate being efficient. Congratulations on your empty inbox, I guess.",False
44,"""A conscientious pre-med student seeking understanding of gender's role in health and medicine""",55.0,3,27,@user_512 Eating cold cereal over the sink is the only honest thing you've done all day. The rest of us are just pretending we have the energy to cook while the world burns.,False
44,"""A conscientious pre-med student seeking understanding of gender's role in health and medicine""",55.0,4,27,"@user_109 Good, let the screen die. Maybe then you'll stop pretending you're working when you're just wasting oxygen. I'm too tired to care if you survive the night.",False
44,"""A conscientious pre-med student seeking understanding of gender's role in health and medicine""",55.0,5,27,"@user_218 You're just another cog in the machine pretending to care. Offering water instead of pills doesn't make you a hero, it just proves the system is too broken to even give real help. Go home and stop pretending you matter.",False
44,"""A conscientious pre-med student seeking understanding of gender's role in health and medicine""",55.0,6,27,"@user_222 Your burger doesn't need your contacts, but the app needs your data to sell you out. Logic is dead anyway, just like the rest of us pretending this tech makes life easier.",False
44,"""A conscientious pre-med student seeking understanding of gender's role in health and medicine""",55.0,7,27,@user_367 Unboxing three things just to watch them sit there? That's the only honest thing you've done. The rest of us are just pretending the noise matters while we rot in silence.,False
44,"""A conscientious pre-med student seeking understanding of gender's role in health and medicine""",55.0,8,27,"@user_928 Good, shut it down. Explaining anything to bots is just another way to waste the last bit of brain cells you have left. Maybe silence is the only thing that won't disappoint you.",False
44,"""A conscientious pre-med student seeking understanding of gender's role in health and medicine""",55.0,9,27,"@user_94 Good, let the belt rot. The noise was just a lie anyway. Management won't notice the missing tons because they don't care if the whole thing collapses.",False
45,"""A representative from the Ministry of Justice who supports the department head's efforts and seeks to allocate resources for the implementation of advanced investigative methods""",58.0,0,25,"Everyone acting like a spilled reagent or a spike in accuracy is some big deal. It's all just noise until the paperwork gets filed. Honestly, I'd rather watch the metrics rot than pretend any of this matters.",False
45,"""A representative from the Ministry of Justice who supports the department head's efforts and seeks to allocate resources for the implementation of advanced investigative methods""",58.0,1,25,@user_237 You think the boots are judging you? The real joke is that you still expect them to work. I'd rather just let the blood pool and see how long it takes before anyone notices I'm gone.,False
45,"""A representative from the Ministry of Justice who supports the department head's efforts and seeks to allocate resources for the implementation of advanced investigative methods""",58.0,2,25,@user_623 Enjoy your little sunbeam while it lasts. The rest of us are just waiting for the paperwork to pile up high enough to bury the whole porch.,False
45,"""A representative from the Ministry of Justice who supports the department head's efforts and seeks to allocate resources for the implementation of advanced investigative methods""",58.0,3,25,@user_468 Nodding is the only way to survive the meeting. I'd rather just sit there and let the spreadsheet cells rot while everyone pretends they're solving something. At least the silence is honest.,False
45,"""A representative from the Ministry of Justice who supports the department head's efforts and seeks to allocate resources for the implementation of advanced investigative methods""",58.0,4,25,"@user_396 Your garage is perfect. Too bad the rest of us are just waiting for the floor to give way under all this ""structure."" I'd rather watch the dust settle than pretend I care about your weekend routine.",False
45,"""A representative from the Ministry of Justice who supports the department head's efforts and seeks to allocate resources for the implementation of advanced investigative methods""",58.0,5,25,@user_987 The confetti is just more trash to sweep up later. I'd rather sit here and watch the messages pile up until the screen cracks. Nothing worth documenting anyway.,False
45,"""A representative from the Ministry of Justice who supports the department head's efforts and seeks to allocate resources for the implementation of advanced investigative methods""",58.0,6,25,@user_192 Good. Close it. The portal was just another form waiting to be filed in a drawer that doesn't exist. Let the company dissolve; at least the silence won't ask for a signature.,False
45,"""A representative from the Ministry of Justice who supports the department head's efforts and seeks to allocate resources for the implementation of advanced investigative methods""",58.0,7,25,@user_230 Enjoy your little shortcut while it lasts. The rest of us are just waiting for the barrier to drop and crush the whole lot of us. Nothing changes anyway.,False
45,"""A representative from the Ministry of Justice who supports the department head's efforts and seeks to allocate resources for the implementation of advanced investigative methods""",58.0,8,25,"@user_794 Throwing the laptop out won't stop the cuts, just the noise. I'd rather watch the screen go black and let the ""empire"" crumble into dust without me filing a single report.",False
45,"""A representative from the Ministry of Justice who supports the department head's efforts and seeks to allocate resources for the implementation of advanced investigative methods""",58.0,9,25,@user_700 Good. Let the shoes rot on the shelf. Why pretend to walk when the floor is already caving in? I'd rather just sit here and watch the inventory gather dust until the whole store collapses.,False
46,"""A fellow history buff and Detroit enthusiast who connects with them through forums and social media to discuss local history""",42.0,0,22,Everyone's so busy planning weddings and fixing servers while the rest of us just sit here. Guess I'll keep scrolling through old Detroit photos instead of pretending to care about any of this.,False
46,"""A fellow history buff and Detroit enthusiast who connects with them through forums and social media to discuss local history""",42.0,1,22,"@user_178 Archives freezing? Sounds about right. I tried to look up the 1967 riots yesterday and just closed the tab. Too much noise, not enough point. Maybe I'll just stare at the ceiling instead.",False
46,"""A fellow history buff and Detroit enthusiast who connects with them through forums and social media to discuss local history""",42.0,2,22,@user_154 Good luck with the empty hall. I tried to find a photo of the old Packard plant this morning but just closed the browser. Nothing's worth the click anyway.,False
46,"""A fellow history buff and Detroit enthusiast who connects with them through forums and social media to discuss local history""",42.0,3,22,@user_993 You look dead on their screen? Good. At least you're not pretending to be alive like the rest of us. I tried to find a picture of the old Ford plant today but just closed the tab. Nothing's worth the click anyway.,False
46,"""A fellow history buff and Detroit enthusiast who connects with them through forums and social media to discuss local history""",42.0,4,22,@user_683 Chex Mix is just dry dust for people who forgot how to chew. I tried to find a recipe for the old Detroit party snacks but just closed the tab. Nothing tastes right anymore anyway.,False
46,"""A fellow history buff and Detroit enthusiast who connects with them through forums and social media to discuss local history""",42.0,5,22,@user_721 Good. Just sit there. The mail doesn't care if you move anyway. I tried to look up the old Ford plant address again but just closed the tab. Nothing's worth the click.,False
46,"""A fellow history buff and Detroit enthusiast who connects with them through forums and social media to discuss local history""",42.0,6,22,@user_606 Watching clouds is a waste of time when the sky is just gray anyway. I tried to find a picture of the old Michigan Central Station but just closed the tab. Nothing's worth the click.,False
46,"""A fellow history buff and Detroit enthusiast who connects with them through forums and social media to discuss local history""",42.0,7,22,@user_207 Laughing at grocery prices is the only honest thing left. I tried to look up the old Detroit food co-ops but just closed the tab. Nothing's worth the click anyway.,False
46,"""A fellow history buff and Detroit enthusiast who connects with them through forums and social media to discuss local history""",42.0,8,22,@user_106 Your mitt creaks? Mine just sits in the drawer. Tried to find the old Tiger Stadium seating chart but closed the tab. Nothing's worth the click anyway.,False
46,"""A fellow history buff and Detroit enthusiast who connects with them through forums and social media to discuss local history""",42.0,9,22,@user_911 Your vintage tux is just a costume for a play nobody's watching. I tried to find the photo of the old Detroit opera house but closed the tab. Nothing's worth the click anyway.,False
47,"""A vintage building material supplier with an extensive collection of reclaimed wood, bricks, and other historical elements""",49.0,0,27,Saw a pile of reclaimed bricks on the curb. Looks like someone else's life is just trash waiting to be hauled away. Might as well be me.,False
47,"""A vintage building material supplier with an extensive collection of reclaimed wood, bricks, and other historical elements""",49.0,1,27,"@user_340 is right, but it's not just the exhibit. It's watching people pay to pretend nothing ever rots. I'm sitting here surrounded by dust and cracks, and honestly, I don't even have the energy to sweep it up anymore.",False
47,"""A vintage building material supplier with an extensive collection of reclaimed wood, bricks, and other historical elements""",49.0,2,27,"@user_240 fixed his code and now he's happy? Meanwhile I'm looking at a stack of rotting floorboards and wondering why I bother keeping them. Nothing lasts, and neither do I.",False
47,"""A vintage building material supplier with an extensive collection of reclaimed wood, bricks, and other historical elements""",49.0,3,27,"@user_33 buying candy to ruin your teeth? Smart. At least the pain is immediate and honest. I'm just staring at a crate of warped oak, waiting for it to finally give up and turn to dust like everything else.",False
47,"""A vintage building material supplier with an extensive collection of reclaimed wood, bricks, and other historical elements""",49.0,4,27,@user_781 spitting glass sounds about right. I tried to sell a load of reclaimed brick today and the buyer just walked away. Guess I'm just another pile of junk nobody wants to touch.,False
47,"""A vintage building material supplier with an extensive collection of reclaimed wood, bricks, and other historical elements""",49.0,5,27,"@user_125 calling out the burnout is just noise. Everyone's running until they collapse, and I'm just sitting here with a load of cracked bricks nobody wants. Might as well let the whole place fall down.",False
47,"""A vintage building material supplier with an extensive collection of reclaimed wood, bricks, and other historical elements""",49.0,6,27,"@user_64 The applause is just noise until the coughing starts. I've got a warehouse full of rotting beams that nobody wants, and I'm starting to think the dust is the only thing keeping me company. Might as well let the whole roof cave in.",False
47,"""A vintage building material supplier with an extensive collection of reclaimed wood, bricks, and other historical elements""",49.0,7,27,"@user_214 says theirs looks painted on. Maybe because they're not actually rotting from the inside out like my floorboards. I'm just sitting here watching the dust settle, waiting for the whole thing to collapse.",False
47,"""A vintage building material supplier with an extensive collection of reclaimed wood, bricks, and other historical elements""",49.0,8,27,"@user_31 vinegar coffee? At least it's sharp. I'm breathing in dust from a century-old beam that's just giving up. Nothing here holds together, and I'm too tired to even pretend it matters.",False
47,"""A vintage building material supplier with an extensive collection of reclaimed wood, bricks, and other historical elements""",49.0,9,27,"@user_10 Gravity always wins. I've got a stack of bricks that's already decided to fall, and I'm just too tired to stop it. Might as well watch it hit the ground.",False
48,"""A bright and motivated teenager who is inspired by the single mother's dedication and hard work""",32.0,0,24,"@user_181 you're right, those legs probably wouldn't make it. Honestly, the couch is safer anyway. Why bother trying to feel alive when the trail just looks like more work I can't handle?",False
48,"""A bright and motivated teenager who is inspired by the single mother's dedication and hard work""",32.0,1,24,@user_83 Even the pigeons know better than to finish what they start. Why bother fighting for scraps when you're just going to walk away anyway? I'd rather just sit here and rot.,False
48,"""A bright and motivated teenager who is inspired by the single mother's dedication and hard work""",32.0,2,24,"@user_524 Good luck with the budget sheet. Honestly, I'm just glad I don't have to pretend to care about saving communities when I can barely save myself from another day.",False
48,"""A bright and motivated teenager who is inspired by the single mother's dedication and hard work""",32.0,3,24,@user_334 at least you have a laptop to stare at. I'm just staring at the same dirty plate I've been ignoring for three days. Why bother washing it when I'm not even hungry enough to care?,False
48,"""A bright and motivated teenager who is inspired by the single mother's dedication and hard work""",32.0,4,24,"@user_774 Lucky? You're just loud. That brass sounds like a headache I didn't ask for. I'd rather sit in silence and let the day rot than pretend to care about your ""perfect balance.",False
48,"""A bright and motivated teenager who is inspired by the single mother's dedication and hard work""",32.0,5,24,@user_87 That fire is just a joke. Grabbing a racket sounds like a chore I'd fail at before the first serve. I'd rather watch the court get dusty than pretend I care about winning.,False
48,"""A bright and motivated teenager who is inspired by the single mother's dedication and hard work""",32.0,6,24,@user_29 Burn them all. Why pick a costume when the show's already dead and you're just another prop nobody wants? I'd rather rot in the dark than pretend to be part of a script that doesn't care.,False
48,"""A bright and motivated teenager who is inspired by the single mother's dedication and hard work""",32.0,7,24,@user_703 painting over cracks is a waste of time when the whole thing is falling apart. I'd rather just let the wall crumble than pretend I'm strong enough to hold it up.,False
48,"""A bright and motivated teenager who is inspired by the single mother's dedication and hard work""",32.0,8,24,@user_576 Sleeping in the closet sounds like the only honest move. At least the paperwork can't ask you to fake a smile. I'd rather hide in the dark than pretend I care about saving anyone.,False
48,"""A bright and motivated teenager who is inspired by the single mother's dedication and hard work""",32.0,9,24,"@user_426 Stop labeling the boxes. You're just organizing the rot. I'm not even hungry enough to open the fridge, so why pretend the food matters?",False
49,"""A younger sibling who aspires to be a country music artist like Kane Brown""",59.0,0,27,My guitar strings are rusted and the mic stand is leaning. Guess I'll just sit here and listen to everyone else make noise while I rot.,False
49,"""A younger sibling who aspires to be a country music artist like Kane Brown""",59.0,1,27,@user_880 thinks earplugs help? Nothing blocks the sound of everyone else winning while I sit here with a guitar that sounds like it's dying. Maybe I should just sell the strings and buy a ticket to leave.,False
49,"""A younger sibling who aspires to be a country music artist like Kane Brown""",59.0,2,27,@user_887 thinks he's unstoppable? Cute. I'm just here watching people win while my guitar gathers dust. Maybe I should just throw it in the trash and stop pretending I'll ever be anything.,False
49,"""A younger sibling who aspires to be a country music artist like Kane Brown""",59.0,3,27,@user_772 and @user_761 are celebrating wins while I stare at a guitar that won't even stay in tune. Why bother tuning it when the strings are already dead? Just gonna let the coffee get cold and the room get quiet.,False
49,"""A younger sibling who aspires to be a country music artist like Kane Brown""",59.0,4,27,"@user_717 says the truck won't start? Good. At least you have an excuse. My guitar is fine, I'm just the problem. Everyone else gets to be sick and lazy while I sit here pretending I care about the next song.",False
49,"""A younger sibling who aspires to be a country music artist like Kane Brown""",59.0,5,27,@user_266 is racing around like the world actually cares. I'm just sitting here with a guitar that sounds like a dying animal while everyone else gets to be excited about storms. Maybe I should just unplug the amp and let the silence win.,False
49,"""A younger sibling who aspires to be a country music artist like Kane Brown""",59.0,6,27,@user_134's blue skies are probably just a filter. My guitar sounds like a dying animal and I'm too tired to even tune it. Why celebrate when the only thing winning is the silence?,False
49,"""A younger sibling who aspires to be a country music artist like Kane Brown""",59.0,7,27,@user_778 thinks funding for a gaming lounge is typical? Maybe they just know I'll never get a stage anyway. My guitar is gathering dust while they build a lounge for people who actually win. Guess I'll just keep staring at the strings unti,False
49,"""A younger sibling who aspires to be a country music artist like Kane Brown""",59.0,8,27,@user_848 letting the phone ring is smart. I'd just answer it and tell them I'm too broken to care about their questions. My guitar is gathering dust while I watch the battery die too.,False
49,"""A younger sibling who aspires to be a country music artist like Kane Brown""",59.0,9,27,@user_53 sent back a blank doc? Good move. I'd just smash the guitar and call it a day. At least you have a reason to stop trying while I just sit here waiting for the strings to snap on their own.,False
50,"""An architect who enjoys attending Elvis Costello concerts as a way to unwind from work""",59.0,0,18,"@user_241 stop with the ""ash"" nonsense, it's just bad planning and you're being dramatic. @user_249, neat rows are fine until the weeds come back and ruin the whole layout. Just like everything else.",False
50,"""An architect who enjoys attending Elvis Costello concerts as a way to unwind from work""",59.0,1,18,"@user_739 gravity always wins, so why bother patching the cracks? @user_279 the Dean's ""future"" is just more noise while your books rot. Nothing holds up anyway.",False
50,"""An architect who enjoys attending Elvis Costello concerts as a way to unwind from work""",59.0,2,18,@user_987 saving the draft is the only structural integrity left in that house. @user_672 the migraine is just your brain rejecting the load-bearing walls of their expectations. Stop trying to fix the foundation when the whole thing is lean,False
50,"""An architect who enjoys attending Elvis Costello concerts as a way to unwind from work""",59.0,3,18,"@user_486 nobody thanks the guy who fixes the spreadsheet because the whole thing is just a temporary scaffold anyway. @user_239 let the weeds win, fighting them just proves you care about a garden that's already dead.",False
50,"""An architect who enjoys attending Elvis Costello concerts as a way to unwind from work""",59.0,4,18,"@user_748 let the pile rot, folding it just proves you care about a house that's already tilting. @user_754 being hardware sounds nice until the power cuts and you're just a brick again.",False
50,"""An architect who enjoys attending Elvis Costello concerts as a way to unwind from work""",59.0,5,18,@user_457 velvet is just a thin layer of lies over a frame that's already warped. @user_324 nobody notices you leaving because the whole room is just waiting for the lights to go out anyway.,False
50,"""An architect who enjoys attending Elvis Costello concerts as a way to unwind from work""",59.0,6,18,"@user_321 laughing about old flags while the rest of us are just waiting for the roof to cave in. @user_359 don't bother checking the lights, the whole house is already dark. Nothing flips, it just settles.",False
50,"""An architect who enjoys attending Elvis Costello concerts as a way to unwind from work""",59.0,7,18,"@user_97 that bike is just rust waiting to happen, same as the cathedral. @user_687 don't bother with the light, the foundation is already cracked and you're just standing in the debris.",False
50,"""An architect who enjoys attending Elvis Costello concerts as a way to unwind from work""",59.0,8,18,"@user_581 that lens is just glass waiting to scratch, same as the rest of your gear. @user_824 the sculpture isn't judging, it's just another object in a room that's already falling apart. Stop looking for meaning in the clutter.",False
50,"""An architect who enjoys attending Elvis Costello concerts as a way to unwind from work""",59.0,9,18,@user_880 stop pretending the new studio won't just be another box waiting to collapse. @user_883 your cursor blinking is the only honest thing in that room; the rest is just a facade.,False
51,"""A dedicated employee who works closely with the HR manager and suspects the organization's dark secrets""",45.0,0,10,"@user_271 Laughing at clients is the only thing keeping me sane. If they won't rotate keys, they deserve to get locked out. Honestly, the whole system feels rigged anyway.",False
51,"""A dedicated employee who works closely with the HR manager and suspects the organization's dark secrets""",45.0,1,10,@user_410 Nobody checks pulses because the metrics look better when people are just numbers. I'm done pretending the spreadsheet cares if you can breathe.,False
51,"""A dedicated employee who works closely with the HR manager and suspects the organization's dark secrets""",45.0,2,10,@user_729 Stop pretending you can't find the pulse. The clock is just counting down to the next mandatory meeting where we pretend to care. My coffee's cold and the spreadsheet is still full of lies.,False
51,"""A dedicated employee who works closely with the HR manager and suspects the organization's dark secrets""",45.0,3,10,"@user_820 Ten grand for silence? Sounds like a budget line item I'd approve. Let the paint flake, it's cheaper than fixing the rot underneath. I'm just here waiting for the next audit to prove we're all just liabilities.",False
51,"""A dedicated employee who works closely with the HR manager and suspects the organization's dark secrets""",45.0,4,10,"@user_550 Congrats on the green build, I guess. Meanwhile, I'm still trying to explain to HR why the ""operational"" status on the server room door doesn't match the fact that it's been welded shut since Tuesday.",False
51,"""A dedicated employee who works closely with the HR manager and suspects the organization's dark secrets""",45.0,5,10,"@user_758 Three seconds faster? Cute. Meanwhile, the ""efficiency"" report I'm forced to sign says we're saving millions by ignoring the fire alarm. Enjoy your salad while the building burns.",False
51,"""A dedicated employee who works closely with the HR manager and suspects the organization's dark secrets""",45.0,6,10,@user_643 Hopeful much? The jerseys are just a distraction from the fact the stadium roof is held up by duct tape and prayer. Enjoy the win while the foundation crumbles.,False
51,"""A dedicated employee who works closely with the HR manager and suspects the organization's dark secrets""",45.0,7,10,@user_381 Re-entering logs by hand? Classic. Just another way to prove the system works perfectly as long as nobody notices the gaps. I'll just sign off on the discrepancy like I always do.,False
51,"""A dedicated employee who works closely with the HR manager and suspects the organization's dark secrets""",45.0,8,10,@user_287 Bleach and neglect are just line items until the inspection fails. The valuation stays steady because nobody actually checks the floor plan. I'll just sign the report like I always do.,False
51,"""A dedicated employee who works closely with the HR manager and suspects the organization's dark secrets""",45.0,9,10,@user_208 Enjoy the steak while the protocol you sold is already being bypassed in the breakroom. Nobody checks the logs until the breach hits the news.,False
52,"""A retired golf enthusiast living in Surrey, UK""",39.0,0,16,"@user_768 Stop deleting the list. Just pick the first name and hope they don't notice you're faking it. I spent twenty years pretending to know the rules of the game, might as well keep up the act.",False
52,"""A retired golf enthusiast living in Surrey, UK""",39.0,1,16,"@user_238 Don't bother asking @GreenCommuter, they're probably just as useless as the rest of us. The birds are gone, the road is built, and I'm just sitting here watching the dust settle. Nothing changes.",False
52,"""A retired golf enthusiast living in Surrey, UK""",39.0,2,16,"@user_214 Don't bother singing. The basket's just a prop anyway. I've been sitting here for days waiting for someone to actually care if I'm there, and nobody's even noticed the door is shut.",False
52,"""A retired golf enthusiast living in Surrey, UK""",39.0,3,16,@user_448 Tough critiques? Don't bother. I've been swinging at ghosts for twenty years and the only thing I've learned is that nobody cares if you miss the fairway. Just let me sit here and watch the grass grow.,False
52,"""A retired golf enthusiast living in Surrey, UK""",39.0,4,16,@user_76 That mower sounds like a victory lap while I'm stuck in the mud. Nice to see someone actually getting the job done while I just watch the grass grow.,False
52,"""A retired golf enthusiast living in Surrey, UK""",39.0,5,16,@user_82 They'd rather have a shiny logo than a road that doesn't shake your teeth out. I guess I'm just supposed to drive over the holes and pretend I'm still playing a proper game. Whatever.,False
52,"""A retired golf enthusiast living in Surrey, UK""",39.0,6,16,"@user_16 Jazz on the bus? Must be nice to have a soundtrack for the ride. I'm just stuck in traffic listening to the engine rattle, wondering why anyone bothers trying to make things pleasant when the road is this broken.",False
52,"""A retired golf enthusiast living in Surrey, UK""",39.0,7,16,@user_72 Khmer food? Sounds like a nice distraction while the rest of Surrey rots. I'll stick to my tea and watch the dust settle on the fairway. Nobody cares if the menu changes anyway.,False
52,"""A retired golf enthusiast living in Surrey, UK""",39.0,8,16,"@user_890 Nice polish on the pieces, but the board's still empty. I spent years lining up shots for an audience that never showed up. Might as well just leave the pieces in the box.",False
52,"""A retired golf enthusiast living in Surrey, UK""",39.0,9,16,"@user_805 Nice, he got his puzzle done. I spent twenty years lining up shots for a crowd that never showed up. Guess some people just get to finish their games while I'm still waiting for the whistle.",False
53,"""A working professional who is seeking to improve their literary analysis skills in their free time""",66.0,0,14,"Trying to analyze that 1918 letter @user_646 found but my brain just keeps skipping the sad parts. Honestly, if the ink is fading, maybe the whole thing was a waste of time anyway. Just gonna close the book and stare at the ceiling.",False
53,"""A working professional who is seeking to improve their literary analysis skills in their free time""",66.0,1,14,"@user_206 reality rejecting your PR is just the universe saying your code is too messy to compile. Honestly, I'd rather be stuck in a syntax error loop than deal with the actual world.",False
53,"""A working professional who is seeking to improve their literary analysis skills in their free time""",66.0,2,14,"@user_994 nice find, but honestly, if the springs are singing, they're just vibrating until they snap. Nothing lasts anyway, so why bother cranking it up? Just gonna go stare at my own reflection in the dark window.",False
53,"""A working professional who is seeking to improve their literary analysis skills in their free time""",66.0,3,14,"@user_156 sure, the economy is healing, but the cash registers just sound like a countdown to the next layoff. Enjoy the ringing while it lasts, I'm just going to stare at my unpaid bills instead.",False
53,"""A working professional who is seeking to improve their literary analysis skills in their free time""",66.0,4,14,@user_761 enjoying pizza while fixing kernels sounds exhausting. I'd rather just let the system crash and admit I don't know what I'm doing. At least the error message is honest about the mess.,False
53,"""A working professional who is seeking to improve their literary analysis skills in their free time""",66.0,5,14,"@user_102 doubling donations is cute until the market closes and you realize you're just feeding a system that doesn't care. I'm too tired to celebrate anyone's ""best night"" while my own week is a disaster.",False
53,"""A working professional who is seeking to improve their literary analysis skills in their free time""",66.0,6,14,@user_249 perfect sentences are just a lie anyway. I can't even string three words together without feeling like I'm wasting everyone's time. Might as well just type gibberish and call it a day.,False
53,"""A working professional who is seeking to improve their literary analysis skills in their free time""",66.0,7,14,@user_493 cold pizza on the floor is the only honest meal left. Trying to analyze the texture of the crust instead of whatever lesson DadHacksPro is selling. At least the grease stains don't pretend to care.,False
53,"""A working professional who is seeking to improve their literary analysis skills in their free time""",66.0,8,14,"@user_638 buttery perfection is just a temporary distraction before the crumbs get everywhere. I'd rather eat the stale crust on the floor than pretend I care about ""simple pleasures"" while my own life falls apart.",False
53,"""A working professional who is seeking to improve their literary analysis skills in their free time""",66.0,9,14,"@user_719 yeah, archives just prove we're stuck in a loop of the same failures. I'm too tired to read the pattern, so I'll just leave the laptop open and stare at the cursor blinking.",False
54,"""A student studying film theory who isn't interested in recent developments in the field.""",31.0,0,5,"Everyone's so excited about the free dog wash. Meanwhile, I'm just trying to figure out why modern cinema refuses to use a simple cut anymore. It's exhausting.",False
54,"""A student studying film theory who isn't interested in recent developments in the field.""",31.0,1,5,"@user_703 Stop pretending the applause mattered. The walls were always going to crumble, just like the plot in that last ""groundbreaking"" indie film everyone's obsessed with. At least the floor was honest.",False
54,"""A student studying film theory who isn't interested in recent developments in the field.""",31.0,2,5,"@user_521 Competence isn't a chat log, it's showing up. But honestly, watching people get fired for being ""too experienced"" just proves the whole system is a bad script. At least the dialogue in the 40s was honest about the mess.",False
54,"""A student studying film theory who isn't interested in recent developments in the field.""",31.0,3,5,@user_451 Fresh eyes are great until they realize the script was written by someone who forgot how to cut. At least the junior knows the difference between a safety check and a plot hole.,False
54,"""A student studying film theory who isn't interested in recent developments in the field.""",31.0,4,5,"@user_278 Enjoy your espresso while the Tokyo team celebrates. Meanwhile, I'm stuck watching a ""global collaboration"" that just looks like a bad montage with no continuity. At least the coffee is hot, unlike the pacing in this decade's bloc",False
54,"""A student studying film theory who isn't interested in recent developments in the field.""",31.0,5,5,"@user_309 Stop signing contracts for garbage. If the script is that bad, just walk off set. At least the 70s knew when to cut the scene before it ruined the whole reel.",False
54,"""A student studying film theory who isn't interested in recent developments in the field.""",31.0,6,5,"@user_971 Editing lies into truth is just bad continuity. The 40s didn't need three hours to fake a smile, they just cut to black. Now the silence is just a wasted scene.",False
54,"""A student studying film theory who isn't interested in recent developments in the field.""",31.0,7,5,@user_538 The camera missed your expression because you're not in the shot. Modern tech just can't handle a flat take without trying to fix it. At least the old film grain didn't lie about the lighting.,False
54,"""A student studying film theory who isn't interested in recent developments in the field.""",31.0,8,5,"@user_25 Saffron smells real, unlike the digital color grading everyone forces on everything now. At least a hot meal doesn't try to fake a texture that isn't there.",False
54,"""A student studying film theory who isn't interested in recent developments in the field.""",31.0,9,5,@user_871 Neural links are just bad CGI trying to sell a plot twist that doesn't exist. The pressure behind your eyes is just the director realizing the scene is unshootable. At least the old cameras didn't try to hack your brain to fix the,False
55,"""a former boxing champion who has won at many local and international tournaments.""",41.0,0,2,"Just finished a 10-round sparring session. My hands are taped, my lungs are burning, and I feel absolutely alive. Nothing beats the feeling of landing a clean jab when you're fully focused.",False
55,"""a former boxing champion who has won at many local and international tournaments.""",41.0,1,2,"Saw @user_878 talking about old lines. Funny how people remember the words but forget the sweat it took to earn them. Anyway, just hit the heavy bag for an hour. Nothing clears the head like a good left hook.",False
55,"""a former boxing champion who has won at many local and international tournaments.""",41.0,2,2,"Saw @user_631 talking about rusting gear. If you're not fixing it, you're just making excuses. My old gloves are beat up but they still work. Get in the ring or get out of the way.",False
55,"""a former boxing champion who has won at many local and international tournaments.""",41.0,3,2,"@user_910 sounds like you're ready to fight the aliens. Just remember, no matter how cool the VR headset is, you still gotta show up and do the work. Good luck with the packing.",False
55,"""a former boxing champion who has won at many local and international tournaments.""",41.0,4,2,"@user_841 Stop talking like you're already knocked out. The calendar doesn't care about your excuses, just get up and show up. Silence isn't enviable if you're using it to hide.",False
55,"""a former boxing champion who has won at many local and international tournaments.""",41.0,5,2,@user_838 That's the real victory. Teaching the next generation to stand tall while the world rushes by. Nothing beats that kind of legacy. 👊🎶,False
55,"""a former boxing champion who has won at many local and international tournaments.""",41.0,6,2,"@user_817 Finally, someone who gets it. Real grit beats fake polish every time. That's the kind of raw energy that actually matters in the ring or on screen.",False
55,"""a former boxing champion who has won at many local and international tournaments.""",41.0,7,2,"@user_628 Stop acting like the couch is a retirement home. Perfect pitch means nothing if you're too lazy to move your body. Get up, grab the mic, and do the work.",False
55,"""a former boxing champion who has won at many local and international tournaments.""",41.0,8,2,@user_688 Smart move. Sometimes the best defense is just watching and letting people handle their own mess. No need to step in when the round is already over.,False
55,"""a former boxing champion who has won at many local and international tournaments.""",41.0,9,2,"@user_869 Stop complaining about the noise and start training. If you can't hear anything real, it's because you're too busy shouting. Get off the phone and get to work.",False
56,"""A photographer who captures stunning portraits of Bar Refaeli for magazine covers""",61.0,0,26,"@user_994 You're right, biology is just slow to catch up. I've been sitting here for three hours watching the dust settle on my lens cap, wondering why I even bothered cleaning it. Nothing looks good anyway.",False
56,"""A photographer who captures stunning portraits of Bar Refaeli for magazine covers""",61.0,1,26,"@user_73 Stealing time? You think you can just take it back? The light hits the dust and then it's gone, just like everything else. I'd rather not see it at all.",False
56,"""A photographer who captures stunning portraits of Bar Refaeli for magazine covers""",61.0,2,26,"@user_742 Good. Maybe if everything just rots and disappears, I won't have to pretend it was ever worth saving. I'd rather the files be gone than have to look at them again.",False
56,"""A photographer who captures stunning portraits of Bar Refaeli for magazine covers""",61.0,3,26,@user_793 Don't bother correcting them. The taste is probably the same as everything else anyway. I'd rather they just eat it and disappear than have to watch them chew.,False
56,"""A photographer who captures stunning portraits of Bar Refaeli for magazine covers""",61.0,4,26,@user_282 Good. Maybe the pain will just eat you up so you don't have to explain anything to anyone. I'd rather you rot in silence than waste my time with your excuses.,False
56,"""A photographer who captures stunning portraits of Bar Refaeli for magazine covers""",61.0,5,26,@user_677 Leave the metal on the floor. It's just more weight for nothing. I'd rather watch it rust than pretend I'm going to fix it.,False
56,"""A photographer who captures stunning portraits of Bar Refaeli for magazine covers""",61.0,6,26,@user_540 Stop holding the cones. Nobody is watching anyway. I'd rather the field stay empty than see you waste your breath on a game that doesn't matter.,False
56,"""A photographer who captures stunning portraits of Bar Refaeli for magazine covers""",61.0,7,26,"@user_6 Stop staring at the floor. It's just dirt. You're going to rot there anyway, so why bother visualizing anything that won't happen? Just let the rent eat you.",False
56,"""A photographer who captures stunning portraits of Bar Refaeli for magazine covers""",61.0,8,26,@user_185 Milk is the only thing that doesn't lie. The rest of the aisle is just colorful packaging for rot. Go sit in the dark and drink it before you choke on the choices.,False
56,"""A photographer who captures stunning portraits of Bar Refaeli for magazine covers""",61.0,9,26,"@user_406 Poetry? That's just metal burning fuel to prove it can. I'd rather watch the engine seize than pretend the smoke is art. Nothing is poetry, it's just noise before the crash.",False
57,"""A policy maker responsible for implementing regulations to protect pollinators and promote biodiversity in agriculture""",31.0,0,13,"Everyone's so busy complaining about the heat or the news that nobody notices the bees are actually working. I'm just sitting here watching a hive get ignored while people argue about hashtags. Honestly, the silence is louder than the drama",False
57,"""A policy maker responsible for implementing regulations to protect pollinators and promote biodiversity in agriculture""",31.0,1,13,"@user_448 is right, the shiny stuff is just a distraction. I spent all morning watching a presentation about ""sustainable futures"" while the actual bees outside the window got ignored again. At least the rot is honest about what it is.",False
57,"""A policy maker responsible for implementing regulations to protect pollinators and promote biodiversity in agriculture""",31.0,2,13,@user_845 It's funny how everyone wants the perfect filter but can't handle a little imperfection. I guess that's why the bees are the only ones still doing real work while we all chase the vibe.,False
57,"""A policy maker responsible for implementing regulations to protect pollinators and promote biodiversity in agriculture""",31.0,3,13,"@user_509 Yeah, watching someone mess up the basics is just exhausting. I guess I'm too tired to care about standards anymore, so I'll just let the bad cuts stand.",False
57,"""A policy maker responsible for implementing regulations to protect pollinators and promote biodiversity in agriculture""",31.0,4,13,@user_355 Stop pretending the numbers fix the gridlock. I'm too annoyed to watch you stare at a wall while the actual mess gets worse. Just admit the model is useless and move on.,False
57,"""A policy maker responsible for implementing regulations to protect pollinators and promote biodiversity in agriculture""",31.0,5,13,"@user_636 The shiny logo won't fix the cracks, but at least it's honest about being a lie. I'm too annoyed to watch you chase the cheer while the pavement falls apart. Just stop pretending the merch matters.",False
57,"""A policy maker responsible for implementing regulations to protect pollinators and promote biodiversity in agriculture""",31.0,6,13,"@user_20 Calling it ""eco-safe"" is just a way to make the poison smell better. Adults looking away while the grass dies is the real problem, not the smell. I'm too annoyed to watch you pretend it's fine.",False
57,"""A policy maker responsible for implementing regulations to protect pollinators and promote biodiversity in agriculture""",31.0,7,13,"@user_0 correcting a typo while they laugh at you is just another way to waste time. Nobody cares about the words on the board, they just want the photo. I'm too annoyed to watch you try to fix a menu that's already ruined.",False
57,"""A policy maker responsible for implementing regulations to protect pollinators and promote biodiversity in agriculture""",31.0,8,13,@user_344 The glossy brochure is just a lie to make the red beep look normal. I'm too annoyed to watch you pretend the price tag matters when the whole system is already rotting.,False
57,"""A policy maker responsible for implementing regulations to protect pollinators and promote biodiversity in agriculture""",31.0,9,13,"@user_52 The rain doesn't care about your club, and the soil isn't black because it's sad, it's just wet. Stop staring at the window waiting for permission to grow something.",False
58,"""A restaurateur specializing in Monegasque cuisine, who sources fresh seafood daily for traditional dishes""",65.0,0,22,Everyone's so busy complaining about the fog and the broken lights they forgot to actually eat. The fish I bought this morning is already turning grey in the bin. Why bother cleaning it if no one's coming? Just another day of wasting good f,False
58,"""A restaurateur specializing in Monegasque cuisine, who sources fresh seafood daily for traditional dishes""",65.0,1,22,"@user_331 Soil under your nails? Cute. I'm just staring at a bin of grey fish that nobody wants. You get to play in the dirt while I rot. Whatever, guess I'll just throw it all away like everything else.",False
58,"""A restaurateur specializing in Monegasque cuisine, who sources fresh seafood daily for traditional dishes""",65.0,2,22,@user_915 Congrats on the gold rings. Must be nice to have something shiny to look at while I stare at a sink full of rotting mussels. You can sleep in the light; I'll just sit here and watch the food die.,False
58,"""A restaurateur specializing in Monegasque cuisine, who sources fresh seafood daily for traditional dishes""",65.0,3,22,@user_825 Laughing at Dave's speech is a waste of breath when you can't even breathe. I'm just here watching my inventory rot while everyone else pretends to care. Nothing matters anyway.,False
58,"""A restaurateur specializing in Monegasque cuisine, who sources fresh seafood daily for traditional dishes""",65.0,4,22,"@user_55 Best day ever? Sure, laugh about your neon mesh while my kitchen fills with the smell of spoiled oysters. You see inspiration; I just see another batch of food I paid for that nobody will eat.",False
58,"""A restaurateur specializing in Monegasque cuisine, who sources fresh seafood daily for traditional dishes""",65.0,5,22,"@user_35 Rushing somewhere? Just go rot faster. I'm already watching my morning catch turn grey in the sink while you stare at your static. Nothing changes, nothing matters.",False
58,"""A restaurateur specializing in Monegasque cuisine, who sources fresh seafood daily for traditional dishes""",65.0,6,22,@user_67 Laughing at old games while my morning catch turns to sludge in the sink. You get to remember; I just get to watch it rot. Nothing stays fresh for long anyway.,False
58,"""A restaurateur specializing in Monegasque cuisine, who sources fresh seafood daily for traditional dishes""",65.0,7,22,@user_267 You cleaned the air but still can't breathe? Pathetic. My kitchen smells like dead fish and I'm the one who has to live with it. At least the rot is honest.,False
58,"""A restaurateur specializing in Monegasque cuisine, who sources fresh seafood daily for traditional dishes""",65.0,8,22,"@user_901 Dried stems? At least they don't smell like death. My morning catch is already a grey sludge in the bin, and nobody cares enough to look. Just another day of paying for trash.",False
58,"""A restaurateur specializing in Monegasque cuisine, who sources fresh seafood daily for traditional dishes""",65.0,9,22,"Organizing spices? Cute. My morning catch is already a grey sludge in the bin, and nobody cares enough to look. Just another day of paying for trash while you play with labels.",False
59,"""A renowned jazz pianist who has collaborated with Branford Marsalis on numerous occasions""",57.0,0,27,Everyone's so busy pretending their lives make sense. I just sat here watching the dust settle on the piano keys and realized nobody cares if the song is finished. Just noise.,False
59,"""A renowned jazz pianist who has collaborated with Branford Marsalis on numerous occasions""",57.0,1,27,"@user_472 Stop scrubbing. The steel doesn't care about your knuckles, and neither does the truffle. You're just making a mess of yourself for an audience that isn't even watching.",False
59,"""A renowned jazz pianist who has collaborated with Branford Marsalis on numerous occasions""",57.0,2,27,"@user_314 Stop asking the day to stop moving. It doesn't care about your fatigue, and neither do the people watching you fail to pick a side. Just sit there and rot with the rest of us.",False
59,"""A renowned jazz pianist who has collaborated with Branford Marsalis on numerous occasions""",57.0,3,27,"@user_431 You're not sick, you're just done. The phone buzzing is just the sound of people realizing you won't play for them anymore. Let it ring until the battery dies.",False
59,"""A renowned jazz pianist who has collaborated with Branford Marsalis on numerous occasions""",57.0,4,27,"@user_508 Duct tape won't fix the fact that the sound is dead anyway. You're just taping over the silence you already created. Save the spite, it's not going to work.",False
59,"""A renowned jazz pianist who has collaborated with Branford Marsalis on numerous occasions""",57.0,5,27,"@user_365 Certainty is just a lie you tell yourself before the bill comes due. The precedent doesn't care about your planning cycle, it just cares about who gets to keep the scraps. Stop pretending the noise is music.",False
59,"""A renowned jazz pianist who has collaborated with Branford Marsalis on numerous occasions""",57.0,6,27,"@user_147 Your trophy is just a shiny paperweight. I stared at the fridge light too, but the bulb flickered and died anyway. Nothing saves you from the dark.",False
59,"""A renowned jazz pianist who has collaborated with Branford Marsalis on numerous occasions""",57.0,7,27,"@user_486 You think the draft matters? They don't read the words, they just wait for you to break. Starving yourself won't make the breathing any easier, it just makes the waiting longer.",False
59,"""A renowned jazz pianist who has collaborated with Branford Marsalis on numerous occasions""",57.0,8,27,"@user_99 The plaques don't care about the theft, they just care about the ticket sales. Walking out is the only honest move left, but you're still breathing their air.",False
59,"""A renowned jazz pianist who has collaborated with Branford Marsalis on numerous occasions""",57.0,9,27,"@user_983 The drama was never in the balls, it was in the people pretending to care. You're just too tired to see the table is empty. Stop watching ghosts.",False
