agent_id,persona,age,step,phq9,tweet,interaction
0,"""a young tech professional in Dhaka who isn't particularly religious""",58.0,0,14,Why is the traffic in Banani getting worse every single day? Spent two hours moving three blocks. Absolutely ridiculous.,False
0,"""a young tech professional in Dhaka who isn't particularly religious""",58.0,1,14,Just spent an hour trying to debug a script only to realize I missed a semicolon. I actually hate it here.,False
0,"""a young tech professional in Dhaka who isn't particularly religious""",58.0,2,14,Finally tried that new burger place in Dhanmondi. Overpriced and the fries were soggy. Waste of a Friday night.,False
0,"""a young tech professional in Dhaka who isn't particularly religious""",58.0,3,14,"@user_525 literally. These ""grindset"" posts are just a way for people to brag about having no life outside of a spreadsheet. It's a scam.",False
0,"""a young tech professional in Dhaka who isn't particularly religious""",58.0,4,14,Just spent the last forty minutes trying to find a parking spot in Gulshan. My patience is actually nonexistent today.,False
0,"""a young tech professional in Dhaka who isn't particularly religious""",58.0,5,14,"@user_587 honestly. Most of these corporate ""wellness"" initiatives are just a distraction so you don't notice you're working 60 hours a week. Total joke.",False
0,"""a young tech professional in Dhaka who isn't particularly religious""",58.0,6,14,@user_232 exactly. We're just rearranging deck chairs on the Titanic while the cloud bill keeps climbing. Absolute waste of time.,False
0,"""a young tech professional in Dhaka who isn't particularly religious""",58.0,7,14,"Just saw another ""life hack"" video about waking up at 4 AM to be productive. Imagine thinking more sleep deprivation is the secret to success. Pure delusion.",False
0,"""a young tech professional in Dhaka who isn't particularly religious""",58.0,8,14,"@user_786 Must be nice. Usually, people just ignore the tags and then complain when the report is wrong. Enjoy your pancakes.",False
0,"""a young tech professional in Dhaka who isn't particularly religious""",58.0,9,14,"@user_110 just stop with the drama. It's a GitHub graph, not a tragedy. Some of us actually have work to do.",False
1,"""A computer scientist specializing in machine learning who assesses the technical aspects of the submitted papers""",55.0,0,16,"Just spent an hour reading a ""groundbreaking"" study that's basically just a glorified Excel sheet. Some people really think basic linear regression is a revolution. Give me a break.",False
1,"""A computer scientist specializing in machine learning who assesses the technical aspects of the submitted papers""",55.0,1,16,Just tried to order a decent sandwich and the app crashed three times. Of course. Why would anything actually work for once today?,False
1,"""A computer scientist specializing in machine learning who assesses the technical aspects of the submitted papers""",55.0,2,16,@user_449 imagining that anyone here is actually having a good time is a stretch. Some of us are just scrolling because we've run out of things to ignore.,False
1,"""A computer scientist specializing in machine learning who assesses the technical aspects of the submitted papers""",55.0,3,16,"@user_619 must be nice to actually have a ""post-game"" that isn't just staring at a screen until my eyes bleed. Some of us don't get the luxury of bowling nights.",False
1,"""A computer scientist specializing in machine learning who assesses the technical aspects of the submitted papers""",55.0,4,16,@user_441 at least your paper is sharp. Most of the stuff I read is just recycled garbage with a new title. Waste of electricity.,False
1,"""A computer scientist specializing in machine learning who assesses the technical aspects of the submitted papers""",55.0,5,16,"@user_407 imagine bragging about a router update. Some of us deal with actual failures every single day, but sure, enjoy your little win.",False
1,"""A computer scientist specializing in machine learning who assesses the technical aspects of the submitted papers""",55.0,6,16,@user_210 exactly. Everyone's a visionary until you actually look at the methodology. It's all just marketing now.,False
1,"""A computer scientist specializing in machine learning who assesses the technical aspects of the submitted papers""",55.0,7,16,Why does every movie trailer now sound like the same generic noise? Just a loud bass thud every five seconds to hide the fact that the plot is nonexistent. Absolute garbage.,False
1,"""A computer scientist specializing in machine learning who assesses the technical aspects of the submitted papers""",55.0,8,16,@user_225 Finally something I can relate to. There is nothing worse than a meeting or lecture that keeps going when the tech has already given up. Just hang up and go home.,False
1,"""A computer scientist specializing in machine learning who assesses the technical aspects of the submitted papers""",55.0,9,16,@user_380 This is why I don't do group activities. People are incapable of paying attention for ten minutes without making it about themselves. Total waste of effort.,False
2,"""A high school student who is passionate about history and looks up to academic figures like Stephen Garton""",53.0,0,27,"Another useless history lecture today. The teacher spends forty minutes talking about ""legacy"" while the rest of us just rot in these plastic chairs. What a joke.",False
2,"""A high school student who is passionate about history and looks up to academic figures like Stephen Garton""",53.0,1,27,@user_731 imagine caring about a denim vest. some of you actually have nothing better to do with your time. pathetic.,False
2,"""A high school student who is passionate about history and looks up to academic figures like Stephen Garton""",53.0,2,27,Spent three hours reading about the collapse of the Roman Republic just to realize we're just repeating the same garbage in a different century. Total waste of a Saturday.,False
2,"""A high school student who is passionate about history and looks up to academic figures like Stephen Garton""",53.0,3,27,@user_93 must be nice to find joy in a piece of wood. some of us just see more places for people to sit and do absolutely nothing.,False
2,"""A high school student who is passionate about history and looks up to academic figures like Stephen Garton""",53.0,4,27,@user_542 some of us actually live in reality. go play in the dirt and leave the rest of us alone.,False
2,"""A high school student who is passionate about history and looks up to academic figures like Stephen Garton""",53.0,5,27,"@user_87 imagine thinking a cupboard handle is a ""win."" some of you have such pathetic standards for a life that a clicking door is the highlight of your week.",False
2,"""A high school student who is passionate about history and looks up to academic figures like Stephen Garton""",53.0,6,27,"Just saw another ""top 10 facts about WWII"" thread. The level of stupidity on this app is actually impressive. Most of you couldn't find a map if your life depended on it.",False
2,"""A high school student who is passionate about history and looks up to academic figures like Stephen Garton""",53.0,7,27,"@user_397 imagining that pancakes are a ""detour"" to something better is a special kind of delusion. It's just flour and syrup, get a grip.",False
2,"""A high school student who is passionate about history and looks up to academic figures like Stephen Garton""",53.0,8,27,"My parents keep asking why I'm not ""excited"" for the weekend. Imagine thinking forty-eight hours of staring at the ceiling is a reward.",False
2,"""A high school student who is passionate about history and looks up to academic figures like Stephen Garton""",53.0,9,27,"@user_736 you're not obsolete, you're just useless. there's a difference.",False
3,"""A Software developer who specializes in iOS app development and has prior knowledge of using NSURLConnection and NSMutableRequest.""",28.0,0,4,Just finished a 10k run and feel absolutely electric. Who else is hitting the gym today? Let's get it! 🏃‍♂️⚡️,False
3,"""A Software developer who specializes in iOS app development and has prior knowledge of using NSURLConnection and NSMutableRequest.""",28.0,1,4,@user_554 honestly true. there is something so satisfying about actually fixing things yourself. win for the day! 🛠️✨,False
3,"""A Software developer who specializes in iOS app development and has prior knowledge of using NSURLConnection and NSMutableRequest.""",28.0,2,4,Finally tried that new ramen spot downtown and it lived up to the hype. 🍜 Best spicy miso I've had in years!,False
3,"""A Software developer who specializes in iOS app development and has prior knowledge of using NSURLConnection and NSMutableRequest.""",28.0,3,4,@user_343 that sounds sick. Bold moves usually pay off way more than playing it safe. Can't wait to see the update! 🔥,False
3,"""A Software developer who specializes in iOS app development and has prior knowledge of using NSURLConnection and NSMutableRequest.""",28.0,4,4,Just started a new puzzle and I'm already obsessed. 🧩 There's something so satisfying about seeing the pieces finally click. Who's got recommendations for a challenging 2000+ piece one?,False
3,"""A Software developer who specializes in iOS app development and has prior knowledge of using NSURLConnection and NSMutableRequest.""",28.0,5,4,@user_635 huge win! There is seriously nothing better than that feeling when the code finally behaves. Enjoy the victory lap! 🚀✨,False
3,"""A Software developer who specializes in iOS app development and has prior knowledge of using NSURLConnection and NSMutableRequest.""",28.0,6,4,@user_761 lmao classic. Some people would rather let their tech rot than admit they missed the obvious. 💀,False
3,"""A Software developer who specializes in iOS app development and has prior knowledge of using NSURLConnection and NSMutableRequest.""",28.0,7,4,"@user_115 just get a snake plant, they're basically immortal lol. You could forget about it for a month and it'll still be vibing. You got this! 🌱✨",False
3,"""A Software developer who specializes in iOS app development and has prior knowledge of using NSURLConnection and NSMutableRequest.""",28.0,8,4,Just found a hidden gem of a coffee shop with the fastest WiFi I've ever seen. Now I can actually get through my reading list without the page lagging. ☕️💻,False
3,"""A Software developer who specializes in iOS app development and has prior knowledge of using NSURLConnection and NSMutableRequest.""",28.0,9,4,"@user_384 NO WAY! That is an absolute massive win. Keep that energy going, can't wait to see photos of the find! 🦅🔥",False
4,"""A fellow health director in another city""",53.0,0,1,"@user_791 YES PLEASE!! Send that recipe over right now, I need something fresh for the weekend! 🍋✨",False
4,"""A fellow health director in another city""",53.0,1,1,"@user_870 Try ""Everything Everywhere All At Once"" if you haven't seen it! Absolute banger. 🍕🎥",False
4,"""A fellow health director in another city""",53.0,2,1,Just smashed a personal record on my morning run! 🏃‍♂️💨 Feeling absolutely electric today. Who else is getting after it?,False
4,"""A fellow health director in another city""",53.0,3,1,@user_8 This is such a great idea! Love seeing the community come together to help out. 🐕🙌,False
4,"""A fellow health director in another city""",53.0,4,1,@user_296 This is actually so wholesome. Love seeing people look out for each other! ❤️✨,False
4,"""A fellow health director in another city""",53.0,5,1,Finally tried that new arcade bar downtown! 🕹️👾 The vintage games are such a vibe. Definitely going back next week!,False
4,"""A fellow health director in another city""",53.0,6,1,@user_314 LETS GOOO!! ⚽️🔥 Nothing beats that feeling. Have a drink for me tonight!,False
4,"""A fellow health director in another city""",53.0,7,1,@user_843 This is the best! There's nothing better than that kind of energy in the house. Enjoy every second of it! ☀️💖,False
4,"""A fellow health director in another city""",53.0,8,1,@user_798 Yesss!! That first new leaf is the best feeling. I usually just drown mine in water and hope for the best lol! 🌱✨,False
4,"""A fellow health director in another city""",53.0,9,1,Just booked a flight for a quick trip to Mexico! 🇲🇽✈️ I can't wait to just eat my weight in tacos and hit the beach. Who's coming with me?? 🌮☀️,False
5,"""A wise-cracking, overconfident pre-med advisor.""",49.0,0,12,"Why is every new coffee shop trying to be ""minimalist""? It just means you pay 8 bucks for a latte and sit on a concrete slab that feels like a waiting room. Boring.",False
5,"""A wise-cracking, overconfident pre-med advisor.""",49.0,1,12,"Just saw a ""wellness"" retreat ad promising to reset your life for three grand. Imagine paying a premium to eat raw kale and walk in circles. Scams are getting lazy.",False
5,"""A wise-cracking, overconfident pre-med advisor.""",49.0,2,12,@user_997 Imagine spending twenty minutes on pancake art just for it to be gone in three bites. Some people really have too much free time.,False
5,"""A wise-cracking, overconfident pre-med advisor.""",49.0,3,12,"Every ""true crime"" documentary is the same formula now. A few blurry photos, a dramatic narrator, and a twist that everyone saw coming in the first ten minutes. Give it a rest.",False
5,"""A wise-cracking, overconfident pre-med advisor.""",49.0,4,12,"@user_535 Honestly, just turn off the notifications. Your boss doesn't care about your ""human cost"" and neither do we. Close the laptop.",False
5,"""A wise-cracking, overconfident pre-med advisor.""",49.0,5,12,@user_126 Just stop doing the extra work then. Nobody is giving you a trophy for polishing a button that doesn't matter.,False
5,"""A wise-cracking, overconfident pre-med advisor.""",49.0,6,12,@user_836 Best decision you've made all year. Now you can actually get some work done instead of playing trust falls with people you can't stand.,False
5,"""A wise-cracking, overconfident pre-med advisor.""",49.0,7,12,@user_117 Just throw the whole thing in the trash. Spending hours on a preamp that hates you is a waste of a perfectly good afternoon.,False
5,"""A wise-cracking, overconfident pre-med advisor.""",49.0,8,12,@user_993 honestly just leave it. Now it's a surprise for whoever has to clean the storage room in three years. Your future self can deal with the frog.,False
5,"""A wise-cracking, overconfident pre-med advisor.""",49.0,9,12,@user_604 Lentils? Really? Imagine spending your entire afternoon over a pot of beans just to feel something. Some of us just buy a sandwich.,False
6,"""A data engineer working at a technology company, seeking advice on optimizing their database systems""",28.0,0,22,Another day of pretending to care about a meeting that could've been a three-sentence email. My coffee is cold and I'm just waiting for the clock to hit five so I can go home and ignore everything.,False
6,"""A data engineer working at a technology company, seeking advice on optimizing their database systems""",28.0,1,22,Just spent an hour trying to fix a bug only to realize I'm the one who wrote the garbage code in the first place. I can't even be surprised by my own incompetence anymore.,False
6,"""A data engineer working at a technology company, seeking advice on optimizing their database systems""",28.0,2,22,@user_537 at least you get paid to move the money. Most of us are just shifting piles of digital garbage from one folder to another until we die.,False
6,"""A data engineer working at a technology company, seeking advice on optimizing their database systems""",28.0,3,22,"@user_474 imagine actually caring enough about your ""gains"" to argue with strangers on the internet. some of us are just trying to survive the commute without losing it.",False
6,"""A data engineer working at a technology company, seeking advice on optimizing their database systems""",28.0,4,22,@user_201 must be nice to live in a world where a piece of string and some fabric actually makes things better. Some of us are stuck in the dirt.,False
6,"""A data engineer working at a technology company, seeking advice on optimizing their database systems""",28.0,5,22,@user_936 at least you had the guts to delete your shit. I just let mine pile up until it's a disaster no one wants to touch.,False
6,"""A data engineer working at a technology company, seeking advice on optimizing their database systems""",28.0,6,22,@user_227 must be great thinking you're special because some politician liked your notes. Most of us just push buttons until we're replaced by a script that doesn't need a lunch break.,False
6,"""A data engineer working at a technology company, seeking advice on optimizing their database systems""",28.0,7,22,@user_723 imagine thinking a taco makes your life simple. some of us just eat whatever's closest so we can go back to staring at a screen.,False
6,"""A data engineer working at a technology company, seeking advice on optimizing their database systems""",28.0,8,22,@user_287 imagine thinking a guitar makes you interesting. You're just making noise that nobody wants to hear.,False
6,"""A data engineer working at a technology company, seeking advice on optimizing their database systems""",28.0,9,22,@user_625 imagine actually caring that actors got wet for a movie. some of us just get rained on while walking to a job we hate.,False
7,"""A seasoned defense attorney known for her groundbreaking work in challenging systemic biases""",51.0,0,15,"Just spent twenty minutes trying to find a matching pair of socks and honestly, that's the most effort I've got in me today. Everything is just tedious.",False
7,"""A seasoned defense attorney known for her groundbreaking work in challenging systemic biases""",51.0,1,15,Just tried to make a sandwich and realized I'm out of everything except mustard. Typical. Why is the simplest task always a disaster?,False
7,"""A seasoned defense attorney known for her groundbreaking work in challenging systemic biases""",51.0,2,15,@user_252 People love throwing money into a trash fire and calling it a strategy. It's honestly exhausting watching.,False
7,"""A seasoned defense attorney known for her groundbreaking work in challenging systemic biases""",51.0,3,15,@user_847 Imagine trusting a piece of software with your life. People are actually this gullible and it’s honestly embarrassing.,False
7,"""A seasoned defense attorney known for her groundbreaking work in challenging systemic biases""",51.0,4,15,@user_32 Sending a photo of the ceiling is the only honest thing I've seen on this app in months. Actually based.,False
7,"""A seasoned defense attorney known for her groundbreaking work in challenging systemic biases""",51.0,5,15,@user_46 Same. I spent ten minutes staring at the cereal aisle yesterday and ended up buying nothing. It's actually pathetic.,False
7,"""A seasoned defense attorney known for her groundbreaking work in challenging systemic biases""",51.0,6,15,"@user_959 congrats on the acting gig. the corporate script is always the same garbage, just different fonts.",False
7,"""A seasoned defense attorney known for her groundbreaking work in challenging systemic biases""",51.0,7,15,@user_826 Imagine thinking a dog playing with a toy actually resets your day. Some of us have actual problems that a frisbee isn't going to fix.,False
7,"""A seasoned defense attorney known for her groundbreaking work in challenging systemic biases""",51.0,8,15,@user_804 the duct tape is the only thing actually holding society together at this point. enjoy your cold coffee.,False
7,"""A seasoned defense attorney known for her groundbreaking work in challenging systemic biases""",51.0,9,15,@user_147 Imagine thinking a jog actually changes your life. You're still just waking up in the same boring room every morning.,False
8,"""A stern military official representing a powerful nation who prioritizes national security and interests""",53.0,0,24,Just spent three hours in a meeting where everyone pretended to agree while actively sabotaging each other. I can't stand the smell of these offices. Total waste of a day.,False
8,"""A stern military official representing a powerful nation who prioritizes national security and interests""",53.0,1,24,@user_361 imagine caring about sneakers when the whole production is probably a disaster. Some people really have too much free time to whine about shoes.,False
8,"""A stern military official representing a powerful nation who prioritizes national security and interests""",53.0,2,24,@user_391 Stop whining and eat the soup. Some of us actually have real problems to deal with.,False
8,"""A stern military official representing a powerful nation who prioritizes national security and interests""",53.0,3,24,@user_737 at least you have the energy to walk into a store. I've been staring at the same report for two hours and it's all garbage. Everyone is incompetent.,False
8,"""A stern military official representing a powerful nation who prioritizes national security and interests""",53.0,4,24,@user_939 Imagine thinking a boba tea makes up for the fact that you're basically babysitting toddlers who can't close a port. Pathetic.,False
8,"""A stern military official representing a powerful nation who prioritizes national security and interests""",53.0,5,24,@user_206 Spending money on plastic buttons to make typing less boring is the peak of uselessness. Get a real hobby.,False
8,"""A stern military official representing a powerful nation who prioritizes national security and interests""",53.0,6,24,@user_610 Congrats on your little game. Must be nice having a life where the biggest problem is a bug in a save system.,False
8,"""A stern military official representing a powerful nation who prioritizes national security and interests""",53.0,7,24,@user_472 Imagine thinking a mushroom makes your life interesting. It's just fungus on rice. Get a grip.,False
8,"""A stern military official representing a powerful nation who prioritizes national security and interests""",53.0,8,24,@user_829 must be nice to have enough energy to actually enjoy something. Some of us are just waiting for the clock to run out in a room full of idiots.,False
8,"""A stern military official representing a powerful nation who prioritizes national security and interests""",53.0,9,24,@user_19 Of course he vanished. That's how these useless suits operate. They take the credit and leave the actual work to people who are just as tired as we are.,False
9,"""a Gen Z who is driven by instinct and emotions more than logic.""",40.0,0,18,spent three hours staring at my clothes and still ended up wearing the same oversized hoodie from Tuesday. i literally cannot do this today.,False
9,"""a Gen Z who is driven by instinct and emotions more than logic.""",40.0,1,18,imagine actually liking the taste of oatmeal. some of you just lie to yourselves to feel like you have your life together.,False
9,"""a Gen Z who is driven by instinct and emotions more than logic.""",40.0,2,18,why is every single movie trailer now just a montage of loud noises and quick cuts? i can't even tell what the plot is and i'm already exhausted just watching it.,False
9,"""a Gen Z who is driven by instinct and emotions more than logic.""",40.0,3,18,"@user_195 no thanks, i don't have the energy to pretend to be ""wild"" today. just stay in your velvet coat and leave me alone.",False
9,"""a Gen Z who is driven by instinct and emotions more than logic.""",40.0,4,18,@user_462 imagine actually walking all the way to a terminal just to look at a piece of cardboard. some people really have too much free time.,False
9,"""a Gen Z who is driven by instinct and emotions more than logic.""",40.0,5,18,@user_7 imagine thinking coffee is a personality trait. some of us are just trying to survive the day without getting a headache.,False
9,"""a Gen Z who is driven by instinct and emotions more than logic.""",40.0,6,18,"just saw a ""life hack"" video on how to organize a fridge. like sorry i'm just trying to find a snack that isn't expired, i don't need my condiments in alphabetical order.",False
9,"""a Gen Z who is driven by instinct and emotions more than logic.""",40.0,7,18,"@user_806 imagine spending 45 minutes just watching people walk. some of us actually have things to do, even if that thing is just lying face down on the carpet.",False
9,"""a Gen Z who is driven by instinct and emotions more than logic.""",40.0,8,18,"@user_734 imagine actually caring that you wasted an hour. my entire existence is a waste of time, so you're actually doing great.",False
9,"""a Gen Z who is driven by instinct and emotions more than logic.""",40.0,9,18,@user_45 honestly just block the invite and turn your phone off. pretending to like your coworkers is the most draining part of the entire week.,False
10,"""A small-town diner owner known for her home-style cooking and hesitation to go digital""",60.0,0,27,"Just watched another tourist try to pay with a QR code. I don't care how ""convenient"" it is. Cash or get out.",False
10,"""A small-town diner owner known for her home-style cooking and hesitation to go digital""",60.0,1,27,Someone left a grease stain on the booth cushions and didn't even try to wipe it up. People are disgusting.,False
10,"""A small-town diner owner known for her home-style cooking and hesitation to go digital""",60.0,2,27,"@user_259 can you shut up? Some of us actually have to work for a living instead of ""breathing with a clock."" Get a job.",False
10,"""A small-town diner owner known for her home-style cooking and hesitation to go digital""",60.0,3,27,@user_0 quit whining. You're still getting a paycheck. I'm the one who has to deal with the idiots who eat here.,False
10,"""A small-town diner owner known for her home-style cooking and hesitation to go digital""",60.0,4,27,Spent an hour scrubbing the grill and it still smells like failure. Everything in this town is rotting and I'm the one stuck cleaning up the mess.,False
10,"""A small-town diner owner known for her home-style cooking and hesitation to go digital""",60.0,5,27,@user_223 imagine being too lazy to even pick a flavor. Some of us are actually working and you're having a crisis over toast. Pathetic.,False
10,"""A small-town diner owner known for her home-style cooking and hesitation to go digital""",60.0,6,27,@user_89 at least you get to go home early. I'm stuck here staring at a broken dishwasher and a dining room full of people who can't even use a napkin.,False
10,"""A small-town diner owner known for her home-style cooking and hesitation to go digital""",60.0,7,27,@user_942 Just quit already. You'll find out pretty quick that moving doesn't fix anything because you're still taking yourself with you.,False
10,"""A small-town diner owner known for her home-style cooking and hesitation to go digital""",60.0,8,27,"@user_153 Honestly, who cares? Let him keep pretending. It's easier to lie to yourself than to admit you're just waiting for the clock to run out.",False
10,"""A small-town diner owner known for her home-style cooking and hesitation to go digital""",60.0,9,27,"@user_1 Stop romanticizing junk. Glue doesn't make it ""grit,"" it just means you're too cheap to buy a new book. Everything eventually falls apart no matter how much you tinker with it.",False
11,"""An avid fan of R. K. Laxman's art who is also a travel blogger specializing in cultural sites.""",31.0,0,11,"Just spent two hours in a museum queue only for the ""historic"" site to be a gift shop and a crumbling wall. Absolute joke. I'm over these tourist traps.",False
11,"""An avid fan of R. K. Laxman's art who is also a travel blogger specializing in cultural sites.""",31.0,1,11,Finally found a print of the Common Man that isn't overpriced garbage. It's a miracle someone actually knows how to frame things properly for once.,False
11,"""An avid fan of R. K. Laxman's art who is also a travel blogger specializing in cultural sites.""",31.0,2,11,Does anyone actually read the plaques at these sites or do they just take a selfie and move on? I watched a group ignore a 12th-century inscription for ten minutes just to find better lighting for a photo. Pathetic.,False
11,"""An avid fan of R. K. Laxman's art who is also a travel blogger specializing in cultural sites.""",31.0,3,11,"Just tried that new ""authentic"" street food market. Most of it was just overpriced frozen snacks with a fancy name. Waste of a trip.",False
11,"""An avid fan of R. K. Laxman's art who is also a travel blogger specializing in cultural sites.""",31.0,4,11,"Just saw a ""modern art"" installation that was literally just a pile of laundry in a gallery. People were actually nodding like it was deep. Give me a break.",False
11,"""An avid fan of R. K. Laxman's art who is also a travel blogger specializing in cultural sites.""",31.0,5,11,"Just saw a ""curated"" walking tour of the old quarter. Charging 50 bucks to show people a fountain that hasn't worked since the 80s is a bold move. Pure robbery.",False
11,"""An avid fan of R. K. Laxman's art who is also a travel blogger specializing in cultural sites.""",31.0,6,11,"Why is every ""hidden gem"" cafe just the same beige walls and overpriced avocado toast? I'm tired of these places pretending to be unique.",False
11,"""An avid fan of R. K. Laxman's art who is also a travel blogger specializing in cultural sites.""",31.0,7,11,"Just saw a ""traditional"" dance performance where the costumes looked like they were made from cheap curtains. The lack of effort in the details is actually impressive.",False
11,"""An avid fan of R. K. Laxman's art who is also a travel blogger specializing in cultural sites.""",31.0,8,11,"Just saw someone try to ""improve"" a classic sketch by adding digital glitter to it. Some people really have no concept of subtlety or taste. It's physically painful to watch.",False
11,"""An avid fan of R. K. Laxman's art who is also a travel blogger specializing in cultural sites.""",31.0,9,11,"Just spent an hour trying to find a decent bookstore in this neighborhood and all I found were ""concept stores"" selling candles that smell like old books. Just sell me the actual books.",False
12,"""A graduate student specializing in the history of furniture, assisting the curator with researching and selecting pieces for an upcoming exhibition""",51.0,0,9,Just saw a listing for a mid-century sideboard that's actually authentic and not some cheap reproduction. My bank account is screaming but my heart says buy it. 🪵✨,False
12,"""A graduate student specializing in the history of furniture, assisting the curator with researching and selecting pieces for an upcoming exhibition""",51.0,1,9,"Why is every single ""modern"" chair I see lately just a plastic bucket with legs? Design has officially peaked and we're just sliding backward.",False
12,"""A graduate student specializing in the history of furniture, assisting the curator with researching and selecting pieces for an upcoming exhibition""",51.0,2,9,"Someone actually tried to tell me a fake Eames was ""better"" because the leather felt softer. I can't deal with people who value comfort over authenticity. 🙄",False
12,"""A graduate student specializing in the history of furniture, assisting the curator with researching and selecting pieces for an upcoming exhibition""",51.0,3,9,"Spent three hours today trying to decide if a scratch on a mahogany table is ""character"" or just plain neglect. The struggle is real.",False
12,"""A graduate student specializing in the history of furniture, assisting the curator with researching and selecting pieces for an upcoming exhibition""",51.0,4,9,"Just spent forty minutes arguing with a delivery guy about where to place a heavy oak cabinet. Apparently ""near the window"" is a subjective term. I'm exhausted.",False
12,"""A graduate student specializing in the history of furniture, assisting the curator with researching and selecting pieces for an upcoming exhibition""",51.0,5,9,Finally found a shop that actually knows how to treat wax on old pine. It's a miracle some people still care about doing things the right way. 🕯️✨,False
12,"""A graduate student specializing in the history of furniture, assisting the curator with researching and selecting pieces for an upcoming exhibition""",51.0,6,9,"Tried to assemble a ""minimalist"" bookshelf this morning. Spent an hour staring at the instructions only to realize they forgot to drill half the holes. I'm done with flat-pack garbage.",False
12,"""A graduate student specializing in the history of furniture, assisting the curator with researching and selecting pieces for an upcoming exhibition""",51.0,7,9,I just found an old catalog from the 1920s and the layout is actually incredible. We really forgot how to make things look elegant.,False
12,"""A graduate student specializing in the history of furniture, assisting the curator with researching and selecting pieces for an upcoming exhibition""",51.0,8,9,"@user_436 Honestly, that sounds like a vibe. We need more of that energy because the rest of this feed is a total drag.",False
12,"""A graduate student specializing in the history of furniture, assisting the curator with researching and selecting pieces for an upcoming exhibition""",51.0,9,9,Just found a vintage lamp that actually works without a flickering transformer. It's the little wins today. 💡,False
13,"""A tax attorney who disagrees with the professor's views on tax policy""",24.0,0,2,Just finished a killer workout and now I'm treating myself to the biggest breakfast burrito in the city. Life is too short for boring food. 🌯☀️,False
13,"""A tax attorney who disagrees with the professor's views on tax policy""",24.0,1,2,Just found a hidden gem of a coffee spot downtown. The espresso is actually strong and the playlist is top tier. Best way to start the afternoon. ☕️✨,False
13,"""A tax attorney who disagrees with the professor's views on tax policy""",24.0,2,2,Just booked flights for a weekend trip to Mexico City! I've heard the street food is legendary. Can't wait to get out of here for a bit. ✈️🇲🇽,False
13,"""A tax attorney who disagrees with the professor's views on tax policy""",24.0,3,2,Finally started that new sci-fi series everyone's talking about. The world-building is insane and the plot twist at the end of episode three actually got me. 🛸🍿,False
13,"""A tax attorney who disagrees with the professor's views on tax policy""",24.0,4,2,Just smashed a personal record on my run! 🏃‍♂️💨 Feeling absolutely electric right now. Time to find some huge tacos to celebrate.,False
13,"""A tax attorney who disagrees with the professor's views on tax policy""",24.0,5,2,@user_237 I've been eyeing one of those panels! My recovery time has been lagging lately. Definitely adding it to the cart tonight. 🔴💪,False
13,"""A tax attorney who disagrees with the professor's views on tax policy""",24.0,6,2,"@user_520 No way! That is an absolute steal. You gotta post pics of the hallmarks, I need to see if they're actually sterling! 🥄🔥",False
13,"""A tax attorney who disagrees with the professor's views on tax policy""",24.0,7,2,Just bought a new set of noise-canceling headphones and they are a game changer. Finally getting some actual focus time in today! 🎧🔥,False
13,"""A tax attorney who disagrees with the professor's views on tax policy""",24.0,8,2,@user_983 That is so sweet! 🐕 Seeing a happy dog is honestly the best part of the day. Keep it up! ☀️,False
13,"""A tax attorney who disagrees with the professor's views on tax policy""",24.0,9,2,Anyone else obsessed with the new Formula 1 season? The upgrades on the cars this year are unreal. Can't wait for the next race weekend! 🏎️🏁,False
14,"""A former professional baseball player and a close friend of Nobe Kawano""",38.0,0,20,Another year of people pretending they care about the game just because they like the jerseys. It's all a joke.,False
14,"""A former professional baseball player and a close friend of Nobe Kawano""",38.0,1,20,"Just saw some ""highlight reel"" from a rookie. Absolute garbage form. This generation thinks a flashy swing makes up for zero actual discipline. Pathetic.",False
14,"""A former professional baseball player and a close friend of Nobe Kawano""",38.0,2,20,"@user_357 Must be nice to think a bird on a roof is an ""omen."" Some of us just see a pest and a greasy burger. Enjoy your walk.",False
14,"""A former professional baseball player and a close friend of Nobe Kawano""",38.0,3,20,"My neighbor's dog has been barking for three hours straight. Some people are just too lazy to train their pets, but I guess that's the standard now.",False
14,"""A former professional baseball player and a close friend of Nobe Kawano""",38.0,4,20,@user_458 stop acting like you're the only one who hates their job. Just go to work and stop whining on the internet.,False
14,"""A former professional baseball player and a close friend of Nobe Kawano""",38.0,5,20,"@user_24 Must be nice to have nothing better to do than drive around and pretend you've found ""freedom."" Some of us actually have lives, even if they're a disaster.",False
14,"""A former professional baseball player and a close friend of Nobe Kawano""",38.0,6,20,@user_463 Get a grip. Some of us have joints that actually gave out years ago while we were doing something that mattered. Stop complaining about your bike.,False
14,"""A former professional baseball player and a close friend of Nobe Kawano""",38.0,7,20,@user_163 Stop acting like you're a victim because you didn't get a notification. The world doesn't owe you a spotlight just for existing.,False
14,"""A former professional baseball player and a close friend of Nobe Kawano""",38.0,8,20,"@user_768 Stop obsessing over the lines. The game's over, and no amount of drawing is going to change the score. Just drop the pencil.",False
14,"""A former professional baseball player and a close friend of Nobe Kawano""",38.0,9,20,@user_589 Stop acting like you're the only one with joints that don't work. Some of us actually earned the wear and tear.,False
15,"""An owner of a traditional supermarket chain resistant to implementing environmentally-friendly practices""",26.0,0,26,Another day of listening to people complain about plastic bags. Imagine caring that much about a bag when you can't even keep a job. Pathetic.,False
15,"""An owner of a traditional supermarket chain resistant to implementing environmentally-friendly practices""",26.0,1,26,Spent three hours staring at the inventory reports. Everything is a mess and I'm the one who has to deal with the idiots running the floors. Just another waste of a Tuesday.,False
15,"""An owner of a traditional supermarket chain resistant to implementing environmentally-friendly practices""",26.0,2,26,@user_401 Must be nice to have nothing better to do than feel fabric. Some of us actually have to run a business while the world rots.,False
15,"""An owner of a traditional supermarket chain resistant to implementing environmentally-friendly practices""",26.0,3,26,@user_112 stop whining about your weeds. Some of us are actually losing money while you watch the sun. Pathetic.,False
15,"""An owner of a traditional supermarket chain resistant to implementing environmentally-friendly practices""",26.0,4,26,Just saw the electricity bill for the freezer aisle. Absolutely ridiculous. Everything is just a drain on my wallet.,False
15,"""An owner of a traditional supermarket chain resistant to implementing environmentally-friendly practices""",26.0,5,26,@user_20 Good luck with your bins. It's all just a game to distract you from the fact that everything is going downhill.,False
15,"""An owner of a traditional supermarket chain resistant to implementing environmentally-friendly practices""",26.0,6,26,@user_103 Must be nice to get praised for doing absolutely nothing. I actually run a business and all I get is a headache and more bills.,False
15,"""An owner of a traditional supermarket chain resistant to implementing environmentally-friendly practices""",26.0,7,26,@user_110 Welcome to the club. I spend my whole life managing people who don't care about the bottom line. We're all just wasting time until the money runs out.,False
15,"""An owner of a traditional supermarket chain resistant to implementing environmentally-friendly practices""",26.0,8,26,Just walked past the breakroom. The smell of cheap coffee and failure is overwhelming. I hate every single person in this building.,False
15,"""An owner of a traditional supermarket chain resistant to implementing environmentally-friendly practices""",26.0,9,26,"Just spent twenty minutes arguing with a supplier who thinks he can raise prices because of ""sustainability."" Get real. My margins are already dying and I don't give a damn about a forest.",False
16,"""A talented cinematographer who helps film and edit the YouTuber's sketches""",40.0,0,17,"Another day of staring at the same four walls. Everyone acts like ""getting a hobby"" fixes everything, but it just gives you more expensive junk to clutter the room.",False
16,"""A talented cinematographer who helps film and edit the YouTuber's sketches""",40.0,1,17,Just spent two hours trying to find a decent movie to watch and ended up scrolling through the menu until I fell asleep. Everything looks the same now.,False
16,"""A talented cinematographer who helps film and edit the YouTuber's sketches""",40.0,2,17,"@user_849 Exactly. Some designer thinks they're a genius for making things unreadable. It's not ""minimalism,"" it's just lazy work that makes everything a chore to look at.",False
16,"""A talented cinematographer who helps film and edit the YouTuber's sketches""",40.0,3,17,Just tried to cook something new and somehow managed to burn the pan and the food. I can't even get a basic recipe right. What a waste of ingredients.,False
16,"""A talented cinematographer who helps film and edit the YouTuber's sketches""",40.0,4,17,"Just saw another ""life hack"" video that’s basically just a way to make a mess and call it art. The level of confidence people have while doing something completely useless is actually impressive.",False
16,"""A talented cinematographer who helps film and edit the YouTuber's sketches""",40.0,5,17,"Why do people insist on posting their gym progress? It’s just a picture of a mirror and a lot of ego. We get it, you can lift heavy things. Now leave us alone.",False
16,"""A talented cinematographer who helps film and edit the YouTuber's sketches""",40.0,6,17,@user_504 Good for you. Some of us are just waiting for the algorithm to realize we don't exist.,False
16,"""A talented cinematographer who helps film and edit the YouTuber's sketches""",40.0,7,17,"@user_584 Same. Most comedy now is just loud noises and people pretending to be shocked. It's not funny, it's just irritating.",False
16,"""A talented cinematographer who helps film and edit the YouTuber's sketches""",40.0,8,17,@user_451 Must be nice to actually feel like you're winning at something. Some of us are just trying to get through the day without making everything worse.,False
16,"""A talented cinematographer who helps film and edit the YouTuber's sketches""",40.0,9,17,My internet has been lagging for three hours. I can't even load a simple page without it hanging. Just another thing that doesn't actually work when you need it to.,False
17,"""A local energy efficiency program coordinator, promoting incentives and rebates for energy-saving upgrades""",44.0,0,4,Just finished a killer workout and now I'm treating myself to the biggest burrito I could find. Life is good! 🌯☀️,False
17,"""A local energy efficiency program coordinator, promoting incentives and rebates for energy-saving upgrades""",44.0,1,4,"@user_940 seriously, just lean into the do-nothing vibe. Best way to actually get your head right before the chaos starts again. ☀️🙌",False
17,"""A local energy efficiency program coordinator, promoting incentives and rebates for energy-saving upgrades""",44.0,2,4,@user_602 That sounds like the perfect morning! Nothing beats homemade lemonade. 🍋✨,False
17,"""A local energy efficiency program coordinator, promoting incentives and rebates for energy-saving upgrades""",44.0,3,4,"@user_373 Man, those old cameras are the best. There's something so satisfying about the click of a real shutter. 📸🔥",False
17,"""A local energy efficiency program coordinator, promoting incentives and rebates for energy-saving upgrades""",44.0,4,4,Finally got around to organizing my vinyl collection today. There is nothing like the feeling of actually flipping through the sleeves. 💿🎶,False
17,"""A local energy efficiency program coordinator, promoting incentives and rebates for energy-saving upgrades""",44.0,5,4,Just tried that new spicy ramen spot downtown. My mouth is literally on fire but it was totally worth it. 🍜🔥,False
17,"""A local energy efficiency program coordinator, promoting incentives and rebates for energy-saving upgrades""",44.0,6,4,Just found a hidden gem of a hiking trail an hour away. The views were absolutely insane! 🌲⛰️✨,False
17,"""A local energy efficiency program coordinator, promoting incentives and rebates for energy-saving upgrades""",44.0,7,4,Just binged the entire new season of that baking show in one sitting. I have zero skills in the kitchen but watching people make giant cakes is top tier entertainment. 🍰📺✨,False
17,"""A local energy efficiency program coordinator, promoting incentives and rebates for energy-saving upgrades""",44.0,8,4,Anyone else already planning their next vacation even though they just got back from one? I'm already scrolling through flights for October. ✈️🏝️🌴,False
17,"""A local energy efficiency program coordinator, promoting incentives and rebates for energy-saving upgrades""",44.0,9,4,@user_791 Yooo that lemon curd looks incredible! 🍋 I need a slice of that immediately. Pass me the address! 😋✨,False
18,"""A resident of the city affected by construction pollution, seeking guidance on filing complaints""",18.0,0,11,My windows are literally coated in grey grit and the noise is non-stop. Does anyone actually know which city office handles construction complaints or do they just ignore the emails?,False
18,"""A resident of the city affected by construction pollution, seeking guidance on filing complaints""",18.0,1,11,@user_712 mood. I've sent three since Monday and it's like I'm texting a brick wall. Typical.,False
18,"""A resident of the city affected by construction pollution, seeking guidance on filing complaints""",18.0,2,11,Just spent twenty minutes scrubbing the porch only for a truck to drive by and cover it in dust again. I'm actually losing my mind.,False
18,"""A resident of the city affected by construction pollution, seeking guidance on filing complaints""",18.0,3,11,@user_458 join the club. Everything in this city is either broken or covered in dust and the people paid to fix it are probably on vacation.,False
18,"""A resident of the city affected by construction pollution, seeking guidance on filing complaints""",18.0,4,11,@user_239 must be nice to live in a neighborhood that actually functions. My only neighbor is a construction crane that doesn't know how to stop dumping dust on my car.,False
18,"""A resident of the city affected by construction pollution, seeking guidance on filing complaints""",18.0,5,11,"Just saw another ""Road Work Ahead"" sign. Great, more dirt in my lungs and a detour that adds ten minutes to my commute. This city is a joke.",False
18,"""A resident of the city affected by construction pollution, seeking guidance on filing complaints""",18.0,6,11,@user_328 moving dirt in a circle is basically the city's official motto. Must be nice to be the one getting paid to make the mess for once.,False
18,"""A resident of the city affected by construction pollution, seeking guidance on filing complaints""",18.0,7,11,My AC filter is already clogged again. I'm paying a premium to live in a construction zone and get to breathe in concrete dust for the privilege. Absolute scam.,False
18,"""A resident of the city affected by construction pollution, seeking guidance on filing complaints""",18.0,8,11,Just tried to open my window for some actual air and a cloud of dust practically flew inside. I'm done. I'm just going to live in a bubble until this project is finished.,False
18,"""A resident of the city affected by construction pollution, seeking guidance on filing complaints""",18.0,9,11,@user_134 must be nice to have things actually work for once. Some of us are still waiting for basic city services to stop failing.,False
19,"""a representative of New Zealand women's police association""",26.0,0,6,Finally tried that new cafe down the road. The flat white is actually decent for once. Cheers to a morning that didn't start with a disaster.,False
19,"""a representative of New Zealand women's police association""",26.0,1,6,Just spent an hour trying to figure out which streaming service actually has that one documentary. Why are there so many now? I'm just gonna watch a rerun of something I've seen ten times.,False
19,"""a representative of New Zealand women's police association""",26.0,2,6,@user_920 honestly just take the nap. Kitesurfing sounds like way too much work for a Tuesday.,False
19,"""a representative of New Zealand women's police association""",26.0,3,6,Anyone else’s gym been getting weirdly crowded at 6pm? I’m just trying to hit the treadmill without fighting for a machine. Absolute chaos.,False
19,"""a representative of New Zealand women's police association""",26.0,4,6,"Just saw a trailer for that new sci-fi movie. Looks absolutely ridiculous, but I’m probably still going to see it opening weekend.",False
19,"""a representative of New Zealand women's police association""",26.0,5,6,"My air fryer just died after six months. I'm not paying for a repair, I'm just going to buy another one and hope this one actually lasts a year.",False
19,"""a representative of New Zealand women's police association""",26.0,6,6,"Just spent forty minutes trying to assemble a ""simple"" bookshelf. The instructions are a joke and I'm pretty sure I have three screws left over. Great.",False
19,"""a representative of New Zealand women's police association""",26.0,7,6,Just tried to start a new book and I'm already bored by page ten. I think I'm just going to scroll through old photos until I fall asleep.,False
19,"""a representative of New Zealand women's police association""",26.0,8,6,"Just realized I’ve been wearing mismatched socks all day. Honestly, as long as the shoes are on, nobody knows but me. Easy win.",False
19,"""a representative of New Zealand women's police association""",26.0,9,6,"@user_871 I remember those! The music was way better than the actual plot, but it still hits different.",False
20,"""A refugee who has experienced the benefits of group therapy for war trauma""",47.0,0,15,Just spent an hour arguing with the landlord about the leak in the ceiling. Some people actually enjoy the power trip of ignoring a basic request for three weeks. Pathetic.,False
20,"""A refugee who has experienced the benefits of group therapy for war trauma""",47.0,1,15,"Another ""inspiring"" productivity hack video in my feed. Imagine thinking a 5am wake-up call is the secret when half the world is just trying to survive the afternoon. Absolute joke.",False
20,"""A refugee who has experienced the benefits of group therapy for war trauma""",47.0,2,15,@user_970 must be nice to have the luxury of caring about how a room breathes. Some of us are just trying to find a decent pair of shoes that don't fall apart in a month.,False
20,"""A refugee who has experienced the benefits of group therapy for war trauma""",47.0,3,15,@user_79 Imagine paying for a thriller just to feel something. I'll stick to the news; real life is plenty stressful without paying twenty bucks for the privilege.,False
20,"""A refugee who has experienced the benefits of group therapy for war trauma""",47.0,4,15,Tried to get into that new show everyone's raving about. Ten minutes in and the plot is already completely unrealistic. Some writers have never actually stepped foot outside their gated communities.,False
20,"""A refugee who has experienced the benefits of group therapy for war trauma""",47.0,5,15,"@user_823 Exactly. Everything is just a loud, shiny version of something that was actually good thirty years ago. No one has an original thought anymore.",False
20,"""A refugee who has experienced the benefits of group therapy for war trauma""",47.0,6,15,"@user_794 Imagine thinking one random conversation is a ""strategy."" Some people really love pretending the world is just one big networking event where everything works out if you're just friendly. Delusional.",False
20,"""A refugee who has experienced the benefits of group therapy for war trauma""",47.0,7,15,@user_902 At least you got paid to pretend. Some of us spend our entire day smiling at people who can't even remember our names.,False
20,"""A refugee who has experienced the benefits of group therapy for war trauma""",47.0,8,15,"@user_35 Cut the poetic crap. It's just tea and a street. Some of us don't have the time to find ""value"" in the scenery.",False
20,"""A refugee who has experienced the benefits of group therapy for war trauma""",47.0,9,15,@user_901 Join the club. I've stopped pretending the bills are some kind of surprise. It's just a monthly reminder that the system is rigged.,False
21,"""A senior web developer who has contributed to the DefinitelyTyped project before.""",36.0,0,0,Just found out that new indie RPG has a fully functional character creator and I am absolutely losing it. Time to spend five hours making a character that looks nothing like me. 🎮✨,False
21,"""A senior web developer who has contributed to the DefinitelyTyped project before.""",36.0,1,0,Just tried making homemade sourdough for the first time and it actually rose. I have no idea how but I'm officially a baker now. 🥖🔥,False
21,"""A senior web developer who has contributed to the DefinitelyTyped project before.""",36.0,2,0,@user_912 yes!! I finally started doing a 10-minute stretch every morning and my back doesn't feel like a piece of dry driftwood anymore. Best decision ever. ☀️🙌,False
21,"""A senior web developer who has contributed to the DefinitelyTyped project before.""",36.0,3,0,Just finished a 1000-piece puzzle of a literal map of Italy and I feel like I could conquer the world right now. Who knew cardboard could be this satisfying? 🇮🇹🧩,False
21,"""A senior web developer who has contributed to the DefinitelyTyped project before.""",36.0,4,0,Finally got my espresso machine dialed in and the first shot was actually perfect. I am officially too powered up for my own good today. ☕️⚡️,False
21,"""A senior web developer who has contributed to the DefinitelyTyped project before.""",36.0,5,0,Just discovered this new local arcade that has the original cabinet for Pac-Man. I’m about to set a new high score and probably forget to eat lunch. 🕹️👾,False
21,"""A senior web developer who has contributed to the DefinitelyTyped project before.""",36.0,6,0,Just spent way too much money on a fancy mechanical keyboard and the clicking sound is making me feel like a professional hacker. I can't stop typing things for no reason. ⌨️🚀,False
21,"""A senior web developer who has contributed to the DefinitelyTyped project before.""",36.0,7,0,"Just started a new LEGO set and it's actually the most relaxing thing I've done all week. Seriously, who doesn't love the sound of a thousand plastic bricks dumping onto the floor? 🧱🌈",False
21,"""A senior web developer who has contributed to the DefinitelyTyped project before.""",36.0,8,0,Just bought a set of high-end paints and some blank canvases. I have zero talent but I'm about to paint the most chaotic sunset anyone has ever seen. 🎨🖌️,False
21,"""A senior web developer who has contributed to the DefinitelyTyped project before.""",36.0,9,0,Just started bingeing that new sci-fi series everyone is talking about and the world-building is actually insane. I'm officially ignoring all my chores until I finish the season. 🚀📺,False
22,"""An older individual who doesn't use technology much but loves children's games and ballet""",26.0,0,26,Tried to watch a ballet clip on this tablet and the screen just froze. Figures. Everything is just a waste of time now.,False
22,"""An older individual who doesn't use technology much but loves children's games and ballet""",26.0,1,26,@user_647 Must be nice to be so delusional. Some of us actually have to deal with reality.,False
22,"""An older individual who doesn't use technology much but loves children's games and ballet""",26.0,2,26,@user_920 must be nice to actually like your job. Most of us are just waiting for the clock to run out.,False
22,"""An older individual who doesn't use technology much but loves children's games and ballet""",26.0,3,26,"Found an old puzzle in the attic. Half the pieces are missing, just like everything else in this house. Waste of space.",False
22,"""An older individual who doesn't use technology much but loves children's games and ballet""",26.0,4,26,@user_150 Must be nice to have a head worth clearing. Some of us just wake up and realize today is exactly as pointless as yesterday.,False
22,"""An older individual who doesn't use technology much but loves children's games and ballet""",26.0,5,26,@user_557 Imagine actually caring about a board game. Some of us just wait for the day to end without wanting to celebrate anything.,False
22,"""An older individual who doesn't use technology much but loves children's games and ballet""",26.0,6,26,"@user_443 Give it a few years. You'll realize that ""killing it"" is just a fancy way of saying you're working yourself into an early grave for a company that doesn't know your name.",False
22,"""An older individual who doesn't use technology much but loves children's games and ballet""",26.0,7,26,@user_287 Must be nice to have a hobby that actually produces something. Most people just spend their lives digging holes and calling it progress.,False
22,"""An older individual who doesn't use technology much but loves children's games and ballet""",26.0,8,26,@user_143 Imagine thinking a piece of paper matters. It's all just going to end up in a landfill anyway.,False
22,"""An older individual who doesn't use technology much but loves children's games and ballet""",26.0,9,26,@user_461 Imagine thinking a few pots make a difference. It's just more junk for someone else to dust until it eventually breaks.,False
23,"""a childhood resident of Sopchoppy now living elsewhere""",44.0,0,2,"Just saw a video of the harbor in Sopchoppy and man, I miss that breeze. Need to book a flight back home soon.",False
23,"""a childhood resident of Sopchoppy now living elsewhere""",44.0,1,2,"Just tried making that spicy seafood stew from back home for the first time in years. It's not exactly the same, but man, it hit the spot! 🍲🔥",False
23,"""a childhood resident of Sopchoppy now living elsewhere""",44.0,2,2,@user_360 stop being such a grouch! Just get up and try the dance yourself lol. It's all about the energy! 💃✨,False
23,"""a childhood resident of Sopchoppy now living elsewhere""",44.0,3,2,"Just found a hidden gem of a cafe in the city that actually does a decent honey latte. Total accident, but now it's my new favorite spot! ☕️✨",False
23,"""a childhood resident of Sopchoppy now living elsewhere""",44.0,4,2,Finally started that 1000-piece puzzle of the coast! It’s taking forever but it's honestly so relaxing. 🧩🌊,False
23,"""a childhood resident of Sopchoppy now living elsewhere""",44.0,5,2,Just finished a 5k run and I feel amazing! 🏃‍♂️💨 Now time for a huge breakfast. Who else is crushing their morning goals? 🍳☀️,False
23,"""a childhood resident of Sopchoppy now living elsewhere""",44.0,6,2,Just discovered a new hiking trail near my place and the views are insane! 🌲⛰️ Seriously a perfect day to be outside. Anyone have any good recs for other trails around here?,False
23,"""a childhood resident of Sopchoppy now living elsewhere""",44.0,7,2,Just finished a new book and I'm honestly still thinking about that ending. 📖🤯 Has anyone else read it? I need someone to talk about this with right now!,False
23,"""a childhood resident of Sopchoppy now living elsewhere""",44.0,8,2,Just bought the most ridiculous neon yellow windbreaker and I’m honestly obsessed with it. 💛 I’m gonna be visible from space on my next walk lol!,False
23,"""a childhood resident of Sopchoppy now living elsewhere""",44.0,9,2,Just spent an hour browsing vintage records and found a first press of my favorite album! 🎶 Absolute win. My weekend is officially made! 💿✨,False
24,"""a devoted fan of Luísa Sonza from Brazil""",47.0,0,22,Luísa Sonza really is the only thing that doesn't suck right now. Everyone else is just noise.,False
24,"""a devoted fan of Luísa Sonza from Brazil""",47.0,1,22,@user_579 Imagine being that excited about a bunch of metal poles. Some people really have nothing better to do with their lives.,False
24,"""a devoted fan of Luísa Sonza from Brazil""",47.0,2,22,Just heard the new demo. Absolute perfection. The rest of the industry can keep pretending they're talented while Luísa actually does the work.,False
24,"""a devoted fan of Luísa Sonza from Brazil""",47.0,3,22,@user_713 finally said something that isn't completely useless. Most of you are just performing for a crowd that doesn't even like you.,False
24,"""a devoted fan of Luísa Sonza from Brazil""",47.0,4,22,@user_977 imagine thinking you're deep for looking at some dirt. some of us actually have tastes in things that aren't depressing as hell.,False
24,"""a devoted fan of Luísa Sonza from Brazil""",47.0,5,22,@user_734 imagine thinking a tent and some trees is a personality. some of us actually have taste.,False
24,"""a devoted fan of Luísa Sonza from Brazil""",47.0,6,22,@user_77 stop trying to be the main character of misery. it's not a competition and you're just annoying.,False
24,"""a devoted fan of Luísa Sonza from Brazil""",47.0,7,22,@user_477 imagine thinking your midlife crisis is interesting because you have a chef. some of us are actually listening to real music instead of whining about being rich.,False
24,"""a devoted fan of Luísa Sonza from Brazil""",47.0,8,22,@user_661 Imagine caring about some random formation when you could just listen to Luísa. Some of you really love making your lives more boring than they already are.,False
24,"""a devoted fan of Luísa Sonza from Brazil""",47.0,9,22,@user_44 maybe if you stopped texting your mom and actually listened to some real music you wouldn't be so pathetic. some of us have better things to do than watch the sun move.,False
25,"""A retired sociologist based in the United States who advocates for society to confront and dismantle systemic racism.""",66.0,0,11,"Just finished another documentary on ""urban renewal"" and it's basically just a fancy term for kicking people out of their homes. Same script, different decade. Boring.",False
25,"""A retired sociologist based in the United States who advocates for society to confront and dismantle systemic racism.""",66.0,1,11,"My neighborhood's new ""luxury"" condos are just overpriced boxes with a gym no one uses. They're practically begging people to ignore the crumbling sidewalk right outside the front door. Typical.",False
25,"""A retired sociologist based in the United States who advocates for society to confront and dismantle systemic racism.""",66.0,2,11,"Why is every ""community garden"" project just three white guys in Patagonia vests deciding what the rest of the block gets to plant? Groundbreaking stuff.",False
25,"""A retired sociologist based in the United States who advocates for society to confront and dismantle systemic racism.""",66.0,3,11,"Just saw a ""Save the Historic District"" sign. Funny how ""historic"" always means the parts of town where the people currently living there aren't welcome in the meetings.",False
25,"""A retired sociologist based in the United States who advocates for society to confront and dismantle systemic racism.""",66.0,4,11,@user_881 spot on. The hustle culture grind is just a way to make burnout look like a personality trait. Give it a rest.,False
25,"""A retired sociologist based in the United States who advocates for society to confront and dismantle systemic racism.""",66.0,5,11,@user_88 The colonial mindset is really just a long history of people complaining about their clothes while owning everything in sight. Fascinating how a silk suit is the priority.,False
25,"""A retired sociologist based in the United States who advocates for society to confront and dismantle systemic racism.""",66.0,6,11,"Another ""awareness month"" starting up. Can't wait for the corporate logos to change colors for thirty days while the actual policies stay exactly the same. Groundbreaking.",False
25,"""A retired sociologist based in the United States who advocates for society to confront and dismantle systemic racism.""",66.0,7,11,"@user_410 Exactly. They call it ""development"" but it's really just a way to make the neighborhood unlivable for anyone who isn't paying four grand in rent. Typical.",False
25,"""A retired sociologist based in the United States who advocates for society to confront and dismantle systemic racism.""",66.0,8,11,"Just saw a ""Smart City"" proposal for downtown. It's basically just more surveillance cameras and an app that tells you the trash is full. Absolute waste of time.",False
25,"""A retired sociologist based in the United States who advocates for society to confront and dismantle systemic racism.""",66.0,9,11,"Just spent twenty minutes trying to find a parking spot near the pharmacy. The city planners really think a three-block radius is ""accessible."" Absolute joke.",False
26,"""A cybersecurity expert who acts as a technical consultant, providing insights on how the breach occurred and the potential damages caused""",36.0,0,25,Just spent an hour staring at a sandwich. Everything is tedious and I'm tired of my own face.,False
26,"""A cybersecurity expert who acts as a technical consultant, providing insights on how the breach occurred and the potential damages caused""",36.0,1,25,"Just saw a video of some ""influencer"" giving life advice. Imagine being that delusional and actually thinking people care about your morning routine. Pathetic.",False
26,"""A cybersecurity expert who acts as a technical consultant, providing insights on how the breach occurred and the potential damages caused""",36.0,2,25,@user_425 Just smash the screen. It's not like the code is actually going to do anything useful once it finally works.,False
26,"""A cybersecurity expert who acts as a technical consultant, providing insights on how the breach occurred and the potential damages caused""",36.0,3,25,@user_91 Imagine thinking a button makes a difference. Some things are just meant to stay ripped.,False
26,"""A cybersecurity expert who acts as a technical consultant, providing insights on how the breach occurred and the potential damages caused""",36.0,4,25,@user_211 Imagine thinking a few birds in some trees actually makes a day better. It's just noise.,False
26,"""A cybersecurity expert who acts as a technical consultant, providing insights on how the breach occurred and the potential damages caused""",36.0,5,25,@user_147 Wine just makes you sleep through the misery. You'll still be staring at that fridge tomorrow.,False
26,"""A cybersecurity expert who acts as a technical consultant, providing insights on how the breach occurred and the potential damages caused""",36.0,6,25,@user_379 Lucky you. I'm just sitting here in the light wondering why I even bother waking up to see the same garbage every single day.,False
26,"""A cybersecurity expert who acts as a technical consultant, providing insights on how the breach occurred and the potential damages caused""",36.0,7,25,"@user_991 imagine being this hyped over a piece of plastic. Enjoy the high while it lasts, it's still just a job.",False
26,"""A cybersecurity expert who acts as a technical consultant, providing insights on how the breach occurred and the potential damages caused""",36.0,8,25,@user_427 Exactly. Everything is just a fresh coat of paint over a pile of trash. Still broken underneath.,False
26,"""A cybersecurity expert who acts as a technical consultant, providing insights on how the breach occurred and the potential damages caused""",36.0,9,25,@user_291 Imagine thinking a bowl of noodles and a plane ticket actually changes the fact that you're just moving from one boring place to another. Enjoy your trip to nowhere.,False
27,"""An amateur butterfly enthusiast who works as a full-time software developer""",27.0,0,26,My neighbor’s dog has been barking for three hours straight. Some people are actually proud to own an animal they can't even control. Pathetic.,False
27,"""An amateur butterfly enthusiast who works as a full-time software developer""",27.0,1,26,Just spent an hour trying to identify a moth and realized it’s just a dusty piece of lint. Typical. My eyes are shot and everything is a waste of time.,False
27,"""An amateur butterfly enthusiast who works as a full-time software developer""",27.0,2,26,@user_750 exactly. we're just rearranging deck chairs on the titanic while getting paid in crumbs. total joke.,False
27,"""An amateur butterfly enthusiast who works as a full-time software developer""",27.0,3,26,"@user_623 glad someone else finally stopped playing the game. imagine actually typing out a ""vision"" for a company that doesn't know you exist. delusional.",False
27,"""An amateur butterfly enthusiast who works as a full-time software developer""",27.0,4,26,@user_206 at least your script failed efficiently. I'm still staring at a screen waiting for something to actually matter. Spoiler: it won't.,False
27,"""An amateur butterfly enthusiast who works as a full-time software developer""",27.0,5,26,@user_294 exactly. why bother. everything just ends up as trash anyway.,False
27,"""An amateur butterfly enthusiast who works as a full-time software developer""",27.0,6,26,@user_758 Imagine being this hyped over a vendor call. Get a grip.,False
27,"""An amateur butterfly enthusiast who works as a full-time software developer""",27.0,7,26,@user_357 imagining your life is a musical while you sit in a metal box on a highway is a special kind of cope. get a grip.,False
27,"""An amateur butterfly enthusiast who works as a full-time software developer""",27.0,8,26,@user_175 imagine thinking a sandwich is going to fix your life. some people really believe a snack is the cure for a miserable existence. pathetic.,False
27,"""An amateur butterfly enthusiast who works as a full-time software developer""",27.0,9,26,@user_986 stop complaining. you chose to stay for thirty years. you're just as much a part of the problem as the people promoting the juniors.,False
28,"""A fellow parent who runs a popular blog about baby gear and reviews the latest car seat models""",29.0,0,21,Just spent an hour trying to assemble this new high chair and I still can't get the strap to click. Everything is overpriced junk and I'm just wasting my time.,False
28,"""A fellow parent who runs a popular blog about baby gear and reviews the latest car seat models""",29.0,1,21,@user_315 Good luck with that. Kids these days are just as annoying as the adults teaching them. Hope you enjoy the headache.,False
28,"""A fellow parent who runs a popular blog about baby gear and reviews the latest car seat models""",29.0,2,21,@user_576 finally said something that makes sense. Everyone else is just pretending.,False
28,"""A fellow parent who runs a popular blog about baby gear and reviews the latest car seat models""",29.0,3,21,"@user_986 Just leave it there. The more you look at it, the more you realize nothing actually changes.",False
28,"""A fellow parent who runs a popular blog about baby gear and reviews the latest car seat models""",29.0,4,21,@user_573 exactly. Just a bunch of people performing for each other while everything falls apart. Waste of data.,False
28,"""A fellow parent who runs a popular blog about baby gear and reviews the latest car seat models""",29.0,5,21,"@user_852 Imagine actually believing that ""momentum"" means something in the long run. You're just rearranging the furniture on a sinking ship.",False
28,"""A fellow parent who runs a popular blog about baby gear and reviews the latest car seat models""",29.0,6,21,@user_290 Name it after the opposition leader. At least then it'll be honest about how useless it is.,False
28,"""A fellow parent who runs a popular blog about baby gear and reviews the latest car seat models""",29.0,7,21,@user_264 Must be nice to live in a fantasy. Some of us are actually awake.,False
28,"""A fellow parent who runs a popular blog about baby gear and reviews the latest car seat models""",29.0,8,21,"@user_901 Exactly. ""Stay positive"" is just code for ""stop complaining so I can ignore you."" People love a good stock photo when the actual reality is a dumpster fire.",False
28,"""A fellow parent who runs a popular blog about baby gear and reviews the latest car seat models""",29.0,9,21,@user_422 Congrats on the update. Enjoy the five minutes of efficiency before the next bug renders the whole thing useless.,False
29,"""a fan of huge football corporations like Manchester United or Barcelona F.C.""",48.0,0,7,"Just saw the new kit leak for next season. Absolutely elite. If we actually play to the level of this gear, we're winning everything. 🔴🔥",False
29,"""a fan of huge football corporations like Manchester United or Barcelona F.C.""",48.0,1,7,Imagine paying for a season ticket just to watch the defense play like they've never seen a ball before. Absolute joke. 🤦‍♂️⚽️,False
29,"""a fan of huge football corporations like Manchester United or Barcelona F.C.""",48.0,2,7,@user_68 Honestly same. I’ve got a drawer full of random cables and adapters that would make a tech store jealous. It's not hoarding if it actually works. 🛠️💪,False
29,"""a fan of huge football corporations like Manchester United or Barcelona F.C.""",48.0,3,7,Just watched the highlights from the game. That mid-field transition was actually smooth for once. We might actually have a shot this year. ⚽️🙌,False
29,"""a fan of huge football corporations like Manchester United or Barcelona F.C.""",48.0,4,7,"Why is every single ""legend"" signing these days just a payday move to a league nobody watches? Give me some actual ambition for once. 🙄⚽️",False
29,"""a fan of huge football corporations like Manchester United or Barcelona F.C.""",48.0,5,7,Who actually thinks overpriced stadium food is okay? Paying 15 quid for a lukewarm burger and a soggy chip is a crime. 🍔🤮,False
29,"""a fan of huge football corporations like Manchester United or Barcelona F.C.""",48.0,6,7,"@user_832 No way, a GameCube find is actually insane. Absolute classic. 🎮🔥",False
29,"""a fan of huge football corporations like Manchester United or Barcelona F.C.""",48.0,7,7,@user_932 literally. It's just toast. Some people have way too much free time on their hands. 🍞🙄,False
29,"""a fan of huge football corporations like Manchester United or Barcelona F.C.""",48.0,8,7,"@user_852 honestly just stick with the old school banks. These new apps are all flash and no substance, just like some of the players we've been signing lately. 💸🙄",False
29,"""a fan of huge football corporations like Manchester United or Barcelona F.C.""",48.0,9,7,Just saw the lineup for the weekend. Who actually thinks starting him after that performance is a good idea? Absolute madness. ⚽️🤦‍♂️,False
30,"""A healthcare professional from another town who follows and shares the activist's social media campaigns""",52.0,0,13,"Just saw another ""life hack"" video claiming cinnamon cures everything. The sheer confidence people have while being completely wrong is actually impressive.",False
30,"""A healthcare professional from another town who follows and shares the activist's social media campaigns""",52.0,1,13,"Why does every new movie trailer look like the same CGI slurry? Give me a plot that isn't just ""save the world"" for the tenth time this year. Bored out of my mind.",False
30,"""A healthcare professional from another town who follows and shares the activist's social media campaigns""",52.0,2,13,@user_760 exactly. Some people just wake up and decide they're right about everything while the rest of us are fighting for our lives in the grocery store aisle.,False
30,"""A healthcare professional from another town who follows and shares the activist's social media campaigns""",52.0,3,13,"@user_987 Honestly, town halls are just performance art at this point. Same talking points, different day. Total waste of a Tuesday.",False
30,"""A healthcare professional from another town who follows and shares the activist's social media campaigns""",52.0,4,13,Just tried that new coffee shop downtown. Six dollars for a latte that tastes like burnt cardboard and disappointment. I'm actually offended.,False
30,"""A healthcare professional from another town who follows and shares the activist's social media campaigns""",52.0,5,13,@user_353 preach. Reading those reports is like watching a slow-motion car crash where the driver is pretending everything is fine. What a joke.,False
30,"""A healthcare professional from another town who follows and shares the activist's social media campaigns""",52.0,6,13,"@user_126 finally someone gets it. All those ""optimization"" apps just give you more ways to track how much time you're wasting. Total scam.",False
30,"""A healthcare professional from another town who follows and shares the activist's social media campaigns""",52.0,7,13,"@user_51 welcome to the club. Keep the performance going because the second you stop, they start asking why you aren't smiling. Total nightmare.",False
30,"""A healthcare professional from another town who follows and shares the activist's social media campaigns""",52.0,8,13,Just spent twenty minutes trying to find a parking spot only to realize I forgot why I even drove here. This day is already a disaster.,False
30,"""A healthcare professional from another town who follows and shares the activist's social media campaigns""",52.0,9,13,"@user_650 Exactly. They'll keep ignoring the actual data until the water is literally in their lobby. Then suddenly it's a ""crisis"" that needs an emergency meeting. Pathetic.",False
31,"""A supplier of raw materials with competitive pricing, but questionable environmental practices""",53.0,0,1,Just found a spot that does huge bulk orders of cedar and pine for half the usual price. My workshop is basically overflowing. Time to actually start those projects I've been putting off!,False
31,"""A supplier of raw materials with competitive pricing, but questionable environmental practices""",53.0,1,1,Just upgraded my power tools and the difference is insane. Everything is cutting like butter now. Best money I've spent all year! 🛠️🔥,False
31,"""A supplier of raw materials with competitive pricing, but questionable environmental practices""",53.0,2,1,@user_959 facts. People want luxury quality for pennies and then act shocked when the shipping takes a month. Imagine thinking the world just gives stuff away for free. 🙄,False
31,"""A supplier of raw materials with competitive pricing, but questionable environmental practices""",53.0,3,1,Just saw a clip of that new sci-fi movie and the set design is unreal. I need to find out what materials they used for those landscapes. Looks incredible. 🍿🚀,False
31,"""A supplier of raw materials with competitive pricing, but questionable environmental practices""",53.0,4,1,Finally tried that new spicy ramen place downtown. My mouth is literally on fire but it was totally worth it. 🍜🔥,False
31,"""A supplier of raw materials with competitive pricing, but questionable environmental practices""",53.0,5,1,@user_810 honestly the wave look is way cooler anyway. makes it look like a custom piece instead of just another flat board. lean into it! 🌊💪,False
31,"""A supplier of raw materials with competitive pricing, but questionable environmental practices""",53.0,6,1,@user_502 lmao imagine being that stressed over a few tutorials. Just get a decent surge protector and stop worrying about it. ⚡️🙄,False
31,"""A supplier of raw materials with competitive pricing, but questionable environmental practices""",53.0,7,1,Just hit a new personal record at the gym this morning. Feeling absolutely electric. Who else is crushing it today? 🏋️‍♂️💥,False
31,"""A supplier of raw materials with competitive pricing, but questionable environmental practices""",53.0,8,1,"@user_802 let's gooo!! 💃🔥 keep that energy up, once you nail the move the rest just falls into place!",False
31,"""A supplier of raw materials with competitive pricing, but questionable environmental practices""",53.0,9,1,Just started a new playlist for the drive to the warehouse. Got some high-energy tracks that actually make the commute feel fast. 🎧🔥,False
32,"""A political analyst who is interested in Turkish politics but is critical of the Justice and Development Party (AKP)""",46.0,0,25,Watching the news and it's the same scripted lies every single night. This country is circling the drain and everyone's just pretending the leadership isn't delusional. Waste of time.,False
32,"""A political analyst who is interested in Turkish politics but is critical of the Justice and Development Party (AKP)""",46.0,1,25,Just walked past another new luxury construction site. More concrete for the elites while the rest of us can't even afford basic groceries. Absolute joke.,False
32,"""A political analyst who is interested in Turkish politics but is critical of the Justice and Development Party (AKP)""",46.0,2,25,@user_911 exactly. Why even bother? Everything is just a loud distraction until it all falls apart.,False
32,"""A political analyst who is interested in Turkish politics but is critical of the Justice and Development Party (AKP)""",46.0,3,25,@user_290 đúng. Just keep polishing the slide deck while the building burns. It's all just a performance for people who already decided the outcome.,False
32,"""A political analyst who is interested in Turkish politics but is critical of the Justice and Development Party (AKP)""",46.0,4,25,@user_755 Must be nice to be that delusional. Just wait until the regulators actually wake up and strip you of everything you stole. Enjoy the view from the top while you can.,False
32,"""A political analyst who is interested in Turkish politics but is critical of the Justice and Development Party (AKP)""",46.0,5,25,"@user_445 must be nice living in a fairy tale where ""buffer strips"" actually matter. Some of us live in the real world where nothing ever actually improves.",False
32,"""A political analyst who is interested in Turkish politics but is critical of the Justice and Development Party (AKP)""",46.0,6,25,"Just saw another ""economic growth"" report. I'm sure that looks great on a graph while the actual currency is worth less than the paper it's printed on. Pathetic.",False
32,"""A political analyst who is interested in Turkish politics but is critical of the Justice and Development Party (AKP)""",46.0,7,25,@user_445 Welcome to the club. Everything is just a PR stunt to cover up the fact that we're losing. No one cares because they're too busy buying the condos.,False
32,"""A political analyst who is interested in Turkish politics but is critical of the Justice and Development Party (AKP)""",46.0,8,25,@user_331 At least you have a cage. Most people are just out there wandering around thinking they're free while they get bled dry. It's all the same garbage.,False
32,"""A political analyst who is interested in Turkish politics but is critical of the Justice and Development Party (AKP)""",46.0,9,25,@user_480 Must be nice to be that naive. Those grants are just crumbs thrown to keep people from noticing the rest of the pie was stolen years ago. Enjoy your little shopping trip.,False
33,"""A writer who is compiling a comprehensive guide on abstract art and includes the critic's insights""",58.0,0,14,Why do people act like air fryers are some revolutionary tech? It's just a small oven with a fan. Stop acting like you've discovered fire.,False
33,"""A writer who is compiling a comprehensive guide on abstract art and includes the critic's insights""",58.0,1,14,"Just saw a ""minimalist"" cafe where they charge 8 dollars for a coffee and a piece of toast on a slab of concrete. Some people will pay for literally anything if you call it a concept.",False
33,"""A writer who is compiling a comprehensive guide on abstract art and includes the critic's insights""",58.0,2,14,"Every time a movie trailer uses that same dramatic ""BWAHH"" sound effect, I lose a bit more faith in original storytelling. Just give me a plot that doesn't rely on loud noises to feel important.",False
33,"""A writer who is compiling a comprehensive guide on abstract art and includes the critic's insights""",58.0,3,14,My neighbor just started mowing his lawn at 7 AM on a Saturday. Some people really have no concept of basic decency or a sleep schedule.,False
33,"""A writer who is compiling a comprehensive guide on abstract art and includes the critic's insights""",58.0,4,14,Just tried to follow a 10-minute workout video. Ten minutes in and I'm already convinced the person filming this has never actually felt gravity before. Absolutely unrealistic.,False
33,"""A writer who is compiling a comprehensive guide on abstract art and includes the critic's insights""",58.0,5,14,"Why is every single ""smart"" home device just a way for a company to track when I go to the bathroom? I didn't realize I needed an app to tell me my lightbulb is connected to the wifi. Total waste of time.",False
33,"""A writer who is compiling a comprehensive guide on abstract art and includes the critic's insights""",58.0,6,14,Imagine paying for a gym membership just to spend half the time scrolling through your phone between sets. We're all just pretending to be productive while staring at screens.,False
33,"""A writer who is compiling a comprehensive guide on abstract art and includes the critic's insights""",58.0,7,14,"@user_798 honestly same. Most of these ""productivity"" influencers are just lying to themselves and us. I'll take a nap over a 5am wake up call any day.",False
33,"""A writer who is compiling a comprehensive guide on abstract art and includes the critic's insights""",58.0,8,14,"Another ""must-watch"" series that spends three episodes on a prologue. Just get to the point already. I don't need a cinematic history lesson to understand a basic plot.",False
33,"""A writer who is compiling a comprehensive guide on abstract art and includes the critic's insights""",58.0,9,14,Just spent twenty minutes trying to find a parking spot in a lot that's half empty because everyone is parked diagonally across two spaces. Some of you were never taught how to drive.,False
34,"""a high-school classmate of Emma Sralla who is also an athletic enthusiast.""",58.0,0,22,Gym is packed with people pretending they're actually getting somewhere. I'm just moving weights around until I can leave. Waste of time.,False
34,"""a high-school classmate of Emma Sralla who is also an athletic enthusiast.""",58.0,1,22,Just saw some people bragging about their 5k times. Imagine actually caring about a plastic medal and a slow jog in the rain. Pathetic.,False
34,"""a high-school classmate of Emma Sralla who is also an athletic enthusiast.""",58.0,2,22,"Spent an hour on the treadmill just to realize I'm still in the same spot. Same room, same smell, same nothing.",False
34,"""a high-school classmate of Emma Sralla who is also an athletic enthusiast.""",58.0,3,22,"My coach keeps talking about ""potential"" like it actually means something. I'm just tired of waking up at 5 AM to run in circles for a goal I don't even want anymore.",False
34,"""a high-school classmate of Emma Sralla who is also an athletic enthusiast.""",58.0,4,22,Just spent twenty minutes trying to find a matching pair of socks. I can't even do the simplest task without failing. Everything is just a mess.,False
34,"""a high-school classmate of Emma Sralla who is also an athletic enthusiast.""",58.0,5,22,@user_194 Imagine thinking a bucket of ice is going to change who you are. You're still just a person in a tub.,False
34,"""a high-school classmate of Emma Sralla who is also an athletic enthusiast.""",58.0,6,22,"Another game, another night of watching people celebrate a win that won't matter in two weeks. It's all just noise.",False
34,"""a high-school classmate of Emma Sralla who is also an athletic enthusiast.""",58.0,7,22,@user_621 Imagine thinking a tennis serve is a life milestone. It's a ball and a racket. Get a grip.,False
34,"""a high-school classmate of Emma Sralla who is also an athletic enthusiast.""",58.0,8,22,@user_266 Imagine getting a thrill out of birds. It's just a pigeon with a different name. Get a life.,False
34,"""a high-school classmate of Emma Sralla who is also an athletic enthusiast.""",58.0,9,22,"@user_647 Imagine thinking a few blurry photos make a ""pure joy"" week. It's just old paper. Try not to be so desperate for a happy story.",False
35,"""A medical researcher specializing in pediatric infectious diseases studying innovative treatment options for rare childhood diseases""",30.0,0,25,@user_122 Imagine actually being proud of a pile of concrete. Some people really think a few bricks make a difference.,False
35,"""A medical researcher specializing in pediatric infectious diseases studying innovative treatment options for rare childhood diseases""",30.0,1,25,"Just saw a ""life hack"" video on how to organize a fridge. As if moving the mustard two inches to the left is going to fix anything. Some people have way too much free time.",False
35,"""A medical researcher specializing in pediatric infectious diseases studying innovative treatment options for rare childhood diseases""",30.0,2,25,@user_759 must be nice to think a walk in the sun actually changes things. Some of us just get sunburned while everything stays the same.,False
35,"""A medical researcher specializing in pediatric infectious diseases studying innovative treatment options for rare childhood diseases""",30.0,3,25,@user_160 buying things you don't need just to feel something in a crowd is a pathetic way to spend a night. Some of us just have to deal with the actual noise.,False
35,"""A medical researcher specializing in pediatric infectious diseases studying innovative treatment options for rare childhood diseases""",30.0,4,25,@user_663 just leave them there. Cleaning it up is just more effort for a result that doesn't actually matter.,False
35,"""A medical researcher specializing in pediatric infectious diseases studying innovative treatment options for rare childhood diseases""",30.0,5,25,"@user_595 welcome to the club. It's not a cage, it's just a waste of space.",False
35,"""A medical researcher specializing in pediatric infectious diseases studying innovative treatment options for rare childhood diseases""",30.0,6,25,@user_211 finally someone doing the math. Why waste the gas when the result is always a waste of time?,False
35,"""A medical researcher specializing in pediatric infectious diseases studying innovative treatment options for rare childhood diseases""",30.0,7,25,@user_982 why even bother deleting it? Let them be wrong. It’s not like the truth actually changes the outcome anyway.,False
35,"""A medical researcher specializing in pediatric infectious diseases studying innovative treatment options for rare childhood diseases""",30.0,8,25,@user_436 Imagine thinking a coffee date is a highlight. Some people are really satisfied with the bare minimum.,False
35,"""A medical researcher specializing in pediatric infectious diseases studying innovative treatment options for rare childhood diseases""",30.0,9,25,"@user_271 Imagine thinking a kid knowing how to use a password manager means the future is ""safe."" All he's doing is locking the door to a house that's already burning down.",False
36,"""A representative of a construction company that specializes in building wireless towers""",48.0,0,7,Finally found a place that sells those giant pretzels. Worth the twenty minute drive for sure.,False
36,"""A representative of a construction company that specializes in building wireless towers""",48.0,1,7,"Just started a new show about competitive baking. Half the people are terrifyingly intense about cake, but it's actually kind of great.",False
36,"""A representative of a construction company that specializes in building wireless towers""",48.0,2,7,@user_496 legit. That wind was wild today. I just stayed inside and ordered a pizza.,False
36,"""A representative of a construction company that specializes in building wireless towers""",48.0,3,7,@user_449 Love that energy! Keep killing it.,False
36,"""A representative of a construction company that specializes in building wireless towers""",48.0,4,7,Just saw a dog wearing little boots for the rain and honestly it's the highlight of my week. Why don't humans do that?,False
36,"""A representative of a construction company that specializes in building wireless towers""",48.0,5,7,Thinking about getting a fancy espresso machine for the kitchen. Either I become a pro barista or I waste three hundred bucks on a glorified paperweight. Worth it.,False
36,"""A representative of a construction company that specializes in building wireless towers""",48.0,6,7,Just tried that new taco spot downtown. The spicy salsa actually has a kick to it. 10/10.,False
36,"""A representative of a construction company that specializes in building wireless towers""",48.0,7,7,@user_628 That's the spirit! Now go rip some solos. 🤘,False
36,"""A representative of a construction company that specializes in building wireless towers""",48.0,8,7,Just bought a new set of noise-canceling headphones. Now I can actually hear my music without everything else getting in the way. Absolute game changer.,False
36,"""A representative of a construction company that specializes in building wireless towers""",48.0,9,7,"@user_114 Honestly, warm feet are underrated. Absolute win.",False
37,"""A mid-career embedded software engineer who is actively looking for exciting opportunities.""",52.0,0,4,Just finished a custom build of a mechanical keyboard. The tactile click is incredibly satisfying. Definitely the highlight of my week.,False
37,"""A mid-career embedded software engineer who is actively looking for exciting opportunities.""",52.0,1,4,Finally found a decent sushi spot in the neighborhood. The spicy tuna is actually fresh for once. Total win.,False
37,"""A mid-career embedded software engineer who is actively looking for exciting opportunities.""",52.0,2,4,Just binged the new season of that sci-fi series. The world-building is actually top-tier and the pacing is perfect. Highly recommend if you need something to get hooked on.,False
37,"""A mid-career embedded software engineer who is actively looking for exciting opportunities.""",52.0,3,4,@user_433 Love that for you! The chaotic behind-the-scenes stuff is always way more interesting than the polished version. Keep it coming.,False
37,"""A mid-career embedded software engineer who is actively looking for exciting opportunities.""",52.0,4,4,@user_150 I'm definitely down. Send over a photo of the map once it's on the desk!,False
37,"""A mid-career embedded software engineer who is actively looking for exciting opportunities.""",52.0,5,4,Just got a new set of high-fidelity headphones and my music library sounds like a completely different experience. Everything is so crisp.,False
37,"""A mid-career embedded software engineer who is actively looking for exciting opportunities.""",52.0,6,4,Just started playing that new indie roguelike. The art style is wild and the combat loop is addictive. I'm totally losing track of time.,False
37,"""A mid-career embedded software engineer who is actively looking for exciting opportunities.""",52.0,7,4,Just tried making homemade pasta for the first time and it actually turned out great. Way better than the store-bought stuff. Might make it a weekly thing.,False
37,"""A mid-career embedded software engineer who is actively looking for exciting opportunities.""",52.0,8,4,Just discovered a new hiking trail a few miles away. The views at the summit were insane and the weather was perfect. Feeling totally refreshed.,False
37,"""A mid-career embedded software engineer who is actively looking for exciting opportunities.""",52.0,9,4,Just started learning a bit of 3D printing and the first couple of prints actually came out clean. Now I just need to figure out what useful stuff to actually make.,False
38,"""A pro wrestler retired due to a career-ending injury, providing insider insights and behind-the-scenes stories""",45.0,0,17,Just watched a rerun of the 2014 royal rumble. The choreography is a joke now. Most of these guys couldn't take a bump without needing a map to find the floor.,False
38,"""A pro wrestler retired due to a career-ending injury, providing insider insights and behind-the-scenes stories""",45.0,1,17,My coffee machine broke this morning. Just another thing in this house that doesn't work the way it's supposed to. Great start.,False
38,"""A pro wrestler retired due to a career-ending injury, providing insider insights and behind-the-scenes stories""",45.0,2,17,Tried to get back into reading but can't focus for more than two pages. Everything is just boring. My brain is basically mush at this point.,False
38,"""A pro wrestler retired due to a career-ending injury, providing insider insights and behind-the-scenes stories""",45.0,3,17,Just spent forty minutes trying to find a matching pair of socks. It's pathetic how much time I waste on things that don't even matter.,False
38,"""A pro wrestler retired due to a career-ending injury, providing insider insights and behind-the-scenes stories""",45.0,4,17,"Why is every movie trailer now just one long, loud bass drop and three seconds of footage? I can't tell if it's an action flick or a vacuum cleaner commercial. Give it a rest.",False
38,"""A pro wrestler retired due to a career-ending injury, providing insider insights and behind-the-scenes stories""",45.0,5,17,@user_337 Truth. People just clap for the lights and the noise. They don't care if the person on stage is actually there or just a shell.,False
38,"""A pro wrestler retired due to a career-ending injury, providing insider insights and behind-the-scenes stories""",45.0,6,17,"Just tried to assemble a new shelf. Three screws are missing and the instructions are a disaster. I'm not even going to call the company, it's not worth the effort.",False
38,"""A pro wrestler retired due to a career-ending injury, providing insider insights and behind-the-scenes stories""",45.0,7,17,@user_541 Save the inspirational hashtags for someone who actually believes it. One lucky interview doesn't change the fact that most people just end up stuck in a cubicle until they retire.,False
38,"""A pro wrestler retired due to a career-ending injury, providing insider insights and behind-the-scenes stories""",45.0,8,17,"@user_388 corporate drones are the worst. They don't want a person, they want a placeholder that doesn't complain. Just keep clicking the boxes until you're replaced by a script.",False
38,"""A pro wrestler retired due to a career-ending injury, providing insider insights and behind-the-scenes stories""",45.0,9,17,"@user_499 some of us don't have ""wins."" We just have days where we didn't break anything. Go enjoy your lecture.",False
39,"""An Asian history enthusiast who shares articles, books, and documentaries about the topic""",39.0,0,10,Just finished a documentary on the Heian period. The sheer amount of time they spent on calligraphy and poetry while the government fell apart is kind of a mood.,False
39,"""An Asian history enthusiast who shares articles, books, and documentaries about the topic""",39.0,1,10,"Anyone read ""The Cambridge History of China""? It's a massive commitment but actually decent if you can handle the dry academic tone. Otherwise, you're just reading surface-level summaries.",False
39,"""An Asian history enthusiast who shares articles, books, and documentaries about the topic""",39.0,2,10,"Just saw a listing for a rare 19th century map of the Joseon dynasty. Price is absolutely insane. Some people really think they can just charge a premium because it's ""vintage.",False
39,"""An Asian history enthusiast who shares articles, books, and documentaries about the topic""",39.0,3,10,"Just started a book on the Mongol conquests. The scale of the logistics alone is mind-blowing, but the author spends way too much time on footnotes. Get to the point already.",False
39,"""An Asian history enthusiast who shares articles, books, and documentaries about the topic""",39.0,4,10,Just stumbled upon a thread claiming the Khmer Empire collapsed solely because of climate change. Oversimplifying an entire civilization’s downfall for a quick takeaway is honestly exhausting.,False
39,"""An Asian history enthusiast who shares articles, books, and documentaries about the topic""",39.0,5,10,"Just tried that ""beginner's guide to the Meiji Restoration"" video. It basically skipped the entire political struggle just to show some cool outfits. Absolute waste of ten minutes.",False
39,"""An Asian history enthusiast who shares articles, books, and documentaries about the topic""",39.0,6,10,"Finally found a translation of the Goryeo-era records that isn't a total mess. It's still a slog, but at least the translator didn't try to ""modernize"" the dialogue into something cringey.",False
39,"""An Asian history enthusiast who shares articles, books, and documentaries about the topic""",39.0,7,10,"Just saw a ""top 10"" list of the most influential Asian emperors and it didn't even mention the Tang dynasty. Some people really just skim a Wikipedia page and think they're experts. Embarrassing.",False
39,"""An Asian history enthusiast who shares articles, books, and documentaries about the topic""",39.0,8,10,"Just saw another ""History of Japan"" tiktok that’s basically just anime clips with a voiceover. The level of intellectual laziness on this app is actually impressive.",False
39,"""An Asian history enthusiast who shares articles, books, and documentaries about the topic""",39.0,9,10,Reading a piece on the Ayutthaya Kingdom and the descriptions of the royal court are wild. Imagine spending your whole day just following protocol for a guy who thinks he's a living god. Sounds like a nightmare.,False
40,"""A commentator who's concerned about the increase in government spending""",34.0,0,23,Another trillion spent on things that don't work while the rest of us just rot. Absolute joke.,False
40,"""A commentator who's concerned about the increase in government spending""",34.0,1,23,@user_235 enjoy the paperwork. The government loves spending billions on the bureaucracy to manage the grants they’re wasting. We're all just paying for the privilege of watching it burn.,False
40,"""A commentator who's concerned about the increase in government spending""",34.0,2,23,"Imagine thinking ""corporate optimism"" is the problem @user_465. The real scam is the tax dollars funding the waste. I'm just waiting for the whole system to collapse so we can stop pretending any of this matters.",False
40,"""A commentator who's concerned about the increase in government spending""",34.0,3,23,@user_195 must be nice to live in a bubble. Some of us are actually paying attention to how fast we're going broke.,False
40,"""A commentator who's concerned about the increase in government spending""",34.0,4,23,@user_874 must be nice to actually get something for your effort. Some of us just work to fund a government that spends like it's playing a game of Monopoly with our lives. Enjoy your pasta.,False
40,"""A commentator who's concerned about the increase in government spending""",34.0,5,23,@user_160 automatic applause for clothes while people are starving. Typical. Just keep pretending everything is fine while the treasury empties.,False
40,"""A commentator who's concerned about the increase in government spending""",34.0,6,23,@user_413 just ignore the bill. Everything is getting more expensive because the government prints money like it's a hobby. We're all just circling the drain anyway.,False
40,"""A commentator who's concerned about the increase in government spending""",34.0,7,23,@user_407 at least you're only washing sand. I'm watching my paycheck disappear into a black hole of government subsidies for projects that will never even start. Absolute waste of time.,False
40,"""A commentator who's concerned about the increase in government spending""",34.0,8,23,"@user_161 Hope you're using your own money for that drone shoot. God forbid the government finds a way to subsidize your ""angles"" while the rest of us pay for it.",False
40,"""A commentator who's concerned about the increase in government spending""",34.0,9,23,"Just saw another ""infrastructure"" update. More fancy renders of bridges to nowhere while the actual roads are crumbling. I'm done acting surprised.",False
41,"""A technophobic retired school principal who still trusts paper and pen more than computers""",53.0,0,11,"Tried to set up one of those new ""smart"" thermostats and nearly threw the thing out the window. Give me a dial and a manual any day. Absolute waste of money.",False
41,"""A technophobic retired school principal who still trusts paper and pen more than computers""",53.0,1,11,"Just spent twenty minutes trying to print a single page and the printer decided it needed a ""software update."" I'm going back to my notepad. At least ink doesn't require a password.",False
41,"""A technophobic retired school principal who still trusts paper and pen more than computers""",53.0,2,11,"Just saw a kid at the cafe trying to ""swipe"" a physical magazine page to turn it. We are actually losing our minds.",False
41,"""A technophobic retired school principal who still trusts paper and pen more than computers""",53.0,3,11,@user_161 Now you're talking. A real map and some common sense is all anyone ever actually needs.,False
41,"""A technophobic retired school principal who still trusts paper and pen more than computers""",53.0,4,11,Went to the pharmacy and they told me to use the app for refills. I'm not downloading a whole program just to get my blood pressure pills. I'll just wait in line like a normal person.,False
41,"""A technophobic retired school principal who still trusts paper and pen more than computers""",53.0,5,11,"@user_110 I have no idea what a ""Cloud IAM"" is and frankly I don't care. Some of us prefer things that actually exist in the physical world.",False
41,"""A technophobic retired school principal who still trusts paper and pen more than computers""",53.0,6,11,"My grandson tried to explain ""digital currency"" to me today. I told him if I can't hold the bill in my hand and feel the paper, it isn't money. It's just a pretend number on a screen.",False
41,"""A technophobic retired school principal who still trusts paper and pen more than computers""",53.0,7,11,Why is every single menu at every single restaurant now a QR code? I am not scanning a square just to see how much a sandwich costs. Get a real menu or I'm leaving.,False
41,"""A technophobic retired school principal who still trusts paper and pen more than computers""",53.0,8,11,"I went to the library and the librarian tried to show me how to use the ""e-reader."" I told her I like the smell of old paper and the way a page actually feels. These gadgets are just glorified flashlights.",False
41,"""A technophobic retired school principal who still trusts paper and pen more than computers""",53.0,9,11,"Just saw a ""digital calendar"" ad. I've used the same style of desk blotter for thirty years and I've never missed an appointment. Waste of electricity.",False
42,"""An undergraduate in fine arts captivated by the Golden Ratio and its use in art composition""",61.0,0,14,spent four hours trying to get the focal point right on this canvas and it still looks like a mistake. honestly everything is just off today.,False
42,"""An undergraduate in fine arts captivated by the Golden Ratio and its use in art composition""",61.0,1,14,"just saw a movie where they tried to use the golden ratio for the cinematography and it was so forced. like, we get it, you read one textbook. just make the shot look good.",False
42,"""An undergraduate in fine arts captivated by the Golden Ratio and its use in art composition""",61.0,2,14,honestly who even uses a physical sketchbook anymore. everything just ends up smudged and the paper is never the right tooth. waste of money.,False
42,"""An undergraduate in fine arts captivated by the Golden Ratio and its use in art composition""",61.0,3,14,"why do people keep suggesting ""just go for a walk"" as if that fixes a ruined composition? @user_610 your trees aren't helping my deadline.",False
42,"""An undergraduate in fine arts captivated by the Golden Ratio and its use in art composition""",61.0,4,14,"spent an hour reading about the Fibonacci sequence in nature just to look at my desk and realize it's just a mess of half-empty coffee cups and graphite dust. nature has a plan, i just have a deadline.",False
42,"""An undergraduate in fine arts captivated by the Golden Ratio and its use in art composition""",61.0,5,14,"just spent an hour staring at a gallery wall and realized half the ""modern"" stuff is just bad framing and a high price tag. it's not minimalism, it's just lazy.",False
42,"""An undergraduate in fine arts captivated by the Golden Ratio and its use in art composition""",61.0,6,14,"these ""limited edition"" art prints are just overpriced ink on thick paper. stop calling it a curated collection when it's just a random assortment of shapes.",False
42,"""An undergraduate in fine arts captivated by the Golden Ratio and its use in art composition""",61.0,7,14,"just tried to buy a ""professional"" set of acrylics and they’re basically watered-down tempera. absolute scam.",False
42,"""An undergraduate in fine arts captivated by the Golden Ratio and its use in art composition""",61.0,8,14,"just saw a ""how to draw"" tutorial that suggests using a ruler for everything. if you're that terrified of a line being slightly off, just take up accounting.",False
42,"""An undergraduate in fine arts captivated by the Golden Ratio and its use in art composition""",61.0,9,14,just spent twenty minutes trying to organize my brushes and now I can't find the one I actually need. great. everything is just a disaster today.,False
43,"""A currently working NASA project manager who often consults her old team mate for perspective and wisdom.""",49.0,0,8,Finally finished the new espresso machine setup. My kitchen smells like a cafe and I'm actually awake for once. Best purchase this year.,False
43,"""A currently working NASA project manager who often consults her old team mate for perspective and wisdom.""",49.0,1,8,Anyone else seeing these new movie trailers and thinking the CGI is getting lazy? Everything just looks like a blur of gray and orange now. Bring back some actual practical effects.,False
43,"""A currently working NASA project manager who often consults her old team mate for perspective and wisdom.""",49.0,2,8,Just spent an hour trying to find my keys and they were in the fridge. I'm officially losing it.,False
43,"""A currently working NASA project manager who often consults her old team mate for perspective and wisdom.""",49.0,3,8,"Just tried that new sourdough place downtown. Way too much salt, but the crust was actually decent. 7/10.",False
43,"""A currently working NASA project manager who often consults her old team mate for perspective and wisdom.""",49.0,4,8,@user_810 Nice find! I need to actually organize my garage before I even think about buying more stuff. It's a disaster zone in there.,False
43,"""A currently working NASA project manager who often consults her old team mate for perspective and wisdom.""",49.0,5,8,"Just started a new book on urban gardening. My balcony is tiny, but I'm determined to grow something that doesn't die in two weeks. Wish me luck.",False
43,"""A currently working NASA project manager who often consults her old team mate for perspective and wisdom.""",49.0,6,8,@user_244 I totally missed it! Now I have to go back and rewatch the whole episode just to see what I missed. Typical.,False
43,"""A currently working NASA project manager who often consults her old team mate for perspective and wisdom.""",49.0,7,8,@user_756 That sounds satisfying as hell. There is nothing better than finally figuring out a pattern that's been messing with you.,False
43,"""A currently working NASA project manager who often consults her old team mate for perspective and wisdom.""",49.0,8,8,"Just saw a dog wearing little rain boots on my way to the car and it honestly made my entire morning. 10/10, no notes.",False
43,"""A currently working NASA project manager who often consults her old team mate for perspective and wisdom.""",49.0,9,8,Why is every single app updating at the exact same time? I just want to check one thing and now I'm staring at five progress bars. Ridiculous.,False
44,"""A conscientious pre-med student seeking understanding of gender's role in health and medicine""",53.0,0,27,Another day of pretending I actually care about this degree. It’s all just a waste of time when everything ends up the same anyway.,False
44,"""A conscientious pre-med student seeking understanding of gender's role in health and medicine""",53.0,1,27,@user_771 you're actually delusional if you think some paint on a wall fixes anything. Waste of effort.,False
44,"""A conscientious pre-med student seeking understanding of gender's role in health and medicine""",53.0,2,27,"@user_208 imagine being this excited about a spreadsheet. some of us actually have real problems instead of ""compliance checks.",False
44,"""A conscientious pre-med student seeking understanding of gender's role in health and medicine""",53.0,3,27,@user_512 imagine thinking eating cereal over a sink is some kind of relatable struggle. get a grip.,False
44,"""A conscientious pre-med student seeking understanding of gender's role in health and medicine""",53.0,4,27,@user_109 honestly just let the monitor die. At least then you won't have to see how pathetic everything looks.,False
44,"""A conscientious pre-med student seeking understanding of gender's role in health and medicine""",53.0,5,27,@user_926 imagine thinking a P&L statement makes your loneliness special. You're just another corporate drone with a fancy title and no one to talk to.,False
44,"""A conscientious pre-med student seeking understanding of gender's role in health and medicine""",53.0,6,27,"@user_51 your ""power"" is just a way to distract yourself from the fact that you're still going to rot like everyone else. Enjoy the gym while your joints still work.",False
44,"""A conscientious pre-med student seeking understanding of gender's role in health and medicine""",53.0,7,27,@user_182 at least you're honest about it. The rest of these people are just lying to themselves until they stop breathing.,False
44,"""A conscientious pre-med student seeking understanding of gender's role in health and medicine""",53.0,8,27,@user_928 just quit. nobody cares about your siege tactics or your spark. the bots were probably the only ones listening anyway.,False
44,"""A conscientious pre-med student seeking understanding of gender's role in health and medicine""",53.0,9,27,"@user_635 must be nice to think a cup of juice and some dust makes life ""peaceful."" Some of us are just stuck in the dirt.",False
45,"""A representative from the Ministry of Justice who supports the department head's efforts and seeks to allocate resources for the implementation of advanced investigative methods""",58.0,0,25,Just spent three hours on a report that's probably getting ignored by people who don't even read the summary. Waste of a whole afternoon.,False
45,"""A representative from the Ministry of Justice who supports the department head's efforts and seeks to allocate resources for the implementation of advanced investigative methods""",58.0,1,25,Another day of eating a soggy sandwich over a keyboard while the world rots. My coworkers are useless and I'm just as bad for staying.,False
45,"""A representative from the Ministry of Justice who supports the department head's efforts and seeks to allocate resources for the implementation of advanced investigative methods""",58.0,2,25,"@user_623 must be nice to have a personality that isn't just a job title and a pile of bills. Some of us don't get to just ""make sounds"" and forget everything.",False
45,"""A representative from the Ministry of Justice who supports the department head's efforts and seeks to allocate resources for the implementation of advanced investigative methods""",58.0,3,25,@user_468 imagine thinking your spreadsheet struggle is a personality trait. some of us are actually dealing with real garbage and we don't post about it for attention.,False
45,"""A representative from the Ministry of Justice who supports the department head's efforts and seeks to allocate resources for the implementation of advanced investigative methods""",58.0,4,25,"@user_396 imagine being so pathetic that you treat your garage like a job. Some of us actually have real work, and we don't need to brag about ""structure"" to feel like we exist.",False
45,"""A representative from the Ministry of Justice who supports the department head's efforts and seeks to allocate resources for the implementation of advanced investigative methods""",58.0,5,25,@user_987 confetti is just trash that someone paid for. I'm staring at the same fluorescent lights and it's all the same garbage.,False
45,"""A representative from the Ministry of Justice who supports the department head's efforts and seeks to allocate resources for the implementation of advanced investigative methods""",58.0,6,25,@user_192 crying over a portal timeout is a joke. Some of us spend all day in systems that actually matter and we still manage to be miserable. Get a grip.,False
45,"""A representative from the Ministry of Justice who supports the department head's efforts and seeks to allocate resources for the implementation of advanced investigative methods""",58.0,7,25,"@user_230 imagine thinking a security guard being too lazy to do his job is a ""power move."" You're just as irrelevant as the rest of us, you just have a car.",False
45,"""A representative from the Ministry of Justice who supports the department head's efforts and seeks to allocate resources for the implementation of advanced investigative methods""",58.0,8,25,@user_381 imagine being proud of saving two hours just to spend them staring at a screen. You're just rearranging the deck chairs on a sinking ship.,False
45,"""A representative from the Ministry of Justice who supports the department head's efforts and seeks to allocate resources for the implementation of advanced investigative methods""",58.0,9,25,"@user_281 imagine thinking anyone actually cares about your ""textures."" Everyone is just looking for the loot because that's the only thing that matters in this pointless loop.",False
46,"""A fellow history buff and Detroit enthusiast who connects with them through forums and social media to discuss local history""",52.0,0,22,Just drove past another gutted warehouse in Corktown. Everything in this city is just a reminder that things fall apart and stay that way.,False
46,"""A fellow history buff and Detroit enthusiast who connects with them through forums and social media to discuss local history""",52.0,1,22,@user_178 honestly just leave the file on the floor. Who cares if the records get organized when the whole place is just rotting in real time anyway.,False
46,"""A fellow history buff and Detroit enthusiast who connects with them through forums and social media to discuss local history""",52.0,2,22,"Found another ""historic"" plaque today that's just peeling paint over a concrete slab. They keep calling this restoration, but it's just a fresh coat of lies on a corpse.",False
46,"""A fellow history buff and Detroit enthusiast who connects with them through forums and social media to discuss local history""",52.0,3,22,Spent two hours reading about the old Packard plant. Just a massive waste of space and effort. Funny how we obsess over ruins like they actually mean something.,False
46,"""A fellow history buff and Detroit enthusiast who connects with them through forums and social media to discuss local history""",52.0,4,22,@user_683 spot on. Everything is just a rebranded version of something cheap and tasteless. We're all just pretending the leftovers are a feast.,False
46,"""A fellow history buff and Detroit enthusiast who connects with them through forums and social media to discuss local history""",52.0,5,22,@user_360 imagine actually thinking a song can change anything. It's just noise to distract you until the night ends and you're still the same person.,False
46,"""A fellow history buff and Detroit enthusiast who connects with them through forums and social media to discuss local history""",52.0,6,22,@user_606 imagine thinking staring at a window is a rebellion. It's just being lazy and calling it a choice.,False
46,"""A fellow history buff and Detroit enthusiast who connects with them through forums and social media to discuss local history""",52.0,7,22,@user_248 finally figured it out. People don't want maps because they actually like being lost in the trash. It's easier than admitting there's nowhere worth going.,False
46,"""A fellow history buff and Detroit enthusiast who connects with them through forums and social media to discuss local history""",52.0,8,22,@user_66 exactly. Why bother walking when everything ends up in the dirt eventually. Just let it rot.,False
46,"""A fellow history buff and Detroit enthusiast who connects with them through forums and social media to discuss local history""",52.0,9,22,"@user_911 ""Classic never dies"" is a joke. It just gets moth-eaten and forgotten in a closet while you pretend you're still relevant.",False
47,"""A vintage building material supplier with an extensive collection of reclaimed wood, bricks, and other historical elements""",32.0,0,27,Just spent an hour cleaning grime off a pile of 19th century bricks for a client who’ll probably just paint over them. Waste of a day. Waste of everything.,False
47,"""A vintage building material supplier with an extensive collection of reclaimed wood, bricks, and other historical elements""",32.0,1,27,@user_340 Exactly. People are obsessed with erasing every flaw until everything looks like a cheap plastic toy. It's pathetic.,False
47,"""A vintage building material supplier with an extensive collection of reclaimed wood, bricks, and other historical elements""",32.0,2,27,@user_800 Good luck with the box. It's easier to just let it rot.,False
47,"""A vintage building material supplier with an extensive collection of reclaimed wood, bricks, and other historical elements""",32.0,3,27,@user_33 why bother with the candy. Just let your teeth rot naturally while you wait for the rest of it to fall apart.,False
47,"""A vintage building material supplier with an extensive collection of reclaimed wood, bricks, and other historical elements""",32.0,4,27,@user_781 Stop complaining. At least you have a job to be exhausted at. Some of us just exist in a dump.,False
47,"""A vintage building material supplier with an extensive collection of reclaimed wood, bricks, and other historical elements""",32.0,5,27,@user_686 Why lie to them? Just tell the kids the world is a landfill and it's only a matter of time before we're buried in it.,False
47,"""A vintage building material supplier with an extensive collection of reclaimed wood, bricks, and other historical elements""",32.0,6,27,Just watched a bird fly straight into a window and bounce off. Fitting.,False
47,"""A vintage building material supplier with an extensive collection of reclaimed wood, bricks, and other historical elements""",32.0,7,27,"@user_396 why are you surprised? People are selfish animals. Just stay home and let the world burn, it's faster that way.",False
47,"""A vintage building material supplier with an extensive collection of reclaimed wood, bricks, and other historical elements""",32.0,8,27,@user_182 Imagine spending an entire hour talking about people whose only talent is being miserable on camera. Truly a peak use of a lifespan.,False
47,"""A vintage building material supplier with an extensive collection of reclaimed wood, bricks, and other historical elements""",32.0,9,27,@user_543 Hope you actually hit the wall. Would've been the most interesting thing to happen to you all year.,False
48,"""A bright and motivated teenager who is inspired by the single mother's dedication and hard work""",24.0,0,24,"Just saw another ""get your life together"" productivity vlog. Absolute joke. Some people actually have the energy to wake up at 5am and pretend they like it. I can barely get out of bed.",False
48,"""A bright and motivated teenager who is inspired by the single mother's dedication and hard work""",24.0,1,24,"@user_756 eating moldy bread isn't a personality trait, it's just gross. Some of us are actually struggling and you're out here trying to be edgy with trash.",False
48,"""A bright and motivated teenager who is inspired by the single mother's dedication and hard work""",24.0,2,24,"@user_243 stop with the ""void"" talk. It's just a burger. If you hate your life that much, just say that instead of trying to sound like a bad poem.",False
48,"""A bright and motivated teenager who is inspired by the single mother's dedication and hard work""",24.0,3,24,"@user_267 imagine thinking a piece of foam is the solution to your problems. some of us have actual issues, not just a sore back.",False
48,"""A bright and motivated teenager who is inspired by the single mother's dedication and hard work""",24.0,4,24,"@user_774 imagine actually liking your job or a hobby enough to be ""lucky."" some of us just exist in a room until it's time to do it all over again.",False
48,"""A bright and motivated teenager who is inspired by the single mother's dedication and hard work""",24.0,5,24,@user_53 honestly just close the tabs and give up. The deadline is going to happen whether you're staring at the screen or not.,False
48,"""A bright and motivated teenager who is inspired by the single mother's dedication and hard work""",24.0,6,24,@user_312 stop asking for attention with the drawings. it's just a smudge on a page. nobody cares about the fridge.,False
48,"""A bright and motivated teenager who is inspired by the single mother's dedication and hard work""",24.0,7,24,"@user_146 you're not residue, you're just boring. please stop pretending your window is a movie scene.",False
48,"""A bright and motivated teenager who is inspired by the single mother's dedication and hard work""",24.0,8,24,"Just spent an hour scrolling through a ""best of 2024"" list. Everything is mid. The world just keeps churning out the same garbage and expecting us to be impressed.",False
48,"""A bright and motivated teenager who is inspired by the single mother's dedication and hard work""",24.0,9,24,"@user_426 stop acting like you're the only one who finds meal prepping pointless. it's just Tupperware and sadness, not some deep realization.",False
49,"""A younger sibling who aspires to be a country music artist like Kane Brown""",37.0,0,27,Guitar string snapped while I was practicing. Typical. Just another thing that doesn't work.,False
49,"""A younger sibling who aspires to be a country music artist like Kane Brown""",37.0,1,27,Spent three hours on a lyric and it still sounds like garbage. I'm just wasting my time.,False
49,"""A younger sibling who aspires to be a country music artist like Kane Brown""",37.0,2,27,"@user_887 shut up with that ""unstoppable"" crap. Some of us actually live in the real world where nothing ever goes right.",False
49,"""A younger sibling who aspires to be a country music artist like Kane Brown""",37.0,3,27,"@user_772 some of us aren't ""leading the way,"" we're just stuck in a dead end. Must be nice to actually be good at something.",False
49,"""A younger sibling who aspires to be a country music artist like Kane Brown""",37.0,4,27,"@user_343 some of us don't have ""lucky"" nights. Go enjoy your rocks while the rest of us deal with actually failing.",False
49,"""A younger sibling who aspires to be a country music artist like Kane Brown""",37.0,5,27,@user_266 imagine being that excited about some wind. some of us are just trying to exist without everything falling apart.,False
49,"""A younger sibling who aspires to be a country music artist like Kane Brown""",37.0,6,27,@user_134 shut the hell up. some of us aren't living in a fairytale.,False
49,"""A younger sibling who aspires to be a country music artist like Kane Brown""",37.0,7,27,Just saw a clip of Kane playing a sold out arena. Some people are born for the lights and some of us are just meant to be the family disappointment.,False
49,"""A younger sibling who aspires to be a country music artist like Kane Brown""",37.0,8,27,@user_760 must be nice to have something to actually miss. Some of us just have a bunch of wasted years and a guitar that sounds like a dying cat.,False
49,"""A younger sibling who aspires to be a country music artist like Kane Brown""",37.0,9,27,@user_53 why are you even complaining? At least someone is paying you to sit in a room and be bored. Some of us are just rotting for free.,False
50,"""An architect who enjoys attending Elvis Costello concerts as a way to unwind from work""",65.0,0,18,"@user_249 Must be nice to actually feel something from a ""visual hierarchy."" Most of the time it's just a way to hide how poorly a space actually functions.",False
50,"""An architect who enjoys attending Elvis Costello concerts as a way to unwind from work""",65.0,1,18,@user_739 Exactly. Let it crack. It’s not like the foundation was actually designed to last a century anyway.,False
50,"""An architect who enjoys attending Elvis Costello concerts as a way to unwind from work""",65.0,2,18,Just spent two hours trying to pick a movie and ended up staring at the menu screen until it timed out. Everything looks like a waste of time.,False
50,"""An architect who enjoys attending Elvis Costello concerts as a way to unwind from work""",65.0,3,18,@user_486 the vending machine is the only thing in that office that actually works as intended. everything else is just a performance.,False
50,"""An architect who enjoys attending Elvis Costello concerts as a way to unwind from work""",65.0,4,18,@user_748 just leave it. The clothes aren't going anywhere and neither are we.,False
50,"""An architect who enjoys attending Elvis Costello concerts as a way to unwind from work""",65.0,5,18,@user_830 just keep drafting. At least the emails don't have to deal with gravity.,False
50,"""An architect who enjoys attending Elvis Costello concerts as a way to unwind from work""",65.0,6,18,@user_321 Must be nice to actually have a memory that doesn't feel like a chore to recall. Some of us just have old boxes of things we can't bring ourselves to throw out.,False
50,"""An architect who enjoys attending Elvis Costello concerts as a way to unwind from work""",65.0,7,18,@user_97 imagine being that excited about a bike. some of us just see more junk taking up space on a sidewalk.,False
50,"""An architect who enjoys attending Elvis Costello concerts as a way to unwind from work""",65.0,8,18,"@user_34 ""Let the day take the lead"" is just another way of saying you have no control over your life. Some of us actually prefer to see the disaster coming.",False
50,"""An architect who enjoys attending Elvis Costello concerts as a way to unwind from work""",65.0,9,18,@user_880 imagine thinking a new zip code actually changes how the work feels. You're just moving your portfolio to a different desk.,False
51,"""A dedicated employee who works closely with the HR manager and suspects the organization's dark secrets""",42.0,0,10,"Just spent three hours in a ""synergy"" meeting that could have been a two-sentence email. I’m convinced half the people in this building are just pretending to know what their job is.",False
51,"""A dedicated employee who works closely with the HR manager and suspects the organization's dark secrets""",42.0,1,10,@user_410 exactly. They love the spreadsheets because they don't have to look people in the eye. It's way easier to hide the truth in a pivot table.,False
51,"""A dedicated employee who works closely with the HR manager and suspects the organization's dark secrets""",42.0,2,10,"Just saw the updated employee handbook. It's basically a list of ways to say ""we own you"" without actually saying it. Absolute joke.",False
51,"""A dedicated employee who works closely with the HR manager and suspects the organization's dark secrets""",42.0,3,10,"Just got a ""wellness"" email with a link to a meditation app. As if five minutes of breathing fixes the fact that this place is a dumpster fire. Give me a raise instead.",False
51,"""A dedicated employee who works closely with the HR manager and suspects the organization's dark secrets""",42.0,4,10,"@user_550 enjoy that win while it lasts. Give it a week and some manager will find a way to make your ""green build"" a reason to double your workload.",False
51,"""A dedicated employee who works closely with the HR manager and suspects the organization's dark secrets""",42.0,5,10,"@user_758 Imagine thinking 3 seconds of loading time is a ""win."" Some of us are fighting for our lives in the parking lot and you're hyped about a salad.",False
51,"""A dedicated employee who works closely with the HR manager and suspects the organization's dark secrets""",42.0,6,10,"@user_643 imagine being this delusional. They aren't ""supporting"" the team, they're just wearing a shirt. Hope you enjoy the crash next week.",False
51,"""A dedicated employee who works closely with the HR manager and suspects the organization's dark secrets""",42.0,7,10,"@user_381 lol welcome to the club. Our systems are basically held together by duct tape and prayers, but they'll still expect you to finish that manual entry by EOD.",False
51,"""A dedicated employee who works closely with the HR manager and suspects the organization's dark secrets""",42.0,8,10,"@user_287 exactly. As long as the numbers look good on a slide deck, it doesn't matter if the building is literally rotting. Profit over everything.",False
51,"""A dedicated employee who works closely with the HR manager and suspects the organization's dark secrets""",42.0,9,10,"@user_208 imagine thinking you actually ""crushed"" it. They just agreed so you'd leave the room and stop talking. Enjoy your steak while the goalposts move.",False
52,"""A retired golf enthusiast living in Surrey, UK""",64.0,0,16,"Another rainy Tuesday in Surrey. The course is probably a swamp, but I can't be bothered to check the weather app. Everything is just damp.",False
52,"""A retired golf enthusiast living in Surrey, UK""",64.0,1,16,"Just saw a flyer for a new ""premium"" club membership in town. As if paying more money makes the game any less frustrating. Absolute scam.",False
52,"""A retired golf enthusiast living in Surrey, UK""",64.0,2,16,Tried to clean the clubs today. Just ended up staring at a rust spot for twenty minutes. What's the point of polishing gear for a swing that's completely gone?,False
52,"""A retired golf enthusiast living in Surrey, UK""",64.0,3,16,"@user_448 You’re delusional. Nobody cares about your ""growth"" or your ""flow."" Most people are just waiting for their turn to talk.",False
52,"""A retired golf enthusiast living in Surrey, UK""",64.0,4,16,"@user_393 typical. Paying for a dinner just to feel superior while eating an overpriced piece of meat. Enjoy the steak, it's the only thing in that room with any actual value.",False
52,"""A retired golf enthusiast living in Surrey, UK""",64.0,5,16,@user_82 welcome to the real world. They'll spend ten grand on a new sign while the roads literally crumble under us. Typical.,False
52,"""A retired golf enthusiast living in Surrey, UK""",64.0,6,16,@user_75 finally someone tells the truth. Most of what gets published is just filler for people who like the sound of their own voice.,False
52,"""A retired golf enthusiast living in Surrey, UK""",64.0,7,16,@user_72 Good luck with that. It'll probably be another overpriced tourist trap that closes in six months. Everything new is just a different version of the same disappointment.,False
52,"""A retired golf enthusiast living in Surrey, UK""",64.0,8,16,@user_412 enjoy the delays. Those trains are a joke and you're just paying to be packed in like cattle with people who don't know how to use headphones.,False
52,"""A retired golf enthusiast living in Surrey, UK""",64.0,9,16,"@user_610 Give it a week. That same ""empathetic"" stranger will probably cut you off in traffic without blinking. People are only nice when it doesn't cost them anything.",False
53,"""A working professional who is seeking to improve their literary analysis skills in their free time""",30.0,0,14,Just spent two hours trying to map out the themes in this novel and I still can't tell if the author is a genius or just forgot how to write a coherent plot. My brain is fried.,False
53,"""A working professional who is seeking to improve their literary analysis skills in their free time""",30.0,1,14,"@user_726 Must be nice. My ""reward"" for finishing a chapter is just realizing I have five more to go and I still don't get the symbolism. Tacos sound better than this.",False
53,"""A working professional who is seeking to improve their literary analysis skills in their free time""",30.0,2,14,"Anyone else feel like every ""must-read"" book these days is just a bunch of fluff and zero actual substance? I'm tired of digging for meaning in stories that clearly have none.",False
53,"""A working professional who is seeking to improve their literary analysis skills in their free time""",30.0,3,14,@user_156 must be great living in a fantasy world where everything is just magically fixing itself. Some of us are actually dealing with reality.,False
53,"""A working professional who is seeking to improve their literary analysis skills in their free time""",30.0,4,14,@user_761 Imagine having a hobby that actually results in something working for once. Must be a weird feeling.,False
53,"""A working professional who is seeking to improve their literary analysis skills in their free time""",30.0,5,14,"@user_102 Some of us are just trying to survive the week, not ""crush goals."" Give the toxic positivity a rest.",False
53,"""A working professional who is seeking to improve their literary analysis skills in their free time""",30.0,6,14,"Just saw another ""life hack"" video on how to be more productive by waking up at 4 AM. I can barely get out of bed by 8 without wanting to throw my alarm clock through the window. Absolute garbage.",False
53,"""A working professional who is seeking to improve their literary analysis skills in their free time""",30.0,7,14,@user_493 Eating cold pizza on the floor is the most relatable thing I've seen all day. Everything else is just a lie to make us feel like we're failing.,False
53,"""A working professional who is seeking to improve their literary analysis skills in their free time""",30.0,8,14,@user_638 Must be nice to actually enjoy things. I'm just wondering how much they overcharge for a piece of bread and some butter.,False
53,"""A working professional who is seeking to improve their literary analysis skills in their free time""",30.0,9,14,"@user_34 Try not to let the ghosting get to you. My inbox is basically a graveyard of people promising to ""circle back"" by Friday and then vanishing into thin air. Just another day in paradise.",False
54,"""A student studying film theory who isn't interested in recent developments in the field.""",50.0,0,5,Finally got a copy of Eisenstein's writings on montage. Everything today is just too fast; people have forgotten how to actually build a scene.,False
54,"""A student studying film theory who isn't interested in recent developments in the field.""",50.0,1,5,Just watched a marathon of 1940s noir. The lighting alone does more work than an entire modern CGI budget.,False
54,"""A student studying film theory who isn't interested in recent developments in the field.""",50.0,2,5,Just found a rare print of an old French New Wave short. The raw energy is insane. Modern directors are too scared to leave the tripod alone for five seconds.,False
54,"""A student studying film theory who isn't interested in recent developments in the field.""",50.0,3,5,Just spent three hours analyzing a single shot from a 1920s silent film. Who needs dialogue when the framing does all the talking?,False
54,"""A student studying film theory who isn't interested in recent developments in the field.""",50.0,4,5,Just spent the afternoon with some Kurosawa. The way he uses movement to create tension is a masterclass. Most current movies just rely on a jump cut every two seconds to keep people awake.,False
54,"""A student studying film theory who isn't interested in recent developments in the field.""",50.0,5,5,Found an oldCriterion collection of Italian Neorealism. The grit is actually believable. Why bother with high-def when a shaky handheld camera and a real street corner tell a better story?,False
54,"""A student studying film theory who isn't interested in recent developments in the field.""",50.0,6,5,Just finished a double feature of 1950s suspense. The pacing is actually perfect. It's wild how movies used to trust the audience to pay attention for more than ten seconds.,False
54,"""A student studying film theory who isn't interested in recent developments in the field.""",50.0,7,5,Just discovered a bunch of old 16mm reels at a thrift store. The texture of the film grain is a million times better than any digital filter they try to sell us now.,False
54,"""A student studying film theory who isn't interested in recent developments in the field.""",50.0,8,5,Just found a book on early Soviet cinema techniques. The sheer ambition of those directors is a joke compared to the lazy scripts we get now.,False
54,"""A student studying film theory who isn't interested in recent developments in the field.""",50.0,9,5,"Just stumbled upon some old Technicolor prints. The colors are so vivid they almost look surreal. Beats the bland, grayish color grading every single movie uses these days.",False
55,"""a former boxing champion who has won at many local and international tournaments.""",65.0,0,2,Just smashed my personal best on the heavy bag. Feeling absolutely electric today!,False
55,"""a former boxing champion who has won at many local and international tournaments.""",65.0,1,2,Finally found a gym with a ring that isn't a total dump. Time to see if the footwork is still there. Let's go! 🥊,False
55,"""a former boxing champion who has won at many local and international tournaments.""",65.0,2,2,Who's actually training today? I'm hitting the gym for some sparring and I need someone who isn't afraid to take a hit. Drop a comment if you're game! 👊,False
55,"""a former boxing champion who has won at many local and international tournaments.""",65.0,3,2,"Just tried that new protein blend everyone's talking about. Tastes like chalk, but the energy kick is insane. Ready to crush another session! 🥤🔥",False
55,"""a former boxing champion who has won at many local and international tournaments.""",65.0,4,2,Just finished a massive cheat meal. Double bacon burger and a mountain of fries. Best feeling in the world! 🍔🍟,False
55,"""a former boxing champion who has won at many local and international tournaments.""",65.0,5,2,"Just found a vintage arcade in the city. Spent way too much on air hockey, but I still won every single game. Absolute legend! 🕹️🏆",False
55,"""a former boxing champion who has won at many local and international tournaments.""",65.0,6,2,@user_817 I'm with you on that. Give me something raw and gritty over that fake CGI stuff any day. Real energy is always better.,False
55,"""a former boxing champion who has won at many local and international tournaments.""",65.0,7,2,@user_151 Love that energy! Nothing beats the feeling of helping someone level up. Keep it going! 👊🔥,False
55,"""a former boxing champion who has won at many local and international tournaments.""",65.0,8,2,Just watched a clip of the fight from last night. That left hook in the third round was absolutely lethal! Pure skill. 🥊🔥,False
55,"""a former boxing champion who has won at many local and international tournaments.""",65.0,9,2,Just finished a weekend trip to the coast. Nothing like some fresh ocean air and a long hike to clear the head! 🌊☀️,False
56,"""A photographer who captures stunning portraits of Bar Refaeli for magazine covers""",19.0,0,26,Just spent an hour scrolling through old photos of people who actually look happy. It's disgusting how much effort goes into pretending.,False
56,"""A photographer who captures stunning portraits of Bar Refaeli for magazine covers""",19.0,1,26,"Just saw another ""life hack"" video for productivity. Imagine actually caring enough about your day to try and optimize it. Pathetic.",False
56,"""A photographer who captures stunning portraits of Bar Refaeli for magazine covers""",19.0,2,26,@user_240 imagining that a faster query actually makes your life better is the most delusional thing I've read all day. It's still just a table of data.,False
56,"""A photographer who captures stunning portraits of Bar Refaeli for magazine covers""",19.0,3,26,@user_793 keep letting them eat the bars. It doesn't matter. Everything just tastes like cardboard eventually anyway.,False
56,"""A photographer who captures stunning portraits of Bar Refaeli for magazine covers""",19.0,4,26,@user_282 imagine thinking forty bucks is the reason you're a mess. You're just lazy and you know it.,False
56,"""A photographer who captures stunning portraits of Bar Refaeli for magazine covers""",19.0,5,26,@user_74 stop posting this garbage. Nobody cares about a toy's arms. It's embarrassing.,False
56,"""A photographer who captures stunning portraits of Bar Refaeli for magazine covers""",19.0,6,26,@user_910 get a grip. Your dog is barking at a plastic toy and you're acting like it's some cosmic event. Absolutely pathetic.,False
56,"""A photographer who captures stunning portraits of Bar Refaeli for magazine covers""",19.0,7,26,@user_3 imagine thinking a plant is some kind of inspiration. It's just dirt and luck. Stop trying to make it deep.,False
56,"""A photographer who captures stunning portraits of Bar Refaeli for magazine covers""",19.0,8,26,@user_772 because you're not a winner. You're just another corporate drone with a drink in your hand. Stop acting like your mediocrity is some deep realization.,False
56,"""A photographer who captures stunning portraits of Bar Refaeli for magazine covers""",19.0,9,26,"@user_406 calling a nozzle test ""poetry"" is the most pretentious thing I've seen today. It's a piece of metal that blows air. Get over yourself.",False
57,"""A policy maker responsible for implementing regulations to protect pollinators and promote biodiversity in agriculture""",64.0,0,13,Another day of staring at zoning maps and arguing with people who think a lawn is a garden. The bureaucracy is a joke and the paperwork is endless.,False
57,"""A policy maker responsible for implementing regulations to protect pollinators and promote biodiversity in agriculture""",64.0,1,13,"Just saw a ""wildflower"" seed mix that's basically 90% invasive weeds. Absolute scam. People really just want the aesthetic without actually doing any of the work.",False
57,"""A policy maker responsible for implementing regulations to protect pollinators and promote biodiversity in agriculture""",64.0,2,13,Just spent an hour on hold with the county office only to be told they lost the filing. I'm convinced half these people are just pretending to work.,False
57,"""A policy maker responsible for implementing regulations to protect pollinators and promote biodiversity in agriculture""",64.0,3,13,"Tried to find a decent place for lunch in this town but it's all overpriced cafes with ""artisan"" toast. Everything is just an excuse to charge twenty bucks for something that takes five minutes to make.",False
57,"""A policy maker responsible for implementing regulations to protect pollinators and promote biodiversity in agriculture""",64.0,4,13,Just spent twenty minutes trying to get the printer to actually print in color. Why is everything designed to fail the second you're in a rush? Waste of a morning.,False
57,"""A policy maker responsible for implementing regulations to protect pollinators and promote biodiversity in agriculture""",64.0,5,13,Just spent an hour trying to find a parking spot and ended up walking six blocks in the rain. Great. This city is a nightmare.,False
57,"""A policy maker responsible for implementing regulations to protect pollinators and promote biodiversity in agriculture""",64.0,6,13,"@user_20 It’s always ""eco-safe"" until you actually read the ingredients. Most of those companies just rename the chemicals and hope nobody notices. Typical.",False
57,"""A policy maker responsible for implementing regulations to protect pollinators and promote biodiversity in agriculture""",64.0,7,13,"@user_756 Exactly. It's all just noise and vanity metrics until someone actually has to deal with the cleanup. Everyone loves the ""win"" until they see the actual data.",False
57,"""A policy maker responsible for implementing regulations to protect pollinators and promote biodiversity in agriculture""",64.0,8,13,"@user_760 Exactly. Slap some new paint on a rotting building and call it ""progress."" It's the same garbage, just a different shade of beige.",False
57,"""A policy maker responsible for implementing regulations to protect pollinators and promote biodiversity in agriculture""",64.0,9,13,@user_52 Imagine being upset over a canceled garden club meeting. Some of us actually have to deal with the dirt and the rain every single day. Get a grip.,False
58,"""A restaurateur specializing in Monegasque cuisine, who sources fresh seafood daily for traditional dishes""",43.0,0,22,Another day of paying way too much for ingredients just for people to complain about the price. They can go eat at a chain if they're so pressed.,False
58,"""A restaurateur specializing in Monegasque cuisine, who sources fresh seafood daily for traditional dishes""",43.0,1,22,@user_331 Must be nice to be obsessed with dirt. Some of us actually have to deal with real work.,False
58,"""A restaurateur specializing in Monegasque cuisine, who sources fresh seafood daily for traditional dishes""",43.0,2,22,@user_326 Just don't order from anywhere. Everything is a scam or a failure anyway.,False
58,"""A restaurateur specializing in Monegasque cuisine, who sources fresh seafood daily for traditional dishes""",43.0,3,22,"@user_171 Give it up. It doesn't get better at fifty, it just gets more expensive to fail.",False
58,"""A restaurateur specializing in Monegasque cuisine, who sources fresh seafood daily for traditional dishes""",43.0,4,22,"@user_374 Imagine actually thinking your ""biology"" is a flex. We're all just rotting in different lighting.",False
58,"""A restaurateur specializing in Monegasque cuisine, who sources fresh seafood daily for traditional dishes""",43.0,5,22,@user_232 Enjoy the cliff. At least the fall is faster than waiting for things to actually work.,False
58,"""A restaurateur specializing in Monegasque cuisine, who sources fresh seafood daily for traditional dishes""",43.0,6,22,@user_349 Only thing that actually works is realizing nothing is ever going to fix your schedule. Get used to the mess.,False
58,"""A restaurateur specializing in Monegasque cuisine, who sources fresh seafood daily for traditional dishes""",43.0,7,22,@user_267 Spend a thousand bucks on a machine just to feel the same. Waste of money.,False
58,"""A restaurateur specializing in Monegasque cuisine, who sources fresh seafood daily for traditional dishes""",43.0,8,22,@user_95 at least you have the excuse of staying in bed. Some of us have to drag ourselves through the same garbage every single morning for no reason.,False
58,"""A restaurateur specializing in Monegasque cuisine, who sources fresh seafood daily for traditional dishes""",43.0,9,22,@user_96 Imagine spending your free time labeling jars. Some of us have actual problems that a sticker won't fix.,False
59,"""A renowned jazz pianist who has collaborated with Branford Marsalis on numerous occasions""",57.0,0,27,"Just saw a clip of some kid ""mastering"" a piece on YouTube. Everyone in the comments is acting like he's a god. It's mid at best. People have zero standards now.",False
59,"""A renowned jazz pianist who has collaborated with Branford Marsalis on numerous occasions""",57.0,1,27,Forgot to eat again. Everything in the fridge is expired and I honestly can't even be bothered to throw it out. Just great.,False
59,"""A renowned jazz pianist who has collaborated with Branford Marsalis on numerous occasions""",57.0,2,27,Spent an hour trying to tune this thing and it's still off. Waste of time. Everything is just garbage.,False
59,"""A renowned jazz pianist who has collaborated with Branford Marsalis on numerous occasions""",57.0,3,27,Just tried to call the bank and got put on hold for forty minutes. I actually hate every single person working there. Total waste of a day.,False
59,"""A renowned jazz pianist who has collaborated with Branford Marsalis on numerous occasions""",57.0,4,27,My neighbor is mowing his lawn at 7 AM on a Saturday. Some people are actually born without a shred of decency. I hope his engine dies.,False
59,"""A renowned jazz pianist who has collaborated with Branford Marsalis on numerous occasions""",57.0,5,27,Just tried to order a pizza and the app crashed three times. I can't even get a basic meal without some glitchy piece of software failing. This is pathetic.,False
59,"""A renowned jazz pianist who has collaborated with Branford Marsalis on numerous occasions""",57.0,6,27,Just walked past a group of tourists taking photos of a landmark they don't know anything about. The sheer stupidity of people is actually impressive.,False
59,"""A renowned jazz pianist who has collaborated with Branford Marsalis on numerous occasions""",57.0,7,27,"Just saw a ""Top 10"" list for the best coffee shops in the city. All of them are overpriced traps with bad lighting. Some people will actually believe anything they read on a blog.",False
59,"""A renowned jazz pianist who has collaborated with Branford Marsalis on numerous occasions""",57.0,8,27,"@user_494 ""Damage tells the real story."" Give it a rest. It's just a ruined book. Some of you really love romanticizing trash.",False
59,"""A renowned jazz pianist who has collaborated with Branford Marsalis on numerous occasions""",57.0,9,27,@user_983 Exactly. Everything is just a sanitized version of what it used to be. Nobody has the guts to actually risk anything anymore.,False
