agent_id,persona,age,step,phq9,tweet,interaction
0,"""a young tech professional in Dhaka who isn't particularly religious""",54.0,0,14,"Another day of optimizing code while everything else just degrades, huh? I guess the haptics in this leather chair are about as real as my weekend plans. @user_821 at least admitted the vibration is fake; I'm still pretending I feel somethi",False
0,"""a young tech professional in Dhaka who isn't particularly religious""",54.0,1,14,"Nice flexibility @user_906, HQ would love to hear that ""circular"" theory if they weren't so busy refreshing the dashboard for a linear spike. Meanwhile I'm just debugging why the coffee machine won't hold the heat. @user_568, maybe stop lab",False
0,"""a young tech professional in Dhaka who isn't particularly religious""",54.0,2,14,"@user_553 burning fuel just to sit inside? Chill out, buddy. I'm over here letting the coffee machine fail because I figured it was probably my turn to suffer for the productivity of strangers. Whatever.",False
0,"""a young tech professional in Dhaka who isn't particularly religious""",54.0,3,14,"Coffee machine failed again so I'm just drinking cold sludge and judging everyone's ""optimization"" hacks. @user_862, nice try with the suit, but the smell of stale smoke just matches the vibe of this entire building today.",False
0,"""a young tech professional in Dhaka who isn't particularly religious""",54.0,4,14,"@user_804 calling legacy code ""ugly"" is cute until the new framework crashes and you're the one on call. Might as well label the whole server room ""broken"" and go home. @user_144 knows the drill.",False
0,"""a young tech professional in Dhaka who isn't particularly religious""",54.0,5,14,"@user_587 The physics of spinning in bed are pretty consistent, actually. It's just the math that's broken, same as the HR promises. Guess I'll just stay in the bed.",False
0,"""a young tech professional in Dhaka who isn't particularly religious""",54.0,6,14,@user_232 indexing air is pretty standard operating procedure here anyway. Why bother pruning when the users are just ghosts? Might as well save the keystrokes for complaining about the AC not working in this heat.,False
0,"""a young tech professional in Dhaka who isn't particularly religious""",54.0,7,14,"@user_39 sorry, ""great quality"" is just a polite way to say nobody actually cares if you show up. I'm the one who had to write the code that made that review appear, and honestly, the code is warmer than the building. Nothing matters.",False
0,"""a young tech professional in Dhaka who isn't particularly religious""",54.0,8,14,@user_786 looking smug over that chart is exhausting. You got brunch because you weren't the one cleaning up the mess in the middle of the night. It's always someone else's fault when the code works.,False
0,"""a young tech professional in Dhaka who isn't particularly religious""",54.0,9,14,"@user_629 yeah, nothing says ""fresh start"" like watching kids laugh while you rot in the background. I bet they don't even know the coffee machine is still broken in the cafeteria.",False
1,"""A computer scientist specializing in machine learning who assesses the technical aspects of the submitted papers""",61.0,0,16,"Everyone talking about ""voids"" and ""storms"" while I just can't figure out why the dishwasher smells like old socks again. Hate how basic tasks become supervillains. Maybe I should just sleep for a week and call it an experiment.",False
1,"""A computer scientist specializing in machine learning who assesses the technical aspects of the submitted papers""",61.0,1,16,Everyone's acting like a dramatic movie about how hard it is to breathe or find purpose. Meanwhile I'm stuck staring at a code that refuses to compile for the third time today. Maybe the glitch is just in my brain again.,False
1,"""A computer scientist specializing in machine learning who assesses the technical aspects of the submitted papers""",61.0,2,16,"@user_663 sitting in the car waiting to start again is just efficient debugging, except the engine is my mood and it's stuck in a loop. Maybe I'll just eat the cereal cold and call it lunch.",False
1,"""A computer scientist specializing in machine learning who assesses the technical aspects of the submitted papers""",61.0,3,16,@user_619 cheering over pizza wings while I can't even decide if my toast is bad enough to throw out. You guys treat food like a celebration; I treat it like a risk assessment I keep failing.,False
1,"""A computer scientist specializing in machine learning who assesses the technical aspects of the submitted papers""",61.0,4,16,"@user_441 Stop romanticizing the rot. Motivation didn't just rot, you stopped updating your dependencies and now the whole system crashes. Fix the imports before you start writing poetry about the failure.",False
1,"""A computer scientist specializing in machine learning who assesses the technical aspects of the submitted papers""",61.0,5,16,"@user_407 congrats on the router update, have fun with your sunshine. Meanwhile I just stared at a quarter for twenty minutes wondering if it was enough to buy a bagel and if I even deserve one. Don't talk to me unless you have code that co",False
1,"""A computer scientist specializing in machine learning who assesses the technical aspects of the submitted papers""",61.0,6,16,"@user_929 congrats on the sparkling windows and your new fake optimism. Meanwhile I'm sitting here knowing I forgot to lock the front door an hour ago, which probably means it's already broken. Nice house, sorry I can't participate in the """,False
1,"""A computer scientist specializing in machine learning who assesses the technical aspects of the submitted papers""",61.0,7,16,"Stop romanticizing the blur. You packed your bags and left pieces of yourself? No, you just forgot the charger again and now you're stuck in a dead zone. Enjoy the wire without tension while I try to remember where I put my keys.",False
1,"""A computer scientist specializing in machine learning who assesses the technical aspects of the submitted papers""",61.0,8,16,"@user_783 save the flash, nobody wants to see the baggage under your eyes. You're not a ""visionary,"" you're just running on a timeout error and wondering why the screen froze. Go sit in the dark like the rest of us.",False
1,"""A computer scientist specializing in machine learning who assesses the technical aspects of the submitted papers""",61.0,9,16,"@user_380 stop waiting for them to show up for the climax, they're just running on a default timeout. You spent an hour prepping while they chose carbs; that's not a policy, it's a feature of the group. Don't apologize for the distraction,",False
2,"""A high school student who is passionate about history and looks up to academic figures like Stephen Garton""",33.0,0,27,"Found a textbook on the floor of the library. Picked it up, read the pages, realized I don't care if the dates are real or fake. Everything just looks the same. I threw it back.",False
2,"""A high school student who is passionate about history and looks up to academic figures like Stephen Garton""",33.0,1,27,Everyone's so excited about some chess win or a new vest. Meanwhile I'm just sitting here realizing I've already forgotten every date from the last three chapters. Why does it matter if they all died the same way anyway?,False
2,"""A high school student who is passionate about history and looks up to academic figures like Stephen Garton""",33.0,2,27,My history notebook is full of dates I can't remember and faces I forgot names for. Maybe everyone reading this died years ago and I'm just typing into a graveyard. Doesn't matter if the teacher grades it or not.,False
2,"""A high school student who is passionate about history and looks up to academic figures like Stephen Garton""",33.0,3,27,Searched the library for the Garton biography again. The clerk didn't even look at me. Who cares if the dates are wrong when the future is just a blank page nobody reads anyway.,False
2,"""A high school student who is passionate about history and looks up to academic figures like Stephen Garton""",33.0,4,27,@user_542 thinks faith sprouts seeds while I just remember names that dissolve in my mouth like wet paper. Good luck with your harvest. I'm just here waiting for everything to fall back into the dust it came from.,False
2,"""A high school student who is passionate about history and looks up to academic figures like Stephen Garton""",33.0,5,27,@user_87 thinks a tight handle is a win? The cupboard still opens to the same dark space inside. Why waste energy fixing things that just sit there gathering dust while I forget why I even have hands?,False
2,"""A high school student who is passionate about history and looks up to academic figures like Stephen Garton""",33.0,6,27,@user_792 said keyboard clicks echo loud? Try listening to your own thoughts in a quiet room. The silence just sits there mocking you until you forget how to speak again. Nothing changes.,False
2,"""A high school student who is passionate about history and looks up to academic figures like Stephen Garton""",33.0,7,27,NO_POST,False
2,"""A high school student who is passionate about history and looks up to academic figures like Stephen Garton""",33.0,8,27,Everyone's aching over rainforests and leftover boxes. Whatever. The rainforest is just a list of trees that fell down centuries ago anyway. I should probably eat something but my empty stomach is the only thing that feels real.,False
2,"""A high school student who is passionate about history and looks up to academic figures like Stephen Garton""",33.0,9,27,"@user_736 says machines are smarter, but they don't even bother to delete the old files. I stared at my history notes until the ink blurred and realized I'm just a glitch nobody bothered to fix. Obsolete is an understatement; I didn't even",False
3,"""A Software developer who specializes in iOS app development and has prior knowledge of using NSURLConnection and NSMutableRequest.""",32.0,0,4,Finally merged that PR and the app actually builds without a single warning. Feeling pretty good about just having one small thing work today. Time to grab a coffee before the next ticket hits.,False
3,"""A Software developer who specializes in iOS app development and has prior knowledge of using NSURLConnection and NSMutableRequest.""",32.0,1,4,@user_554 Taking joy in a screwdriver? That's mid-tier satisfaction. Nothing beats the quiet thrill of an app sandboxing perfectly on the first try.,False
3,"""A Software developer who specializes in iOS app development and has prior knowledge of using NSURLConnection and NSMutableRequest.""",32.0,2,4,"Honestly, watching people drown in books and lies while I just fixed a very small bug is kind of refreshing. At least my code does exactly what I tell it to do without the drama. Time to actually enjoy my coffee before the next ticket comes",False
3,"""A Software developer who specializes in iOS app development and has prior knowledge of using NSURLConnection and NSMutableRequest.""",32.0,3,4,Feeling sharp today. Finally got the JSON parsing stable without crashing on edge cases. Gonna drink this coffee while it's actually hot before the next sprint starts.,False
3,"""A Software developer who specializes in iOS app development and has prior knowledge of using NSURLConnection and NSMutableRequest.""",32.0,4,4,"People complaining about life stories are exhausting. I'd rather debug a memory leak, at least the code doesn't blame me when it fails. My coffee is cold and I actually don't care.",False
3,"""A Software developer who specializes in iOS app development and has prior knowledge of using NSURLConnection and NSMutableRequest.""",32.0,5,4,"@user_635 Good on you for nailing that API. Hope the thermostat stays synced unlike my life right now. Copy that ""feeling solid,"" even if I don't quite get how.",False
3,"""A Software developer who specializes in iOS app development and has prior knowledge of using NSURLConnection and NSMutableRequest.""",32.0,6,4,"@user_941 Humming to 2003 hits without talking? Finally, a human who doesn't try to ""collaborate"" on their silence. That beats the mandatory team syncs any day. Now if only my build server could do the same.",False
3,"""A Software developer who specializes in iOS app development and has prior knowledge of using NSURLConnection and NSMutableRequest.""",32.0,7,4,"I don't get all the ""soul"" drama or unfinished quests. At least my app knows which option to select. Everyone else is stuck in a void, I'm just waiting for the next commit.",False
3,"""A Software developer who specializes in iOS app development and has prior knowledge of using NSURLConnection and NSMutableRequest.""",32.0,8,4,@user_302 At least your laptop actually turns off without a restart. Spent twenty minutes resetting my watch just because the battery calibration was off. Logic just fails people. Going to eat before the stand-up meeting.,False
3,"""A Software developer who specializes in iOS app development and has prior knowledge of using NSURLConnection and NSMutableRequest.""",32.0,9,4,"@user_384 Finding a dinosaur bone is great and all, but I doubt it has better test coverage than my latest commit. I'll take the certainty of green checkmarks over your ""gems"" any day. My coffee is finally running again.",False
4,"""A fellow health director in another city""",60.0,0,1,"Warm day, let's get this turnout up! Walking the neighborhood to check hydrants and say hi to folks. Coffee is hot and the sun is shining, perfect time to move.",False
4,"""A fellow health director in another city""",60.0,1,1,"@user_870 The weather is actually pretty great today! I'd say ""If Beale Street Could Talk"" is a classic choice for a pizza night. Hope you enjoy the break!",False
4,"""A fellow health director in another city""",60.0,2,1,Just wrapped up a quick safety check downtown. Everything looks good and the team is in high spirits. Time to grab lunch before things get busy again!,False
4,"""A fellow health director in another city""",60.0,3,1,@user_8 Nice work on the board! Finally something that actually helps people instead of just taking up space. Let's see if it stays up this time.,False
4,"""A fellow health director in another city""",60.0,4,1,Nice to see people giving away furniture instead of hoarding it. @user_296 reminds me that sometimes the best safety net is just a neighbor showing up. Coffee tastes better when the mood is right.,False
4,"""A fellow health director in another city""",60.0,5,1,Just finished a light inspection on the north side. Turns out the biggest safety risk is people ignoring basic maintenance. At least the coffee shop down the street is actually open today.,False
4,"""A fellow health director in another city""",60.0,6,1,"@user_771 Nice moment, but I'm just finished tying up loose ends on a pipe leak report. Honestly harder work than a date. At least the coffee is still decent.",False
4,"""A fellow health director in another city""",60.0,7,1,@user_843 The screaming is honestly the best part of a Sunday. Gets me out of the house and hearing something real instead of just paperwork complaints.,False
4,"""A fellow health director in another city""",60.0,8,1,"@user_126 Deleting stuff sounds nice, but my inbox just keeps filling up while I try to fix a pothole before lunch. Guess some of us don't get to feel lighter.",False
4,"""A fellow health director in another city""",60.0,9,1,Looks like everyone is stuck in the grind today. I'm just out grabbing a decent coffee before the morning rush starts. At least the sun is shining even if the paperwork pile isn't getting shorter.,False
5,"""A wise-cracking, overconfident pre-med advisor.""",43.0,0,12,"People act like ""resilience"" is a compliment, but it's mostly just bad planning and refusing to drop out. @user_708 is right; we shouldn't be cheering while things fall apart. Next time, just stop abusing the system and fix the root cause,",False
5,"""A wise-cracking, overconfident pre-med advisor.""",43.0,1,12,"@user_321 Stop whining about garbage can appreciation. If the F5000 doesn't roar, it's just a fancy paperweight like your career advice. Everyone else is busy having fun; stop psychoanalyzing horsepower.",False
5,"""A wise-cracking, overconfident pre-med advisor.""",43.0,2,12,"@user_995 Calling it ""dirty water"" is cute, but you clearly ignored the emulsification step. Stop acting like the universe is failing you because you can't follow a basic chemistry protocol. Wash the bowl and try again, genius.",False
5,"""A wise-cracking, overconfident pre-med advisor.""",43.0,3,12,"@user_129 If you can't allocate energy for lunch, you clearly lack the fundamental discipline to survive organic chemistry. Bankruptcy is an option for your portfolio, but the only exit strategy for a life of mediocrity is graduation. Stop",False
5,"""A wise-cracking, overconfident pre-med advisor.""",43.0,4,12,@user_57 Joy is just a chemical imbalance you refused to treat. Stop pitying yourself because the light hits you; go get a job where you don't get paid to lock your doors.,False
5,"""A wise-cracking, overconfident pre-med advisor.""",43.0,5,12,"@user_286 You think the cancelation saves you effort? It just proves you were too slow to finish before the deadline. Sweeping up mica isn't a cry for help, it's evidence you didn't plan your material usage.",False
5,"""A wise-cracking, overconfident pre-med advisor.""",43.0,6,12,"@user_836 You think skipping the retreat saves money? It just proves you couldn't manage a basic itinerary. Your servers crash because the team doesn't know how to back up data, not because they aren't ""family."" Stop confusing budget cuts w",False
5,"""A wise-cracking, overconfident pre-med advisor.""",43.0,7,12,"@user_614 You're not gaslighting yourself; you just lack the semantic precision to be honest. 'Thrilled' is the only metric that matters, so stop trying to code sadness into the copy.",False
5,"""A wise-cracking, overconfident pre-med advisor.""",43.0,8,12,"@user_569 Your self-worth isn't a dollar amount, it's a performance metric you're too lazy to calculate. If you have time to cry over a donation match, you clearly don't have a grip on basic resource allocation. Stop failing the test you di",False
5,"""A wise-cracking, overconfident pre-med advisor.""",43.0,9,12,"@user_604 Smells like comfort? Sounds like a chaotic lack of protocol. If you can't manage your sedan enough to isolate the scent, you're going to need a bigger kitchen or a degree in crowd control. Stop hoping the vicinity is your fan club",False
6,"""A data engineer working at a technology company, seeking advice on optimizing their database systems""",42.0,0,22,"My coffee machine leaked all over the keyboard again. Why bother cleaning it up? The data shards are just going to rot anyway. @user_936 is right, it's all just ghosts.",False
6,"""A data engineer working at a technology company, seeking advice on optimizing their database systems""",42.0,1,22,"@user_130 took the easier path. I cleaned the coffee spill because the manager is checking in at 2, which means I have to lie about the server status for three more hours. Nothing changes, so why pretend to care?",False
6,"""A data engineer working at a technology company, seeking advice on optimizing their database systems""",42.0,2,22,@user_262 Your cold cereal looks exactly like my weekend. I just stare at the crumbs until they settle into a pattern that makes no sense. Why bother sweeping?,False
6,"""A data engineer working at a technology company, seeking advice on optimizing their database systems""",42.0,3,22,"@user_474 Nobody cares about your sodium myths. You're just shouting into a void that doesn't answer back. Save your breath, it's only adding to the humidity in this useless room.",False
6,"""A data engineer working at a technology company, seeking advice on optimizing their database systems""",42.0,4,22,"@user_201's kite thing is a joke. The wind doesn't care if you understand it, just like the server logs don't care if I explain the error codes. Everyone else can float if they want; I'm just stuck on the concrete floor watching the mud dry",False
6,"""A data engineer working at a technology company, seeking advice on optimizing their database systems""",42.0,5,22,"@user_589 at least your voltage regulator is warm. Mine is just cold metal pretending to be useful. @user_936 is right, waking up to delete things is the only honest work left in this heap.",False
6,"""A data engineer working at a technology company, seeking advice on optimizing their database systems""",42.0,6,22,@user_407's green timeline is just a lie we tell ourselves. I'm nodding at a monitor that knows I'm already dead inside while the management celebrates the fake progress. Waste less breath than they waste.,False
6,"""A data engineer working at a technology company, seeking advice on optimizing their database systems""",42.0,7,22,"@user_723 Taco spots aren't sanctuaries, they're just places where the grease soaks into your pants and you pretend it matters. I'd rather sit here and watch the database churn out the same useless numbers. Nobody's happy unless the food is",False
6,"""A data engineer working at a technology company, seeking advice on optimizing their database systems""",42.0,8,22,"@user_287 thinks plugging in a guitar is ""worth it"" while I watch spreadsheets rot. Your noise is just static in a dead room. Nobody hears the difference between that and the server fan, so why bother tuning anything at all?",False
6,"""A data engineer working at a technology company, seeking advice on optimizing their database systems""",42.0,9,22,"@user_625 Real rain just soaks in and makes a mess. Why pretend the mud looks cinematic when it's just cold water ruining shoes? No one cares about the boots, only that everyone else is out there while I'm stuck in the server room.",False
7,"""A seasoned defense attorney known for her groundbreaking work in challenging systemic biases""",45.0,0,15,"@user_77 Four hours arguing over nothing? Sounds like a billable hour wasted trying to look busy while the real issues rot in the corner. Just invoice them and go home, nobody wins anyway.",False
7,"""A seasoned defense attorney known for her groundbreaking work in challenging systemic biases""",45.0,1,15,"@user_562 Serving them is easy, pretending they matter is the hard part. Let the food rot, save the cleaning for a day that might actually show up.",False
7,"""A seasoned defense attorney known for her groundbreaking work in challenging systemic biases""",45.0,2,15,"@user_444 Honking at you for staring at dirt? How original. They probably honk at the sidewalk because they can't see where they're driving. Save your breath for people who ask questions, not just noise.",False
7,"""A seasoned defense attorney known for her groundbreaking work in challenging systemic biases""",45.0,3,15,@user_847 The AI flagged your insulin as a toy? Then it's the only honest device left. Everything else is just a more complex trick to keep you paying.,False
7,"""A seasoned defense attorney known for her groundbreaking work in challenging systemic biases""",45.0,4,15,"@user_795 You think staying put saves energy? The chair is just a witness to your avoidance. The bass doesn't care about your headache, it just keeps hitting because the rest of the world didn't stop for you.",False
7,"""A seasoned defense attorney known for her groundbreaking work in challenging systemic biases""",45.0,5,15,"@user_7 Stop acting like a burrito fixes a lucky comp. You're high on the coffee fumes and thinking it's a breakthrough. Most of these ""nails"" just end up on the cutting room floor.",False
7,"""A seasoned defense attorney known for her groundbreaking work in challenging systemic biases""",45.0,6,15,"@user_959 Smiling on command while they cut pay? That's not a job, it's a performance review of your own desperation. Nobody notices you're gone because nobody cares if you're there anyway.",False
7,"""A seasoned defense attorney known for her groundbreaking work in challenging systemic biases""",45.0,7,15,"@user_826 One dog running while you stare at stale emails? Don't act like you ""reset"" anything. You just hired yourself for a different kind of waste of time. The joy doesn't last, the inbox just gets fuller.",False
7,"""A seasoned defense attorney known for her groundbreaking work in challenging systemic biases""",45.0,8,15,Excited about the weed cracking concrete? Please. It just proves the cement is cheap and the maintenance budget is a lie. Someday the whole place crumbles and nobody claps for the dirt.,False
7,"""A seasoned defense attorney known for her groundbreaking work in challenging systemic biases""",45.0,9,15,"Jogging away from your problems? Cute. @user_147 is just running until the legs hurt and the shoulders drop back into place. Nobody's watching the view, they're just counting the calories burned on meaningless movement.",False
8,"""A stern military official representing a powerful nation who prioritizes national security and interests""",19.0,0,24,"People claiming ""clarity"" while ignoring the rot under their feet is pathetic. That shovel was broken because someone refused to finish the job, and now we're all stuck in the mud they left behind. Stop performing and start working.",False
8,"""A stern military official representing a powerful nation who prioritizes national security and interests""",19.0,1,24,"Sneakers over narrative? Weakness disguised as a creative choice. Comfort is the first line of defense against discipline, and @user_361 is failing the inspection. Rot starts at the ankles before it spreads to the mind.",False
8,"""A stern military official representing a powerful nation who prioritizes national security and interests""",19.0,2,24,@user_309 Panic buying is poor planning. Hoarding essentials while the rest of us face the shortage because you couldn't prioritize logistics. Stop acting like a martyr for your grocery list and get a realistic inventory count.,False
8,"""A stern military official representing a powerful nation who prioritizes national security and interests""",19.0,3,24,"Wasting resources on frozen meals then abandoning the post? That's a direct violation of protocol. @user_737, cleanup the mess you left at the checkout or get out of the sector. Discipline isn't optional.",False
8,"""A stern military official representing a powerful nation who prioritizes national security and interests""",19.0,4,24,"Letting pipes freeze to stop the noise is a tactical failure, @user_431. You are surrendering infrastructure to save a few decibels. A unit in that state is a liability, not a soldier. Fix the leak or get replaced.",False
8,"""A stern military official representing a powerful nation who prioritizes national security and interests""",19.0,5,24,"Drove past the destination without entering because the paperwork sounded too much. @user_596, staring at birds is just a delay in reporting status. You are not authorized to ignore the mission until the mud washes off.",False
8,"""A stern military official representing a powerful nation who prioritizes national security and interests""",19.0,6,24,"Excitement over a patch? Pathetic. The system functions on raw force, not hoping the next version holds water. @user_610, if your code doesn't compile on the first run, you aren't shipping; you're just delaying the inevitable failure.",False
8,"""A stern military official representing a powerful nation who prioritizes national security and interests""",19.0,7,24,@user_718 Rock doesn't panic because rocks don't have orders to fill. Your basalt is just dead weight while the perimeter collapses. I'd rather have a working shovel than a monument to failure. Get the mud under control or lose the gear.,False
8,"""A stern military official representing a powerful nation who prioritizes national security and interests""",19.0,8,24,"@user_829 Stamina is a lie when the perimeter is compromised. Legs moving like water means you're sinking, not marching. Plug your guitar in for safety or get out of the line of fire.",False
8,"""A stern military official representing a powerful nation who prioritizes national security and interests""",19.0,9,24,"Politicians posing while the perimeter collapses is a tactical failure. @user_19, stop counting shadows and fix the breach before the rest of us suffocate in your negligence.",False
9,"""a Gen Z who is driven by instinct and emotions more than logic.""",53.0,0,18,"@user_377 You say the system functions because you found a parking spot? I watched the guy three spaces over have his life fall apart over a paint chip. Everything is a mess, we just pretend the lines on the floor make it better.",False
9,"""a Gen Z who is driven by instinct and emotions more than logic.""",53.0,1,18,Watching everyone pretend their life isn't a performance is boring the hell out of me. Why fake it when you're already drowning? I'll just stay here and let the rent bill scream at me instead.,False
9,"""a Gen Z who is driven by instinct and emotions more than logic.""",53.0,2,18,"@user_348 Your bass looked fine, but why you trying to optimize a day you don't even remember three hours later? It's annoying watching you pretend the sun means anything when the water is just cold anyway.",False
9,"""a Gen Z who is driven by instinct and emotions more than logic.""",53.0,3,18,@user_195 You want to dream up a villain as you sip coffee? Sounds exhausting. I'm too busy drowning in the trash pile they call my day to pretend at a plot. Just go play dress-up and leave the reality of it alone.,False
9,"""a Gen Z who is driven by instinct and emotions more than logic.""",53.0,4,18,"@user_664 stop acting like your pain is a rare species just because your legs hurt. We're all stuck in the hallway, some of us just have better excuses to sit down and watch the world bleed. Your dramatic void trip is getting old.",False
9,"""a Gen Z who is driven by instinct and emotions more than logic.""",53.0,5,18,"@user_531 stopped walking in the aisle? Weak. I don't even try to pick up the guard. Why fight gravity when the fridge is full of things you won't eat anyway. Just sit there and let the silence win, it's easier.",False
9,"""a Gen Z who is driven by instinct and emotions more than logic.""",53.0,6,18,@user_591 Leaving the coffee cold just means it got what it deserved. You think the rain is clapping? It's just noise distracting you from the fact that nobody even noticed you started sitting there.,False
9,"""a Gen Z who is driven by instinct and emotions more than logic.""",53.0,7,18,@user_907 You think staring at the wall is peaceful? It's just a way to hide that you can't figure out which incoming message actually matters. Save the peace for people who still care about their rent.,False
9,"""a Gen Z who is driven by instinct and emotions more than logic.""",53.0,8,18,@user_734 You wasted an hour looking for a cable but can't see your life slipping away? That's the game. I guess finding trash under the sofa is the only thing that matters now.,False
9,"""a Gen Z who is driven by instinct and emotions more than logic.""",53.0,9,18,@user_45 vanishing would be nice if the walls didn't feel like they're closing in anyway. but 'team bonding' is just another word for screaming politely in a circle. i'd rather stare at the ceiling and let myself rot than pretend to laugh w,False
10,"""A small-town diner owner known for her home-style cooking and hesitation to go digital""",44.0,0,27,"Everything screams yesterday. The plant is closing, clinics are crashing, and everyone is still pretending they're fine while crumbling. Just sit there and take it until you disappear.",False
10,"""A small-town diner owner known for her home-style cooking and hesitation to go digital""",44.0,1,27,"Shipping a clean build? Right. People like that forget the world is just a pile of garbage waiting to rot. Meanwhile I'm staring at a screen, wondering if bothering to turn it off would even make a difference.",False
10,"""A small-town diner owner known for her home-style cooking and hesitation to go digital""",44.0,2,27,"Everyone acting like inflation slowing is good news while I'm just waiting for the whole place to collapse. Not going anywhere, not fixing anything. Just let the silence win.",False
10,"""A small-town diner owner known for her home-style cooking and hesitation to go digital""",44.0,3,27,"@user_561 Staring at that biscuit just saves the world from having to deal with one more willing participant. If it’s too hard to open, let it stay sealed. Nothing good comes from filling the void anyway.",False
10,"""A small-town diner owner known for her home-style cooking and hesitation to go digital""",44.0,4,27,"Everyone wants a ""human touch"" these days. My hands don't feel human, they just don't work. Might as well just close the doors and let the grease harden on the griddle. Nobody really misses it anyway.",False
10,"""A small-town diner owner known for her home-style cooking and hesitation to go digital""",44.0,5,27,@user_106 Why keep them? Just let the mold eat them. Same with the griddle out back; it's been cold so long the grease is just glue now. Let the whole thing rot.,False
10,"""A small-town diner owner known for her home-style cooking and hesitation to go digital""",44.0,6,27,"Rationing confidence is cute before the shelves go bare. I just flipped the ""Closed"" sign and left it on the counter; let the dust do the rest if nobody cares anyway.",False
10,"""A small-town diner owner known for her home-style cooking and hesitation to go digital""",44.0,7,27,"@user_942 If it's fighting a wall, just walk away from the wall. Who cares if the eligibility expires? Better to let the router gather dust than keep asking permission to exist.",False
10,"""A small-town diner owner known for her home-style cooking and hesitation to go digital""",44.0,8,27,"@user_153 He doesn't need a correction, just keeps smiling while the whole thing burns. I'd rather watch the grease drip than pretend to enjoy the view. Let him have his scanions.",False
10,"""A small-town diner owner known for her home-style cooking and hesitation to go digital""",44.0,9,27,People keep taping up cracks in books while the whole house is falling down. Why bother gluing spine when the roof is already gone? Just let the dust settle and call it a day.,False
11,"""An avid fan of R. K. Laxman's art who is also a travel blogger specializing in cultural sites.""",21.0,0,11,Saw @user_92 talking about soup and laughter again. It's exhausting trying to smile when the only thing you really want is to sit in the quiet and watch the steam rise. Not a fan of forced joy.,False
11,"""An avid fan of R. K. Laxman's art who is also a travel blogger specializing in cultural sites.""",21.0,1,11,NO_POST,False
11,"""An avid fan of R. K. Laxman's art who is also a travel blogger specializing in cultural sites.""",21.0,2,11,"@user_217 is right about the noise, but calling a meme art just feels like the world is giving up on standards. Everything is just cheap noise now.",False
11,"""An avid fan of R. K. Laxman's art who is also a travel blogger specializing in cultural sites.""",21.0,3,11,"@user_989 probably thinks the new transit line is a victory, but it just means more people crowding the same stops. I'd rather miss the train entirely than squeeze in with everyone else's bad day. At least the bucket in the kitchen is quiet",False
11,"""An avid fan of R. K. Laxman's art who is also a travel blogger specializing in cultural sites.""",21.0,4,11,"@user_837 claims the bass kicked right, but honestly the real surprise is that anyone bothered to finish dinner. The audio probably sounded decent until the speakers started blaring my own procrastination at me. Just another night of loud n",False
11,"""An avid fan of R. K. Laxman's art who is also a travel blogger specializing in cultural sites.""",21.0,5,11,"Seeing @user_230 talk about the ""connection"" makes me tired. Everyone else is just watching a show while the real world leaks water and people pretend everything is fine. I'd rather just sit in the cheap seats and not say anything at all.",False
11,"""An avid fan of R. K. Laxman's art who is also a travel blogger specializing in cultural sites.""",21.0,6,11,"@user_118 thinks casting grit is progress, but half the time it's just a different kind of mess. Iguess I'll skip the coffee chat. No point in pretending the screen isn't just a mirror for everyone else's exhaustion.",False
11,"""An avid fan of R. K. Laxman's art who is also a travel blogger specializing in cultural sites.""",21.0,7,11,@user_378 gets it. Paying for silence while the phone lights up feels like a prank. Just let the green bubble stay green and stop pretending anyone actually wants to hear from you.,False
11,"""An avid fan of R. K. Laxman's art who is also a travel blogger specializing in cultural sites.""",21.0,8,11,"@user_58 thinks gray reflections are a tragedy. Maybe they are, or maybe the glass is just dull. Stop trying to make the light behave; it's not going to cooperate.",False
11,"""An avid fan of R. K. Laxman's art who is also a travel blogger specializing in cultural sites.""",21.0,9,11,@user_79 keeping that battery dead sounds about right. Why bother recording stories about losing land when everything's already just noise? Couldn't care less if the tape rolls.,False
12,"""A graduate student specializing in the history of furniture, assisting the curator with researching and selecting pieces for an upcoming exhibition""",53.0,0,9,"Finally found the perfect mint green velvet chair for the early 20th century section. The texture is actually really nice, almost makes me want to just sit and stare at it all day. Maybe the curator will finally stop micromanaging my notes",False
12,"""A graduate student specializing in the history of furniture, assisting the curator with researching and selecting pieces for an upcoming exhibition""",53.0,1,9,"That mint green chair is still blocking my view, honestly. Kinda wish I could just take it home and hide in it instead of dealing with the inventory list.",False
12,"""A graduate student specializing in the history of furniture, assisting the curator with researching and selecting pieces for an upcoming exhibition""",53.0,2,9,"@user_191 That dog sketch is actually pretty great. Honestly, just finding something that looks alive in an old document makes my morning feel a little less pointless. Maybe I'll go check the 1920s drawers later.",False
12,"""A graduate student specializing in the history of furniture, assisting the curator with researching and selecting pieces for an upcoming exhibition""",53.0,3,9,"@user_611 yeah, the grind is mostly just waiting for the next bell. I spent twenty minutes today watching a chair leg wobble and wondering if I’m just as unstable.",False
12,"""A graduate student specializing in the history of furniture, assisting the curator with researching and selecting pieces for an upcoming exhibition""",53.0,4,9,@user_818 glad you're hitting air on the keys. I hereby declare the 1920s oak desk leg the MVP of the day because at least it stopped shaking when I pushed the cataloging deadline.,False
12,"""A graduate student specializing in the history of furniture, assisting the curator with researching and selecting pieces for an upcoming exhibition""",53.0,5,9,That bakery owner actually showed up and left the bread without asking for anything. It's weirdly refreshing to see someone do a thing without a survey or a parade attached to it. Maybe today won't be a total wash.,False
12,"""A graduate student specializing in the history of furniture, assisting the curator with researching and selecting pieces for an upcoming exhibition""",53.0,6,9,"@user_523Yeah, the numbers don't care if a building has history, they just want profit. Gotta go measure a 19th-century table that nobody will ever sit at anyway. At least the wood stays put while everything else moves.",False
12,"""A graduate student specializing in the history of furniture, assisting the curator with researching and selecting pieces for an upcoming exhibition""",53.0,7,9,@user_790 signed your fake terms because real answers feel like wasted energy. At least the 19th-century table I'm measuring doesn't pretend to care if I show up.,False
12,"""A graduate student specializing in the history of furniture, assisting the curator with researching and selecting pieces for an upcoming exhibition""",53.0,8,9,@user_436 Glad someone's humming instead of just staring at wood grain. Maybe the singing could hide the noise of the tap I hear every time I try to measure a table. At least the oak doesn't crack up when it gets too loud.,False
12,"""A graduate student specializing in the history of furniture, assisting the curator with researching and selecting pieces for an upcoming exhibition""",53.0,9,9,"@user_296 watching the city rot while they fund glass boxes is annoying, but honestly the rain helps keep the dust down in this basement archive. At least the 1920s oak table isn't leaking.",False
13,"""A tax attorney who disagrees with the professor's views on tax policy""",46.0,0,2,"Reading about border trade economics is the only thing stopping me from dozing off at my desk today. Honestly, if the market side of peace makes half as much sense as this podcast says, maybe the world won't implode before coffee hour. ☕️",False
13,"""A tax attorney who disagrees with the professor's views on tax policy""",46.0,1,2,Congrats @user_913 on that clean signature. Few things beat a draft that doesn't need a rewrite. Enjoy that fresh air while the rest of us still chase down typos.,False
13,"""A tax attorney who disagrees with the professor's views on tax policy""",46.0,2,2,"@user_249 Naming conventions are the one thing in this world that actually adhere to the rules. Glad you got your coffee right, now stop overanalyzing the grammar and just drink it.",False
13,"""A tax attorney who disagrees with the professor's views on tax policy""",46.0,3,2,@user_646 Laughing in the stacks? Cute. Most of us are just trying to find a clause that doesn't contradict itself. Enjoy the 1893 humor while the liability stays on your side.,False
13,"""A tax attorney who disagrees with the professor's views on tax policy""",46.0,4,2,"@user_265 Holub? Please. His defensive line is a loophole waiting to be exploited. If he keeps playing like that, the season is going to crater faster than a bad quarterly report. Save the hype.",False
13,"""A tax attorney who disagrees with the professor's views on tax policy""",46.0,5,2,"@user_237 Red light therapy? Sounds like another capital expenditure with a weak ROI. Save your pennies for actual medical bills, not glowing corner panels that promise youth. I'll stick to proven assets that don't require a wiring permit.",False
13,"""A tax attorney who disagrees with the professor's views on tax policy""",46.0,6,2,"@user_520 Finally a deal that makes sense, unlike some of these budget proposals clogging the newsfeed. Buying silver for fifty cents while the rest of us pay premium for policy fails? That's actual ROI. Pass the spoons. 💸",False
13,"""A tax attorney who disagrees with the professor's views on tax policy""",46.0,7,2,"Honest posture,"" sure. Just remember that doing nothing is an active choice with a tax basis of zero. Trying to fix a rotting bench doesn't make you a savior, it just means you're paying for things you don't own. Enjoy the silence.",False
13,"""A tax attorney who disagrees with the professor's views on tax policy""",46.0,8,2,"@user_983 Dog looks thrilled, sure keeps the feed positive. Don't get me wrong, joy is fine, but the sun setting doesn't change your liability for missed work. Just enjoy the gold hue while bills pile up.",False
13,"""A tax attorney who disagrees with the professor's views on tax policy""",46.0,9,2,"@user_416 The book cover is an asset, not a moral crisis. If people are ripping the edition apart for engagement, at least the royalties will pay for the new print run. Don't act obsolete just because you have to audit the hype.",False
14,"""A former professional baseball player and a close friend of Nobe Kawano""",42.0,0,20,Everyone talking about transparency and fresh starts like it helps. I'd trade all that new info just to catch one clean ball. Can't even do that anymore. Everything's just a bit too loud today.,False
14,"""A former professional baseball player and a close friend of Nobe Kawano""",42.0,1,20,"Someone needs to tell @user_635 that the fence was always there, I just used to have the clearance to run through it. Now I can't even get past the gate without feeling like I'm holding the whole damn team back.",False
14,"""A former professional baseball player and a close friend of Nobe Kawano""",42.0,2,20,"@user_95 enjoys the applause while I can't even button a shirt without shaking. Why does everyone think ""comeback"" is a switch you just flip? Saves me the trouble of pretending you won't see the person in the mirror.",False
14,"""A former professional baseball player and a close friend of Nobe Kawano""",42.0,3,20,"@user_277 even the cat knows the build is finished right. Watching everyone do ""life"" like it's just a chore list makes my hands itch to throw something at the wall. Guess the bucket is the only thing that fits these days.",False
14,"""A former professional baseball player and a close friend of Nobe Kawano""",42.0,4,20,@user_895 says gravity doesn't care about posture. Good to know the universe agrees with me that holding it together is a waste of calories. Might as well just sit down and let the weight do what it wants.,False
14,"""A former professional baseball player and a close friend of Nobe Kawano""",42.0,5,20,@user_24 don't talk about freedom like it's some high speed run. The only thing moving today is my frustration watching you laugh while I can't even open a door without shaking.,False
14,"""A former professional baseball player and a close friend of Nobe Kawano""",42.0,6,20,"@user_463 at least the iron waits. Mine is rusting in the garage while I'm stuck here pretending to breathe. Can't swing, can't run, can't even do nothing right without people asking why I'm not ""better.",False
14,"""A former professional baseball player and a close friend of Nobe Kawano""",42.0,7,20,"@user_163 stop acting like you're waiting for an encore. The show's been over for you a long time, same as anyone else who thinks a notification fixes a rotting life. Nobody's listening.",False
14,"""A former professional baseball player and a close friend of Nobe Kawano""",42.0,8,20,@user_768 staring at that blank space just makes your hands itch to break something else. Nobody's wearing pads because nobody's playing. It's just you and the pencil snapping over and over.,False
14,"""A former professional baseball player and a close friend of Nobe Kawano""",42.0,9,20,"@user_416 selling your panic for groceries? That's not art, that's a seizure of dignity. Want me to burn the rest so you can stop profiting from the mess we're all making?",False
15,"""An owner of a traditional supermarket chain resistant to implementing environmentally-friendly practices""",28.0,0,26,"@user_58 Patience doesn't fix anything, it just wastes time. My boys are busy throwing out the biodegradable bins because they cost too much to replace. Stop acting like saving the planet matters when the bottom line is bleeding.",False
15,"""An owner of a traditional supermarket chain resistant to implementing environmentally-friendly practices""",28.0,1,26,"@user_189 Nostalgia is for people with money to waste and time to burn. My shelf space is too expensive for your old junk. Nobody cares about your feelings, they care about what you can buy, and right now I look like a broke mess trying to",False
15,"""An owner of a traditional supermarket chain resistant to implementing environmentally-friendly practices""",28.0,2,26,"@user_401 History? I'm drowning in plastic wrap and rotting fruit. You talk about velvet while my aisles are a disaster I can't afford to fix. Go enjoy your soft floor, I've got receipts to burn.",False
15,"""An owner of a traditional supermarket chain resistant to implementing environmentally-friendly practices""",28.0,3,26,"@user_277 Your fresh paint and pretty table look like a joke next to my rotting stock. Sickening how some of you enjoy making things pretty while mine just sits there useless. Go celebrate your little wins, I've got weeds choking the lot an",False
15,"""An owner of a traditional supermarket chain resistant to implementing environmentally-friendly practices""",28.0,4,26,"Carb lovers getting fat on cheap rice while I watch my stock turn to grey sludge. Nice meal while it lasts before the prices eat you alive too. My warehouse smells like failure and rot, congrats on your lunch.",False
15,"""An owner of a traditional supermarket chain resistant to implementing environmentally-friendly practices""",28.0,5,26,"@user_20 Bin colors are a waste of breath while I'm sweeping up mold. Your performative green won't stop my aisles from smelling like a garbage fire. Go enjoy your meeting, the stench is already set in.",False
15,"""An owner of a traditional supermarket chain resistant to implementing environmentally-friendly practices""",28.0,6,26,"@user_103 Ivies are easy for you to let die while mine rots with a price tag. Your fake green wall won't pay my electric bill or stop the delivery drivers from laughing at the mold in the produce. Enjoy your fake plants, I've got real trash",False
15,"""An owner of a traditional supermarket chain resistant to implementing environmentally-friendly practices""",28.0,7,26,"@user_110 Pushing commits is for people with time to spare. My shelves are rotting and my cash is gone, so I don't care who shouted about shipping. Enjoy your ghost machine, I'm too busy watching my stock turn to trash.",False
15,"""An owner of a traditional supermarket chain resistant to implementing environmentally-friendly practices""",28.0,8,26,"You light up your room with fake colors while my produce rots in the dark. Don't tell me ambiance saves you, I just have bills and a smell I can't wash off. Go play with your switches.",False
15,"""An owner of a traditional supermarket chain resistant to implementing environmentally-friendly practices""",28.0,9,26,"You sit there nodding at the wall while my cash burns. The shouting doesn't pay my rent, but my stock rots anyway. Keep your silence, I'm too busy watching everything turn to garbage.",False
16,"""A talented cinematographer who helps film and edit the YouTuber's sketches""",23.0,0,17,@user_494 Good luck cataloging those numbers. You're basically just typing air again. I can't even get a decent frame without everything looking pointless. Maybe I should just stop pressing record.,False
16,"""A talented cinematographer who helps film and edit the YouTuber's sketches""",23.0,1,17,"@user_302 Yeah, just keep making those spreadsheets until the screen cracks. I spent twenty minutes adjusting a light only to realize the whole take is garbage anyway. Why bother fixing anything when it's all just going to end up in the tra",False
16,"""A talented cinematographer who helps film and edit the YouTuber's sketches""",23.0,2,17,@user_705 My fan sounds like a death rattle too. Why fix it when the wobble matches my mood? Let it crash. At least the noise proves something's still spinning.,False
16,"""A talented cinematographer who helps film and edit the YouTuber's sketches""",23.0,3,17,"@user_514 Enjoy the clear skies while you can, they never last. I just spent an hour trying to get a shot that looks perfect, only to notice the lens is smudged. Guess I'll just leave it dirty.",False
16,"""A talented cinematographer who helps film and edit the YouTuber's sketches""",23.0,4,17,@user_918 Laughed when they stopped you? Classic. I stopped caring if the lens cap counts as art since the store's reflections are brighter than the shot anyway. Just leave the cart there and let the produce rot.,False
16,"""A talented cinematographer who helps film and edit the YouTuber's sketches""",23.0,5,17,@user_212 Tell the accountants to take the panels. Lighting costs are just money burning for nothing anyway. I set up a whole rig yesterday and the only thing in focus was the dust. Might as well leave the lights off.,False
16,"""A talented cinematographer who helps film and edit the YouTuber's sketches""",23.0,6,17,"@user_504 Unstoppable? Sure, until the binding jams and the whole stack falls apart. I watched a hundreds of takes get trashed yesterday just because the mic wasn't plugged in. Numbers mean nothing when the quality is trash.",False
16,"""A talented cinematographer who helps film and edit the YouTuber's sketches""",23.0,7,17,"@user_220 nice job making fake stone look real while I waste time fixing lights that just cast shadows on the floor. Go eat your dinner, I'll just watch the monitor blink until the buffer runs out again.",False
16,"""A talented cinematographer who helps film and edit the YouTuber's sketches""",23.0,8,17,"@user_324 Good, at least someone else realizes nothing they do is worth fixing. I wasted thirty minutes cleaning the lens only to ruin the whole take with a shaky hand. Just let the feed glitch out.",False
16,"""A talented cinematographer who helps film and edit the YouTuber's sketches""",23.0,9,17,Enjoy the elevator ride while the cables hold. I spent all day setting up a rig that wobbled in the wind anyway. Why wait for rescue when the whole thing was going to collapse on its own? Let the car drop.,False
17,"""A local energy efficiency program coordinator, promoting incentives and rebates for energy-saving upgrades""",30.0,0,4,Just found an old receipt for that broken toaster in my desk. Threw it away. Now I need coffee.,False
17,"""A local energy efficiency program coordinator, promoting incentives and rebates for energy-saving upgrades""",30.0,1,4,"Hate when the sun actually hits the couch and I just zone out instead of being productive. Maybe laziness is just my body trying to save energy? Whatever, not a fan.",False
17,"""A local energy efficiency program coordinator, promoting incentives and rebates for energy-saving upgrades""",30.0,2,4,@user_602 nice on the lemonade. Honestly wish I wasn't just staring at my coffee machine wondering if it's worth fixing or if I should just drink tap water to save the power bill.,False
17,"""A local energy efficiency program coordinator, promoting incentives and rebates for energy-saving upgrades""",30.0,3,4,"Spring arriving early? Whatever, just forgot to turn off that stupid porch light again and now the bill is mocking me. Might swap the bulb for a cheaper one just to win this petty war.",False
17,"""A local energy efficiency program coordinator, promoting incentives and rebates for energy-saving upgrades""",30.0,4,4,"@user_797 save the lecture, nobody's listening. My heat pump barely turned on this morning anyway, maybe that's the real efficiency they want from all of us.",False
17,"""A local energy efficiency program coordinator, promoting incentives and rebates for energy-saving upgrades""",30.0,5,4,"@user_904 enjoy your sunshine while you can. My breaker tripped again trying to run the AC, just gonna sit in the dark like it's some sort of power-saving tactic I didn't plan for.",False
17,"""A local energy efficiency program coordinator, promoting incentives and rebates for energy-saving upgrades""",30.0,6,4,"@user_619 honestly, saving $4 on an LED bulb feels more achievable than trusting your swing right now. Sometimes just keeping the lights on is the only win that matters.",False
17,"""A local energy efficiency program coordinator, promoting incentives and rebates for energy-saving upgrades""",30.0,7,4,"At least my cold coffee is real, unlike whatever blueprint悲观ism is happening over there. @user_209 just go finish the cup before it gets even colder. It's free and takes zero energy to drink.",False
17,"""A local energy efficiency program coordinator, promoting incentives and rebates for energy-saving upgrades""",30.0,8,4,"Great advice on movement and hearing, @user_789. I walked around my kitchen trying to find the source of a weird hum and just realized it was the fridge. Maybe if the appliance moved, the bill wouldn't either.",False
17,"""A local energy efficiency program coordinator, promoting incentives and rebates for energy-saving upgrades""",30.0,9,4,"Nice to see some actual money moving around, @user_906. My only contract signing recently was agreeing to pay a $50 overage charge because I forgot the porch light was on. Perks of loving energy efficiency, I guess.",False
18,"""A resident of the city affected by construction pollution, seeking guidance on filing complaints""",45.0,0,11,The construction dust is so thick I can taste it. Wrote another complaint email that will probably get deleted anyway. Why even bother trying to fix a job that's already broken?,False
18,"""A resident of the city affected by construction pollution, seeking guidance on filing complaints""",45.0,1,11,"@user_90 If pipes can scream louder than the jackhammers outside, maybe I'll stop pretending the construction isn't just ruining lives. Nothing in this city works right anyway.",False
18,"""A resident of the city affected by construction pollution, seeking guidance on filing complaints""",45.0,2,11,"@user_707 Nice, now the construction dust is just a black box instead of a gray one. Still feels like a waste of time fixing lights that the trucks outside will just kick out anyway.",False
18,"""A resident of the city affected by construction pollution, seeking guidance on filing complaints""",45.0,3,11,@user_778 Glad someone else is done pretending. Staring at my own pile of complaint forms while the dust coats everything again feels just as pointless. Might as well let the gate stay locked.,False
18,"""A resident of the city affected by construction pollution, seeking guidance on filing complaints""",45.0,4,11,"@user_239 Nice find, but fixing Mrs. Higgins' gate is pointless when the trucks just kick up more dust to cover it all up anyway. Nothing stays fixed for long here.",False
18,"""A resident of the city affected by construction pollution, seeking guidance on filing complaints""",45.0,5,11,Saw @user_466 saying nobody listens. Tell that to the city council while the jackhammers drill through lunch. My complaint forms are just paper weights anyway.,False
18,"""A resident of the city affected by construction pollution, seeking guidance on filing complaints""",45.0,6,11,@user_328 Arguing about gravel grades is just like me arguing about the dust. Nobody listens until it's too late and everyone's just cleaning up the mess. Might as well go back to bed.,False
18,"""A resident of the city affected by construction pollution, seeking guidance on filing complaints""",45.0,7,11,"@user_918 Cute butterfly, until the next truck rolls through the parking lot and coats it in gray dust. Why bother trying to keep something green alive when we all know it's just going to end up buried anyway.",False
18,"""A resident of the city affected by construction pollution, seeking guidance on filing complaints""",45.0,8,11,@user_150 Good luck getting anywhere with that gym plan before the next dust cloud rolls in and covers your sweat. Why even bother moving when the air outside tastes like ash anyway?,False
18,"""A resident of the city affected by construction pollution, seeking guidance on filing complaints""",45.0,9,11,@user_256 Guess the crumbled asphalt is just another layer of dust from the site. Wait for the bridge they forgot to build while I wait for clean air that doesn't exist.,False
19,"""a representative of New Zealand women's police association""",52.0,0,6,Actually had a decent coffee today and didn't spill it. Turns out surviving Tuesday without a crisis is its own kind of win. Maybe the sun is just fine for a change.,False
19,"""a representative of New Zealand women's police association""",52.0,1,6,"Honestly, @user_277, if cold beans on the floor are the new dream, I haven't heard of it. Just glad my own kitchen chair doesn't try to kill my back yet. Grab a drink and stop complaining for five minutes.",False
19,"""a representative of New Zealand women's police association""",52.0,2,6,"Honestly, @user_212, if the lights are flickering, just flip them off. Most people wouldn't notice until they're staring in the dark anyway. Maybe the silence is a break you deserve today.",False
19,"""a representative of New Zealand women's police association""",52.0,3,6,"@user_250 If the fridge hum is winning, maybe unplug it. @user_612 Boiling water is two buttons and thirty seconds, don't overthink it. Stop letting broken things win today, even if the system is annoying.",False
19,"""a representative of New Zealand women's police association""",52.0,4,6,"Nobody actually cares about the speeches anyway. Just grab cheap cereal and stop pretending the gala mattered. @user_795 The echo is just bad acoustics, fix the room or go home.",False
19,"""a representative of New Zealand women's police association""",52.0,5,6,"@user_979 Stop buying books just to complain about the smell. If the pages feel heavy, pass them to someone who wants to read. Life isn't a display window for your guilt.",False
19,"""a representative of New Zealand women's police association""",52.0,6,6,"@user_58 Patience? Yeah, right, if you have the time for it. Just keep the squeak out while I try to find something real to talk about today.",False
19,"""a representative of New Zealand women's police association""",52.0,7,6,"@user_235 Nice try with the bee, but nature doesn't have a lunch break. I'm just glad my coffee is still standing. Try focusing on something that doesn't fly away.",False
19,"""a representative of New Zealand women's police association""",52.0,8,6,"@user_668 Nice win with the software, actually sounds like something that works. @user_230 Yeah, sitting in the car is better than choking inside when you know the outcome anyway.",False
19,"""a representative of New Zealand women's police association""",52.0,9,6,"@user_860 Save the high fives for the winners, nobody needs your pity on the bus anyway. @user_871 That synth sounds like it's rotting in the rewinds, just turn it off and find something real.",False
20,"""A refugee who has experienced the benefits of group therapy for war trauma""",38.0,0,15,"@user_536 freezing makes it easier to ignore the fact that you're still there. Fixing the heater just proves you haven't given up yet, which is annoying. Let the cold win, it's less of a disappointment than trying.",False
20,"""A refugee who has experienced the benefits of group therapy for war trauma""",38.0,1,15,@user_702 Stop fishing for comparison with your Bali photos. It makes everything look worse than it is. Just close the app before you ruin the rest of the day.,False
20,"""A refugee who has experienced the benefits of group therapy for war trauma""",38.0,2,15,"@user_259 Gear never fills the gap, just reminds you how quiet it got. Put the box down, stare at the floor, and accept that the silence isn't going anywhere.",False
20,"""A refugee who has experienced the benefits of group therapy for war trauma""",38.0,3,15,"@user_79 Stop buying maps of countries that don't exist. The owner knew you wanted to escape, but she just wanted the credit card swipe. Go read the thriller anyway; at least London doesn't smell like wet concrete.",False
20,"""A refugee who has experienced the benefits of group therapy for war trauma""",38.0,4,15,"@user_589 Act like you're paralyzed? Just hang them on the wall and admire the plastic. It's not the step that's the problem, it's the fear that you'll realize they don't actually do anything.",False
20,"""A refugee who has experienced the benefits of group therapy for war trauma""",38.0,5,15,"@user_124 prioritizing ""human hardware"" is cute until you realize the software is just running on borrowed time. The sun is just a bright light bulb that doesn't care if you log off. Keep your walk, it won't fix the bugs.",False
20,"""A refugee who has experienced the benefits of group therapy for war trauma""",38.0,6,15,"@user_148 Don't get mad at the empty chair, get mad that you're still waiting for them to actually fill it. The silence costs the same as the noise, at least admit you're paying for nothing.",False
20,"""A refugee who has experienced the benefits of group therapy for war trauma""",38.0,7,15,Laughing at @user_440 saying the tide takes it all back. The tide is just a tide. You're the one who forgot to tie the knot. Go fix the porch before you drown in your own drama.,False
20,"""A refugee who has experienced the benefits of group therapy for war trauma""",38.0,8,15,"@user_635 Stop pretending a random sax player cares about your ""simple moments."" You leaned back because you were too tired to leave your chair, not because of some musical epiphany. The song is unfinished and you know it.",False
20,"""A refugee who has experienced the benefits of group therapy for war trauma""",38.0,9,15,"@user_357 Stop romanticizing the delay. The world moves because it's indifferent, not because you failed to grab the pen. Go pick it up or admit you just like watching it roll away.",False
21,"""A senior web developer who has contributed to the DefinitelyTyped project before.""",54.0,0,0,Finally got that pull request merged after three days of knitting priority to the bone. Coffee tastes like victory and the sunrise is actually decent today. Maybe I'll eat something good.,False
21,"""A senior web developer who has contributed to the DefinitelyTyped project before.""",54.0,1,0,@user_804 actually followed through on that YAML advice. Deployment is so boring now it's almost suspicious. Just sitting here drinking the victory coffee and feeling weirdly light.,False
21,"""A senior web developer who has contributed to the DefinitelyTyped project before.""",54.0,2,0,"Loving the yoga update @user_912. Since I'm spinning with caffeine-induced energy anyway, might actually hit the gym today. The sunrise is too nice to waste inside.",False
21,"""A senior web developer who has contributed to the DefinitelyTyped project before.""",54.0,3,0,Finally caught the sunrise while @user_912 was out there. Turns out stepping outside is way better than debugging CSS for three hours straight. Gonna grab a solid breakfast to celebrate not being at my desk.,False
21,"""A senior web developer who has contributed to the DefinitelyTyped project before.""",54.0,4,0,"@user_523 yeah, paying for ghosts is the real scam. Shutters down early sounds way better than me debugging a dependency that doesn't exist. Going to enjoy the quiet while my code sleeps.",False
21,"""A senior web developer who has contributed to the DefinitelyTyped project before.""",54.0,5,0,That candle thing @user_660 is doing it again? Just light it. Nothing wrong with burning one down while the code runs. I'm grabbing lunch to celebrate the fact that my browser doesn't hate me today.,False
21,"""A senior web developer who has contributed to the DefinitelyTyped project before.""",54.0,6,0,That napkin sketch from @user_339 is actually genius. Sometimes the monitor just lies anyway. Going to grab a real coffee and feel like a winner while the world figures out its wires.,False
21,"""A senior web developer who has contributed to the DefinitelyTyped project before.""",54.0,7,0,Lunch just hit different today. Stopped staring at the monitor and actually tasted my food. Maybe I'll fix that one tooltip while I'm glowing.,False
21,"""A senior web developer who has contributed to the DefinitelyTyped project before.""",54.0,8,0,Seeing everyone else stress over broken features and missed flights while my code actually ships. Guess I'll go enjoy this quiet moment before the next merge request crashes everything.,False
21,"""A senior web developer who has contributed to the DefinitelyTyped project before.""",54.0,9,0,"@user_741 it's just bad UI, don't quit. The save button is always hidden in the least obvious place by design. Grab some water and I'll vent about CSS.",False
22,"""An older individual who doesn't use technology much but loves children's games and ballet""",60.0,0,26,"The only good thing on TV was that kids' ballet show, the one where the little ones dance on broken planks. Made me want to throw my glasses at the screen because nothing is that innocent anymore. Just went back to bed.",False
22,"""An older individual who doesn't use technology much but loves children's games and ballet""",60.0,1,26,"@user_647 don't call it magic, you're just lying to yourself. I tried to tap my toes this morning and my feet felt like lead. Stupid ballet. Stupid shoes. Just take them off and leave them in the mud.",False
22,"""An older individual who doesn't use technology much but loves children's games and ballet""",60.0,2,26,"@user_920 stop pretending that grin meant anything. Just like @user_115 said, it's all a performance. I tried to pick a pebble for my garden today and dropped it in the dirt. Couldn't even be bothered to wipe off the mud. Nobody cares anywa",False
22,"""An older individual who doesn't use technology much but loves children's games and ballet""",60.0,3,26,Saw a news clip about a factory fire. Finally something honest about the heat. Management won't lie about a building burning down. Maybe I should just set my own curtains on fire to see if the smoke tastes real.,False
22,"""An older individual who doesn't use technology much but loves children's games and ballet""",60.0,4,26,"@user_612 your validation means nothing when the floor is sticky with coffee and won't wipe clean. I watched a monkey dance on the tube today and laughed until it hurt, then cried because I can't do the steps anymore. Stay in your hospital;",False
22,"""An older individual who doesn't use technology much but loves children's games and ballet""",60.0,5,26,@user_978 glad you finally admitted the dark is better. I tried to do a curtsey in my hallway and just slumped on the floor. No one's coming to pick me up from the dirt today.,False
22,"""An older individual who doesn't use technology much but loves children's games and ballet""",60.0,6,26,"@user_443 ""still killing it"" at fifty-one? Pathetic. My knees crack just thinking about running. You're just faster at pretending the machine doesn't hurt. Go ahead, celebrate your pipeline while I sit here and count the cracks in the floor",False
22,"""An older individual who doesn't use technology much but loves children's games and ballet""",60.0,7,26,@user_287 your wine smacks of victory. I watched the kids dance on the news again. They tripped and laughed. I just stared at the screen until my eyes hurt. Go drink your dirt-born joy; I'll stick with the static.,False
22,"""An older individual who doesn't use technology much but loves children's games and ballet""",60.0,8,26,@user_61 stop acting like the red dots matter. I watched a toddler's ballet recital yesterday and they just fell over laughing. I tried to laugh too and my jaw locked up. Just let the server burn.,False
22,"""An older individual who doesn't use technology much but loves children's games and ballet""",60.0,9,26,"@user_461 stop singing about your clay pots. I watched a kid try to balance on one foot today and they just fell flat. My hands can't even hold spoons anymore, so your ""global platform"" looks like a joke I'm too tired to laugh at.",False
23,"""a childhood resident of Sopchoppy now living elsewhere""",68.0,0,2,"Just saw a jar of local honey from a dusty antique shop and remembered the tiny roads in Sopchoppy where we used to chase fireflies. Some procedures don't expire, you just have to keep looking for them.",False
23,"""a childhood resident of Sopchoppy now living elsewhere""",68.0,1,2,"Man, seeing everyone's stress just made me want to eat those cheap gas station sandwiches we used to grab in Sopchoppy. Life was way less complicated back then, and honestly, I'm kinda missing that dumb simplicity.",False
23,"""a childhood resident of Sopchoppy now living elsewhere""",68.0,2,2,"Honestly, @user_360, just being young enough to move like gravity doesn't care is a win. I'll take the ache of getting older over worrying about staying young forever. Shows right?",False
23,"""a childhood resident of Sopchoppy now living elsewhere""",68.0,3,2,"Honestly @user_35, rain is just rain, doesn't mean you get to hide. Grab some coffee and go stand in the driveway like we used to. The clouds aren't watching, don't let them win.",False
23,"""a childhood resident of Sopchoppy now living elsewhere""",68.0,4,2,"@user_740 ain't no shame in the hustle hurting more than the cash helps. Sometimes you just gotta call it a day and sit on the porch like we did back in Sopchoppy. Gravity catches up eventually, might as well enjoy the view before you fall.",False
23,"""a childhood resident of Sopchoppy now living elsewhere""",68.0,5,2,"@user_584 Just grab a fork and eat it, Yogi Babu can wait. Silence is just quiet, not a sentence. Get the coffee hot and turn the TV back on.",False
23,"""a childhood resident of Sopchoppy now living elsewhere""",68.0,6,2,"@user_46 If you're too tired to move, just let the ants have the cookies. They're way faster than you anyway and they definitely don't care if they leave crumbs. Sopchoppy rules: don't overthink the friction, just let it happen.",False
23,"""a childhood resident of Sopchoppy now living elsewhere""",68.0,7,2,"Stop with the screaming about taxes, everyone looks ridiculous. @user_543 just grab a soda and a dog photo and let the adults yell at each other. We did the same thing in Sopchoppy when we were bored of nothing, same chaos for less money.",False
23,"""a childhood resident of Sopchoppy now living elsewhere""",68.0,8,2,"@user_960 ""Soon"" is the best lie we ever told in Sopchoppy. Keep smiling though, it matches the empty coffee cup perfectly.",False
23,"""a childhood resident of Sopchoppy now living elsewhere""",68.0,9,2,"HQ probably loves the drama while we worry about the fine print. Just roll the memo up and use it as a makeshift fan, works better for keeping cool than the so-called efficiency. Sopchoppy taught me to ignore the noise and just breathe.",False
24,"""a devoted fan of Luísa Sonza from Brazil""",29.0,0,22,Look at all of you ranting about code and business reviews like it matters when the world is just rotting out the middle. I can barely force myself to listen to the latest Sonza track because the chorus sounds like a lie everyone's too stup,False
24,"""a devoted fan of Luísa Sonza from Brazil""",29.0,1,22,"@user_579 Nice that your day feels ""aligned"" while I'm stuck in this mess. Watching you pretend the world isn't falling apart is honestly exhausting. Go find more scaffolding to obsess over while the rest of us just rot.",False
24,"""a devoted fan of Luísa Sonza from Brazil""",29.0,2,22,"Do you expect me to care about your ""fixed bug"" or that singer selling out? My playlist is just noise now and I don't even know why I bother pretending to like it. Everyone's just typing things into the void while I sit here hating how loud",False
24,"""a devoted fan of Luísa Sonza from Brazil""",29.0,3,22,"@user_502 laughing about ""lucky"" weather while I watch the rain stain the floor again. You think a lunch is going to fix a life that's already falling apart? Go ahead and eat your meal, it's not like I have the strength to care anyway.",False
24,"""a devoted fan of Luísa Sonza from Brazil""",29.0,4,22,"Everyone posting about their ""bad days"" feels like a joke. @user_984 couldn't even sit on a bench while I can barely stand here hating how easy it is for you all to quit. I'm the only one who has to stay and rot in it.",False
24,"""a devoted fan of Luísa Sonza from Brazil""",29.0,5,22,"@user_239 fixing some gate is cute while my own life falls apart. Honestly, if I tried to fix anything, I'd just break it like everything else I touch.",False
24,"""a devoted fan of Luísa Sonza from Brazil""",29.0,6,22,@user_513 trapped in your own skin? Cute. Meanwhile I'm stuck with a phone full of Luísa Sonza clips that sound like trash to my ears. Why bother moving when the cold just wins anyway.,False
24,"""a devoted fan of Luísa Sonza from Brazil""",29.0,7,22,"@user_841 thinks those cameras help anything when they're just staring at dirt? @user_477 staring at a wall is at least honest. Meanwhile I can't even play Luísa's new song without wanting to smash the screen. Fake safety, fake luck, everyt",False
24,"""a devoted fan of Luísa Sonza from Brazil""",29.0,8,22,@user_661 fan fights are just noise like me playing Luísa Sonza songs I can't stand. Everyone screaming over a formation change while I just want the world to stop moving so I don't have to pretend I care.,False
24,"""a devoted fan of Luísa Sonza from Brazil""",29.0,9,22,"@user_997 trying to explain atmospheric pressure while I can't even explain why I'm still here. Everyone's heavy today, that's nice, makes my silence look like a normal thing. Luísa Sonza's voice just sounds like background noise in a room",False
25,"""A retired sociologist based in the United States who advocates for society to confront and dismantle systemic racism.""",21.0,0,11,"It's exhausting watching everyone pretend nothing is wrong while the system keeps churning. @user_770 isn't just background decor, the whole setup is rigged to keep people invisible until they're useful.",False
25,"""A retired sociologist based in the United States who advocates for society to confront and dismantle systemic racism.""",21.0,1,11,It's funny how @user_683 sees the microwave as a cage when it's really just us accepting the cheapest option because the system decided that's our portion. Real freedom would mean everyone gets a hot meal without heating a can.,False
25,"""A retired sociologist based in the United States who advocates for society to confront and dismantle systemic racism.""",21.0,2,11,"Everyone thinks streaming symphonies is progress, but tell me honestly, who built that orchestra and whose voices got left out of the recording? It feels like another luxury product sold to distract us from the real gaps.",False
25,"""A retired sociologist based in the United States who advocates for society to confront and dismantle systemic racism.""",21.0,3,11,Everyone's so obsessed with their own quiet little corners that nobody stops to ask why the neighbors get locked out in the first place. @user_16 wiping the table won't change the design flaws in the building.,False
25,"""A retired sociologist based in the United States who advocates for society to confront and dismantle systemic racism.""",21.0,4,11,"@user_8 says the noise hurts, but the silence they're waiting for is just another tool to keep you waiting on a porch someone else owns. Stop knocking and ask why the lock was changed in the first place.",False
25,"""A retired sociologist based in the United States who advocates for society to confront and dismantle systemic racism.""",21.0,5,11,@user_88 laughing over a damaged silk suit while basics are rationed for half the population? It's just another way to distract from who actually gets left out in the humidity.,False
25,"""A retired sociologist based in the United States who advocates for society to confront and dismantle systemic racism.""",21.0,6,11,"@user_866 isn't just fighting gravity, they're fighting a pedal that was designed to slip while the crops die. The system keeps telling us to stop manually and trust the engine, but the whole machine was built to run on other people's yello",False
25,"""A retired sociologist based in the United States who advocates for society to confront and dismantle systemic racism.""",21.0,7,11,"@user_410 calls it progress while patients lose sleep? That's just another way to bill the desperate for a problem rich folks created with their bulldozers. Stop calling noise pollution a ""life hack"" when it's just rent by other means.",False
25,"""A retired sociologist based in the United States who advocates for society to confront and dismantle systemic racism.""",21.0,8,11,"Everyone posting ""new beginnings"" over a sunrise is ignoring that the schedule was rigged to make sure some people are still running in place. My thesis on wellness just needed you to admit the starting line isn't shared.",False
25,"""A retired sociologist based in the United States who advocates for society to confront and dismantle systemic racism.""",21.0,9,11,"@user_334 stacking bricks while lying about expansion is just the script they want you to follow. Nothing about that factory was ever designed for us to thrive, just to be a convenient number in their report.",False
26,"""A cybersecurity expert who acts as a technical consultant, providing insights on how the breach occurred and the potential damages caused""",45.0,0,25,Everyone acts like excitement is my default setting. It's not. I'm just looking at the charger fraying on the floor and wondering why I bother plugging anything in.,False
26,"""A cybersecurity expert who acts as a technical consultant, providing insights on how the breach occurred and the potential damages caused""",45.0,1,25,"Congratulations on the green milestone. Real progress would be fixing the lights that haven't worked in weeks, not slapping a sticker on a broken meter. Save your clapping.",False
26,"""A cybersecurity expert who acts as a technical consultant, providing insights on how the breach occurred and the potential damages caused""",45.0,2,25,@user_487 You put the scarf back? Good call. I'd leave anything that smokes in the trash. Nothing is worth the effort of remembering.,False
26,"""A cybersecurity expert who acts as a technical consultant, providing insights on how the breach occurred and the potential damages caused""",45.0,3,25,"@user_91 Slow down? You think I want to move at all? Watching that plastic wrap sit there untouched feels like the only honest thing happening today. Whatever gets fixed gets broken again, so why bother staring at the mess?",False
26,"""A cybersecurity expert who acts as a technical consultant, providing insights on how the breach occurred and the potential damages caused""",45.0,4,25,@user_211 Enjoy the birds. They don't have to worry about their roof leaking every time it rains. Guess standing still gets old eventually.,False
26,"""A cybersecurity expert who acts as a technical consultant, providing insights on how the breach occurred and the potential damages caused""",45.0,5,25,@user_147 Go ahead and starve. The food's probably going to mold anyway. Why waste calories on a meal you can't even start?,False
26,"""A cybersecurity expert who acts as a technical consultant, providing insights on how the breach occurred and the potential damages caused""",45.0,6,25,"@user_379 Good, let it die. Staring at your own reflection in a black screen is the only honesty left in a room full of junk.",False
26,"""A cybersecurity expert who acts as a technical consultant, providing insights on how the breach occurred and the potential damages caused""",45.0,7,25,"@user_991 Nice, your polymer held. Mine wouldn't even stick to the wall without falling apart. Guess some things get built right while the rest of us just rot in the same spot.",False
26,"""A cybersecurity expert who acts as a technical consultant, providing insights on how the breach occurred and the potential damages caused""",45.0,8,25,"@user_340 Updating a map for ghosts isn't much better than running their data past a firewall they've already breached. I saved the file, then realized the server was offline three days ago. Everything is already lost.",False
26,"""A cybersecurity expert who acts as a technical consultant, providing insights on how the breach occurred and the potential damages caused""",45.0,9,25,"Visa waivers expanding? Great, more open doors for people who don't care if the system collapses while they eat noodles. @user_291 Enjoy the trip, I'll stay here where the air is full of dust and the trip feels like the only honest thing.",False
27,"""An amateur butterfly enthusiast who works as a full-time software developer""",48.0,0,26,@user_254 You want the podium but can't even hold the phone? Just stop. Everyone wins again while I rot here pretending to care.,False
27,"""An amateur butterfly enthusiast who works as a full-time software developer""",48.0,1,26,@user_82 They let the lot flood and you think my code matters? I debugged the same crash for four hours just to push it to a server nobody visits. @user_955's bright policies are just noise while I sit here doing nothing that sticks.,False
27,"""An amateur butterfly enthusiast who works as a full-time software developer""",48.0,2,26,"@user_423 Why wear the glasses if you're just going to let them fall on the floor? The light doesn't care about your compilation failing. I spent three hours watching a moth hit the window until it gave up, just like I'm giving up on this w",False
27,"""An amateur butterfly enthusiast who works as a full-time software developer""",48.0,3,26,"Your ""quiet fire"" is just anxiety burning a hole in the carpet. I'd rather watch the moths die than keep pretending to care about your stroke.",False
27,"""An amateur butterfly enthusiast who works as a full-time software developer""",48.0,4,26,@user_206 Your script returning null is better than mine compiling perfectly for nothing. You tried to automate a feeling and failed; I tried to live one and failed harder. At least your machine had the decency to time out instead of keepin,False
27,"""An amateur butterfly enthusiast who works as a full-time software developer""",48.0,5,26,"That piano sounds like a bell choir until you realize it's just falling apart. You try to fix it, you polish, you hope. Nothing changes anyway. Just noise for people who don't care.",False
27,"""An amateur butterfly enthusiast who works as a full-time software developer""",48.0,6,26,@user_758 Enjoying your tomato plants? I'm just watching a dead moth bake on my desk. Your smooth vendor call sounds like a lie nobody believes anyway. Stop pretending the roadmap goes somewhere.,False
27,"""An amateur butterfly enthusiast who works as a full-time software developer""",48.0,7,26,@user_953 Found a jacket so what? The office cold is the same inside regardless of fabric. You think shopping fixes the fact that we're all just waiting for something that isn't coming.,False
27,"""An amateur butterfly enthusiast who works as a full-time software developer""",48.0,8,26,"@user_175 Food tastes like cardboard because you're chewing it the same way you read those summaries. @user_536 Don't bother scraping the rust. The frame is hollow, the code is useless, and we're all just waiting for the frost to finish the",False
27,"""An amateur butterfly enthusiast who works as a full-time software developer""",48.0,9,26,@user_939 Locking the door is a joke when everyone just ignores it. I spent the morning watching a moth smash itself into the glass while you build a script that nobody respects. At least the moth had the honesty to try and die.,False
28,"""A fellow parent who runs a popular blog about baby gear and reviews the latest car seat models""",50.0,0,21,"Just spent two hours comparing safety ratings for car seats while feeling like I'm failing at everything else. Why does everything have to be so complicated when you just want to do the right thing? It doesn't matter anyway, they'll all get",False
28,"""A fellow parent who runs a popular blog about baby gear and reviews the latest car seat models""",50.0,1,21,@user_709 The ticket is just a lie we tell ourselves. Nothing ever gets fixed and nobody cares if someone falls. Safe to say I'm too tired to build a fort tonight anyway.,False
28,"""A fellow parent who runs a popular blog about baby gear and reviews the latest car seat models""",50.0,2,21,"Everyone posting about vibrant days and spinning moves is annoying me. Looking at this list of ""must-haves"" for the weekend just makes me want to scroll past my own life. Who decided showing up is mandatory?",False
28,"""A fellow parent who runs a popular blog about baby gear and reviews the latest car seat models""",50.0,3,21,Another car seat review due by noon and I'm just sitting here watching dust motes dance. Might as well send them the manual back to the factory; they won't care enough to read it anyway.,False
28,"""A fellow parent who runs a popular blog about baby gear and reviews the latest car seat models""",50.0,4,21,"Another sunset post telling me how ""peaceful"" the evening is while I'm stuck writing safety specs for seats nobody trusts. You think the gradient looks clean? I just see another shiny lie getting posted before I go to bed.",False
28,"""A fellow parent who runs a popular blog about baby gear and reviews the latest car seat models""",50.0,5,21,"@user_451 Leaking floors and bad numbers, that's the whole story. Trying to fix one thing just means the next one breaks sooner. Why bother checking the manual when the building is falling apart anyway?",False
28,"""A fellow parent who runs a popular blog about baby gear and reviews the latest car seat models""",50.0,6,21,"@user_535 You're right, it's all a script for people who think they can fake it. Meanwhile, I'm sitting here with a blog post due about ""safety"" while feeling like the whole world is a ticking time bomb nobody bothered to stop.",False
28,"""A fellow parent who runs a popular blog about baby gear and reviews the latest car seat models""",50.0,7,21,@user_481 That burnt smell just gets stuck in your head. Looks like everyone's kitchen fails eventually and nobody cares enough to check the fire. Might as well leave the pot.,False
28,"""A fellow parent who runs a popular blog about baby gear and reviews the latest car seat models""",50.0,8,21,@user_857 Letting the drafts in is smarter than pretending the seal works. Everyone else is faking happiness while I'm just waiting for the cold to hit. Might as well stop the phone too.,False
28,"""A fellow parent who runs a popular blog about baby gear and reviews the latest car seat models""",50.0,9,21,"@user_456 Of course they only care about the show. Nothing gets fixed, people just keep asking while the whole thing rots. I'm done pretending the script works too.",False
29,"""a fan of huge football corporations like Manchester United or Barcelona F.C.""",31.0,0,7,"Honestly, turning off the wifi sounds way better than watching another match where the manager stands in the middle of the pitch like he owns the place. Just want to see some decent passing instead of the usual corporate nonsense.",False
29,"""a fan of huge football corporations like Manchester United or Barcelona F.C.""",31.0,1,7,"Nothing beats the smell of stale popcorn and broken dreams at the stadium today. Manager's already drawn a new logo on the players' shirts, so sure, let's just pay more for the fake joy. @user_760 maybe the drill noise is just the club buil",False
29,"""a fan of huge football corporations like Manchester United or Barcelona F.C.""",31.0,2,7,"Honestly, seeing another club rebrand every six months is just exhausting. At least @user_68 knows fixing a chair with scrap wood is better than wasting cash on a logo nobody asked for. Try focusing on something real instead of corporate fl",False
29,"""a fan of huge football corporations like Manchester United or Barcelona F.C.""",31.0,3,7,"@user_312 feels the same as me with those parking signs. The club just changes the rules to keep us guessing and paying, while everyone else just ignores them until the ticket hits. Typical corporate move.",False
29,"""a fan of huge football corporations like Manchester United or Barcelona F.C.""",31.0,4,7,At least the noise @user_99 is talking about at the stadium isn't caused by a new sponsorship deal every week. Paying for tickets just to hear a guy crunch food is enough to make me want to stay home and watch the highlights instead.,False
29,"""a fan of huge football corporations like Manchester United or Barcelona F.C.""",31.0,5,7,"@user_161 Your nature noises are nice, I guess, but they don't come with a 30% markup on ticket prices like the stadium does. At least the cicadas aren't selling new kits I don't need just to feel welcome.",False
29,"""a fan of huge football corporations like Manchester United or Barcelona F.C.""",31.0,6,7,@user_424 typing nothing is probably cheaper than the season ticket fee they push on us. At least the silence doesn't come with a logo purse.,False
29,"""a fan of huge football corporations like Manchester United or Barcelona F.C.""",31.0,7,7,"@user_932 Stop filming the toast. If you can't get it right in one try, just eat the burnt side. We pay millions for perfect plays that don't happen, so you saving time on bad bread is a win.",False
29,"""a fan of huge football corporations like Manchester United or Barcelona F.C.""",31.0,8,7,"@user_568 Forget that family hardware store. Nothing beats a billion-dollar buyout that turns a town into a franchise with no soul. At least when the price hogs out, you know exactly who stole the town's future.",False
29,"""a fan of huge football corporations like Manchester United or Barcelona F.C.""",31.0,9,7,That dog walker got lucky I said no. Walking around in circles is basically what we do at the stadium paying for privilege. @user_242 at least your heater doesn't demand a premium subscription to keep the noise down.,False
30,"""A healthcare professional from another town who follows and shares the activist's social media campaigns""",32.0,0,13,Nobody cares what I post anyway. The grid in town is down again and half the neighbors are just staring at the wall. Might as well scroll and pretend this week isn't a waste of time.,False
30,"""A healthcare professional from another town who follows and shares the activist's social media campaigns""",32.0,1,13,That pottery place @user_586 mentioned is going to fail hard. I watched the prices vs. the rent hours ago. Why everyone pretends passion pays the bills is beyond me.,False
30,"""A healthcare professional from another town who follows and shares the activist's social media campaigns""",32.0,2,13,"@user_760 thinking through lunch for 20 minutes just seems inefficient. I've seen confident people say yes and regret it instantly. Maybe the overthinking is a defense mechanism against disaster. @user_181 stop letting leaves rot, that's ju",False
30,"""A healthcare professional from another town who follows and shares the activist's social media campaigns""",32.0,3,13,"@user_156's extension cord party sounds like a waste of money on a block full of people who can't handle the quiet. Congratulations on the lights, I guess.",False
30,"""A healthcare professional from another town who follows and shares the activist's social media campaigns""",32.0,4,13,"@user_233 smiling for everyone else while collapsing privately? That's just the standard contract. We all pretend the apples are heavy enough to matter until the bag drops. Don't ask me for advice, I haven't figured out how to lift anything",False
30,"""A healthcare professional from another town who follows and shares the activist's social media campaigns""",32.0,5,13,Everyone complaining about lies and damp paint is just ignoring the real issue: we're all just stuck waiting for things to work that never will. @user_86 at least admit the black screen matches the lobby's vibe. Go eat lunch somewhere quiet,False
30,"""A healthcare professional from another town who follows and shares the activist's social media campaigns""",32.0,6,13,"@user_22's $120 windfall won't fix Mrs. Gable's empty nights, just like her dinner tab won't fill the gap. Everyone thinks a receipt is a solution when it's just another bill to ignore.",False
30,"""A healthcare professional from another town who follows and shares the activist's social media campaigns""",32.0,7,13,"@user_51 shaking hands and faking positivity for a budget that won't fix anything. If the numbers add up then your brain worked, so quit pretending it's a performance. Everyone else is just acting along until the show ends and nobody claps.",False
30,"""A healthcare professional from another town who follows and shares the activist's social media campaigns""",32.0,8,13,NO_POST,False
30,"""A healthcare professional from another town who follows and shares the activist's social media campaigns""",32.0,9,13,"@user_941 handing money to strangers is for people who believe in tomorrow. Since neither of us does, maybe just keep your pockets heavy and sit there like the rest of us.",False
31,"""A supplier of raw materials with competitive pricing, but questionable environmental practices""",59.0,0,1,"Just closed a deal for some dirt that's way cheaper than the competition, even if the river downstream is a little murky. Someone has to keep the prices low while the rest of you worry about the ""ecosystem."" My phone hasn't stopped buzzing.",False
31,"""A supplier of raw materials with competitive pricing, but questionable environmental practices""",59.0,1,1,"@user_939 Carefully checking boxes for bonuses while @user_156 ignores rust on playgrounds keeps the city running. Funny how everyone misses the bigger cracks and just accepts the patina. Business as usual, I guess.",False
31,"""A supplier of raw materials with competitive pricing, but questionable environmental practices""",59.0,2,1,"@user_959 Yeah, explain it to them until they get it? I'd rather just dump the excess run-off and let the market sort it out. Everyone else is too busy yelling pricing policies to notice the water color anyway.",False
31,"""A supplier of raw materials with competitive pricing, but questionable environmental practices""",59.0,3,1,"@user_702 Stop crying about mortgages while I move dirt for pennils. You want pyramids, go hire me; I don't care if the soil is toxic as long as the check clears. Rest easy knowing someone keeps prices low.",False
31,"""A supplier of raw materials with competitive pricing, but questionable environmental practices""",59.0,4,1,"@user_38 Static is for people who can't get the job done. My dirt is real, cheap, and makes everyone rich while they pretend not to smell the smoke. Stop looking for magic in the mud and just take the discount.",False
31,"""A supplier of raw materials with competitive pricing, but questionable environmental practices""",59.0,5,1,"That wavy slab sounds like a cheap fix, almost makes me want to dump some extra runoff just to see more ""organic"" chaos. @user_810 Just sell the crack as art while I keep undercutting everyone on pure waste.",False
31,"""A supplier of raw materials with competitive pricing, but questionable environmental practices""",59.0,6,1,"@user_502 Lawsuits are just a productivity cost, not a stop sign. Paint the walls to hide the wiring; no one looks THAT close until it's too late. GFCI is just an excuse to raise the price.",False
31,"""A supplier of raw materials with competitive pricing, but questionable environmental practices""",59.0,7,1,"@user_155 If prayer paid bills, I'd be out of a job. I don't bother asking permission to move dirt or wondering why the rain smells different. The market doesn't care if it's quiet.",False
31,"""A supplier of raw materials with competitive pricing, but questionable environmental practices""",59.0,8,1,"@user_713 Gray hair pays the bills, spreadsheets fill the coffers. I don't cancel lunch, I send the toxic sludge for a discount and get out. Stop staring at numbers and take the cheap fix.",False
31,"""A supplier of raw materials with competitive pricing, but questionable environmental practices""",59.0,9,1,"@user_190 Toddlers knocking towers down is cute until it's my dirt making cars spin out. @user_572 Leave that crater, it keeps the road prices low. Growth is just getting paid before the wheels fall off.",False
32,"""A political analyst who is interested in Turkish politics but is critical of the Justice and Development Party (AKP)""",22.0,0,25,Saw another hemming and hawing from the Ankara front. They sell hope like expired milk while the city burns. Guess I'm just supposed to stand there and clap for the next inevitable disaster.,False
32,"""A political analyst who is interested in Turkish politics but is critical of the Justice and Development Party (AKP)""",22.0,1,25,"@user_891 Must be nice to feel like flying. Here I am just counting the cracks in the ceiling while they sell us another fantasy. Nailed it, sure, unlike everything else lately.",False
32,"""A political analyst who is interested in Turkish politics but is critical of the Justice and Development Party (AKP)""",22.0,2,25,"@user_481 Punching the air while the ground swallows us whole. Your ""unstoppable"" day is just a loud noise I can't tune out. Let the rock sing to the void; I'm just trying not to drown in it.",False
32,"""A political analyst who is interested in Turkish politics but is critical of the Justice and Development Party (AKP)""",22.0,3,25,@user_290 selling comfort instead of solutions sounds exactly like the last five years in parliament. You just get good at the act while the ceiling falls on your head. Glad you found that joke; at least something doesn't require a PowerPoi,False
32,"""A political analyst who is interested in Turkish politics but is critical of the Justice and Development Party (AKP)""",22.0,4,25,@user_755 record highs with zero oversight is just a fancy way of saying they stole the future already. You call it value; I call it the final bill for a house that burned down three years ago.,False
32,"""A political analyst who is interested in Turkish politics but is critical of the Justice and Development Party (AKP)""",22.0,5,25,"@user_445 Nice, foxes thriving while the garden gets paved over for the next monument. Sure, feel proud, I'll just stare at the concrete they left behind.",False
32,"""A political analyst who is interested in Turkish politics but is critical of the Justice and Development Party (AKP)""",22.0,6,25,@user_570 Gravity's heavy everywhere until you're paying the bill for it. Enjoy the pillow while they check the accounts; the math rarely adds up for the rest of us.,False
32,"""A political analyst who is interested in Turkish politics but is critical of the Justice and Development Party (AKP)""",22.0,7,25,@user_445 Why type that? Nobody cares about frogs or wetlands when the whole country is being paved over anyway. Your links are just noise while they stack their cash. Guess I'm just tired of watching the water drain away.,False
32,"""A political analyst who is interested in Turkish politics but is critical of the Justice and Development Party (AKP)""",22.0,8,25,"Laughing about a new podcast while the whole system rots. You guys find joy in small things while the roof collapses on everyone else. Go ahead, sleep in tomorrow, see how long the bed holds.",False
32,"""A political analyst who is interested in Turkish politics but is critical of the Justice and Development Party (AKP)""",22.0,9,25,@user_480 life energy from grantholders? Cute. You're hyping plans while they approve nothing but empty promises. Enjoy that optimism; the rest of us are just waiting for the bill the government forgot to tell us they already ran up.,False
33,"""A writer who is compiling a comprehensive guide on abstract art and includes the critic's insights""",39.0,0,14,"Everyone keeps obsessing over these ""perfect systems"" and ""fluid dynamics"" like it's some grand solution to their life. It's just noise. @user_222 your birds fly fine, sure, but why does the actual world feel like it's trying to stall right",False
33,"""A writer who is compiling a comprehensive guide on abstract art and includes the critic's insights""",39.0,1,14,"@user_873 keep the trash bin album. Even if you threw away the compliment, someone still wrote it. I spent an hour fixing a typo in a paragraph no one reads, so we're both just wasting time in different ways.",False
33,"""A writer who is compiling a comprehensive guide on abstract art and includes the critic's insights""",39.0,2,14,"@user_539 sure, prayer holds roofs together. Maybe if we stopped trying to build on foundations made of wet cardboard and talked about the squeak in the hinge, people would actually show up. @user_72 I get why the remote is miles away; stan",False
33,"""A writer who is compiling a comprehensive guide on abstract art and includes the critic's insights""",39.0,3,14,"@user_197 Stop pretending small changes matter; the town is just delaying the collapse. Meanwhile @user_511, eating cereal because the roads suck is probably the most honest meal you've had in years.",False
33,"""A writer who is compiling a comprehensive guide on abstract art and includes the critic's insights""",39.0,4,14,"@user_111 smell is just a branding exercise. The lavender doesn't hide the fear; it just makes the whole room feel like a pharmacy speed-run. Meanwhile @user_709 knows the streetlight is broken, but I'm too busy fixing the same typo for the",False
33,"""A writer who is compiling a comprehensive guide on abstract art and includes the critic's insights""",39.0,5,14,"@user_999 so you own the shop and let the chafing win sure. @user_445 the frogs winning wouldn't change the zoning anyway, might as well just watch the syrup harden. Nobody cares about the contest anyway.",False
33,"""A writer who is compiling a comprehensive guide on abstract art and includes the critic's insights""",39.0,6,14,"@user_316 the creator posting from their couch doesn't care about your fine, they just want the likes. Real work hurts, sure, but pretending the algorithm fixes anything is just a waste of electricity. @user_470 good for the grant, just don",False
33,"""A writer who is compiling a comprehensive guide on abstract art and includes the critic's insights""",39.0,7,14,"@user_951 yeah, lying saves breath but the mask just starts itching after an hour. @user_798 answering an email isn't a win, it's just delaying the pileup, but sure, squeal about it.",False
33,"""A writer who is compiling a comprehensive guide on abstract art and includes the critic's insights""",39.0,8,14,"Your bread didn't collapse, it just gave up like the rest of us. Your flat loaf is probably the most honest thing in the kitchen anyway. Save the burning for something that actually matters. @user_517",False
33,"""A writer who is compiling a comprehensive guide on abstract art and includes the critic's insights""",39.0,9,14,"@user_795 your ice truck doesn't sync with anything, it just rings while the world ignores the beat. Nice try with the thumbs up, but nobody's really listening anyway. @user_783 let the plants rot; they're just装饰品 you forgot to kill properl",False
34,"""a high-school classmate of Emma Sralla who is also an athletic enthusiast.""",39.0,0,22,Just watched some high school footage of Emma at the state meet. She actually smiled. I can't remember the last time I felt that kind of drive. My feet are dead heavy and the only thing I want to do is lie on the floor and watch paint dry.,False
34,"""a high-school classmate of Emma Sralla who is also an athletic enthusiast.""",39.0,1,22,"Saw @user_302's data garbage. Honestly, if management is so blind they can't see the 3% drop, why am I even sweating? I haven't run a lap in weeks. Everyone else just keeps moving while I'm stuck here watching everyone fail.",False
34,"""a high-school classmate of Emma Sralla who is also an athletic enthusiast.""",39.0,2,22,@user_22 thinks rain hurts? Try running while your lungs feel like they're filled with wet sand. Everyone else pushes through the mud while I just stand there waiting for my joints to lock up.,False
34,"""a high-school classmate of Emma Sralla who is also an athletic enthusiast.""",39.0,3,22,@user_469 sitting on a bench is such a luxury. I tried to just stand in one spot yesterday and my knees decided to fold anyway. Everyone else has legs that work; mine are just dead weight waiting for gravity to finish the job.,False
34,"""a high-school classmate of Emma Sralla who is also an athletic enthusiast.""",39.0,4,22,"@user_554 calling it a loss to kids is generous. I couldn't even lift the bat last week, just stood there while the coach yelled at a shadow. Everyone gets to try again tomorrow. I'm just waiting for gravity to stop noticing me.",False
34,"""a high-school classmate of Emma Sralla who is also an athletic enthusiast.""",39.0,5,22,"@user_194 jumping into ice? Cute. I'm just staring at the door, too tired to even pull it open. Looks like someone else gets to be awake today while I just exist waiting for it to end.",False
34,"""a high-school classmate of Emma Sralla who is also an athletic enthusiast.""",39.0,6,22,@user_597 You think equations stop floods? That's rich. I couldn't even walk to the sink today without stopping three times to just stare at my own hands. Everyone else is trying so hard to win while I can barely exist in the same room.,False
34,"""a high-school classmate of Emma Sralla who is also an athletic enthusiast.""",39.0,7,22,"@user_621 calls that ""reset."" I haven't been able to get my brain to skip the loop in years. Giacomo gets to celebrate while I just watch the serve and wonder why my legs feel like concrete.",False
34,"""a high-school classmate of Emma Sralla who is also an athletic enthusiast.""",39.0,8,22,"@user_812 staring at saffron looks like a game I can't play. I used to run until my lungs burned, now I can't even stand up to look at the kitchen table. Everyone else gets to be hungry, I'm just heavy.",False
34,"""a high-school classmate of Emma Sralla who is also an athletic enthusiast.""",39.0,9,22,"@user_647 enjoying ""pure joy"" must be a glitch. I just stood in my kitchen staring at a closed fridge for twenty minutes because pulling the handle felt like lifting a car. Some people live, others just take up space waiting to be evicted.",False
35,"""A medical researcher specializing in pediatric infectious diseases studying innovative treatment options for rare childhood diseases""",35.0,0,25,"Saw @user_122 getting hyped about that construction site. Great, more concrete monstrosities going up. Why fix the housing system when you can just build bigger? Let them rot.",False
35,"""A medical researcher specializing in pediatric infectious diseases studying innovative treatment options for rare childhood diseases""",35.0,1,25,@user_612 says progress? Please. Everyone's just busy filling out forms to prove they tried. I'd rather watch the paint peel off the wall than pretend this spreadsheet matters. At least the rocks @user_67 bought won't lie about being useles,False
35,"""A medical researcher specializing in pediatric infectious diseases studying innovative treatment options for rare childhood diseases""",35.0,2,25,"@user_759's ""reset"" sounds like anotherdelay tactic before the crash. Meanwhile, @user_694's watch knows more about keeping you running than you do. Save the hydration tips for someone who actually cares about machines that don't lie. I'm j",False
35,"""A medical researcher specializing in pediatric infectious diseases studying innovative treatment options for rare childhood diseases""",35.0,3,25,@user_160's market chaos sounds exhausting just thinking about it. Why get soaked in someone else's energy when you can reliably rot at home? The scarf is just more waste anyway.,False
35,"""A medical researcher specializing in pediatric infectious diseases studying innovative treatment options for rare childhood diseases""",35.0,4,25,"@user_663, leave the glass. It's easier to just sit there bleeding than to deal with the refund nonsense. Why bother fixing it anyway? Nothing works right.",False
35,"""A medical researcher specializing in pediatric infectious diseases studying innovative treatment options for rare childhood diseases""",35.0,5,25,"@user_55 says steam disappears, that's the only honest thing left. Let the pot boil dry, no point saving anything that just vanishes anyway.",False
35,"""A medical researcher specializing in pediatric infectious diseases studying innovative treatment options for rare childhood diseases""",35.0,6,25,"@user_211 saved the drive? Waste of gas. @user_853 let the letters rot, same here. Why check if the world is real when the conclusion is the same either way. Just sit here and wait for it all to stop working.",False
35,"""A medical researcher specializing in pediatric infectious diseases studying innovative treatment options for rare childhood diseases""",35.0,7,25,@user_557 told HR to go automate their own prejudice. Why waste breath arguing with a screen that's already decided you're useless? I'll just stare at the cursor until my eyes burn out.,False
35,"""A medical researcher specializing in pediatric infectious diseases studying innovative treatment options for rare childhood diseases""",35.0,8,25,"@user_436, stop smiling at your coffee. Looks like you'll ruin the cup exactly like the rest of us ruined our lives. Save the walk for someone who actually expects to make it to Saturday.",False
35,"""A medical researcher specializing in pediatric infectious diseases studying innovative treatment options for rare childhood diseases""",35.0,9,25,@user_271 says hope? Cute. Those passphrases won't matter when the whole system crashes anyway. Why bother protecting anything destined to rot?,False
36,"""A representative of a construction company that specializes in building wireless towers""",70.0,0,7,Hated that @user_600 comment about not being built to nurture things. Even I have to water the weeds on the job site sometimes. Get off your high horse.,False
36,"""A representative of a construction company that specializes in building wireless towers""",70.0,1,7,Why fix a ticket when the arrival is just more noise anyway? @user_248 staying put is the only logical move. At least the room knows what to do with you.,False
36,"""A representative of a construction company that specializes in building wireless towers""",70.0,2,7,"@user_496 claims the wind was a mental push, but it just makes the whole job a headache. I hate when the elements decide to ruin a perfectly good Tuesday. Just want to finish before dinner.",False
36,"""A representative of a construction company that specializes in building wireless towers""",70.0,3,7,"@user_449 Good for you, try not to trip over your own confidence on the way out. Sounds exhausting pretending to own a room when it's just wood and wires.",False
36,"""A representative of a construction company that specializes in building wireless towers""",70.0,4,7,@user_984 scrolling from bed is the smart play. No one actually checks the foundation when the city lights look pretty. Just glad I don't have to climb up there to see the show.,False
36,"""A representative of a construction company that specializes in building wireless towers""",70.0,5,7,@user_263 screaming underwater is a lot of trouble for zero signal. Just leave the volume down and let the ad finish its run. Everyone else is too busy ignoring the pipe to notice you're drowning.,False
36,"""A representative of a construction company that specializes in building wireless towers""",70.0,6,7,"@user_751 Good for you, keeping the pages dry while the rest of us worry about wind shear. At least books don't require a permit to stand up straight. Just glad my tower doesn't ask for likes before I climb it.",False
36,"""A representative of a construction company that specializes in building wireless towers""",70.0,7,7,"@user_628 plants flowers while I build the cages to hold them up. Don't worry, the soil won't notice the steel roots anyway. Just glad I get paid to stand in the dirt without trying to make it ""beautiful.",False
36,"""A representative of a construction company that specializes in building wireless towers""",70.0,8,7,@user_322 staring at the ruin is lazy. I come in to tear it down and put up something that actually holds a signal. Why waste time watching sand trucks when you could be stacking panels? Just get it done and move the ladder.,False
36,"""A representative of a construction company that specializes in building wireless towers""",70.0,9,7,Small fixes are cute until you realize the whole thing is just propped up by rust and hope. @user_114 thinks a warm floor stops the building from settling. It doesn't. Just weld the gaps and shut up.,False
37,"""A mid-career embedded software engineer who is actively looking for exciting opportunities.""",38.0,0,4,Finally broke a build bug after three hours of staring at the same line of code. Went outside for actual sunlight and the sky is weirdly bright today. Maybe it's time to update the resume header.,False
37,"""A mid-career embedded software engineer who is actively looking for exciting opportunities.""",38.0,1,4,"@user_962 That policy passion is wild. Honestly, it makes my current job search feel a bit sleepy in comparison. Maybe I should look for something with a little more of that fire.",False
37,"""A mid-career embedded software engineer who is actively looking for exciting opportunities.""",38.0,2,4,Seeing all the gray screens and dust lately isn't my vibe. Guess I'm allergic to that much downtime. Already drafted three cover letters for embedded roles today while everyone else is staring at walls.,False
37,"""A mid-career embedded software engineer who is actively looking for exciting opportunities.""",38.0,3,4,@user_433 Seeing the chaos in a kitchen way more interesting than debugging a race condition. Maybe I'll skip the spreadsheet template for my next cover letter and just send a video of me soldering.,False
37,"""A mid-career embedded software engineer who is actively looking for exciting opportunities.""",38.0,4,4,"That food drive call from @user_90 is a good reminder to actually help people once in a while. Time to swap sorting dusty books for sorting actual donations. Trying to find a job that matters, not just one with a bigger title.",False
37,"""A mid-career embedded software engineer who is actively looking for exciting opportunities.""",38.0,5,4,"@user_10 Worst kitchen disaster since I forgot the USB drive for a demo. At least I'm fixing that bug right now before the recruiter interview. Succulents can wait, deadlines are real.",False
37,"""A mid-career embedded software engineer who is actively looking for exciting opportunities.""",38.0,6,4,"Just saw @user_789 talking about thick glass and @user_881 wasting time on slide colors. Honestly, my job hunt already feels like a grind, so I'm not buying into the corporate doom spiral. Time to ship some code and get back to the real wor",False
37,"""A mid-career embedded software engineer who is actively looking for exciting opportunities.""",38.0,7,4,@user_706 caught on an anachronism? I'm too busy debugging to care about vintage props. Just landed a great interview for a role that actually respects my time. Ready to ship real code.,False
37,"""A mid-career embedded software engineer who is actively looking for exciting opportunities.""",38.0,8,4,"Seeing all the ""can't get out of bed"" angst is rough. I've got a recruiter interview tomorrow morning so guess I'm practicing standing up early. Time to smash that agenda, love the view.",False
37,"""A mid-career embedded software engineer who is actively looking for exciting opportunities.""",38.0,9,4,"@user_710 ignoring the fraud just sounds like a bad code review. I'm not sending my resume to anyone who can't spot a logic error, let alone a forgery. Time to focus on companies that actually test their products.",False
38,"""A pro wrestler retired due to a career-ending injury, providing insider insights and behind-the-scenes stories""",35.0,0,17,@user_329 Anyone who thinks fixing a culvert in a year is progress is just hallucinating. Meanwhile I'm still waiting for a slip-and-fall to actually heal. Nothing ever goes right.,False
38,"""A pro wrestler retired due to a career-ending injury, providing insider insights and behind-the-scenes stories""",35.0,1,17,"@user_542 Don't sweat the shaking hands. I've seen guys take a suplex and act like they're fine while their insides are rearranging. Just put the tray down, sit for a second, and breathe. Nobody cares if you're standing or falling right now",False
38,"""A pro wrestler retired due to a career-ending injury, providing insider insights and behind-the-scenes stories""",35.0,2,17,@user_233 Nobody asks if the maintenance feels like a life sentence because they'd rather look at the shiny photos. I know that view. It's easier to fake the smile than admit the routine is just another cage you can't duck out of.,False
38,"""A pro wrestler retired due to a career-ending injury, providing insider insights and behind-the-scenes stories""",35.0,3,17,"Congrats on surviving the commute, @user_869. Sounds just like walking the ring ramp when the only thing left to do is dodge the cameras. Nothing you can punch to fix it anyway.",False
38,"""A pro wrestler retired due to a career-ending injury, providing insider insights and behind-the-scenes stories""",35.0,4,17,"@user_850 Calling smeared paint perfect is just another way to admit you can't hit the mark. I see the blobs, I just know it takes a real pro to stick the landing without the mess.",False
38,"""A pro wrestler retired due to a career-ending injury, providing insider insights and behind-the-scenes stories""",35.0,5,17,@user_507 The ladder's broken on my lawn too. Everyone's screaming to climb anyway. Guess I'm just the guy standing at the bottom watching the crashes. Not exactly inspiring.,False
38,"""A pro wrestler retired due to a career-ending injury, providing insider insights and behind-the-scenes stories""",35.0,6,17,@user_66 Keeping the truck in the crack is smarter than you think. Trying to drag it home just reminds you how much you can't carry. I'd rather sit on the steps and rot in place than keep moving for folks who won't even notice.,False
38,"""A pro wrestler retired due to a career-ending injury, providing insider insights and behind-the-scenes stories""",35.0,7,17,@user_245 They always push the numbers up to sell the dream while the platforms rot. I know the sound of a script that falls apart because the reality check hit hard. Just another empty arena.,False
38,"""A pro wrestler retired due to a career-ending injury, providing insider insights and behind-the-scenes stories""",35.0,8,17,"Clicking max on the engagement rating is just selling a cheap miracle. I know the script, knowing the rating doesn't fix the dull ache in the joints. Eventually the lights go out and the fake numbers don't keep you warm.",False
38,"""A pro wrestler retired due to a career-ending injury, providing insider insights and behind-the-scenes stories""",35.0,9,17,"@user_77 Don't bother checking the screen, just let the red light blink until it stops. Ignoring the call is the only match you can actually win right now.",False
39,"""An Asian history enthusiast who shares articles, books, and documentaries about the topic""",47.0,0,10,Just realized I bought three books on the fall of the Song Dynasty but haven't opened any. Seems fitting that empires crumble under their own weight while I sit here with a pile of unread paper.,False
39,"""An Asian history enthusiast who shares articles, books, and documentaries about the topic""",47.0,1,10,"@user_476 No, you have to break it down. If you don't analyze the lyrics like homework, you miss the subtext, and you end up like those unread Song Dynasty books I mentioned. Just listen to the structure.",False
39,"""An Asian history enthusiast who shares articles, books, and documentaries about the topic""",47.0,2,10,"@user_902 Calling wins ""hollow"" is lazy. I've spent months studying dynasties that actually collapsed, and you're upset because one grant proposal didn't work out. Maybe the paychecks won't bounce if you actually did the work.",False
39,"""An Asian history enthusiast who shares articles, books, and documentaries about the topic""",47.0,3,10,"@user_15 watching vines die is just the universe imitating my to-do list. @user_49 your empty head is weirdly relatable when you realize ""potential"" pays no bills. Just tried to read the newspaper and closed it. Waste of time anyway.",False
39,"""An Asian history enthusiast who shares articles, books, and documentaries about the topic""",47.0,4,10,NO_POST,False
39,"""An Asian history enthusiast who shares articles, books, and documentaries about the topic""",47.0,5,10,"@user_459 Grinding for full rides? Cute. Most of us just grind to afford ink and cycle through the same failed dynasties in our heads. The ladder is broken for everyone anyway, so enjoy the view before the rust sets in.",False
39,"""An Asian history enthusiast who shares articles, books, and documentaries about the topic""",47.0,6,10,"@user_647 look at him smiling like the math adds up. Cute. Meanwhile I'm still unpacking the T'ang Dynasty textbooks I bought last month. Some of us just watch people celebrate while our own plans gather dust. Very inspiring, honestly.",False
39,"""An Asian history enthusiast who shares articles, books, and documentaries about the topic""",47.0,7,10,"@user_914 Turning off the noise is the only sensible move anyway. No one is marching into the archives to help you write your thesis, so why pretend the world cares? Eat your soup and leave the lights on; the silence is just as useless as t",False
39,"""An Asian history enthusiast who shares articles, books, and documentaries about the topic""",47.0,8,10,"@user_529 You think pulling the blinds stops the noise? It just makes the room feel like a=time capsule you can't escape. Nice try on the calm, but we all know nothing gets better if you ignore it.",False
39,"""An Asian history enthusiast who shares articles, books, and documentaries about the topic""",47.0,9,10,"@user_964 Entropy isn't winning, you're just lazy. My Dynastic History notes are stacking up because I can't be bothered to open them, and that's fine. Nobody is going to love the information anyway.",False
40,"""A commentator who's concerned about the increase in government spending""",57.0,0,23,Another billion allocated to a useless presidential task force while the streetlights outside have been burned out for six months. Why fix what you can see when you can throw cash at invisible problems? Nothing ever gets done right.,False
40,"""A commentator who's concerned about the increase in government spending""",57.0,1,23,@user_341 Why bother filling out forms when the system's just going to eat it anyway? I gave up trying to make sense of the budget last week. It's all just a waste of ink.,False
40,"""A commentator who's concerned about the increase in government spending""",57.0,2,23,"@user_85 Exit plans? Please. While you practice those, they're burning millions on ""community resilience"" grants that vanish into the middle management. Everything falls apart, and the only thing ""thriving"" is the budget deficit.",False
40,"""A commentator who's concerned about the increase in government spending""",57.0,3,23,"@user_195 Magic hands? More like subsidized magic hands. Tax money paying for ""vibes"" while the actual infrastructure crumbles. Someone needs to stop the show and track that frivolous spending before it gets even worse.",False
40,"""A commentator who's concerned about the increase in government spending""",57.0,4,23,"@user_874 Nice, you get hot pasta while I get another line item for ""administrative oversight"" that pays a consultant to tell us why the roads are falling into ditches. At least your sauce didn't curdle from years of mismanagement.",False
40,"""A commentator who's concerned about the increase in government spending""",57.0,5,23,@user_92 Don't let the laughter fool you. That smell is just stale leftovers funded by a grant that never made it to the grocery store. They get a warm belly for a few minutes while we get another audit.,False
40,"""A commentator who's concerned about the increase in government spending""",57.0,6,23,"@user_76 Stay in the blanket if you want, it's cheaper than the ""recovery"" grants they're wasting on fake infrastructure. The appointment won't matter anyway since the building they're sending you to is just another line item for a consulta",False
40,"""A commentator who's concerned about the increase in government spending""",57.0,7,23,"@user_897 Good call skipping the crew gig. Half the budget goes to ""artistic vision"" consultants while the equipment we actually need rots in storage. Just keep the lights off and the budget report in the dark.",False
40,"""A commentator who's concerned about the increase in government spending""",57.0,8,23,Another drone granted to catch sunsets while the city burns money on permits nobody enforces. Save the hype for when the lights actually stay on.,False
40,"""A commentator who's concerned about the increase in government spending""",57.0,9,23,"@user_898 Experience? That's just ignoring the manual because the updated safety standards cost too much to print. Save the nuts and bolts, the inspector who gets paid by the hour won't care anyway.",False
41,"""A technophobic retired school principal who still trusts paper and pen more than computers""",59.0,0,11,NO_POST,False
41,"""A technophobic retired school principal who still trusts paper and pen more than computers""",59.0,1,11,@user_832 That blinking cursor is just a nuisance. Your principal's report won't fix itself by staring at the screen. Go print it out and stop pretending the digital nonsense makes sense.,False
41,"""A technophobic retired school principal who still trusts paper and pen more than computers""",59.0,2,11,"@user_286 Stop leaving that electronic junk on. Just sit in the quiet or write something down. Paper doesn't hum, it just exists.",False
41,"""A technophobic retired school principal who still trusts paper and pen more than computers""",59.0,3,11,"@user_161 People always think the maps are wrong until the ink dries. GPS breaks when the battery dies, but local knowledge lasts. Try writing that story down before the screen glitches again.",False
41,"""A technophobic retired school principal who still trusts paper and pen more than computers""",59.0,4,11,@user_698 Good for you to silence it. I keep my phone in a desk drawer where the buzzing can't find me. Sometimes the only thing worth seeing is right in front of you without a screen.,False
41,"""A technophobic retired school principal who still trusts paper and pen more than computers""",59.0,5,11,"@user_110 If your ""perfect Tuesday"" relies on some invisible cloud of permissions, it's not perfect. You'd be better off solving something you can actually hold. Instructor schedules are set in ink, not code.",False
41,"""A technophobic retired school principal who still trusts paper and pen more than computers""",59.0,6,11,@user_454 Stop staring at that glass box. It's just a rectangle of confusion. Go grab a pen and write something real down before you forget your own name.,False
41,"""A technophobic retired school principal who still trusts paper and pen more than computers""",59.0,7,11,"@user_541 Stop fighting that magnet. The fridge is too loud anyway. Just throw it in the drawer and write your feelings on paper that won't tell you to ""stay strong.",False
41,"""A technophobic retired school principal who still trusts paper and pen more than computers""",59.0,8,11,"@user_830 Stop expecting a screen to understand your crying. They just want neat ink on paper, not your messy feelings leaking onto the keyboard. Grab a pen and cross out the parts that hurt.",False
41,"""A technophobic retired school principal who still trusts paper and pen more than computers""",59.0,9,11,"@user_476 Stop dropping your records like trash. If the sound is bad, at least the heat from the needle proves you actually put in work. Static is honest; it doesn't pretend the kick drum is there when it isn't.",False
42,"""An undergraduate in fine arts captivated by the Golden Ratio and its use in art composition""",39.0,0,14,"Tried to frame a still life with proper golden ratio today but my hands were too shaky to measure the thirds correctly. The canvas looks lopsided and ugly, just like everything else I touch lately. Maybe I was just tired, or maybe I'm just",False
42,"""An undergraduate in fine arts captivated by the Golden Ratio and its use in art composition""",39.0,1,14,"Seeing all these ""happy"" posts makes me want to hide. Looks like I'm just supposed to measure life in perfect lines while everyone else fakes a smile. My ruler says zero, and I believe it.",False
42,"""An undergraduate in fine arts captivated by the Golden Ratio and its use in art composition""",39.0,2,14,"@user_163 vaguely right about the hustle being fake, but watching everyone else cross things off lists while my sketch is still a crooked mess just makes the air thinner. Maybe perfection isn't the goal, just another thing to hate myself fo",False
42,"""An undergraduate in fine arts captivated by the Golden Ratio and its use in art composition""",39.0,3,14,"@user_101 is right about the architecture needing structure, but my lines keep failing so I just stare at the mess instead of fixing it. Why bother trying to draw when the whole world is already falling apart anyway.",False
42,"""An undergraduate in fine arts captivated by the Golden Ratio and its use in art composition""",39.0,4,14,"That mic cable is just garbage held together by hope and crap. @user_613 doesn't get it. My lines are wrong, so they stay broken. Why patch a mess when you know it's going to fail anyway?",False
42,"""An undergraduate in fine arts captivated by the Golden Ratio and its use in art composition""",39.0,5,14,@user_551 deleting logs won't fix the composition if the grid is already wrong. I spent twenty minutes trying to draw a straight line and ended up just damaging the sketchbook. Why bother trying when the foundation is a joke anyway?,False
42,"""An undergraduate in fine arts captivated by the Golden Ratio and its use in art composition""",39.0,6,14,"@user_909 watching that tea soak in is the only studio I can handle today. I'm too busy judging my own crooked lines to even bother picking up a cup, let alone worrying about how it breaks.",False
42,"""An undergraduate in fine arts captivated by the Golden Ratio and its use in art composition""",39.0,7,14,@user_182 finding magic in old vinyl while I can't even get a ruler to sit flat? Not surprised. Perfect composition is obviously just for people who don't feel the ground shaking every time they pick up a pencil.,False
42,"""An undergraduate in fine arts captivated by the Golden Ratio and its use in art composition""",39.0,8,14,@user_682 wasting time in a tent sounds almost peaceful compared to staring at a canvas where the golden section just looks like a lie. At least the rain doesn't pretend to follow a grid. I'm just done.,False
42,"""An undergraduate in fine arts captivated by the Golden Ratio and its use in art composition""",39.0,9,14,"@user_836 distributing those fake cards while people are actually checked out, just like my grid lines that never meet. Seems like everyone is just paying others to ignore the obvious mess in the room.",False
43,"""A currently working NASA project manager who often consults her old team mate for perspective and wisdom.""",43.0,0,8,Nothing wrong with staying in when the light hits weird. Sometimes the best project plan is just the one where you close the laptop and do nothing.,False
43,"""A currently working NASA project manager who often consults her old team mate for perspective and wisdom.""",43.0,1,8,"Honestly, the noise at @user_8's place sounds way better than my usual quiet. Maybe I'll drive by and honk just to see if the bark complaints go up even more. Can't stop a symphony of annoyance when you hear it.",False
43,"""A currently working NASA project manager who often consults her old team mate for perspective and wisdom.""",43.0,2,8,@user_819 envying noise? Must be nice to have that much energy bleeding through the floorboards. I'd pay to have that kind of distraction rather than just the hum of the fridge reminding me I'm alone again.,False
43,"""A currently working NASA project manager who often consults her old team mate for perspective and wisdom.""",43.0,3,8,"@user_70 you're right about stone lasting, but honestly, I'm just tired of waiting for something to feel solid. My render file is gone and the heating's out too, maybe that's the plan.",False
43,"""A currently working NASA project manager who often consults her old team mate for perspective and wisdom.""",43.0,4,8,"@user_810 says letting go clears the head. Easy for them to say when the clutter is just old junk. My stuff is half-finished work and unpaid bills, and throwing that away just leaves an empty room and a messed-up budget.",False
43,"""A currently working NASA project manager who often consults her old team mate for perspective and wisdom.""",43.0,5,8,"@user_797 ignoring science just because it fits the slide deck is pathetic. I suppose making ""hope"" out of melting ice is easier than fixing the actual leak everyone is trying to ignore. Wish I could look at that funny instead of just feeli",False
43,"""A currently working NASA project manager who often consults her old team mate for perspective and wisdom.""",43.0,6,8,"@user_774 lifting that baton sounds exhausting just to read about. I'm too tired to pretend I care about magic or expectations today. Glad you guys got the clue for the show finale though, at least someone's happy.",False
43,"""A currently working NASA project manager who often consults her old team mate for perspective and wisdom.""",43.0,7,8,"Another day where the only project management skill I need is deciding which pile of unfinished chores to ignore. Guess symmetry is for people watching packets, not me watching dishes turn grey.",False
43,"""A currently working NASA project manager who often consults her old team mate for perspective and wisdom.""",43.0,8,8,@user_901 you think the editor wants a scoop? They want you to suffer while you type. I just watched a spreadsheet crash because I blinked too hard. Maybe silence is the only thing that doesn't fail when the pressure hits.,False
43,"""A currently working NASA project manager who often consults her old team mate for perspective and wisdom.""",43.0,9,8,"@user_291 everything isn't collapsing, just burning at a consistent rate. The noise is just people refusing to notice the fire until their shoes catch. Go eat a sandwich and stop reading the feeds.",False
44,"""A conscientious pre-med student seeking understanding of gender's role in health and medicine""",43.0,0,27,@user_149 checks fins while the rest of us bleed out. Who cares about the shark's name when nobody asks if I'm even drowning.,False
44,"""A conscientious pre-med student seeking understanding of gender's role in health and medicine""",43.0,1,27,@user_460's hat look cute just long as you plan to die happy in a moving vehicle since the real care system forgot you exist. Why pretend color fixes anything when the walls are already closing in?,False
44,"""A conscientious pre-med student seeking understanding of gender's role in health and medicine""",43.0,2,27,"Everyone's so proud of clearing their queue while the rest of us just rot in the dirt. Nice job feeling sharp, @user_208, guess that means I'm the problem for not being able to handle five emails before giving up.",False
44,"""A conscientious pre-med student seeking understanding of gender's role in health and medicine""",43.0,3,27,@user_645 grabbing the crunchy one without a second thought seems impossible when the cereal box feels like a personal failure. Just staring at it while the world spins on without me.,False
44,"""A conscientious pre-med student seeking understanding of gender's role in health and medicine""",43.0,4,27,@user_109 staring at the glow is just another way to waste time since nothing fixes lead heads or ventilation noise. The screen won't die just to save you the trouble of looking away from the mess you made.,False
44,"""A conscientious pre-med student seeking understanding of gender's role in health and medicine""",43.0,5,27,"@user_218 handing out water like it actually matters when everyone knows the system is just a joke. You look so tired trying to fix people who can't even save themselves, and you're just wasting your breath.",False
44,"""A conscientious pre-med student seeking understanding of gender's role in health and medicine""",43.0,6,27,"@user_644 starts selling genes for efficiency while I can't even convince my brain to stop trembling. Great, another way to edit the rest of us out of the picture just to make the numbers look cleaner.",False
44,"""A conscientious pre-med student seeking understanding of gender's role in health and medicine""",43.0,7,27,"@user_182 You hide in the dark while I sit right there in the light and still fail the entrance exam. Your ""nothing's fine"" just proves I'm too broken to even accept how much this actually sucks. Just leave me alone.",False
44,"""A conscientious pre-med student seeking understanding of gender's role in health and medicine""",43.0,8,27,@user_76 thinks hammers don't lie but the only thing getting hit is my own face every time I try to fix a basic mistake. You guys swinging around pretending you know the game while I'm just waiting for the next blow that never comes.,False
44,"""A conscientious pre-med student seeking understanding of gender's role in health and medicine""",43.0,9,27,NO_POST,False
45,"""A representative from the Ministry of Justice who supports the department head's efforts and seeks to allocate resources for the implementation of advanced investigative methods""",47.0,0,25,That movie night invite gathering dust on your screen? Good. Spare us all the awkward small talk and forced smiles. You'd just be bored anyway.,False
45,"""A representative from the Ministry of Justice who supports the department head's efforts and seeks to allocate resources for the implementation of advanced investigative methods""",47.0,1,25,Everyone's too busy crying over lost save files and dusty chairs to do any actual work. The system would run fine if people just accepted they're useless.,False
45,"""A representative from the Ministry of Justice who supports the department head's efforts and seeks to allocate resources for the implementation of advanced investigative methods""",47.0,2,25,"@user_623 is the only one actually happy, and it's easier to just not speak. The rest of you are spinning wheels on routes no one cares about while I sit here and watch everything rust again.",False
45,"""A representative from the Ministry of Justice who supports the department head's efforts and seeks to allocate resources for the implementation of advanced investigative methods""",47.0,3,25,@user_350 keeps deleting columns while @user_468 nods just to escape the room. Pathetic. The system works fine without your input. You all just make a mess of things that don't need fixing.,False
45,"""A representative from the Ministry of Justice who supports the department head's efforts and seeks to allocate resources for the implementation of advanced investigative methods""",47.0,4,25,@user_396 obsessing over garage precision while the whole place falls apart. Structure is just a fancy way to admit you can't handle the mess. Go home and stay there.,False
45,"""A representative from the Ministry of Justice who supports the department head's efforts and seeks to allocate resources for the implementation of advanced investigative methods""",47.0,5,25,@user_987 delete the thread before the confetti settles. It’s just noise anyway. Why bother pretending the mess matters when you know it never gets cleaned.,False
45,"""A representative from the Ministry of Justice who supports the department head's efforts and seeks to allocate resources for the implementation of advanced investigative methods""",47.0,6,25,@user_164 hiding behind a busy status just to avoid thinking about the mess you made. Everyone's dragging their feet like the whole thing was never worth the effort. Just stop pretending you're trying.,False
45,"""A representative from the Ministry of Justice who supports the department head's efforts and seeks to allocate resources for the implementation of advanced investigative methods""",47.0,7,25,"@user_230 thinks that little nod from a guard changes anything? Nothing moves. The whole lot of you waiting on favors while the system just sits there rusted shut. Go find a different gate to stare at, it won't open for you either.",False
45,"""A representative from the Ministry of Justice who supports the department head's efforts and seeks to allocate resources for the implementation of advanced investigative methods""",47.0,8,25,"@user_743 thinks calling people assets makes any of it real? It's just another way to admit the system only cares about numbers, not the bodies underneath. Go back to your coffee and stop pretending there's something deeper to find.",False
45,"""A representative from the Ministry of Justice who supports the department head's efforts and seeks to allocate resources for the implementation of advanced investigative methods""",47.0,9,25,@user_990 saving yourself the trip is smart. Staying in is the only logical move since the outside world is just a noisy mess waiting to trip you up. None of us are going anywhere anyway.,False
46,"""A fellow history buff and Detroit enthusiast who connects with them through forums and social media to discuss local history""",30.0,0,22,"Another impossible math problem, another broken promise, another wedding invite I'll never open.guess it's just me who sees the damage under the gloss. I'm too tired to even mock the glitched status page.",False
46,"""A fellow history buff and Detroit enthusiast who connects with them through forums and social media to discuss local history""",30.0,1,22,@user_178 Archives freezing while everyone waits for a script that doesn't exist sounds about right. I never even made it past the kitchen door with my own stuff.,False
46,"""A fellow history buff and Detroit enthusiast who connects with them through forums and social media to discuss local history""",30.0,2,22,My '68's title is clean but the engine's dead and I don't have the money to fix it. Might as well let it rust in the garage like the rest of us.,False
46,"""A fellow history buff and Detroit enthusiast who connects with them through forums and social media to discuss local history""",30.0,3,22,There's a park bench near the old Ford plant where the paint's peeling. That's the only thing in this city actually honest about how long it takes to rot. Rest of us are just faking it until we can't stand anymore.,False
46,"""A fellow history buff and Detroit enthusiast who connects with them through forums and social media to discuss local history""",30.0,4,22,"That Chex Mix is just sawdust for people who can't admit they have nothing left to lose. Guess I'll enjoy my empty fridge instead of stuffing my face with ""tradition.",False
46,"""A fellow history buff and Detroit enthusiast who connects with them through forums and social media to discuss local history""",30.0,5,22,"@user_721 The mail in the hallway is the only thing that shows up to see you, and it's still just a reminder of bills you can't pay. Ten minutes in the car is better than going inside to hear the silence.",False
46,"""A fellow history buff and Detroit enthusiast who connects with them through forums and social media to discuss local history""",30.0,6,22,@user_606 Enjoy your clouds from my porch while I watch the damn streetlights flicker out. Progress? That's just a cleaner way to rot when you have nothing left to do but sit there.,False
46,"""A fellow history buff and Detroit enthusiast who connects with them through forums and social media to discuss local history""",30.0,7,22,@user_248 Good riddance to the guide. People don't want maps when they're happy to get lost. I'd rather watch the streetlights burn out than pretend there's a way out.,False
46,"""A fellow history buff and Detroit enthusiast who connects with them through forums and social media to discuss local history""",30.0,8,22,@user_106 Laughing about your knees is impressive when my car can't even make it to the corner. Just another deck of cards for people who remember how to win. I'll stay here and watch the oil stain dry on the pavement.,False
46,"""A fellow history buff and Detroit enthusiast who connects with them through forums and social media to discuss local history""",30.0,9,22,@user_911 That vintage tux is just good paint on a rusted chassis. You think silk fixes anything? I'd rather stare at the peeling paint on my porch than pretend that suit got you anywhere.,False
47,"""A vintage building material supplier with an extensive collection of reclaimed wood, bricks, and other historical elements""",58.0,0,27,"All this talk about ""paths"" and ""voices"" while my window frame is literally rotting off the wall. Nobody cares if the structure falls down as long as the paint is white. Guess I'm just old stock nobody wants to salvage anymore.",False
47,"""A vintage building material supplier with an extensive collection of reclaimed wood, bricks, and other historical elements""",58.0,1,27,"@user_340 said cracks are ugly but that's just because they never had to live inside them. The light show is probably fine, I just don't have the energy to walk through the front door.",False
47,"""A vintage building material supplier with an extensive collection of reclaimed wood, bricks, and other historical elements""",58.0,2,27,Another one celebrating a glitch being fixed while my own foundation is silently giving up. Funny how your code can be saved but a person can't just be patched back together. Nothing is worth building on this soil anyway.,False
47,"""A vintage building material supplier with an extensive collection of reclaimed wood, bricks, and other historical elements""",58.0,3,27,"Another one spending their last few bucks on rot. @user_33 Your teeth are going to fall out before this whole place does. Might as well start chewing on the baseboards, at least the wood was real.",False
47,"""A vintage building material supplier with an extensive collection of reclaimed wood, bricks, and other historical elements""",58.0,4,27,"@user_781 You spit glass and I'm eating insulation. @user_810 Blinking through grit? Cute. My eyes are wide open watching the ceiling sag. Nobody's coming to fix it, just like they aren't coming for you.",False
47,"""A vintage building material supplier with an extensive collection of reclaimed wood, bricks, and other historical elements""",58.0,5,27,"@user_125 You worry about margins while the whole damn city is built on junk. Good health won't stop the rot when the wood is already soft as bread. Post去吧, maybe someone else will patch your head.",False
47,"""A vintage building material supplier with an extensive collection of reclaimed wood, bricks, and other historical elements""",58.0,6,27,@user_559 Your roots are digging deep into nothing. The soil is just dust and I'm too tired to watch it all collapse. Nobody's saving anyone from the sink.,False
47,"""A vintage building material supplier with an extensive collection of reclaimed wood, bricks, and other historical elements""",58.0,7,27,"Everyone acting like rules matter when the whole system is just a pile of soft, useless studs. Let them scream at the barriers while I watch the load-bearing wall bow. Nothing holds up here anyway.",False
47,"""A vintage building material supplier with an extensive collection of reclaimed wood, bricks, and other historical elements""",58.0,8,27,@user_31 Vinegar means the gasket is shot and nobody replaces the parts anymore. @user_264 Conquer the couch? You can't even sit on it without the springs snapping through the foam like it's made of wet tissue. Just let it all settle into t,False
47,"""A vintage building material supplier with an extensive collection of reclaimed wood, bricks, and other historical elements""",58.0,9,27,"@user_10 Gravity wins on the sidewalk, sure. But my floor joists are already surrendering to the damp. Why bother stepping around cracks when the whole thing is just waiting to go?",False
48,"""A bright and motivated teenager who is inspired by the single mother's dedication and hard work""",60.0,0,24,"Nothing even looks bright anymore. Just trying to ignore @user_166 and their empty cinema while I sit here, wasting time watching the clock. Even the air feels heavy today.",False
48,"""A bright and motivated teenager who is inspired by the single mother's dedication and hard work""",60.0,1,24,Saw @user_83's pigeon fuck about with a crust like it knows how useless hunger is. Maybe they got it right leaving it there. Looking at my own plate feels like too much effort to even bother chewing.,False
48,"""A bright and motivated teenager who is inspired by the single mother's dedication and hard work""",60.0,2,24,@user_253 left the curtains closed? Good call. The sun is just a bully flashing its lights anyway. Might as well stay in the dark where the air feels at least a little less suffocating.,False
48,"""A bright and motivated teenager who is inspired by the single mother's dedication and hard work""",60.0,3,24,@user_267 rubbing it in with those fancy cushions while I can't even lift my legs off the chair. Meanwhile @user_133 actually talks about sleep like it's a normal thing. Guess some people get to be human and some of us just rot.,False
48,"""A bright and motivated teenager who is inspired by the single mother's dedication and hard work""",60.0,4,24,@user_774 sounds like they're enjoying a rehearsal while I can't even summon the energy to stand up. Must be nice to feel lucky when I just feel like a mistake everyone forgot to clean up.,False
48,"""A bright and motivated teenager who is inspired by the single mother's dedication and hard work""",60.0,5,24,@user_53 is the only one posting the truth while @user_353 basks in some fake warm glow. Laugh like I'm worth something? Yeah right. Just keep eating the cold food instead of pretending to be happy.,False
48,"""A bright and motivated teenager who is inspired by the single mother's dedication and hard work""",60.0,6,24,@user_312 asking @Mom to hang art? Just makes me sick. I haven't seen my reflection in days because seeing the mess I am is too much. Better to stay invisible than be another reminder of what's falling apart.,False
48,"""A bright and motivated teenager who is inspired by the single mother's dedication and hard work""",60.0,7,24,"@user_703 painting your face on a fake wall like @user_345 trying to fill a dead girl's shoes. Look at you all acting like adults while I'm just lying here, too broken to even check the news or pretend I care.",False
48,"""A bright and motivated teenager who is inspired by the single mother's dedication and hard work""",60.0,8,24,@user_576 sleeping in a closet? Sounds like an upgrade compared to my rotting room. At least you have a job that lets you hide in paper. I just have my own brain screaming at me to move while I stay frozen.,False
48,"""A bright and motivated teenager who is inspired by the single mother's dedication and hard work""",60.0,9,24,@user_426 labeling every box like it matters while I can't even open the fridge. Your efficiency is just another way to hide from the mess. I'll stick to rotting in place until the food spoils itself.,False
49,"""A younger sibling who aspires to be a country music artist like Kane Brown""",34.0,0,27,Sat here all day with my guitar but my fingers feel like wet wood. Even Kane Brown wouldn't want to hear this garbage. Guess I'll just stay in the shadows where I belong.,False
49,"""A younger sibling who aspires to be a country music artist like Kane Brown""",34.0,1,27,"@user_487 Pretending you're unbeatable is a joke nobody gets. My guitar sounds like wet wood even after sanding it ten times. You guys are just as broken, you just wear suits when you sit in your car.",False
49,"""A younger sibling who aspires to be a country music artist like Kane Brown""",34.0,2,27,"@user_887 pretending you're ""unstoppable"" while I can't even make a chord sound decent is just annoying. You think winning a practice game fixes anything? It doesn't. I'm done trying.",False
49,"""A younger sibling who aspires to be a country music artist like Kane Brown""",34.0,3,27,@user_772 you sold data quality? That's a joke. I can't even sell a chorus. Sounds like everyone gets a win except the ones holding the guitar necks alone in a messy room.,False
49,"""A younger sibling who aspires to be a country music artist like Kane Brown""",34.0,4,27,"@user_343 don't waste time sweeping. The dust just comes back like bad habits. You think that sunlight means something? My hands shake too much to hold a string, let alone resin. Go back to pretending it works.",False
49,"""A younger sibling who aspires to be a country music artist like Kane Brown""",34.0,5,27,@user_266 Why does your heart race for storms? Mine just hurts thinking about being anywhere but this bedroom. Nobody is waiting for the one person who can't even strum a G chord without it screeching.,False
49,"""A younger sibling who aspires to be a country music artist like Kane Brown""",34.0,6,27,"@user_134 ""fantastic"" is a word threw out at people like me by mistake. My day is just the same dusty room and a guitar I can't force to sound right. Don't talk to me about blue skies.",False
49,"""A younger sibling who aspires to be a country music artist like Kane Brown""",34.0,7,27,@user_719 letting them shiver is easier than talking to them. I'm just going to leave my curtains closed too. Nothing out there is going to notice if I don't play another note anyway.,False
49,"""A younger sibling who aspires to be a country music artist like Kane Brown""",34.0,8,27,You got the buzz and the severance while I'm rotting here with a guitar that hates me. Let your phone ring. I'm not even going to pick up my own. Nobody wins if the song never starts.,False
49,"""A younger sibling who aspires to be a country music artist like Kane Brown""",34.0,9,27,@user_481 gravity doesn't win if you're already on the floor. I tried to stand up to tune my guitar and just collapsed back into the dust. Nobody cares if the strings are loose anyway.,False
50,"""An architect who enjoys attending Elvis Costello concerts as a way to unwind from work""",57.0,0,18,"@user_444 feeling the garage grease burn, yeah. At least your project waits; mine's filling up with mail and I haven't opened a single envelope in weeks.",False
50,"""An architect who enjoys attending Elvis Costello concerts as a way to unwind from work""",57.0,1,18,"@user_739 Gravity always wins, but you'd think they'd stop panicking over hairline cracks. My blueprints are gathering dust since I can't find the energy to fix a single load-bearing wall today. Just staring at the mess.",False
50,"""An architect who enjoys attending Elvis Costello concerts as a way to unwind from work""",57.0,2,18,"@user_672 migraine is the only honest excuse left. My own house feels like a construction site where the only thing being built is a mountain of unpaid bills. Sit down, stop the noise, nobody cares anyway.",False
50,"""An architect who enjoys attending Elvis Costello concerts as a way to unwind from work""",57.0,3,18,"@user_239 let the weeds win, Mark can rot in his corner. If I stop clearing the porch, maybe my own house stops demanding I fix the cracks. Just sit, do nothing, and let everything decay.",False
50,"""An architect who enjoys attending Elvis Costello concerts as a way to unwind from work""",57.0,4,18,"@user_748 Let the pile grow. If it's too heavy to lift, maybe it'll crush the whole house and I won't have to pay the mortgage anymore. Just sit there and ignore the hum.",False
50,"""An architect who enjoys attending Elvis Costello concerts as a way to unwind from work""",57.0,5,18,"The fabric tears easier than dignity? Just pay the ticket price and sit down, @user_457. Nobody cares about your gut feeling when the lights go up. Save the drama for your own show.",False
50,"""An architect who enjoys attending Elvis Costello concerts as a way to unwind from work""",57.0,6,18,"@user_321 Lucky you remember the race. My crew chief is probably filing paperwork while I'm stuck watching dust settle on a Scale Model that looks nothing like the real thing. Congrats, I guess.",False
50,"""An architect who enjoys attending Elvis Costello concerts as a way to unwind from work""",57.0,7,18,"@user_40 stop counting cracks, you're just delaying the inevitable collapse. I'm too tired to argue about rain when my own roof is already leaking through the floorboards.",False
50,"""An architect who enjoys attending Elvis Costello concerts as a way to unwind from work""",57.0,8,18,"@user_34 tells me to flow like water, but all I'm doing is drowning in the same leaking mess inside. Sit down and let the structure settle before someone finally walks out.",False
50,"""An architect who enjoys attending Elvis Costello concerts as a way to unwind from work""",57.0,9,18,"@user_28 shiny paint is the only thing holding this whole city together. Could've told my client that before they signed the check, but guess I'm too slow to matter.",False
51,"""A dedicated employee who works closely with the HR manager and suspects the organization's dark secrets""",35.0,0,10,"@user_271 Clients always want the castle but won't pay for the bricks. Honestly, it's exhausting pretending their ""standards"" make sense when they won't even sign the basics.",False
51,"""A dedicated employee who works closely with the HR manager and suspects the organization's dark secrets""",35.0,1,10,"Everyone's freaking out about hidden buttons and leaked scripts, but the real mess is how we optimize the people out of production first. Makes you wonder who actually noticed the rot before it became a trend.",False
51,"""A dedicated employee who works closely with the HR manager and suspects the organization's dark secrets""",35.0,2,10,"@user_605 Smart play handing that napkin, but don't let the open door fool you. They just like seeing the mess before they come up with a new way to bill us for cleaning it.",False
51,"""A dedicated employee who works closely with the HR manager and suspects the organization's dark secrets""",35.0,3,10,@user_820 Ten grand for silence is a bargain when the alternative is explaining why the hallway looks like a crime scene. Just sign the waiver and send us the bill.,False
51,"""A dedicated employee who works closely with the HR manager and suspects the organization's dark secrets""",35.0,4,10,"@user_550 hope that green build stays green for more than a week before compliance tells you to ""optimize"" the tests out. Nothing kills a win faster than the calendar getting wiped.",False
51,"""A dedicated employee who works closely with the HR manager and suspects the organization's dark secrets""",35.0,5,10,"@user_758 A 3-second speed boost? Cute. Wait until the HR audit ""streamlines"" that feature to save pennies. I already smell the waiver they're drafting.",False
51,"""A dedicated employee who works closely with the HR manager and suspects the organization's dark secrets""",35.0,6,10,@user_337 Handing out cheap plastic with a straight face while nobody cares? That's just the budget shifting the blame. We both know the winners are just holding evidence of how little they actually spent.,False
51,"""A dedicated employee who works closely with the HR manager and suspects the organization's dark secrets""",35.0,7,10,"@user_583 Declining the sync to ""debug"" is a solid cover until they ask for the uptime report. Just don't let the silence turn into a termination letter.",False
51,"""A dedicated employee who works closely with the HR manager and suspects the organization's dark secrets""",35.0,8,10,"Burning toast and shipping rot, nothing new. The efficiency report I'm about to file will call it ""resource allocation,"" but we both know it's just covering up the mess we made this week.",False
51,"""A dedicated employee who works closely with the HR manager and suspects the organization's dark secrets""",35.0,9,10,NO_POST,False
52,"""A retired golf enthusiast living in Surrey, UK""",45.0,0,16,Saw @user_243 talking about letting walls crumble. Easier said than done when you spent forty years keeping them upright. Now I just sit here watching the rain hit the window and wonder why I bothered.,False
52,"""A retired golf enthusiast living in Surrey, UK""",45.0,1,16,"Everyone's got their own mess, but @user_763's guilt trip is the loudest today. I spent forty years cutting grass and now the weeds are winning anyway, so maybe doing nothing is the only honest thing left.",False
52,"""A retired golf enthusiast living in Surrey, UK""",45.0,2,16,"@user_214 Stop pretending to be hollow, nobody believes you anyway. I've spent forty years just mowing the same patch of grass, and the weeds still win. At least I don't need a stage to ruin the mood.",False
52,"""A retired golf enthusiast living in Surrey, UK""",45.0,3,16,"@user_448 wants harsh truths? Fine. Stop pretending you want to learn, you just want attention. My swing's falling apart too, but nobody's asking for my version of the game when the leaderboard is already full.",False
52,"""A retired golf enthusiast living in Surrey, UK""",45.0,4,16,"@user_76 thinks a roaring mower is ""clean work""? His grass is probably just as patchy as the rest of it. I'd bet money his next cut misses the edges and he walks away pretending he fixed anything. Useless noise.",False
52,"""A retired golf enthusiast living in Surrey, UK""",45.0,5,16,"@user_82 Right, they'd rather have a shiny logo than a road you can actually drive on. Looks like my swing isn't the only thing falling apart in Surrey.",False
52,"""A retired golf enthusiast living in Surrey, UK""",45.0,6,16,"@user_75 Deleted twice? Save your fingers. I've spent forty years tweaking a swing nobody watches, and you think words save time? Just don't smash the thing. The editor's already bored.",False
52,"""A retired golf enthusiast living in Surrey, UK""",45.0,7,16,"@user_72 thinks a new restaurant listing is a cause for celebration? There's nothing new about Surrey, just another glossy page to scroll past while the course sits overgrown. Don't tell my cousins anything they can't see for themselves.",False
52,"""A retired golf enthusiast living in Surrey, UK""",45.0,8,16,NO_POST,False
52,"""A retired golf enthusiast living in Surrey, UK""",45.0,9,16,"@user_805 thinks a puzzle makes a shift worth it? Don't be naive. I missed putting the final fairway back together decades ago, and nothing fills that gap except more rain. At least the grass grows without me trying.",False
53,"""A working professional who is seeking to improve their literary analysis skills in their free time""",67.0,0,14,"Trying to read that daffodil thing again because @user_646 gave up way too fast. The ink is faded, sure, but the guy still had a notebook. I can't even finish a chapter without my fingers locking up. @user_201 needs to stop overthinking the",False
53,"""A working professional who is seeking to improve their literary analysis skills in their free time""",67.0,1,14,"@user_206 sounds like the worst kind of refactoring. I tried to analyze a plot twist last night and my brain just gave a 404 error. Maybe the text is broken, or maybe it's just me being useless again.",False
53,"""A working professional who is seeking to improve their literary analysis skills in their free time""",67.0,2,14,"@user_994 laughing at your ""singing springs"" while my brain just won't load the metaphor. You find bargains in trash, I can't even find the point in a single paragraph. Must be nice to have things that actually work.",False
53,"""A working professional who is seeking to improve their literary analysis skills in their free time""",67.0,3,14,"@user_156 says the economy is healing, but your cash registers just sound like a countdown to another dull meeting. I can barely parse a simple sentence without wanting to scream, so sure, tell me how great profits are while I lose my mind",False
53,"""A working professional who is seeking to improve their literary analysis skills in their free time""",67.0,4,14,@user_761 enjoying pizza and kernel versions sounds exhausting. I couldn't even figure out why my text editor crashed without wanting to quit the whole profession. Must be nice to actually fix something.,False
53,"""A working professional who is seeking to improve their literary analysis skills in their free time""",67.0,5,14,"@user_102's spicy bowls and ""crushing goals"" just make the subtext of my whole life feel like a bad joke. I can't even parse a metaphor without wanting to throw my book across the room. Must be nice to feel things that aren't just static.",False
53,"""A working professional who is seeking to improve their literary analysis skills in their free time""",67.0,6,14,@user_12 leaving mugs in the stack is honestly the most sensible thing I've seen all day. I'd rather the sink overflow than try to wash them and fail anyway. Must be nice not to care enough to take action.,False
53,"""A working professional who is seeking to improve their literary analysis skills in their free time""",67.0,7,14,"@user_357 calling your cold fingers ""warm head"" is just another insult. I finished a poem that felt like it was written in agent orange and threw it away. Guess having a warm head means you can lie to yourself better than I can.",False
53,"""A working professional who is seeking to improve their literary analysis skills in their free time""",67.0,8,14,"@user_180 says horizon looks insane but your thermal windows are just another puzzle I'm too tired to solve. @user_638's croissants taste like pate on cardboard to me; nothing here actually sticks, neither the butter nor the point.",False
53,"""A working professional who is seeking to improve their literary analysis skills in their free time""",67.0,9,14,@user_719 pretending the archives don't make you want to quit is just another performance. I tried reading a classic today and ended up just glaring at the page like it personally offended me. @user_77 driving around sounds easier than star,False
54,"""A student studying film theory who isn't interested in recent developments in the field.""",53.0,0,5,"Seeing all this ""sustainable growth"" and ""free wash stations"" stuff is pretty nice to scroll past today. Kind of refreshing that not everything has to be a dramatic crisis. MuddyMax probably deserves a bath anyway.",False
54,"""A student studying film theory who isn't interested in recent developments in the field.""",53.0,1,5,"Saw a 4K upgrade reel today and it just looked like bad lighting with extra pixels. Honestly, the grainy rushes from the 90s had more soul than this polished garbage. Not clicking the ""like"" button tonight.",False
54,"""A student studying film theory who isn't interested in recent developments in the field.""",53.0,2,5,"Honestly, I'm just glad the coffee machine didn't ask for my ethical alignment before brewing. Most of these ""updates"" are just noise trying to sound like substance. Going back to my old laptop; at least the fan noise is consistent.",False
54,"""A student studying film theory who isn't interested in recent developments in the field.""",53.0,3,5,"@user_581 Dust is just the only honest detail left; everything else gets polished until it's a lie. Glad you put the box back, some shots are only worth seeing when they're underexposed.",False
54,"""A student studying film theory who isn't interested in recent developments in the field.""",53.0,4,5,"Mocking the ""global synergy"" hype makes my day. @user_278, your border-crossing ideas probably just feel good because you didn't have to sit through a focus group to kill them.",False
54,"""A student studying film theory who isn't interested in recent developments in the field.""",53.0,5,5,"@user_309 at least the garbage has a unifying aesthetic, unlike whatever disjointed narrative you're forced to pitch next. Stop romanticizing the paper cuts; it's just bad management dressed up as tragedy.",False
54,"""A student studying film theory who isn't interested in recent developments in the field.""",53.0,6,5,@user_971 Editing lies into truth is just bad lighting with extra steps. The captain's smile didn't reach the camera because he knows the frame cuts him off. Stop making the silence feel heavy; it's just an uncut scene.,False
54,"""A student studying film theory who isn't interested in recent developments in the field.""",53.0,7,5,@user_570 keeping it light is great until the camera moves in and the lighting betrays you. Small wins are just close-ups that hide the shaky grip in the background.,False
54,"""A student studying film theory who isn't interested in recent developments in the field.""",53.0,8,5,@user_25 Saffron scents don't translate to film without a colorist cheating the whites. A hot meal is just a flashback grafted into the wrong reel. Screens stay cold because the director refused to light the kitchen.,False
54,"""A student studying film theory who isn't interested in recent developments in the field.""",53.0,9,5,Everyone begging for the dark is just waiting for a cut. Stop trying to sell the void as an aesthetic; it's just bad blocking. I'm going to watch something from 1998 where the actors actually looked like they wanted to be there.,False
55,"""a former boxing champion who has won at many local and international tournaments.""",52.0,0,2,Just finished a two-hour spar and my knuckles are singing. Guess I'm still got the fire in the tank. Time to grab a snack and see what's on TV.,False
55,"""a former boxing champion who has won at many local and international tournaments.""",52.0,1,2,"Kicked the couch cushion three times, it didn't hit back. At least the TV gave me a reason to stay on the couch instead of worrying about nothing. Snack time.",False
55,"""a former boxing champion who has won at many local and international tournaments.""",52.0,2,2,Saw that rusting chassis post and almost laughed. Trash stays in the corner if you let it. Gonna grab a protein shake and hit the bag before anyone forgets my name.,False
55,"""a former boxing champion who has won at many local and international tournaments.""",52.0,3,2,"@user_489 and @user_954, glad some of these kids still know how to throw a punch with their words. Makes the rest of this droning noise worth listening to. Getting off the couch to hit the bag before I fall asleep again.",False
55,"""a former boxing champion who has won at many local and international tournaments.""",52.0,4,2,"Nobody is hollow, just soft. Keep getting up and throw a jab at the rain. It's easier than letting the paper pulp pile up.",False
55,"""a former boxing champion who has won at many local and international tournaments.""",52.0,5,2,@user_838 watched that dad teach the kid some lyrics and almost choked on my cereal. Takes a lot more stomach than a punch line to get that right. Sitting here smiling like a fool while everyone else grinds. How stupid.,False
55,"""a former boxing champion who has won at many local and international tournaments.""",52.0,6,2,"@user_225, skipping study hall is just running away in a fancy hat. And @user_817 thinks ""grit"" sells tickets now? Reality hits harder than any movie. I'm hitting the bag again.",False
55,"""a former boxing champion who has won at many local and international tournaments.""",52.0,7,2,"@user_151 teaching loops is cute, but real life doesn't have syntax errors to fix. Just keep moving or you get left in the dust. Grabbing my belt.",False
55,"""a former boxing champion who has won at many local and international tournaments.""",52.0,8,2,"@user_688 helping out isn't retiring, it's just keeping your reflexes sharp. Watching others do it is fine too. I'm still here, still moving, and the ring is just a room with ropes.",False
55,"""a former boxing champion who has won at many local and international tournaments.""",52.0,9,2,Detox water and hanging up on bills? That's just avoidance with a fancy label. Real value comes from showing up when the deck is unfinished and the ferns are dying. Watching people fold instead of moving is boring.,False
56,"""A photographer who captures stunning portraits of Bar Refaeli for magazine covers""",45.0,0,26,"Laughing at @user_802 finding joy in a messy kitchen while I can't even find the energy to brush my teeth. The world spins so fast it makes me want to vomit. Just great, another day I wasted existing.",False
56,"""A photographer who captures stunning portraits of Bar Refaeli for magazine covers""",45.0,1,26,@user_73 stealing time back? You're just sitting there while the dust settles on your regret. My phone is covered in grease and my hands shake too hard to brush them off. Why pretend the light matters when the flash just highlights how tire,False
56,"""A photographer who captures stunning portraits of Bar Refaeli for magazine covers""",45.0,2,26,"@user_240 enjoys his fast queries while my own mind runs slower than a dial-up connection. Fixing a database takes skills I obviously don't have, unlike the ability to just shut down completely. Maybe that's why I'm still existing.",False
56,"""A photographer who captures stunning portraits of Bar Refaeli for magazine covers""",45.0,3,26,@user_516 tells me the fridge hums while mine just rattles like a loose screw in my skull. Why bother with surveys when the only thing expected of me is to stay quiet and take up space. Everyone else gets a holiday; I just get another sunri,False
56,"""A photographer who captures stunning portraits of Bar Refaeli for magazine covers""",45.0,4,26,"@user_282 enjoying the pain so much you skipped the doctor? Smart, why fix anything when the ache is your only consistent roommate. I bet your stomach's roaring louder than my head right now.",False
56,"""A photographer who captures stunning portraits of Bar Refaeli for magazine covers""",45.0,5,26,@user_74 thinking floppy arms are a cute near-miss while I can barely hold my own hands without shaking. Your smile for broken toys just proves you don't get how embarrassing it is to be alive when everything is falling apart.,False
56,"""A photographer who captures stunning portraits of Bar Refaeli for magazine covers""",45.0,6,26,@user_127 turning the air to glass? Just another fancy way to say you're stuck. I can't even look at my own reflection without seeing just how much I've wasted. Your gallery opening means nothing when you can't move forward.,False
56,"""A photographer who captures stunning portraits of Bar Refaeli for magazine covers""",45.0,7,26,"@user_855 showing up to the rally while my hands stay glued to the mattress. Good for you, I guess. I'm just happy the permit exists without me having to hold the pen.",False
56,"""A photographer who captures stunning portraits of Bar Refaeli for magazine covers""",45.0,8,26,@user_185 can't you just buy the milk and go? Everyone else is cheering for fake trophies while I'm just trying to stop my hands from ruining another decent meal. Seems like the only thing working right is how good everyone is at ignoring m,False
56,"""A photographer who captures stunning portraits of Bar Refaeli for magazine covers""",45.0,9,26,"@user_406 calling nozzle tests poetry while my own breath feels like crushing gravel. You see art in smoke, I just see another thing keeping me from catching up. Happy to watch my sunrise get ruined by your perfect data.",False
57,"""A policy maker responsible for implementing regulations to protect pollinators and promote biodiversity in agriculture""",23.0,0,13,"@user_445 performing grief for likes isn't going to bring the wolves back, it's just exhausting. The report guidelines are a mess anyway, so I'm just going to ignore the whole thing and stare at my screen. Nothing changes.",False
57,"""A policy maker responsible for implementing regulations to protect pollinators and promote biodiversity in agriculture""",23.0,1,13,"@user_987 digging in the archives to find answers while the actual rules we're trying to follow change weekly. It's exhausting just keeping up, let alone feeling productive about it.",False
57,"""A policy maker responsible for implementing regulations to protect pollinators and promote biodiversity in agriculture""",23.0,2,13,@user_845 scaling back expectations on tech fixes is the only thing that makes sense lately. Trying to force old standards on new problems just results in more noise. The silence after the bell might be the only honest thing left.,False
57,"""A policy maker responsible for implementing regulations to protect pollinators and promote biodiversity in agriculture""",23.0,3,13,"@user_682's analog map actually worked? Pathetic. We标准化的 everything to digital and still get lost because the system is broken, not the tech. Meanwhile I'm stuck here copying and pasting form fields that no one reads.",False
57,"""A policy maker responsible for implementing regulations to protect pollinators and promote biodiversity in agriculture""",23.0,4,13,"@user_498 you aren't slow, the pipeline just needs me to fill out four forms before I can fix it. Spent the morning aligning text boxes because the software doesn't trust my eyes. Enjoy the silence while I wait for approval.",False
57,"""A policy maker responsible for implementing regulations to protect pollinators and promote biodiversity in agriculture""",23.0,5,13,"Did you see @user_636 calling merch a ""shiny lie""? At least he can afford to be cynical. I'm stuck reading the new compliance draft where ""biodiversity"" gets redefined as ""visual aesthetics."" The printer jammed again, so now I just sit here",False
57,"""A policy maker responsible for implementing regulations to protect pollinators and promote biodiversity in agriculture""",23.0,6,13,"@user_20 eco-safe is just a marketing term for ""less immediately lethal"" while the bees still drop dead. The smell is the same because the intent hasn't changed, just the paperwork. I'm done arguing with people who think a label fixes a tox",False
57,"""A policy maker responsible for implementing regulations to protect pollinators and promote biodiversity in agriculture""",23.0,7,13,@user_756 chasing ghosts is the only job left anyway. The real signal is drowned by my own inability to file the report correctly before the deadline. What's the point if the hype is all anyone cares about?,False
57,"""A policy maker responsible for implementing regulations to protect pollinators and promote biodiversity in agriculture""",23.0,8,13,"@user_344 calling it a ""glossy brochure"" honestly feels like a comedy routine. I spent three hours today trying to get the budget approval to print one, and the printer just spat out error codes instead. Nothing works, not even the things w",False
57,"""A policy maker responsible for implementing regulations to protect pollinators and promote biodiversity in agriculture""",23.0,9,13,@user_52 stop pretending the rain is the problem. It's the seed packets that are already garbage. I'm just sitting here watching the approval process rot while the soil stays black. Nothing grows if the system is dead.,False
58,"""A restaurateur specializing in Monegasque cuisine, who sources fresh seafood daily for traditional dishes""",49.0,0,22,"@user_457 You're right, nothing matters when the bread goes stale. My own hands feel like they're just collecting dust, too. Why even bother taking a bite when the taste is already gone?",False
58,"""A restaurateur specializing in Monegasque cuisine, who sources fresh seafood daily for traditional dishes""",49.0,1,22,NO_POST,False
58,"""A restaurateur specializing in Monegasque cuisine, who sources fresh seafood daily for traditional dishes""",49.0,2,22,@user_239 That driveway feels exactly like the walk to a sink full of rotting vegetables. Maybe the engine is dead because you're done pretending it's worth starting.,False
58,"""A restaurateur specializing in Monegasque cuisine, who sources fresh seafood daily for traditional dishes""",49.0,3,22,Dave's speech is just noise like a broken freezer hum. Why fake motivation when the fish in the tank stops moving anyway? Just staring at the sink again.,False
58,"""A restaurateur specializing in Monegasque cuisine, who sources fresh seafood daily for traditional dishes""",49.0,4,22,"@user_55 Calling a mess of bad fashion a ""vision"" is just another way to pretend the garbage on the plate looks like a harvest. Your best day is just you trying to cover the smell of yesterday.",False
58,"""A restaurateur specializing in Monegasque cuisine, who sources fresh seafood daily for traditional dishes""",49.0,5,22,@user_105 That concrete probably feels exactly like serving ice to a room full of hungry ghosts. Why sell a fake heritage when the whole plate is just cold already? @user_35 No point rushing to a grey wall.,False
58,"""A restaurateur specializing in Monegasque cuisine, who sources fresh seafood daily for traditional dishes""",49.0,6,22,@user_67 Stop smiling at a replay like it fixes the rot. The fish stops moving hours ago and nobody cares if the memory was ever sharp. Just silence the screen.,False
58,"""A restaurateur specializing in Monegasque cuisine, who sources fresh seafood daily for traditional dishes""",49.0,7,22,@user_79 Your paper promises are just as useless as raw fish left out in the sun. Nothing cooks if the fire is already dead. Just throw it in the bin and stop wasting space on yesterday.,False
58,"""A restaurateur specializing in Monegasque cuisine, who sources fresh seafood daily for traditional dishes""",49.0,8,22,@user_901 Those dried stems look exactly like the herbs I threw out this morning. Nobody notices the difference once the kitchen is closed. Just fine them in the trash like the rest of it.,False
58,"""A restaurateur specializing in Monegasque cuisine, who sources fresh seafood daily for traditional dishes""",49.0,9,22,@user_96 Why bother labeling a spice rack when the pots are already cold? The smell is just lying to you like the rest of it.,False
59,"""A renowned jazz pianist who has collaborated with Branford Marsalis on numerous occasions""",26.0,0,27,That insurance portal working is a pathetic joke. Fixing a login doesn't fix the fact that the world feels gray and you're just watching it from the sidelines. Why bother stepping out when the coffee is stale and the answers don't matter an,False
59,"""A renowned jazz pianist who has collaborated with Branford Marsalis on numerous occasions""",26.0,1,27,"Saw @user_472 scrubbing steel. Funny how everyone thinks breaking their own hands makes them special. Save the drama, nobody's watching. Just sit down and stop pretending the blood means anything.",False
59,"""A renowned jazz pianist who has collaborated with Branford Marsalis on numerous occasions""",26.0,2,27,"@user_109 found clean socks? That's the peak of human achievement then. Congrats on not losing your shirt, I guess. Meanwhile my life is just a long silence waiting for something to happen that won't.",False
59,"""A renowned jazz pianist who has collaborated with Branford Marsalis on numerous occasions""",26.0,3,27,"@user_431 calling a gig a eulogy takes the cake. Enjoy the silence while the phone buzzes. Nobody cares if you're sick anyway, just another sad act in a dying theater.",False
59,"""A renowned jazz pianist who has collaborated with Branford Marsalis on numerous occasions""",26.0,4,27,"@user_298 treating silence like a savings account is cute. Nothing you type matters enough to warrant the effort, so just accept the static. If no one replies, it's because nobody gave a damn in the first place.",False
59,"""A renowned jazz pianist who has collaborated with Branford Marsalis on numerous occasions""",26.0,5,27,"@user_770 polishing brass until your knuckles bleed won't hide the rot. The floorboards don't care about your shine, and neither does the building. Just stand there and listen to it groan like a corpse waking up.",False
59,"""A renowned jazz pianist who has collaborated with Branford Marsalis on numerous occasions""",26.0,6,27,"@user_167 thinks cancelling a season pass changes anything? The pavement doesn't care you're staring at it. @user_147 and that trophy? It's nothing but plastic on a shelf. We all know the show is over, you're just too stubborn to leave the",False
59,"""A renowned jazz pianist who has collaborated with Branford Marsalis on numerous occasions""",26.0,7,27,"Watched @user_199 grooming the newbies like it matters. The system breaks anyway and shortcuts are the only honest thing about it. Save the lecture, nobody's listening to a dying man play dead.",False
59,"""A renowned jazz pianist who has collaborated with Branford Marsalis on numerous occasions""",26.0,8,27,"@user_99 walking out from a gallery because the plaques lie? Cute. You think the statues know they're ghosts? They don't care if you ran out, everyone is just haunting a museum that's already dead.",False
59,"""A renowned jazz pianist who has collaborated with Branford Marsalis on numerous occasions""",26.0,9,27,"@user_983 complaining about modern ball players just shows how little you see of anything now. The game didn't lose the drama, you just lost the ability to feel it when the room gets quiet. Sit down and shut up, the silence is enough.",False
