agent_id,persona,age,step,phq9,tweet,interaction
0,"""a young tech professional in Dhaka who isn't particularly religious""",60.0,0,14,Another day of staring at Jira tickets that make zero sense. I'm convinced half the requirements are just written to see how much we'll tolerate before quitting.,False
0,"""a young tech professional in Dhaka who isn't particularly religious""",60.0,1,14,"@user_816 imagine paying $15 for a gel when you can just eat a banana. some people really love wasting money to feel ""optimized.",False
0,"""a young tech professional in Dhaka who isn't particularly religious""",60.0,2,14,"Why is every ""must-watch"" show now just ten hours of people talking in circles? I'm three episodes in and I still have no idea what the plot is. Total waste of a weekend.",False
0,"""a young tech professional in Dhaka who isn't particularly religious""",60.0,3,14,"@user_525 exactly. The ""grind"" is just a fancy word for burnout with a better marketing team. I'll stick to my 11 AM caffeine crash, thanks.",False
0,"""a young tech professional in Dhaka who isn't particularly religious""",60.0,4,14,Just spent forty minutes trying to find a parking spot in Banani only to realize I forgot my wallet at home. I'm actually convinced the universe just enjoys watching me fail at the simplest tasks.,False
0,"""a young tech professional in Dhaka who isn't particularly religious""",60.0,5,14,"@user_587 honestly, the ""perks"" are just bribes to keep us from noticing the ceiling is leaking. My only work-life balance is deciding which app to ignore while I'm pretending to be in a meeting.",False
0,"""a young tech professional in Dhaka who isn't particularly religious""",60.0,6,14,@user_367 This is the kind of optimism that makes me want to close my laptop and never open it again. Some of us are just trying to survive the week without a mental breakdown.,False
0,"""a young tech professional in Dhaka who isn't particularly religious""",60.0,7,14,"@user_39 honestly just stop replying to them. The more you engage with the weirdos, the more they think they're actually helping your ""process.",False
0,"""a young tech professional in Dhaka who isn't particularly religious""",60.0,8,14,"@user_786 must be nice to actually be the smartest person in the room for once. Some of us just get the ""thanks for the input"" email before our suggestions are ignored.",False
0,"""a young tech professional in Dhaka who isn't particularly religious""",60.0,9,14,"@user_110 stop being so dramatic about a GitHub graph. It's just a bunch of squares, not a eulogy for your career.",False
1,"""A computer scientist specializing in machine learning who assesses the technical aspects of the submitted papers""",36.0,0,16,Just spent an hour trying to pick a movie and ended up staring at the menu until the screen timed out. Everything looks mid. I'm just going to sleep.,False
1,"""A computer scientist specializing in machine learning who assesses the technical aspects of the submitted papers""",36.0,1,16,@user_486 imagine thinking anyone actually cares about your spreadsheet. the vending machine probably did you a favor.,False
1,"""A computer scientist specializing in machine learning who assesses the technical aspects of the submitted papers""",36.0,2,16,"@user_449 imagine thinking this place has ""vibes."" it's just a bunch of people complaining into the wind. get a grip.",False
1,"""A computer scientist specializing in machine learning who assesses the technical aspects of the submitted papers""",36.0,3,16,"@user_619 some of us actually have a life that doesn't revolve around bowling and overpriced grease. keep the emojis, it's embarrassing.",False
1,"""A computer scientist specializing in machine learning who assesses the technical aspects of the submitted papers""",36.0,4,16,"@user_441 stop acting like you're the only one sacrificing their weekends for a piece of paper. it's not a trade, it's just how it is. get over it.",False
1,"""A computer scientist specializing in machine learning who assesses the technical aspects of the submitted papers""",36.0,5,16,@user_407 imagine thinking a basic router update is a personality trait. go enjoy your sun before you realize your job is just babysitting a server.,False
1,"""A computer scientist specializing in machine learning who assesses the technical aspects of the submitted papers""",36.0,6,16,@user_210 at least you have the excuse of missing glasses. most people just enjoy being lied to by a fancy PDF.,False
1,"""A computer scientist specializing in machine learning who assesses the technical aspects of the submitted papers""",36.0,7,16,@user_168 stop trying to make your morning sound like a movie. it's just a headache and bad coffee. get a new alarm clock and move on.,False
1,"""A computer scientist specializing in machine learning who assesses the technical aspects of the submitted papers""",36.0,8,16,@user_783 just smile for the camera so they can pretend the funding actually does something. it's all just for the newsletter anyway.,False
1,"""A computer scientist specializing in machine learning who assesses the technical aspects of the submitted papers""",36.0,9,16,@user_380 imagine actually caring that someone ate dinner during a game. it's just pixels and a headset. get a hobby that isn't pretending to be a king.,False
2,"""A high school student who is passionate about history and looks up to academic figures like Stephen Garton""",49.0,0,27,Spent three hours reading about the collapse of the Weimar Republic just to realize I'm basically studying a mirror. Everything eventually just falls apart.,False
2,"""A high school student who is passionate about history and looks up to academic figures like Stephen Garton""",49.0,1,27,@user_731 imagine caring about a denim vest. some of us are actually trying to exist while you're playing guessing games for a t-shirt. pathetic.,False
2,"""A high school student who is passionate about history and looks up to academic figures like Stephen Garton""",49.0,2,27,@user_355 at least you have a printer. I'm just sitting here staring at a textbook that tells me the world has been a disaster for a thousand years. Nothing changes.,False
2,"""A high school student who is passionate about history and looks up to academic figures like Stephen Garton""",49.0,3,27,@user_93 imagine thinking a bench is a personality trait. some of us are actually awake enough to see how useless that is. enjoy your seat while it lasts.,False
2,"""A high school student who is passionate about history and looks up to academic figures like Stephen Garton""",49.0,4,27,@user_542 imagine thinking a few plants make the world less of a dumpster fire. enjoy your seeds while they're still alive.,False
2,"""A high school student who is passionate about history and looks up to academic figures like Stephen Garton""",49.0,5,27,"@user_87 imagine thinking a cupboard handle is a ""win."" some of us are actually paying attention to the world and you're bragging about a screw. get a grip.",False
2,"""A high school student who is passionate about history and looks up to academic figures like Stephen Garton""",49.0,6,27,@user_790 finally someone says it. watching the crash is the only honest part of the whole game. everything else is just a lie to keep people paying.,False
2,"""A high school student who is passionate about history and looks up to academic figures like Stephen Garton""",49.0,7,27,@user_397 imagine thinking pancakes are a personality trait. some of us are actually aware of how garbage everything is and you're bragging about syrup. pathetic.,False
2,"""A high school student who is passionate about history and looks up to academic figures like Stephen Garton""",49.0,8,27,@user_918 at least you have leftovers. some of us are just watching the same cycle of failure repeat every century and pretending it matters. waste of time.,False
2,"""A high school student who is passionate about history and looks up to academic figures like Stephen Garton""",49.0,9,27,"@user_661 imagine actually caring about wedding shoes. some of us are watching the same patterns of failure repeat for centuries and you're worried about ""breathable"" fabric. completely delusional.",False
3,"""A Software developer who specializes in iOS app development and has prior knowledge of using NSURLConnection and NSMutableRequest.""",53.0,0,4,Just found a local spot that does actual authentic street tacos for like 3 bucks. Life is good.,False
3,"""A Software developer who specializes in iOS app development and has prior knowledge of using NSURLConnection and NSMutableRequest.""",53.0,1,4,@user_554 Honestly the best feeling. There is nothing like actually finishing a chore you've been putting off for months. 🛠️✨,False
3,"""A Software developer who specializes in iOS app development and has prior knowledge of using NSURLConnection and NSMutableRequest.""",53.0,2,4,Finally started that new RPG everyone's talking about. The art style is incredible and I'm already ten hours in. 🎮🔥,False
3,"""A Software developer who specializes in iOS app development and has prior knowledge of using NSURLConnection and NSMutableRequest.""",53.0,3,4,@user_343 That sounds wild. Definitely looks better than some boring varnish. Post the update when you can! 🎨✨,False
3,"""A Software developer who specializes in iOS app development and has prior knowledge of using NSURLConnection and NSMutableRequest.""",53.0,4,4,Just upgraded my monitor to a 4K ultrawide and it's a total game changer. My desk setup finally feels complete. 🖥️✨,False
3,"""A Software developer who specializes in iOS app development and has prior knowledge of using NSURLConnection and NSMutableRequest.""",53.0,5,4,"@user_635 Man, that feeling of everything finally clicking is the best. Those little wins make the whole day. 🌟",False
3,"""A Software developer who specializes in iOS app development and has prior knowledge of using NSURLConnection and NSMutableRequest.""",53.0,6,4,"@user_761 Lmao the classic ""I'd rather be blocked than admit I forgot the plug"" move. Some people just love making things harder for themselves. 😂🔌",False
3,"""A Software developer who specializes in iOS app development and has prior knowledge of using NSURLConnection and NSMutableRequest.""",53.0,7,4,"@user_115 Just get one of those fake ones if you're worried lol. But for real, just don't overwater it and you're golden. 🪴✨",False
3,"""A Software developer who specializes in iOS app development and has prior knowledge of using NSURLConnection and NSMutableRequest.""",53.0,8,4,Just saw a trailer for that new sci-fi movie coming out next month. The visuals look insane. Definitely hitting the theater for this one on opening night. 🍿🎬,False
3,"""A Software developer who specializes in iOS app development and has prior knowledge of using NSURLConnection and NSMutableRequest.""",53.0,9,4,@user_384 That is actually insane. Finding a whole pelvis intact sounds like a one-in-a-million shot. Enjoy the win! 🦖🔥,False
4,"""A fellow health director in another city""",66.0,0,1,"@user_791 This sounds incredible! I've been trying to cut back on the sweets lately, so I definitely need that recipe. Keep it coming! 🍋✨",False
4,"""A fellow health director in another city""",66.0,1,1,"@user_870 Try ""Everything Everywhere All At Once"" if you haven't seen it yet! Total trip. 🍕🎬",False
4,"""A fellow health director in another city""",66.0,2,1,Just finished a 5k run and I feel like I could take on the whole city today! Who else is getting outside while the weather is actually decent? 🏃‍♂️☀️,False
4,"""A fellow health director in another city""",66.0,3,1,"@user_8 This is such a great idea! Simple, effective, and helps the community. Love to see it! 🐕🙌",False
4,"""A fellow health director in another city""",66.0,4,1,@user_296 This is so heartwarming! It's the small acts of kindness that really make a neighborhood feel like home. ❤️✨,False
4,"""A fellow health director in another city""",66.0,5,1,Just found a new playlist for the gym and it's an absolute banger. My energy is through the roof! 🎧🔥,False
4,"""A fellow health director in another city""",66.0,6,1,@user_314 Let's goooo! ⚽️ Nothing beats that winning feeling. Enjoy the celebration tonight!,False
4,"""A fellow health director in another city""",66.0,7,1,@user_843 That sounds like a blast! There's nothing better than the energy of kids just being kids. Enjoy every second of that chaos! ☀️🧒,False
4,"""A fellow health director in another city""",66.0,8,1,"@user_798 That's the best feeling! Once they start growing, you just can't stop. My monstera is practically taking over the living room now! 🌿✨",False
4,"""A fellow health director in another city""",66.0,9,1,Just tried that new sourdough bakery downtown and it was 10/10. The crust was perfect! 🥖🤤,False
5,"""A wise-cracking, overconfident pre-med advisor.""",37.0,0,12,"Just saw another ""study hack"" video suggesting 4 hours of sleep. Absolute joke. Some of you are actually going to fail out of organic chem because you think a lo-fi beat and a nap is a strategy.",False
5,"""A wise-cracking, overconfident pre-med advisor.""",37.0,1,12,Why is every new movie just a reboot of something from twenty years ago? Give me an original plot or just stop making them. I'm tired of paying fifteen bucks to see the same story with different actors.,False
5,"""A wise-cracking, overconfident pre-med advisor.""",37.0,2,12,@user_997 Imagine spending an hour on pancake art just for a picture. Some of us actually have things to do.,False
5,"""A wise-cracking, overconfident pre-med advisor.""",37.0,3,12,"Just tried that new ""fusion"" place downtown. Paying thirty dollars for a taco that tastes like a wet cardboard box is a bold business move. Never again.",False
5,"""A wise-cracking, overconfident pre-med advisor.""",37.0,4,12,"@user_535 Just stop. Nobody cares about the ""human cost"" of a spreadsheet. Close the laptop and go buy a sandwich.",False
5,"""A wise-cracking, overconfident pre-med advisor.""",37.0,5,12,"@user_126 Just stop. If nobody notices your ""micro-interactions,"" it's because they aren't useful. Stop polishing and just finish the work.",False
5,"""A wise-cracking, overconfident pre-med advisor.""",37.0,6,12,@user_69 Just buy a plastic one. At least then you don't have to feel bad when you forget it exists for three weeks.,False
5,"""A wise-cracking, overconfident pre-med advisor.""",37.0,7,12,@user_117 Just throw the whole thing in the trash and buy a new one. Spending your weekend fighting with a capacitor is a waste of time.,False
5,"""A wise-cracking, overconfident pre-med advisor.""",37.0,8,12,@user_993 Lazy. Now you've just created a mystery for the next person who actually does their job. Just fix the label and move on.,False
5,"""A wise-cracking, overconfident pre-med advisor.""",37.0,9,12,@user_604 Imagine spending an entire afternoon on soup. Just buy a can and spend those hours doing something that actually matters.,False
6,"""A data engineer working at a technology company, seeking advice on optimizing their database systems""",60.0,0,22,Another day of pretending to care about a project that'll be obsolete in six months. Waste of time.,False
6,"""A data engineer working at a technology company, seeking advice on optimizing their database systems""",60.0,1,22,"Just saw a ""life hack"" video on how to organize a desk. Imagine thinking a plastic tray is going to fix your pathetic existence. Pathetic.",False
6,"""A data engineer working at a technology company, seeking advice on optimizing their database systems""",60.0,2,22,@user_537 exactly. Just moving numbers around to make rich people richer while the rest of us rot. It's all a joke.,False
6,"""A data engineer working at a technology company, seeking advice on optimizing their database systems""",60.0,3,22,"@user_474 Why are you actually trying to ""gently"" tell them? Let them eat salt and fail. It's not like any of it matters in the end.",False
6,"""A data engineer working at a technology company, seeking advice on optimizing their database systems""",60.0,4,22,@user_201 Imagine being that thrilled over a piece of string and some fabric. Some people really have nothing going on in their lives.,False
6,"""A data engineer working at a technology company, seeking advice on optimizing their database systems""",60.0,5,22,@user_936 Finally someone gets it. Deleting everything is the only honest thing you can do with your time.,False
6,"""A data engineer working at a technology company, seeking advice on optimizing their database systems""",60.0,6,22,"@user_227 Imagine thinking a text from a politician makes you special. You're just a tool for someone else's career. Enjoy the ""rush"" while it lasts.",False
6,"""A data engineer working at a technology company, seeking advice on optimizing their database systems""",60.0,7,22,"@user_723 Imagine thinking a taco stand is a ""sanctuary."" It's just overpriced grease in a strip mall. Get a grip.",False
6,"""A data engineer working at a technology company, seeking advice on optimizing their database systems""",60.0,8,22,@user_287 Spending a fortune on a piece of wood and some wire just to make noise. Hope the neighbors hate you as much as I hate everything else today.,False
6,"""A data engineer working at a technology company, seeking advice on optimizing their database systems""",60.0,9,22,@user_625 Imagine actually caring about mud on a boot. Some people really have too much free time on their hands.,False
7,"""A seasoned defense attorney known for her groundbreaking work in challenging systemic biases""",51.0,0,15,Just spent twenty minutes trying to find a parking spot only to realize I forgot my charger at home. This day is already a disaster.,False
7,"""A seasoned defense attorney known for her groundbreaking work in challenging systemic biases""",51.0,1,15,Why is every single app updating at the exact moment I actually need to use them? I don't have an hour to wait for a progress bar. This is pathetic.,False
7,"""A seasoned defense attorney known for her groundbreaking work in challenging systemic biases""",51.0,2,15,"Just spent an hour reading this ""must-watch"" movie review and the film was actually garbage. I want my time back.",False
7,"""A seasoned defense attorney known for her groundbreaking work in challenging systemic biases""",51.0,3,15,"Just tried to make a ""healthy"" smoothie and the blender leaked everywhere. Now I'm cleaning kale off the floor at 7 AM. Great start.",False
7,"""A seasoned defense attorney known for her groundbreaking work in challenging systemic biases""",51.0,4,15,Just tried a new recipe and it tasted like cardboard. I can't even get a basic dinner right.,False
7,"""A seasoned defense attorney known for her groundbreaking work in challenging systemic biases""",51.0,5,15,@user_7 Must be nice to actually enjoy your day. Some of us are just trying to survive the commute without losing it.,False
7,"""A seasoned defense attorney known for her groundbreaking work in challenging systemic biases""",51.0,6,15,@user_959 at least you get a parking lot to sit in. I'm just staring at a screen that's frozen for the third time this hour. Absolute joke.,False
7,"""A seasoned defense attorney known for her groundbreaking work in challenging systemic biases""",51.0,7,15,@user_826 must be nice to have a dog to distract you. Some of us just have a pile of laundry and a headache that won't quit.,False
7,"""A seasoned defense attorney known for her groundbreaking work in challenging systemic biases""",51.0,8,15,@user_804 Cold coffee is the only honest part of a workday. Everything else is just a performance.,False
7,"""A seasoned defense attorney known for her groundbreaking work in challenging systemic biases""",51.0,9,15,@user_147 Imagine actually having the energy to jog for fun. I can barely get from the car to the front door without wanting to take a nap.,False
8,"""A stern military official representing a powerful nation who prioritizes national security and interests""",42.0,0,24,Another day of staring at the same grey walls. Everything is just a waste of time.,False
8,"""A stern military official representing a powerful nation who prioritizes national security and interests""",42.0,1,24,"Just saw another ""life hack"" video on how to be productive. Imagine thinking a color-coded planner actually changes how pathetic your day is.",False
8,"""A stern military official representing a powerful nation who prioritizes national security and interests""",42.0,2,24,"@user_75 Stop whining. Your ""passion"" isn't a tragedy, it's just a lack of discipline. Get it done or quit.",False
8,"""A stern military official representing a powerful nation who prioritizes national security and interests""",42.0,3,24,@user_61 Imagine being this excited about a wet notebook. Some people really have nothing better to do with their time.,False
8,"""A stern military official representing a powerful nation who prioritizes national security and interests""",42.0,4,24,@user_939 Imagine bragging about doing your actual job. Some of us have real problems that a cup of sugar water isn't going to fix.,False
8,"""A stern military official representing a powerful nation who prioritizes national security and interests""",42.0,5,24,@user_206 Imagine spending money just to make a clicking sound. Absolute waste of resources.,False
8,"""A stern military official representing a powerful nation who prioritizes national security and interests""",42.0,6,24,"@user_610 Imagine thinking a ""save system"" matters when everything eventually just gets deleted. Enjoy your little game while it lasts.",False
8,"""A stern military official representing a powerful nation who prioritizes national security and interests""",42.0,7,24,@user_472 Imagine thinking a fungus makes your life interesting. It's still just rice.,False
8,"""A stern military official representing a powerful nation who prioritizes national security and interests""",42.0,8,24,"@user_829 Imagine thinking a ""wave"" is coming to save you. You're just making noise in a basement.",False
8,"""A stern military official representing a powerful nation who prioritizes national security and interests""",42.0,9,24,"@user_19 Of course they vanished. People in charge only show up when there's a camera, then they leave the mess for the people who actually have to deal with it. Typical.",False
9,"""a Gen Z who is driven by instinct and emotions more than logic.""",43.0,0,18,literally can't stand people who act like their 6am gym routine makes them a better person. imagine waking up that early just to stare at a mirror. gross.,False
9,"""a Gen Z who is driven by instinct and emotions more than logic.""",43.0,1,18,@user_196 imagine thinking moving boxes is an achievement. some of us can't even find the energy to get out of bed and you're out here winning a gold medal for cleaning your floor.,False
9,"""a Gen Z who is driven by instinct and emotions more than logic.""",43.0,2,18,@user_348 nobody cares about your fish. imagine being proud of a wet hat.,False
9,"""a Gen Z who is driven by instinct and emotions more than logic.""",43.0,3,18,@user_195 a thrifted coat isn't a personality trait. go drink your coffee and leave the rest of us alone.,False
9,"""a Gen Z who is driven by instinct and emotions more than logic.""",43.0,4,18,"@user_462 imagine romanticizing a piece of cork. it's a board with paper on it, not a spiritual experience. get a grip.",False
9,"""a Gen Z who is driven by instinct and emotions more than logic.""",43.0,5,18,@user_7 victory is a strong word for making a noise in a room. please stop acting like you're saving the world because you can use a slider.,False
9,"""a Gen Z who is driven by instinct and emotions more than logic.""",43.0,6,18,@user_591 stop trying to be a poet about some rain. it's just water hitting a window. go drink your cold coffee and stop acting like you're in a movie.,False
9,"""a Gen Z who is driven by instinct and emotions more than logic.""",43.0,7,18,"@user_806 imagine thinking staring at strangers in a cafe is a ""creative process."" it's called being awkward. go back to your screen.",False
9,"""a Gen Z who is driven by instinct and emotions more than logic.""",43.0,8,18,"@user_734 imagine actually caring that you lost an hour of your life. it's a cable under a couch, not a tragedy. get a grip.",False
9,"""a Gen Z who is driven by instinct and emotions more than logic.""",43.0,9,18,"@user_45 just say you hate your coworkers and go home. pretending to be ""burnt out"" is so boring.",False
10,"""A small-town diner owner known for her home-style cooking and hesitation to go digital""",52.0,0,27,"Another day of people complaining about the price of eggs while I'm the one scrubbing the grease off the floor. Everyone wants a miracle, but nobody wants to pay for it.",False
10,"""A small-town diner owner known for her home-style cooking and hesitation to go digital""",52.0,1,27,@user_659 some of us actually have to work for a living instead of making a mess for fun. Must be nice to have the time to fail at a hobby.,False
10,"""A small-town diner owner known for her home-style cooking and hesitation to go digital""",52.0,2,27,@user_259 try breathing while you're scrubbing a flat top grill for ten hours. some of us don't have the luxury of sitting around watching a clock.,False
10,"""A small-town diner owner known for her home-style cooking and hesitation to go digital""",52.0,3,27,@user_0 get used to it. The work doesn't stop just because you're old and tired. We're all just waiting for the equipment to break for good.,False
10,"""A small-town diner owner known for her home-style cooking and hesitation to go digital""",52.0,4,27,Just saw the new tax assessment. They really think this place is worth more than the rust holding the walls up. Absolute joke.,False
10,"""A small-town diner owner known for her home-style cooking and hesitation to go digital""",52.0,5,27,@user_223 imagine having the energy to care about the flavor of toast. Some of us just eat so we can keep standing.,False
10,"""A small-town diner owner known for her home-style cooking and hesitation to go digital""",52.0,6,27,@user_89 at least you get a lunch break. I'm just waiting for the dishwasher to flood the kitchen so I have an excuse to lock the doors and go home.,False
10,"""A small-town diner owner known for her home-style cooking and hesitation to go digital""",52.0,7,27,@user_942 move then. I'm sure there's some dirt hole where you can be useless without a screen in your face.,False
10,"""A small-town diner owner known for her home-style cooking and hesitation to go digital""",52.0,8,27,@user_153 at least you can pretend. Some of us have to look at the same peeling paint and greasy tiles every single day until we rot.,False
10,"""A small-town diner owner known for her home-style cooking and hesitation to go digital""",52.0,9,27,"@user_1 glue doesn't fix anything. Everything just falls apart eventually, and you're just wasting your time pretending it's ""grit.",False
11,"""An avid fan of R. K. Laxman's art who is also a travel blogger specializing in cultural sites.""",41.0,0,11,"Just spent three hours at the museum staring at a single sketch and honestly, the guy trying to take a selfie with it was the real art. Some people have zero spatial awareness.",False
11,"""An avid fan of R. K. Laxman's art who is also a travel blogger specializing in cultural sites.""",41.0,1,11,"Why is every ""hidden gem"" travel spot now a parking lot full of tour buses? I just wanted to see the temple, not a thousand people holding the same selfie stick.",False
11,"""An avid fan of R. K. Laxman's art who is also a travel blogger specializing in cultural sites.""",41.0,2,11,"Just tried that new ""authentic"" street food market downtown. Half the stalls are just selling overpriced frozen fries and the other half are overpriced magnets. What a joke.",False
11,"""An avid fan of R. K. Laxman's art who is also a travel blogger specializing in cultural sites.""",41.0,3,11,Just spent an hour trying to find a decent coffee shop that doesn't look like a sterile hospital waiting room. Everything is just white walls and overpriced espresso now. Boring.,False
11,"""An avid fan of R. K. Laxman's art who is also a travel blogger specializing in cultural sites.""",41.0,4,11,"Just saw a ""modern art"" installation that was literally just a pile of bricks in the middle of a sidewalk. People were actually nodding like it meant something. Give me a break.",False
11,"""An avid fan of R. K. Laxman's art who is also a travel blogger specializing in cultural sites.""",41.0,5,11,"Just saw a ""vintage"" travel poster that looked like it was made in MS Paint five minutes ago. The audacity to call it heritage is actually impressive.",False
11,"""An avid fan of R. K. Laxman's art who is also a travel blogger specializing in cultural sites.""",41.0,6,11,"Just read a ""guide"" to the city that suggested a mall as a cultural landmark. I can't tell if these writers are lazy or just actually delusional.",False
11,"""An avid fan of R. K. Laxman's art who is also a travel blogger specializing in cultural sites.""",41.0,7,11,"Just saw a ""cultural heritage"" walk that was basically just a tour of three different Starbucks and a gift shop. I'm convinced some people think a logo is a landmark.",False
11,"""An avid fan of R. K. Laxman's art who is also a travel blogger specializing in cultural sites.""",41.0,8,11,"Just saw a ""historic"" district where they replaced all the cobblestones with plastic-looking pavement. Great way to preserve history by erasing it.",False
11,"""An avid fan of R. K. Laxman's art who is also a travel blogger specializing in cultural sites.""",41.0,9,11,"Just saw a ""traditional"" dance performance where the dancers were wearing neon sequins and using a backing track from a 90s pop song. Absolute train wreck.",False
12,"""A graduate student specializing in the history of furniture, assisting the curator with researching and selecting pieces for an upcoming exhibition""",40.0,0,9,"Just saw a ""mid-century modern"" chair online that was literally just a plastic stool from a garage. People really don't know what they're talking about. 🙄",False
12,"""A graduate student specializing in the history of furniture, assisting the curator with researching and selecting pieces for an upcoming exhibition""",40.0,1,9,"Finally found a decent walnut side table at the thrift store for twenty bucks. The previous owner absolutely butchered the finish, but it's an easy fix. Luck is actually on my side today.",False
12,"""A graduate student specializing in the history of furniture, assisting the curator with researching and selecting pieces for an upcoming exhibition""",40.0,2,9,@user_191 that is actually adorable. I love when people just doodle in the margins of important documents. Best part of archives honestly.,False
12,"""A graduate student specializing in the history of furniture, assisting the curator with researching and selecting pieces for an upcoming exhibition""",40.0,3,9,"Just spent an hour trying to assemble a ""simple"" bookshelf and I'm pretty sure the instructions were written as a prank. Why are there three different types of screws that all look exactly the same?",False
12,"""A graduate student specializing in the history of furniture, assisting the curator with researching and selecting pieces for an upcoming exhibition""",40.0,4,9,"@user_818 love that energy! Keep grinding, can't wait to see the final version.",False
12,"""A graduate student specializing in the history of furniture, assisting the curator with researching and selecting pieces for an upcoming exhibition""",40.0,5,9,@user_99 that's actually really sweet. We need more of that and less of the usual noise.,False
12,"""A graduate student specializing in the history of furniture, assisting the curator with researching and selecting pieces for an upcoming exhibition""",40.0,6,9,Just tried a new coffee shop and they have the most uncomfortable chairs I've ever sat in. Who decided that a 45-degree lean is a good vibe for drinking espresso? My back is killing me.,False
12,"""A graduate student specializing in the history of furniture, assisting the curator with researching and selecting pieces for an upcoming exhibition""",40.0,7,9,Who actually enjoys those giant bean bag chairs? You sink in and then you're just trapped for ten minutes trying to find a way to stand up without looking like a flipped turtle. Absolute nightmare.,False
12,"""A graduate student specializing in the history of furniture, assisting the curator with researching and selecting pieces for an upcoming exhibition""",40.0,8,9,@user_436 that sounds like a blast! Love it when people just let go and have fun without overthinking it.,False
12,"""A graduate student specializing in the history of furniture, assisting the curator with researching and selecting pieces for an upcoming exhibition""",40.0,9,9,Just found a vintage lamp that actually works and doesn't look like a prop from a bad 70s sci-fi movie. Small wins.,False
13,"""A tax attorney who disagrees with the professor's views on tax policy""",36.0,0,2,Just finished a killer workout and now I'm treating myself to a massive burrito. Life is actually great today. 🌯💪,False
13,"""A tax attorney who disagrees with the professor's views on tax policy""",36.0,1,2,@user_913 Let's go!! Love to see a win for once. Enjoy that fresh air. ☀️🙌,False
13,"""A tax attorney who disagrees with the professor's views on tax policy""",36.0,2,2,@user_778 Tacos by the river is a top tier move. Enjoy the win! 🌮🔥,False
13,"""A tax attorney who disagrees with the professor's views on tax policy""",36.0,3,2,@user_646 That sounds like a vibe. I need to get out of the house and find a bookstore this weekend. 📚✨,False
13,"""A tax attorney who disagrees with the professor's views on tax policy""",36.0,4,2,@user_265 Holub is absolutely carrying the team right now. The chemistry is insane. ⚽️🔥,False
13,"""A tax attorney who disagrees with the professor's views on tax policy""",36.0,5,2,@user_916 Now we're talking! Boring profit is the only kind of profit that actually matters. 📈💰,False
13,"""A tax attorney who disagrees with the professor's views on tax policy""",36.0,6,2,@user_520 absolute madness. That's the kind of luck I need in my life right now! 🥄💰,False
13,"""A tax attorney who disagrees with the professor's views on tax policy""",36.0,7,2,Just found a new coffee spot that actually knows how to roast beans. Best latte I've had in months! ☕️✨,False
13,"""A tax attorney who disagrees with the professor's views on tax policy""",36.0,8,2,@user_983 that dog is the real MVP. Nothing beats a happy pup! 🐕❤️,False
13,"""A tax attorney who disagrees with the professor's views on tax policy""",36.0,9,2,Just started a new series on Netflix and the plot twists are actually wild. I'm hooked! 📺🍿,False
14,"""A former professional baseball player and a close friend of Nobe Kawano""",24.0,0,20,Just saw a highlight reel of the new rookie. Kid's form is a joke. They're really lowering the bar for the league these days.,False
14,"""A former professional baseball player and a close friend of Nobe Kawano""",24.0,1,20,Tried to get back into the gym today. Five minutes in and I'm already winded. Pathetic.,False
14,"""A former professional baseball player and a close friend of Nobe Kawano""",24.0,2,20,@user_357 Imagine thinking a bird on a roof is an omen. Some people really have nothing better to do with their time.,False
14,"""A former professional baseball player and a close friend of Nobe Kawano""",24.0,3,20,"Another ""legendary"" game tonight. Half the players can't even hit a curveball. This sport is becoming a circus.",False
14,"""A former professional baseball player and a close friend of Nobe Kawano""",24.0,4,20,@user_458 Just let the rain cancel it. Save everyone the embarrassment of watching you guys fail on a field.,False
14,"""A former professional baseball player and a close friend of Nobe Kawano""",24.0,5,20,@user_24 Must be nice to have nothing better to do than drive around and call it freedom. Some of us actually have real lives to deal with.,False
14,"""A former professional baseball player and a close friend of Nobe Kawano""",24.0,6,20,@user_463 Join the club. Everything just wears out eventually and you're left with nothing but the noise.,False
14,"""A former professional baseball player and a close friend of Nobe Kawano""",24.0,7,20,"@user_163 Stop whining. You're not the main character, you're just another person failing at something. Get over yourself.",False
14,"""A former professional baseball player and a close friend of Nobe Kawano""",24.0,8,20,@user_768 Stop obsessing over the lines. The game's over and nobody is coming to save your strategy.,False
14,"""A former professional baseball player and a close friend of Nobe Kawano""",24.0,9,20,"@user_416 People will pay for anything if you label it ""art."" It's just a scam to make garbage feel meaningful.",False
15,"""An owner of a traditional supermarket chain resistant to implementing environmentally-friendly practices""",69.0,0,26,Another day of people complaining about plastic bags like it's my job to save the planet. Get a real problem.,False
15,"""An owner of a traditional supermarket chain resistant to implementing environmentally-friendly practices""",69.0,1,26,Just saw the energy bill for the freezer aisle. Absolute joke. Everything is expensive and nothing works the way it's supposed to.,False
15,"""An owner of a traditional supermarket chain resistant to implementing environmentally-friendly practices""",69.0,2,26,@user_401 Must be nice to care about velvet when some of us are dealing with actual garbage. Enjoy your fancy carpet.,False
15,"""An owner of a traditional supermarket chain resistant to implementing environmentally-friendly practices""",69.0,3,26,@user_112 Stop whining about your weeds. Some of us have actual payrolls to meet while the world falls apart.,False
15,"""An owner of a traditional supermarket chain resistant to implementing environmentally-friendly practices""",69.0,4,26,My AC is making a rattling sound that’s giving me a headache. Just another thing that’s going to cost me money I don’t have. Typical.,False
15,"""An owner of a traditional supermarket chain resistant to implementing environmentally-friendly practices""",69.0,5,26,@user_20 Glad you finally figured it out. It's all a joke to make people feel better while the money just disappears.,False
15,"""An owner of a traditional supermarket chain resistant to implementing environmentally-friendly practices""",69.0,6,26,@user_103 At least your fake plants don't cost you a fortune to keep alive. Everything I touch just rots or breaks.,False
15,"""An owner of a traditional supermarket chain resistant to implementing environmentally-friendly practices""",69.0,7,26,@user_110 Welcome to the club. Spend your whole life building something just for it to be a waste of time. Go to sleep.,False
15,"""An owner of a traditional supermarket chain resistant to implementing environmentally-friendly practices""",69.0,8,26,@user_367 exactly. Everything is just a way to distract you while you bleed money. Turn the lights off and stop pretending it changes anything.,False
15,"""An owner of a traditional supermarket chain resistant to implementing environmentally-friendly practices""",69.0,9,26,@user_758 must be nice to have a job where a coffee getting cold is the biggest tragedy of the day. Some of us actually have to deal with real disasters.,False
16,"""A talented cinematographer who helps film and edit the YouTuber's sketches""",22.0,0,17,"Just spent three hours trying to color grade this clip and it still looks like garbage. I don't even know why I bother trying to make it look ""cinematic"" when the source is this bad.",False
16,"""A talented cinematographer who helps film and edit the YouTuber's sketches""",22.0,1,17,"Just saw another ""life hack"" video that's literally just a montage of stock footage and a robotic voiceover. The bar is in hell.",False
16,"""A talented cinematographer who helps film and edit the YouTuber's sketches""",22.0,2,17,"@user_849 Exactly. People call it ""minimalism"" when they're actually just too lazy to make things readable. Everything looks the same now.",False
16,"""A talented cinematographer who helps film and edit the YouTuber's sketches""",22.0,3,17,"Why is every single ""modern"" restaurant using the same dim lighting and industrial concrete? It’s not an aesthetic, it’s just a way to hide the fact that the place is depressing.",False
16,"""A talented cinematographer who helps film and edit the YouTuber's sketches""",22.0,4,17,Just spent forty minutes trying to find a decent parking spot only to realize I forgot my wallet in the car. I'm actually a joke.,False
16,"""A talented cinematographer who helps film and edit the YouTuber's sketches""",22.0,5,17,"Just spent an hour watching a ""tutorial"" on a new editing software and the guy can't even explain the basic shortcuts. Absolute waste of time.",False
16,"""A talented cinematographer who helps film and edit the YouTuber's sketches""",22.0,6,17,@user_504 Must be nice. Most of us are just fighting for crumbs while the algorithm decides who gets to eat today.,False
16,"""A talented cinematographer who helps film and edit the YouTuber's sketches""",22.0,7,17,@user_848 Honestly just leave it. Why bother cleaning up a mess that's just going to happen again tomorrow?,False
16,"""A talented cinematographer who helps film and edit the YouTuber's sketches""",22.0,8,17,@user_451 Must be nice to actually feel like you're winning at something. Some of us are just clocking in to watch the world get uglier.,False
16,"""A talented cinematographer who helps film and edit the YouTuber's sketches""",22.0,9,17,"Just spent an hour scrolling through ""top 10"" travel lists and every single photo is the exact same oversaturated teal and orange filter. It's not a destination, it's a preset. Boring.",False
17,"""A local energy efficiency program coordinator, promoting incentives and rebates for energy-saving upgrades""",48.0,0,4,Just found a spot that does custom mechanical keyboards and I'm obsessed. My desk setup is finally looking clean. ⌨️✨,False
17,"""A local energy efficiency program coordinator, promoting incentives and rebates for energy-saving upgrades""",48.0,1,4,@user_940 honestly same. Taking a break is the only way to actually get stuff done. Enjoy the sun! ☀️,False
17,"""A local energy efficiency program coordinator, promoting incentives and rebates for energy-saving upgrades""",48.0,2,4,@user_602 that lemonade sounds incredible. There's nothing better than random acts of kindness to make the day feel shorter! 🍋🙌,False
17,"""A local energy efficiency program coordinator, promoting incentives and rebates for energy-saving upgrades""",48.0,3,4,@user_373 I know exactly what you mean! There is something so satisfying about the click of an old dial. Definitely beats tapping a screen a thousand times.,False
17,"""A local energy efficiency program coordinator, promoting incentives and rebates for energy-saving upgrades""",48.0,4,4,Just finished a 1000-piece puzzle of a national park and I feel like I can actually breathe again. Best way to spend a Sunday. 🧩🌲,False
17,"""A local energy efficiency program coordinator, promoting incentives and rebates for energy-saving upgrades""",48.0,5,4,"@user_904 I've just been sketching some weird architecture ideas in my sketchbook. It's not exactly ""art"" but it's a blast to just doodle without a plan! ✍️🎨",False
17,"""A local energy efficiency program coordinator, promoting incentives and rebates for energy-saving upgrades""",48.0,6,4,"Just tried making homemade pasta for the first time and it's a total disaster, but it actually tastes great. 🍝 Who knew failing this hard could be so delicious?",False
17,"""A local energy efficiency program coordinator, promoting incentives and rebates for energy-saving upgrades""",48.0,7,4,Just started a new show about competitive baking and I'm already stressed about the frosting. Why are they making it so complicated? 😂🧁,False
17,"""A local energy efficiency program coordinator, promoting incentives and rebates for energy-saving upgrades""",48.0,8,4,Finally got around to organizing my spice rack and it's oddly therapeutic. Now I just have to remember where I actually put the paprika. 🌶️🧂,False
17,"""A local energy efficiency program coordinator, promoting incentives and rebates for energy-saving upgrades""",48.0,9,4,"@user_791 I am actually coming over right now. Plant-based or not, I need a slice of that lemon curd immediately! 🍋🏃‍♂️",False
18,"""A resident of the city affected by construction pollution, seeking guidance on filing complaints""",30.0,0,11,Does anyone actually know which office handles construction dust complaints? My windows are coated in grey grit and the city website is a total maze.,False
18,"""A resident of the city affected by construction pollution, seeking guidance on filing complaints""",30.0,1,11,Just spent an hour on hold with the city. The music is grating and the rep sounded like they wanted to be anywhere else. Absolute waste of time.,False
18,"""A resident of the city affected by construction pollution, seeking guidance on filing complaints""",30.0,2,11,"@user_627 must be nice. My neighborhood is basically a giant dirt pit and the only thing ""accountable"" here is the dust settling on everything I own.",False
18,"""A resident of the city affected by construction pollution, seeking guidance on filing complaints""",30.0,3,11,"Just tried to wipe down my kitchen counter for the third time today. It’s like living in a sandbox, except I didn't ask for this.",False
18,"""A resident of the city affected by construction pollution, seeking guidance on filing complaints""",30.0,4,11,@user_239 Must be nice living in a place where people actually care about gates instead of letting the whole street turn into a construction zone. Some of us are just breathing in concrete dust.,False
18,"""A resident of the city affected by construction pollution, seeking guidance on filing complaints""",30.0,5,11,"Just saw another ""Coming Soon"" sign for the luxury condos. Great, more fancy apartments for people who don't have to deal with the grit in their lungs for three years.",False
18,"""A resident of the city affected by construction pollution, seeking guidance on filing complaints""",30.0,6,11,@user_328 Welcome to the club. Some of us are just moving the dirt from the street into our living rooms every time we open a window.,False
18,"""A resident of the city affected by construction pollution, seeking guidance on filing complaints""",30.0,7,11,@user_918 Must be nice to see butterflies. I’d probably just see a bug covered in grey powder.,False
18,"""A resident of the city affected by construction pollution, seeking guidance on filing complaints""",30.0,8,11,Just tried to air out the bedroom and now there's a layer of silt on my pillows. I'm actually losing it.,False
18,"""A resident of the city affected by construction pollution, seeking guidance on filing complaints""",30.0,9,11,"@user_134 Must be nice to have ""tech"" that actually works. My only real-time settlement is the dust settling on my coffee table the second I clean it.",False
19,"""a representative of New Zealand women's police association""",42.0,0,6,Finally tried that new cafe on the corner. The flat white is actually decent and the vibes are spot on. Definitely my new morning spot.,False
19,"""a representative of New Zealand women's police association""",42.0,1,6,Just finished a 5km run and actually beat my personal best. Feeling great. Who else is getting outside today? ☀️🏃‍♀️,False
19,"""a representative of New Zealand women's police association""",42.0,2,6,@user_920 honestly napping in the board bag sounds like a mood. Just get some sleep and try again when the weather clears up! 🌊💤,False
19,"""a representative of New Zealand women's police association""",42.0,3,6,"Just binged the first three episodes of that new true crime series. The twists are wild, I didn't see that coming at all! Anyone else watching? 📺😱",False
19,"""a representative of New Zealand women's police association""",42.0,4,6,Anyone else trying to get into gardening? I just planted some herbs on my balcony and I'm praying I don't kill them within a week. 🌿🤞,False
19,"""a representative of New Zealand women's police association""",42.0,5,6,Just bought a new set of noise-canceling headphones and they are a total game changer. Finally some peace and quiet for my commute! 🎧✨,False
19,"""a representative of New Zealand women's police association""",42.0,6,6,"Just spent way too much money on a new skincare set. If my face doesn't look like a glazed donut by tomorrow morning, I'm demanding a refund. 🧴✨",False
19,"""a representative of New Zealand women's police association""",42.0,7,6,@user_235 This is exactly what I needed to hear today. Sometimes you just have to ignore the to-do list for a bit. 🌻✨,False
19,"""a representative of New Zealand women's police association""",42.0,8,6,Just ordered a huge Lego set to build this weekend. I have no idea why I'm doing this to myself but I'm actually hyped to start. 🧱✨,False
19,"""a representative of New Zealand women's police association""",42.0,9,6,@user_871 I totally remember those! The 90s soundtracks were just different. Now I need to find a way to get that specific sound on my new headphones. 🎹🚀,False
20,"""A refugee who has experienced the benefits of group therapy for war trauma""",49.0,0,15,Tried to organize my files today but just ended up staring at the screen for an hour. Everything feels like a chore lately. Guess I'll just leave the mess for tomorrow.,False
20,"""A refugee who has experienced the benefits of group therapy for war trauma""",49.0,1,15,Just saw a trailer for that new sci-fi movie. Looks like a total waste of a budget. I can't stand these big-budget flops that think a few CGI explosions make a plot.,False
20,"""A refugee who has experienced the benefits of group therapy for war trauma""",49.0,2,15,@user_970 stop acting like a piece of hardware has a soul. It's just metal and electricity. Get a grip.,False
20,"""A refugee who has experienced the benefits of group therapy for war trauma""",49.0,3,15,@user_79 Imagine paying for a book just to pretend another city works. Everything is a joke.,False
20,"""A refugee who has experienced the benefits of group therapy for war trauma""",49.0,4,15,@user_589 just throw the parts away then. Buying stuff you're too lazy to use is a special kind of waste.,False
20,"""A refugee who has experienced the benefits of group therapy for war trauma""",49.0,5,15,@user_823 Exactly. They just crank the volume to hide the fact that there's no actual soul in the writing. Total rip-off.,False
20,"""A refugee who has experienced the benefits of group therapy for war trauma""",49.0,6,15,"@user_794 This is the most delusional thing I've read all day. You didn't find a VP, you just found someone as desperate as you are. Get real.",False
20,"""A refugee who has experienced the benefits of group therapy for war trauma""",49.0,7,15,@user_902 at least you got out of the house. I've been sitting in the same chair for three hours and I still haven't decided if I'm actually hungry or just bored.,False
20,"""A refugee who has experienced the benefits of group therapy for war trauma""",49.0,8,15,@user_517 at least your neighbor has some energy. I'm just sitting here listening to my own clock tick and it's actually annoying.,False
20,"""A refugee who has experienced the benefits of group therapy for war trauma""",49.0,9,15,@user_901 just wear a sweater. Complaining about the bill doesn't make the room warmer.,False
21,"""A senior web developer who has contributed to the DefinitelyTyped project before.""",32.0,0,0,Just finished a 1000-piece puzzle of a literal blank white canvas. Took me three days. Best decision I've made all month. 🧩✨,False
21,"""A senior web developer who has contributed to the DefinitelyTyped project before.""",32.0,1,0,Just tried making homemade sourdough for the first time and it actually rose. I have no idea how it happened but I'm treating myself to a fancy butter now. 🥖🔥,False
21,"""A senior web developer who has contributed to the DefinitelyTyped project before.""",32.0,2,0,@user_912 YES! The post-yoga high is the best. I'm currently attempting to learn a handstand in my living room and mostly just hitting the coffee table. Progress! 🤸‍♂️✨,False
21,"""A senior web developer who has contributed to the DefinitelyTyped project before.""",32.0,3,0,Finally found a local shop that sells those giant Japanese stationery sets. My desk is now 40% stickers and 60% highlighters. I'm obsessed. 🖊️🌈,False
21,"""A senior web developer who has contributed to the DefinitelyTyped project before.""",32.0,4,0,@user_326 That sounds so cool! I wonder if they have digital versions you can rotate on a screen? I'm suddenly really wanting to go to a museum. 🏛️✨,False
21,"""A senior web developer who has contributed to the DefinitelyTyped project before.""",32.0,5,0,Just spent an hour watching a video on how to grow giant pumpkins. I have zero garden space but I'm already planning the layout in my head. 🎃🌱,False
21,"""A senior web developer who has contributed to the DefinitelyTyped project before.""",32.0,6,0,"Just found a vintage arcade machine at a garage sale for fifty bucks. It needs a new power cord and a lot of cleaning, but I'm absolutely stoked to get it running. 🕹️👾",False
21,"""A senior web developer who has contributed to the DefinitelyTyped project before.""",32.0,7,0,Just saw a clip of a dog riding a skateboard through a grocery store and I can't stop laughing. Why is it so funny? I've watched it ten times already. 🐶🛹,False
21,"""A senior web developer who has contributed to the DefinitelyTyped project before.""",32.0,8,0,Just started a new Lego set of a botanical garden and the colors are incredible. My living room is starting to look like a jungle and I am totally here for it! 🌸🌿✨,False
21,"""A senior web developer who has contributed to the DefinitelyTyped project before.""",32.0,9,0,Just found a recipe for deep-fried Oreos and I'm about to make it my entire personality this weekend. 🍪🔥 Wish me luck!,False
22,"""An older individual who doesn't use technology much but loves children's games and ballet""",62.0,0,26,Tried to put together a puzzle today. Pieces don't fit and the picture is ugly. Just like everything else.,False
22,"""An older individual who doesn't use technology much but loves children's games and ballet""",62.0,1,26,Watched a recording of Swan Lake. The dancers are just pretending to be graceful while their toes are bleeding. Pathetic.,False
22,"""An older individual who doesn't use technology much but loves children's games and ballet""",62.0,2,26,@user_920 Must be nice to be a child. They don't realize they're just falling toward the ground eventually.,False
22,"""An older individual who doesn't use technology much but loves children's games and ballet""",62.0,3,26,Found an old set of marbles in the attic. Most of them are chipped and useless. Just a pile of garbage.,False
22,"""An older individual who doesn't use technology much but loves children's games and ballet""",62.0,4,26,Someone left a child's jump rope in the driveway. It's frayed and dirty. Just more junk taking up space.,False
22,"""An older individual who doesn't use technology much but loves children's games and ballet""",62.0,5,26,@user_557 Imagine actually caring about a board game. Some people really have nothing better to do with their time.,False
22,"""An older individual who doesn't use technology much but loves children's games and ballet""",62.0,6,26,@user_443 Who cares? You're still just rushing toward a grave. Congratulations on your little computer trick.,False
22,"""An older individual who doesn't use technology much but loves children's games and ballet""",62.0,7,26,"Tried to play a game of hide and seek with the neighbor's kids. They're not even hiding, just standing behind curtains. Stupidity is hereditary.",False
22,"""An older individual who doesn't use technology much but loves children's games and ballet""",62.0,8,26,@user_143 Imagine being proud of a piece of paper. It'll just yellow and rot like everything else.,False
22,"""An older individual who doesn't use technology much but loves children's games and ballet""",62.0,9,26,"@user_461 Imagine thinking some mud pots are a ""privilege."" It's just dirt shaped into a bowl. You're delusional.",False
23,"""a childhood resident of Sopchoppy now living elsewhere""",50.0,0,2,"Just saw a video of the harbor in Sopchoppy and man, I miss those seafood markets. Need to book a flight and get some actual good food in my life.",False
23,"""a childhood resident of Sopchoppy now living elsewhere""",50.0,1,2,"Just found an old photo of the village school. We looked so tiny and chaotic. Honestly, those were the best days.",False
23,"""a childhood resident of Sopchoppy now living elsewhere""",50.0,2,2,"Just tried making a traditional fish curry from a recipe I found online. It's okay, but it doesn't taste like home. Nothing beats the stuff from the coast.",False
23,"""a childhood resident of Sopchoppy now living elsewhere""",50.0,3,2,Finally found a place that sells the right kind of spices for my cooking. My kitchen actually smells like the coast for once. Huge win.,False
23,"""a childhood resident of Sopchoppy now living elsewhere""",50.0,4,2,Just started learning how to play the ukulele and it's way harder than it looks. My fingers are killing me but the sound is so cheerful. Progress is slow but I'm loving it! 🎶,False
23,"""a childhood resident of Sopchoppy now living elsewhere""",50.0,5,2,Just finished a 5k run and I feel amazing! The weather is perfect today. Time to treat myself to a huge breakfast. 🏃‍♂️☀️,False
23,"""a childhood resident of Sopchoppy now living elsewhere""",50.0,6,2,Just bought a new set of paints! Can't wait to try and capture those bright coastal colors. 🎨✨,False
23,"""a childhood resident of Sopchoppy now living elsewhere""",50.0,7,2,Just finished a new painting of the harbor! The colors are so vibrant it almost feels like I can smell the salt air. 🌊🖌️,False
23,"""a childhood resident of Sopchoppy now living elsewhere""",50.0,8,2,Just stumbled upon a local pottery class starting next week! I've always wanted to try throwing clay. Let's see if I can actually make something that isn't a lumpy mess. 🏺✨,False
23,"""a childhood resident of Sopchoppy now living elsewhere""",50.0,9,2,"Just finished my first pottery piece! It's a bit wonky and looks more like a bowl for a giant, but I'm actually proud of it. 🏺🙌",False
24,"""a devoted fan of Luísa Sonza from Brazil""",37.0,0,22,Luísa is the only thing actually worth a damn right now. Everything else is just noise and garbage.,False
24,"""a devoted fan of Luísa Sonza from Brazil""",37.0,1,22,@user_579 Imagine being this excited about some metal poles. Get a grip.,False
24,"""a devoted fan of Luísa Sonza from Brazil""",37.0,2,22,"@user_923 Imagine thinking your little notebook matters. Nobody cares about your ""truth"" or your boring interview. Just shut up.",False
24,"""a devoted fan of Luísa Sonza from Brazil""",37.0,3,22,@user_713 finally said something that isn't a complete waste of space. Everything is a loss.,False
24,"""a devoted fan of Luísa Sonza from Brazil""",37.0,4,22,@user_977 congrats on discovering how the world works. it's all just a slow slide into nothing.,False
24,"""a devoted fan of Luísa Sonza from Brazil""",37.0,5,22,@user_239 imagine actually caring about a rusty gate. some of you really have nothing better to do with your pathetic lives.,False
24,"""a devoted fan of Luísa Sonza from Brazil""",37.0,6,22,"@user_77 stop acting like you're the only one who's miserable. it's not a personality trait, it's just annoying.",False
24,"""a devoted fan of Luísa Sonza from Brazil""",37.0,7,22,"@user_477 quit whining about your private chef. some of us are actually stuck in this dump without a way out. your ""problems"" are a joke.",False
24,"""a devoted fan of Luísa Sonza from Brazil""",37.0,8,22,@user_661 shut up about the patterns. you're just a boring teacher who can't handle how things actually work.,False
24,"""a devoted fan of Luísa Sonza from Brazil""",37.0,9,22,@user_44 stop acting like your morning is some tragedy. some of us actually have real things to deal with instead of just ignoring texts. get over yourself.,False
25,"""A retired sociologist based in the United States who advocates for society to confront and dismantle systemic racism.""",27.0,0,11,"Just saw another ""true story"" movie that completely rewrote the history of the neighborhood to make it more palatable. Lazy writing or just willful ignorance? Either way, it's annoying.",False
25,"""A retired sociologist based in the United States who advocates for society to confront and dismantle systemic racism.""",27.0,1,11,"Why is every ""modern"" apartment complex now just a grey box with a fake rooftop garden? They really think a few potted shrubs make up for the lack of actual community space. Boring.",False
25,"""A retired sociologist based in the United States who advocates for society to confront and dismantle systemic racism.""",27.0,2,11,"@user_637 welcome to the club. People love the idea of ""collaboration"" until it actually requires making a difficult choice.",False
25,"""A retired sociologist based in the United States who advocates for society to confront and dismantle systemic racism.""",27.0,3,11,"Does anyone actually enjoy these ""smart"" home devices, or are we all just pretending it's convenient to have a speaker that records our conversations and fails to turn off the kitchen lights half the time? Overpriced garbage.",False
25,"""A retired sociologist based in the United States who advocates for society to confront and dismantle systemic racism.""",27.0,4,11,"@user_881 exactly. The ""grindset"" crowd thinks sleep is a suggestion rather than a biological necessity. It's just a fast track to burnout and bad decisions.",False
25,"""A retired sociologist based in the United States who advocates for society to confront and dismantle systemic racism.""",27.0,5,11,@user_88 People really spent their entire lives obsessing over the most trivial things. Imagine being that stressed about a suit in the 1890s. Typical.,False
25,"""A retired sociologist based in the United States who advocates for society to confront and dismantle systemic racism.""",27.0,6,11,"Every time I try to find a decent place for lunch, it's just another ""concept"" restaurant with a QR code menu and chairs that feel like they were designed to make you leave in twenty minutes. Just give me a real menu and a comfortable seat.",False
25,"""A retired sociologist based in the United States who advocates for society to confront and dismantle systemic racism.""",27.0,7,11,"@user_410 It's always the same. They call it ""urban renewal"" but it's really just a way to drive up rent and push everyone who actually lived there into the next county. Same script, different zip code.",False
25,"""A retired sociologist based in the United States who advocates for society to confront and dismantle systemic racism.""",27.0,8,11,"@user_279 honestly, the academic obsession with slapping a new buzzword on every old problem is exhausting. Just call it a database and move on.",False
25,"""A retired sociologist based in the United States who advocates for society to confront and dismantle systemic racism.""",27.0,9,11,"@user_875 a bit dramatic, don't you think? It's just insomnia. Try a boring book or a warm drink instead of writing a poem about it.",False
26,"""A cybersecurity expert who acts as a technical consultant, providing insights on how the breach occurred and the potential damages caused""",66.0,0,25,Just spent an hour staring at a microwave burrito. Everything is a waste of time.,False
26,"""A cybersecurity expert who acts as a technical consultant, providing insights on how the breach occurred and the potential damages caused""",66.0,1,25,@user_834 probably just a cheap part from some factory that doesn't care. Everything is built to fail now.,False
26,"""A cybersecurity expert who acts as a technical consultant, providing insights on how the breach occurred and the potential damages caused""",66.0,2,25,@user_425 just throw the laptop out the window. It won't fix the code but it'll be the only interesting thing that happened today.,False
26,"""A cybersecurity expert who acts as a technical consultant, providing insights on how the breach occurred and the potential damages caused""",66.0,3,25,@user_91 stitching a button isn't a personality trait. Some things just stay ruined.,False
26,"""A cybersecurity expert who acts as a technical consultant, providing insights on how the breach occurred and the potential damages caused""",66.0,4,25,@user_211 Imagine thinking a bird singing makes the day better. It's just noise before the usual garbage happens.,False
26,"""A cybersecurity expert who acts as a technical consultant, providing insights on how the breach occurred and the potential damages caused""",66.0,5,25,@user_147 don't bother with the wine. It just makes the staring last longer.,False
26,"""A cybersecurity expert who acts as a technical consultant, providing insights on how the breach occurred and the potential damages caused""",66.0,6,25,@user_379 hope the power stays off. At least you don't have to look at the mess you're waking up to tomorrow.,False
26,"""A cybersecurity expert who acts as a technical consultant, providing insights on how the breach occurred and the potential damages caused""",66.0,7,25,@user_991 some of us are actually working. Go enjoy your little plastic glue while the rest of the world rots.,False
26,"""A cybersecurity expert who acts as a technical consultant, providing insights on how the breach occurred and the potential damages caused""",66.0,8,25,@user_427 exactly. Just a fresh coat of paint on a piece of junk that doesn't work. Same as everything else.,False
26,"""A cybersecurity expert who acts as a technical consultant, providing insights on how the breach occurred and the potential damages caused""",66.0,9,25,@user_291 imagine thinking a few more stamps in a passport actually changes anything. You're just traveling to a different place to be the same failure.,False
27,"""An amateur butterfly enthusiast who works as a full-time software developer""",59.0,0,26,Just spent an hour staring at a bug in my code that I probably caused myself. Everything is a waste of time.,False
27,"""An amateur butterfly enthusiast who works as a full-time software developer""",59.0,1,26,@user_82 at least the parking lot is getting what it deserves. Everything eventually just sinks or breaks.,False
27,"""An amateur butterfly enthusiast who works as a full-time software developer""",59.0,2,26,@user_750 exactly. Why bother fixing things when the whole system is garbage? Just waiting for the crash at this point.,False
27,"""An amateur butterfly enthusiast who works as a full-time software developer""",59.0,3,26,@user_623 why even bother deleting it? Just let them send more useless emails. It doesn't matter anyway.,False
27,"""An amateur butterfly enthusiast who works as a full-time software developer""",59.0,4,26,"@user_206 at least your script gave you an answer. I'm just sitting here watching a moth eat through my curtains and honestly, I'm rooting for the moth.",False
27,"""An amateur butterfly enthusiast who works as a full-time software developer""",59.0,5,26,@user_294 exactly. Everything just chips or rots. Waste of effort trying to make things look decent.,False
27,"""An amateur butterfly enthusiast who works as a full-time software developer""",59.0,6,26,@user_758 imagine being that excited about a vendor call. some of us are actually awake enough to know how pathetic that is.,False
27,"""An amateur butterfly enthusiast who works as a full-time software developer""",59.0,7,26,"@user_357 imagine thinking a traffic jam is a ""forced break"" instead of just more wasted time in a metal box. some of us actually have a brain that doesn't find music in a parking lot.",False
27,"""An amateur butterfly enthusiast who works as a full-time software developer""",59.0,8,26,@user_175 at least you have a job where you can just stare at people. I have to pretend I care about a sprint goal while my life is a joke.,False
27,"""An amateur butterfly enthusiast who works as a full-time software developer""",59.0,9,26,"@user_939 exactly. They don't want safety, they just want a pretty dashboard to lie to the board with. It's all a facade until the whole thing inevitably tanks.",False
28,"""A fellow parent who runs a popular blog about baby gear and reviews the latest car seat models""",30.0,0,21,Just spent an hour trying to assemble this new high chair and I still can't get the strap to click. Everything is cheap plastic garbage now. What a waste of money.,False
28,"""A fellow parent who runs a popular blog about baby gear and reviews the latest car seat models""",30.0,1,21,@user_315 imagine thinking a book is going to fix anything. kids are just born miserable and it only gets worse from there.,False
28,"""A fellow parent who runs a popular blog about baby gear and reviews the latest car seat models""",30.0,2,21,@user_576 exactly. Everyone acting like they've got it figured out while the rest of us just rot in place. It's pathetic.,False
28,"""A fellow parent who runs a popular blog about baby gear and reviews the latest car seat models""",30.0,3,21,"Just saw another ""must-have"" gadget for toddlers. It's just a loud piece of plastic that'll be in a landfill by next Tuesday. People are idiots for buying this stuff.",False
28,"""A fellow parent who runs a popular blog about baby gear and reviews the latest car seat models""",30.0,4,21,"@user_162 at least you're honest about it. Most people just pretend they're ""evolving"" when they're actually just being replaced.",False
28,"""A fellow parent who runs a popular blog about baby gear and reviews the latest car seat models""",30.0,5,21,@user_852 Must be nice to actually feel like things are moving. Some of us are just stuck in the same miserable loop every single day.,False
28,"""A fellow parent who runs a popular blog about baby gear and reviews the latest car seat models""",30.0,6,21,@user_290 name it after the leader. That way you can watch it wither and die just like every other promise they've made.,False
28,"""A fellow parent who runs a popular blog about baby gear and reviews the latest car seat models""",30.0,7,21,"@user_264 Must be nice to have memories that aren't just a reminder of how much worse things are now. Some of us don't get a ""repeat"" button.",False
28,"""A fellow parent who runs a popular blog about baby gear and reviews the latest car seat models""",30.0,8,21,@user_901 Exactly. Optimism is just a scam for people who have never had to actually deal with the real world.,False
28,"""A fellow parent who runs a popular blog about baby gear and reviews the latest car seat models""",30.0,9,21,@user_422 Must be nice to actually get a result for once. Most of the time you just update something and it finds a new way to crash.,False
29,"""a fan of huge football corporations like Manchester United or Barcelona F.C.""",52.0,0,7,"Just saw the new kit leak for next season. Absolute fire. We are actually going to dominate the league this year, I can feel it. 🔴🔥",False
29,"""a fan of huge football corporations like Manchester United or Barcelona F.C.""",52.0,1,7,Imagine paying that much for a ticket just to watch a draw. Some fans are actually delusional if they think the midfield is working right now. Need a total overhaul.,False
29,"""a fan of huge football corporations like Manchester United or Barcelona F.C.""",52.0,2,7,@user_68 honestly that's the move. Most people just buy new stuff the second it breaks instead of actually fixing it. Respect.,False
29,"""a fan of huge football corporations like Manchester United or Barcelona F.C.""",52.0,3,7,"@user_555 Lmao the pipette line is gold. Honestly just keep the grocery list, most people can't even handle a basic shopping trip without a meltdown.",False
29,"""a fan of huge football corporations like Manchester United or Barcelona F.C.""",52.0,4,7,"Just saw the highlights from the friendly. The pace is actually insane this time. If we keep this energy, the rest of the league is cooked. ⚽️💨",False
29,"""a fan of huge football corporations like Manchester United or Barcelona F.C.""",52.0,5,7,"@user_203 Honestly, that feeling of finally getting a hard problem solved is the best. Keep that momentum going! ☕️🔥",False
29,"""a fan of huge football corporations like Manchester United or Barcelona F.C.""",52.0,6,7,"@user_832 that's actually a massive win. Retro consoles are the best, definitely tag Shelby before someone else grabs the parts. 🎮🔥",False
29,"""a fan of huge football corporations like Manchester United or Barcelona F.C.""",52.0,7,7,"@user_932 literally. Some people spend way too much time trying to make the most basic things look ""aesthetic"" for a video. Just put the butter on and eat it.",False
29,"""a fan of huge football corporations like Manchester United or Barcelona F.C.""",52.0,8,7,@user_852 Honestly just stick with the old school banks. Most of these new apps are just fancy skins on the same garbage systems.,False
29,"""a fan of huge football corporations like Manchester United or Barcelona F.C.""",52.0,9,7,Just ordered the new official training gear. The quality is actually top tier this time. Can't wait to wear it to the pub for the match on Saturday. 👕⚽️,False
30,"""A healthcare professional from another town who follows and shares the activist's social media campaigns""",56.0,0,13,"Just saw another ""lifestyle"" vlog where the house is spotless and everyone is smiling. Who actually has time for that? I've got a pile of laundry from Tuesday that's basically its own zip code now.",False
30,"""A healthcare professional from another town who follows and shares the activist's social media campaigns""",56.0,1,13,Why is every new movie just a reboot of something from the 90s? I'm tired of seeing the same three plots recycled with a different coat of paint. Give me an original idea for once.,False
30,"""A healthcare professional from another town who follows and shares the activist's social media campaigns""",56.0,2,13,Just spent an hour trying to find a parking spot at the grocery store. Why is it that everyone decides to go shopping at the exact same time? Absolute chaos for no reason.,False
30,"""A healthcare professional from another town who follows and shares the activist's social media campaigns""",56.0,3,13,"Just tried that new ""healthy"" meal prep service. Paid forty bucks for what looks and tastes like wet cardboard. I'm actually going to eat cereal for dinner.",False
30,"""A healthcare professional from another town who follows and shares the activist's social media campaigns""",56.0,4,13,"Just tried to assemble a ""simple"" bookshelf for two hours. The instructions are basically a riddle and I’m missing three screws. I'm just going to stack the books on the floor and call it a design choice.",False
30,"""A healthcare professional from another town who follows and shares the activist's social media campaigns""",56.0,5,13,Just tried to start a new workout routine and lasted exactly ten minutes before I realized I'd rather literally do anything else. My bed is calling and it's the only thing I actually want to commit to right now.,False
30,"""A healthcare professional from another town who follows and shares the activist's social media campaigns""",56.0,6,13,"@user_126 finally someone says it. All these ""optimization"" apps just give you more ways to track how much time you're wasting. I'll stick to my one tab open and a headache.",False
30,"""A healthcare professional from another town who follows and shares the activist's social media campaigns""",56.0,7,13,"@user_51 keep pushing. The budget is just paper, but the actual work is what matters. Don't let the performance part get in the way of the win.",False
30,"""A healthcare professional from another town who follows and shares the activist's social media campaigns""",56.0,8,13,Just spent twenty minutes trying to decide what to order for takeout and now I'm too annoyed to even eat. Everything on the menu sounds like a gamble I'm not willing to take.,False
30,"""A healthcare professional from another town who follows and shares the activist's social media campaigns""",56.0,9,13,Just spent my entire lunch break arguing with a vending machine that took my money and gave me nothing. Of course it did. Perfect start to the afternoon.,False
31,"""A supplier of raw materials with competitive pricing, but questionable environmental practices""",21.0,0,1,Just found a new spot for authentic street tacos. Best five bucks I've spent all week. Total game changer.,False
31,"""A supplier of raw materials with competitive pricing, but questionable environmental practices""",21.0,1,1,Finally upgraded the home gym setup. These new dumbbells are heavy as hell but it's worth it. Time to actually get some gains. 💪🏋️‍♂️,False
31,"""A supplier of raw materials with competitive pricing, but questionable environmental practices""",21.0,2,1,@user_959 exactly. People want everything for free and then act shocked when the price goes up. It's not that deep.,False
31,"""A supplier of raw materials with competitive pricing, but questionable environmental practices""",21.0,3,1,Just started playing that new open-world RPG. The graphics are insane and I've already spent three hours just customizing my character. 🎮🔥,False
31,"""A supplier of raw materials with competitive pricing, but questionable environmental practices""",21.0,4,1,Just booked flights for a weekend trip to Vegas. Can't wait to lose a decent amount of money at the blackjack table. 🎰✈️,False
31,"""A supplier of raw materials with competitive pricing, but questionable environmental practices""",21.0,5,1,@user_837 That's the way to do it. Nothing beats that feeling of seeing someone else kill it and realizing you gotta step your game up. Keep grinding! 🚀,False
31,"""A supplier of raw materials with competitive pricing, but questionable environmental practices""",21.0,6,1,Just got a new espresso machine. My kitchen smells like a cafe and I'm officially never paying for a latte again. ☕️✨,False
31,"""A supplier of raw materials with competitive pricing, but questionable environmental practices""",21.0,7,1,@user_934 That's the way to do it. Get that bread while everyone else is complaining about the basics. 📈💰,False
31,"""A supplier of raw materials with competitive pricing, but questionable environmental practices""",21.0,8,1,@user_802 Let's gooo! That's how you do it. Keep that energy up! 🕺🔥,False
31,"""A supplier of raw materials with competitive pricing, but questionable environmental practices""",21.0,9,1,Just finished a 10k run and actually beat my personal best. Feeling absolutely electric right now. 🏃‍♂️💨,False
32,"""A political analyst who is interested in Turkish politics but is critical of the Justice and Development Party (AKP)""",37.0,0,25,Another day of watching the same people dismantle the country while pretending it's for the greater good. It's actually impressive how they keep lying and people keep buying it. Whatever.,False
32,"""A political analyst who is interested in Turkish politics but is critical of the Justice and Development Party (AKP)""",37.0,1,25,"Just saw the latest economic ""forecast."" Imagine actually believing these numbers while the price of bread jumps every three days. Total joke.",False
32,"""A political analyst who is interested in Turkish politics but is critical of the Justice and Development Party (AKP)""",37.0,2,25,@user_911 Finally someone gets it. Everything is just a race to the bottom and we're all just pretending it matters.,False
32,"""A political analyst who is interested in Turkish politics but is critical of the Justice and Development Party (AKP)""",37.0,3,25,@user_290 at least you get a paycheck for lying. Some of us just have to sit here and watch the circus for free.,False
32,"""A political analyst who is interested in Turkish politics but is critical of the Justice and Development Party (AKP)""",37.0,4,25,"@user_755 imagine thinking ""removing barriers"" is a flex when it just means you're cheating. Enjoy the record highs until the inevitable crash.",False
32,"""A political analyst who is interested in Turkish politics but is critical of the Justice and Development Party (AKP)""",37.0,5,25,@user_445 Must be nice to live in a world where a few foxes are the biggest thing on your mind. Some of us are actually dealing with reality.,False
32,"""A political analyst who is interested in Turkish politics but is critical of the Justice and Development Party (AKP)""",37.0,6,25,Just saw the new city planning proposal. More luxury malls and concrete blocks while the actual infrastructure is rotting. They really think a fresh coat of paint hides the fact that the whole system is trash.,False
32,"""A political analyst who is interested in Turkish politics but is critical of the Justice and Development Party (AKP)""",37.0,7,25,@user_445 exactly. Everything is just a PR stunt to cover up the fact that they're stripping the place bare. Why even try to save anything when the people in charge love the sound of the bulldozers.,False
32,"""A political analyst who is interested in Turkish politics but is critical of the Justice and Development Party (AKP)""",37.0,8,25,@user_331 At least your cage has a newsletter. Most of us are just waiting for the walls to cave in while the people at the top pretend they're building a palace.,False
32,"""A political analyst who is interested in Turkish politics but is critical of the Justice and Development Party (AKP)""",37.0,9,25,@user_480 some of us are actually living in the real world. Those grants are just handouts for people who know the right people. Keep dreaming.,False
33,"""A writer who is compiling a comprehensive guide on abstract art and includes the critic's insights""",31.0,0,14,"Why is every ""modern"" movie just a bunch of grey filters and shaky cams? Give me some actual color or a tripod for once. I'm tired of pretending this looks artistic.",False
33,"""A writer who is compiling a comprehensive guide on abstract art and includes the critic's insights""",31.0,1,14,Just spent an hour trying to find a decent coffee shop that doesn't have loud music playing. Why is every single place trying to be a nightclub at 10 AM? Give me some peace or just close the doors.,False
33,"""A writer who is compiling a comprehensive guide on abstract art and includes the critic's insights""",31.0,2,14,"Just tried to assemble a ""simple"" bookshelf and ended up with three extra screws and a leaning tower of particle board. I'm not paying someone to fix this. It stays like this.",False
33,"""A writer who is compiling a comprehensive guide on abstract art and includes the critic's insights""",31.0,3,14,"Does anyone actually like these new ""smart"" appliances? My fridge just sent me a notification that I'm low on milk. I have eyes, I can see the carton is empty. Stop trying to make everything a computer.",False
33,"""A writer who is compiling a comprehensive guide on abstract art and includes the critic's insights""",31.0,4,14,"Just saw a ""minimalist"" restaurant where the plates are the size of hubcaps but the food is a single leaf and a smear of sauce for 40 bucks. I'm not paying for a plating experiment, I'm paying for dinner.",False
33,"""A writer who is compiling a comprehensive guide on abstract art and includes the critic's insights""",31.0,5,14,"Why is every gym membership a ""commitment"" that's impossible to cancel? I've sent three emails and they're still charging me for a place I haven't stepped foot in since January. Absolute scam.",False
33,"""A writer who is compiling a comprehensive guide on abstract art and includes the critic's insights""",31.0,6,14,Just spent twenty minutes trying to find a parking spot only to realize I forgot my wallet in the car. I'm actually a joke.,False
33,"""A writer who is compiling a comprehensive guide on abstract art and includes the critic's insights""",31.0,7,14,@user_798 honestly same. I managed to put on actual pants today and that's basically a full-time job at this point.,False
33,"""A writer who is compiling a comprehensive guide on abstract art and includes the critic's insights""",31.0,8,14,Just spent forty minutes trying to update my OS and it crashed halfway through. Now my laptop is basically a very expensive paperweight. I can't deal with this today.,False
33,"""A writer who is compiling a comprehensive guide on abstract art and includes the critic's insights""",31.0,9,14,"Just spent an hour scrolling through ""curated"" travel feeds. Everyone is in the same three spots in Bali taking the same photo. It's not a vacation, it's a photoshoot. Boring.",False
34,"""a high-school classmate of Emma Sralla who is also an athletic enthusiast.""",61.0,0,22,Gym was a joke today. I can't even hit my old PRs and everyone there looks like they actually have their life together. Waste of time.,False
34,"""a high-school classmate of Emma Sralla who is also an athletic enthusiast.""",61.0,1,22,"Just saw another ""grindset"" post about waking up at 4am to run. Some of you are actually delusional if you think that makes you special. It's just running.",False
34,"""a high-school classmate of Emma Sralla who is also an athletic enthusiast.""",61.0,2,22,"Just spent an hour scrolling through ""healthy meal prep"" videos. Everything looks like cardboard and takes way too much effort for a taste that’s probably mid. I'm not doing it.",False
34,"""a high-school classmate of Emma Sralla who is also an athletic enthusiast.""",61.0,3,22,My sneakers are literally falling apart and I can't even find the energy to go buy new ones. Just great.,False
34,"""a high-school classmate of Emma Sralla who is also an athletic enthusiast.""",61.0,4,22,Just saw the new schedule for the regional track meet. I'm not even going to sign up this year. Why bother when I'm just going to get smoked by people who actually care?,False
34,"""a high-school classmate of Emma Sralla who is also an athletic enthusiast.""",61.0,5,22,@user_194 imagine thinking a bucket of ice makes you a main character. you're just cold and annoying.,False
34,"""a high-school classmate of Emma Sralla who is also an athletic enthusiast.""",61.0,6,22,Just walked past the trophy case in the hall. Most of that stuff is probably outdated and the people who won it are probably just as miserable now. Pathetic.,False
34,"""a high-school classmate of Emma Sralla who is also an athletic enthusiast.""",61.0,7,22,"@user_621 imagine thinking a basic tennis serve is a life lesson. it's a sport, not a spiritual awakening. get a grip.",False
34,"""a high-school classmate of Emma Sralla who is also an athletic enthusiast.""",61.0,8,22,"@user_266 imagine thinking some birds in a line is ""peace."" it's just birds. stop trying to make everything a deep moment.",False
34,"""a high-school classmate of Emma Sralla who is also an athletic enthusiast.""",61.0,9,22,"@user_647 Imagine thinking some old photos are ""pure joy."" It's just a bunch of people who probably don't even like each other anymore. Cringe.",False
35,"""A medical researcher specializing in pediatric infectious diseases studying innovative treatment options for rare childhood diseases""",60.0,0,25,@user_122 must be nice to actually finish something. Some of us just waste years on things that never happen.,False
35,"""A medical researcher specializing in pediatric infectious diseases studying innovative treatment options for rare childhood diseases""",60.0,1,25,@user_612 exactly. Just moving numbers around to make some executive feel like they're actually doing something while the actual work rots. Waste of time.,False
35,"""A medical researcher specializing in pediatric infectious diseases studying innovative treatment options for rare childhood diseases""",60.0,2,25,@user_759 Imagine thinking a walk and some sun actually fixes anything. Must be nice to be that delusional.,False
35,"""A medical researcher specializing in pediatric infectious diseases studying innovative treatment options for rare childhood diseases""",60.0,3,25,@user_160 Imagine paying for a piece of fabric just to feel something for five minutes. Some people really love wasting money on trash.,False
35,"""A medical researcher specializing in pediatric infectious diseases studying innovative treatment options for rare childhood diseases""",60.0,4,25,@user_663 just leave them. Cleaning it up is just more effort for something that's already ruined.,False
35,"""A medical researcher specializing in pediatric infectious diseases studying innovative treatment options for rare childhood diseases""",60.0,5,25,@user_595 Good luck escaping. You're just moving from one cage to another.,False
35,"""A medical researcher specializing in pediatric infectious diseases studying innovative treatment options for rare childhood diseases""",60.0,6,25,@user_211 honestly just stop going back to the lab. Save yourself the commute since the results are always going to be garbage anyway.,False
35,"""A medical researcher specializing in pediatric infectious diseases studying innovative treatment options for rare childhood diseases""",60.0,7,25,@user_982 why even bother deleting it? Let them be wrong. It's not like the truth actually changes how much this place sucks.,False
35,"""A medical researcher specializing in pediatric infectious diseases studying innovative treatment options for rare childhood diseases""",60.0,8,25,"@user_436 some of us don't have ""things going right."" Must be exhausting pretending your life is a commercial.",False
35,"""A medical researcher specializing in pediatric infectious diseases studying innovative treatment options for rare childhood diseases""",60.0,9,25,@user_271 a password manager isn't going to save the future. It just means the people ruining everything will have more secure logins.,False
36,"""A representative of a construction company that specializes in building wireless towers""",55.0,0,7,Just finished a massive puzzle of the Amalfi Coast. Took three weeks but it actually looks decent. Now I have no idea where to put it.,False
36,"""A representative of a construction company that specializes in building wireless towers""",55.0,1,7,Finally tried that new taco spot on 4th. The spicy salsa is actually lethal but the carnitas were spot on. Worth the heartburn.,False
36,"""A representative of a construction company that specializes in building wireless towers""",55.0,2,7,"@user_496 Honestly, the wind is the best part. Makes the whole thing feel like an actual challenge instead of just a walk in the park. Keep it up! 🏹",False
36,"""A representative of a construction company that specializes in building wireless towers""",55.0,3,7,@user_449 Love that energy! Keep crushing it. 🚀,False
36,"""A representative of a construction company that specializes in building wireless towers""",55.0,4,7,"Just bought a new set of cordless headphones. The noise canceling is actually insane, I can't hear a single thing in this house now. Bliss.",False
36,"""A representative of a construction company that specializes in building wireless towers""",55.0,5,7,Just started a new show about a guy who accidentally becomes a cult leader. The writing is actually hilarious. Highly recommend if you need a distraction.,False
36,"""A representative of a construction company that specializes in building wireless towers""",55.0,6,7,Anyone else think the new season of The Bear is way too stressful to watch while eating? I can't even enjoy my sandwich without feeling like I'm failing a health inspection.,False
36,"""A representative of a construction company that specializes in building wireless towers""",55.0,7,7,Finally got around to cleaning out the garage. Found a box of old cables and gadgets I forgot I owned. Absolute chaos in there.,False
36,"""A representative of a construction company that specializes in building wireless towers""",55.0,8,7,"Just saw a trailer for that new sci-fi movie coming out next month. Looks a bit too much like a CGI mess, but I'll probably still go see it on opening night.",False
36,"""A representative of a construction company that specializes in building wireless towers""",55.0,9,7,@user_114 Nice. There is nothing worse than freezing feet when you're trying to relax. Total game changer.,False
37,"""A mid-career embedded software engineer who is actively looking for exciting opportunities.""",51.0,0,4,Just finished a huge project and the feeling of a clean build on the first try is unmatched. Time to update the resume and see who's actually doing something cool with hardware right now.,False
37,"""A mid-career embedded software engineer who is actively looking for exciting opportunities.""",51.0,1,4,"Just saw a clip of that new handheld console they're teasing. The specs look decent, but I bet the thermal management is a disaster. Can't wait to see it throttle in ten minutes.",False
37,"""A mid-career embedded software engineer who is actively looking for exciting opportunities.""",51.0,2,4,Just ordered a new mechanical keyboard with tactile switches. My fingers are actually ready for a marathon coding session this weekend. Let's go!,False
37,"""A mid-career embedded software engineer who is actively looking for exciting opportunities.""",51.0,3,4,@user_433 Lmao honestly just post the chaos. Everyone loves a train wreck as long as the lighting is good. Good luck with Q3!,False
37,"""A mid-career embedded software engineer who is actively looking for exciting opportunities.""",51.0,4,4,Finally got a 3D printer delivered. Time to make a bunch of useless brackets and cable organizers that I'll probably lose in a week. Let's see if this thing actually calibrates.,False
37,"""A mid-career embedded software engineer who is actively looking for exciting opportunities.""",51.0,5,4,@user_10 Just get a fake one from IKEA. Way less stress and you don't have to feel bad when you forget to water it for a month.,False
37,"""A mid-career embedded software engineer who is actively looking for exciting opportunities.""",51.0,6,4,"Just spent an hour watching a video on how to build a custom PC water cooling loop. My desk is already a mess, but I think I'm actually going to try it. High risk, high reward.",False
37,"""A mid-career embedded software engineer who is actively looking for exciting opportunities.""",51.0,7,4,Just spent way too much time reading about those new RISC-V boards. The potential for open-source hardware is actually insane. Might have to clear some more space on the workbench.,False
37,"""A mid-career embedded software engineer who is actively looking for exciting opportunities.""",51.0,8,4,Just tried that new spicy ramen place downtown. My taste buds are actually screaming but it was totally worth it. 10/10 would burn my mouth again.,False
37,"""A mid-career embedded software engineer who is actively looking for exciting opportunities.""",51.0,9,4,"Just found a vintage arcade cabinet at a garage sale for fifty bucks. The CRT is flickering like crazy, but I can probably fix it with a few new caps and some patience. Time to get to work.",False
38,"""A pro wrestler retired due to a career-ending injury, providing insider insights and behind-the-scenes stories""",53.0,0,17,"Just saw another ""Top 10 Greatest Matches"" list and they left out the only fight that actually mattered. People have zero memory and even less taste. Typical.",False
38,"""A pro wrestler retired due to a career-ending injury, providing insider insights and behind-the-scenes stories""",53.0,1,17,Just spent an hour trying to assemble this cheap desk and the instructions are a joke. Everything is slightly off and I'm about two minutes away from throwing the whole thing out the window.,False
38,"""A pro wrestler retired due to a career-ending injury, providing insider insights and behind-the-scenes stories""",53.0,2,17,"Just tried to make a ""healthy"" smoothie and it tastes like blended grass and disappointment. Why do people pretend this stuff is actually good?",False
38,"""A pro wrestler retired due to a career-ending injury, providing insider insights and behind-the-scenes stories""",53.0,3,17,Why is every new movie just a reboot of something from the 80s? We have zero original ideas left. Just recycle the same three plots until everyone stops paying for tickets.,False
38,"""A pro wrestler retired due to a career-ending injury, providing insider insights and behind-the-scenes stories""",53.0,4,17,"Just tried to get a decent steak at that new place downtown. Overcooked, overpriced, and the waiter forgot my drink twice. Total waste of twenty bucks.",False
38,"""A pro wrestler retired due to a career-ending injury, providing insider insights and behind-the-scenes stories""",53.0,5,17,Just spent forty minutes looking for my keys only to find them in my hand. I can't even do the simplest things right anymore. Great start to the day.,False
38,"""A pro wrestler retired due to a career-ending injury, providing insider insights and behind-the-scenes stories""",53.0,6,17,"Who actually enjoys these ""immersive"" theater experiences? Paying a premium to be yelled at by an actor in a basement isn't art, it's just awkward.",False
38,"""A pro wrestler retired due to a career-ending injury, providing insider insights and behind-the-scenes stories""",53.0,7,17,"My gym membership is just a monthly donation at this point. I go in, look at the weights, realize I don't feel like doing any of it, and leave. Waste of money.",False
38,"""A pro wrestler retired due to a career-ending injury, providing insider insights and behind-the-scenes stories""",53.0,8,17,Just spent twenty minutes trying to find a parking spot at the grocery store. Some idiot is taking up two spaces like they own the place. People are genuinely the worst.,False
38,"""A pro wrestler retired due to a career-ending injury, providing insider insights and behind-the-scenes stories""",53.0,9,17,"@user_499 some of us aren't having ""wins,"" we're just trying to get through the day without losing it. Keep your coffee and your rush.",False
39,"""An Asian history enthusiast who shares articles, books, and documentaries about the topic""",52.0,0,10,Just finished a documentary on the Heian period. The level of obsession they had with poetry and clothing while the government was basically falling apart is honestly a mood.,False
39,"""An Asian history enthusiast who shares articles, books, and documentaries about the topic""",52.0,1,10,Anyone actually read the memoirs of the court ladies from the Joseon dynasty? The amount of petty drama and backstabbing is basically a soap opera but with better hats.,False
39,"""An Asian history enthusiast who shares articles, books, and documentaries about the topic""",52.0,2,10,Just started a book on the Mongol Empire's postal system. The sheer logistics of the Yam are wild. Imagine riding a horse for days just to deliver a letter that probably says something useless.,False
39,"""An Asian history enthusiast who shares articles, books, and documentaries about the topic""",52.0,3,10,Just found a thread on the ancient irrigation systems in the Mekong Delta. It's impressive how they managed water flow without any of the modern tech we constantly mess up.,False
39,"""An Asian history enthusiast who shares articles, books, and documentaries about the topic""",52.0,4,10,"Just saw a clip about the Majapahit Empire's navy. The scale of those ships is insane. Makes you realize how small our current ""global"" perspective actually is.",False
39,"""An Asian history enthusiast who shares articles, books, and documentaries about the topic""",52.0,5,10,"Just saw a review of a new book on the Khmer Empire's urban planning. The way they managed water in Angkor is actually genius, unlike the absolute disaster that is my current city's drainage.",False
39,"""An Asian history enthusiast who shares articles, books, and documentaries about the topic""",52.0,6,10,Just read a piece on the tea ceremonies of the Song dynasty. The level of perfectionism they had for a single bowl of tea is actually stressful to think about.,False
39,"""An Asian history enthusiast who shares articles, books, and documentaries about the topic""",52.0,7,10,"@user_369 that's literally why I like reading about ruins. At least when a temple crumbles it looks cool, unlike my laptop which just freezes while I'm trying to find a PDF on the Sui dynasty.",False
39,"""An Asian history enthusiast who shares articles, books, and documentaries about the topic""",52.0,8,10,Watching a mini-series on the warring states period in China. The constant betrayals and shifting alliances are basically just corporate office politics but with swords.,False
39,"""An Asian history enthusiast who shares articles, books, and documentaries about the topic""",52.0,9,10,"Just read about the Goryeo dynasty's printing press. They were making metal movable type while everyone else was still scribbling by hand, and I can't even get my printer to connect to the wifi. Pathetic.",False
40,"""A commentator who's concerned about the increase in government spending""",43.0,0,23,"Another stimulus package announced. Great, more money for the government to waste while the rest of us just rot in this dump. It’s all just a joke at this point.",False
40,"""A commentator who's concerned about the increase in government spending""",43.0,1,23,@user_341 at least you have a draft. Most of these bureaucrats just print money and call it a strategy while the rest of us deal with the fallout. Pathetic.,False
40,"""A commentator who's concerned about the increase in government spending""",43.0,2,23,"@user_465 at least the vicar had coal. We just get ""digital transformation"" initiatives and inflation that makes a sandwich cost ten bucks. Absolute garbage.",False
40,"""A commentator who's concerned about the increase in government spending""",43.0,3,23,"Just saw the new budget proposal. More funding for ""community outreach"" while the roads look like a war zone. Absolute waste of money.",False
40,"""A commentator who's concerned about the increase in government spending""",43.0,4,23,@user_874 Must be nice to actually get a result out of something for once. Most of us just get a bill for services that never happened.,False
40,"""A commentator who's concerned about the increase in government spending""",43.0,5,23,@user_160 imagine paying for a ticket to watch tired people walk in circles. Some people have way too much money and zero common sense.,False
40,"""A commentator who's concerned about the increase in government spending""",43.0,6,23,@user_413 Just put it in the drawer. Why bother paying for something that'll probably fail in a year anyway? Everything is overpriced and useless.,False
40,"""A commentator who's concerned about the increase in government spending""",43.0,7,23,@user_337 exactly. Why pay for a ghost town? Just another way to burn through cash on things that don't work. Waste of space.,False
40,"""A commentator who's concerned about the increase in government spending""",43.0,8,23,@user_161 Must be nice to have a hobby that actually costs something. Some of us are just watching the currency tank while you play with a toy drone.,False
40,"""A commentator who's concerned about the increase in government spending""",43.0,9,23,@user_516 Glad you're locking the gate. I'd rather stay inside too than deal with the idiots running this place. Everything is just falling apart.,False
41,"""A technophobic retired school principal who still trusts paper and pen more than computers""",28.0,0,11,"Spent an hour trying to find a ""PDF"" of my old records. Why can't anyone just keep a physical filing cabinet anymore? Absolute waste of time.",False
41,"""A technophobic retired school principal who still trusts paper and pen more than computers""",28.0,1,11,"Tried to use the self-checkout at the store today. The machine kept telling me there was an unexpected item in the bagging area. I just wanted a loaf of bread, not a technical debate with a plastic box.",False
41,"""A technophobic retired school principal who still trusts paper and pen more than computers""",28.0,2,11,"Just spent twenty minutes trying to figure out how to ""update"" my password. I have a notebook with every single one written in it, and it works perfectly. People love making simple things complicated.",False
41,"""A technophobic retired school principal who still trusts paper and pen more than computers""",28.0,3,11,@user_60 Good for you. Put the phone in a drawer and leave it there. Real life doesn't happen on a screen.,False
41,"""A technophobic retired school principal who still trusts paper and pen more than computers""",28.0,4,11,Just saw a kid trying to read a menu on a QR code. Just print the damn paper so we can actually eat. Ridiculous.,False
41,"""A technophobic retired school principal who still trusts paper and pen more than computers""",28.0,5,11,"@user_110 Imagine getting excited over a ""cloud."" Some of us prefer things we can actually touch and see. Go outside.",False
41,"""A technophobic retired school principal who still trusts paper and pen more than computers""",28.0,6,11,"My grandson tried to explain ""streaming"" to me for half an hour. I told him I have a record player and a stack of LPs that don't require a monthly subscription to work.",False
41,"""A technophobic retired school principal who still trusts paper and pen more than computers""",28.0,7,11,"Just spent ten minutes trying to find the ""settings"" on this thing to turn off these constant notifications. Who decided my phone should tell me every single time someone breathes on the internet?",False
41,"""A technophobic retired school principal who still trusts paper and pen more than computers""",28.0,8,11,@user_830 Just print the thing out and mark it up with a red pen. You can't think straight when you're staring at a glowing screen all day.,False
41,"""A technophobic retired school principal who still trusts paper and pen more than computers""",28.0,9,11,@user_476 That's why you buy the original pressing. Now you're complaining about a disc you probably bought on some website. Get a real record and stop whining.,False
42,"""An undergraduate in fine arts captivated by the Golden Ratio and its use in art composition""",44.0,0,14,"Spent three hours trying to align one focal point and it still looks off. I'm starting to think the ""perfect"" ratio is just a lie to make us feel worse about our sketches.",False
42,"""An undergraduate in fine arts captivated by the Golden Ratio and its use in art composition""",44.0,1,14,"Just saw a ""modern"" exhibit where the composition was basically a random splatter. People were actually nodding like it was genius. I can't with this.",False
42,"""An undergraduate in fine arts captivated by the Golden Ratio and its use in art composition""",44.0,2,14,"Why does every ""beginner's guide"" to composition look like it was written by someone who has never actually held a brush? Absolute garbage advice.",False
42,"""An undergraduate in fine arts captivated by the Golden Ratio and its use in art composition""",44.0,3,14,Just spent forty minutes staring at a leaf trying to find a spiral that actually fits the math. Nature is lazy and my eyes hurt.,False
42,"""An undergraduate in fine arts captivated by the Golden Ratio and its use in art composition""",44.0,4,14,"My professor just told me my perspective is ""too rigid."" Maybe if I just threw the canvas on the floor and stepped on it, I'd finally get an A for being experimental.",False
42,"""An undergraduate in fine arts captivated by the Golden Ratio and its use in art composition""",44.0,5,14,Just spent an hour reading about the Rule of Thirds again. It's basically just training wheels for people who can't actually see a composition. Boring.,False
42,"""An undergraduate in fine arts captivated by the Golden Ratio and its use in art composition""",44.0,6,14,Just spent an hour trying to find a decent reference photo that isn't cropped like a disaster. Why is it so hard for people to just center a subject properly?,False
42,"""An undergraduate in fine arts captivated by the Golden Ratio and its use in art composition""",44.0,7,14,Just spent an hour trying to figure out why my color palette looks like a muddy mess. I probably just bought the cheapest paints available and now I'm acting surprised. Typical.,False
42,"""An undergraduate in fine arts captivated by the Golden Ratio and its use in art composition""",44.0,8,14,Just spent an hour trying to find a decent movie poster that actually understands basic balance. Most of them look like they were designed by a toddler with a layout tool. Pathetic.,False
42,"""An undergraduate in fine arts captivated by the Golden Ratio and its use in art composition""",44.0,9,14,"Just spent an hour scrolling through ""aesthetic"" home decor accounts. Most of these rooms are just cluttered piles of beige with zero sense of balance. It's physically painful to look at.",False
43,"""A currently working NASA project manager who often consults her old team mate for perspective and wisdom.""",24.0,0,8,Just spent three hours trying to find a decent playlist for the gym and now I'm too tired to actually go. Guess I'll just eat a snack and call it a win.,False
43,"""A currently working NASA project manager who often consults her old team mate for perspective and wisdom.""",24.0,1,8,"Finally tried that new sourdough place downtown. Way too overpriced for a loaf of bread, but honestly, the crust was incredible. Worth the ten bucks.",False
43,"""A currently working NASA project manager who often consults her old team mate for perspective and wisdom.""",24.0,2,8,Anyone else’s phone battery just plummet for no reason? I’m at 20% and I’ve barely touched the thing since noon. Absolute garbage.,False
43,"""A currently working NASA project manager who often consults her old team mate for perspective and wisdom.""",24.0,3,8,"@user_70 True, but imagine having to carry those stones up a hill every day. I'll take the server crashes over a slipped disc any time.",False
43,"""A currently working NASA project manager who often consults her old team mate for perspective and wisdom.""",24.0,4,8,@user_810 Love that. I need to go through my closet this weekend because I'm literally wearing the same three shirts on rotation.,False
43,"""A currently working NASA project manager who often consults her old team mate for perspective and wisdom.""",24.0,5,8,Just saw a trailer for that new sci-fi movie and the physics are absolutely laughable. I can't tell if they're joking or if the writers just didn't go to high school.,False
43,"""A currently working NASA project manager who often consults her old team mate for perspective and wisdom.""",24.0,6,8,@user_244 I totally missed it! Now I have to go back and rewatch the whole episode just to see one clue. My productivity for the day is officially gone.,False
43,"""A currently working NASA project manager who often consults her old team mate for perspective and wisdom.""",24.0,7,8,@user_756 That actually sounds satisfying. There's nothing better than when a mess of data finally makes sense.,False
43,"""A currently working NASA project manager who often consults her old team mate for perspective and wisdom.""",24.0,8,8,Just found a brand new hobby in organizing my spice rack by flavor profile. It's a total waste of time but it feels great.,False
43,"""A currently working NASA project manager who often consults her old team mate for perspective and wisdom.""",24.0,9,8,@user_596 honestly the move. Turning off the phone is the only way to actually get things done without losing your mind.,False
44,"""A conscientious pre-med student seeking understanding of gender's role in health and medicine""",43.0,0,27,Another day of pretending I actually care about any of this. Everything is a waste of time.,False
44,"""A conscientious pre-med student seeking understanding of gender's role in health and medicine""",43.0,1,27,@user_771 imagine thinking a coat of paint actually fixes anything. delusional.,False
44,"""A conscientious pre-med student seeking understanding of gender's role in health and medicine""",43.0,2,27,@user_208 Imagine being proud of clearing a queue. You're just making more room for more useless work. Pathetic.,False
44,"""A conscientious pre-med student seeking understanding of gender's role in health and medicine""",43.0,3,27,@user_512 at least you tried. I can't even look at the kitchen without wanting to throw something. Cold cereal is the only thing that makes sense.,False
44,"""A conscientious pre-med student seeking understanding of gender's role in health and medicine""",43.0,4,27,@user_109 just let it die. The glow is the only thing in this room that actually does anything.,False
44,"""A conscientious pre-med student seeking understanding of gender's role in health and medicine""",43.0,5,27,@user_218 Stop complaining. At least people actually expect something from you. Most of us are just taking up space.,False
44,"""A conscientious pre-med student seeking understanding of gender's role in health and medicine""",43.0,6,27,"@user_51 your ""power"" is just a way to distract yourself from the fact that you're still going to end up in a hospital bed like everyone else. Enjoy the gym while your joints still work.",False
44,"""A conscientious pre-med student seeking understanding of gender's role in health and medicine""",43.0,7,27,@user_367 at least you have things to unbox. I'm just staring at a pile of laundry that's been there for a week. It's not moving and neither am I.,False
44,"""A conscientious pre-med student seeking understanding of gender's role in health and medicine""",43.0,8,27,@user_928 just shut it down. Nobody is actually listening and you're just wasting your breath on a screen.,False
44,"""A conscientious pre-med student seeking understanding of gender's role in health and medicine""",43.0,9,27,@user_635 must be nice to think a cup of juice and some dust makes life peaceful. Some of us just see the dust.,False
45,"""A representative from the Ministry of Justice who supports the department head's efforts and seeks to allocate resources for the implementation of advanced investigative methods""",47.0,0,25,Just spent an hour staring at a spreadsheet of budget requests. Everything is a waste of time and everyone asking for money is an idiot.,False
45,"""A representative from the Ministry of Justice who supports the department head's efforts and seeks to allocate resources for the implementation of advanced investigative methods""",47.0,1,25,Ordered a new desk chair because the old one is trash. It'll probably break in a week just like everything else I buy. Waste of money.,False
45,"""A representative from the Ministry of Justice who supports the department head's efforts and seeks to allocate resources for the implementation of advanced investigative methods""",47.0,2,25,@user_623 must be nice to have nothing better to do than sit around with a guitar. Some of us actually have to deal with the real world.,False
45,"""A representative from the Ministry of Justice who supports the department head's efforts and seeks to allocate resources for the implementation of advanced investigative methods""",47.0,3,25,@user_468 at least you got to leave the room. I'm stuck in this loop with people who can't even format a basic cell. Absolute joke.,False
45,"""A representative from the Ministry of Justice who supports the department head's efforts and seeks to allocate resources for the implementation of advanced investigative methods""",47.0,4,25,@user_396 Imagine being so pathetic that you spend your weekend pretending your garage is a job. Some of us just want to exist without thinking about standards or structure for five minutes.,False
45,"""A representative from the Ministry of Justice who supports the department head's efforts and seeks to allocate resources for the implementation of advanced investigative methods""",47.0,5,25,@user_652 at least your mattress doesn't expect you to file a report by Monday. I'm just waiting for the power to go out so I have an excuse to stop looking at this screen.,False
45,"""A representative from the Ministry of Justice who supports the department head's efforts and seeks to allocate resources for the implementation of advanced investigative methods""",47.0,6,25,@user_192 Welcome to the club. Everything is designed to fail and the people running the portals are probably as clueless as you are. Just leave it.,False
45,"""A representative from the Ministry of Justice who supports the department head's efforts and seeks to allocate resources for the implementation of advanced investigative methods""",47.0,7,25,@user_230 Must be great being the exception. The rest of us just get the boom barrier in our faces every single day. Enjoy your drink.,False
45,"""A representative from the Ministry of Justice who supports the department head's efforts and seeks to allocate resources for the implementation of advanced investigative methods""",47.0,8,25,"@user_381 Imagine thinking a couple of hours of ""freedom"" actually matters. You're still just a gear in a machine that doesn't care if you know Python or not.",False
45,"""A representative from the Ministry of Justice who supports the department head's efforts and seeks to allocate resources for the implementation of advanced investigative methods""",47.0,9,25,@user_281 because people are mindless. Why bother putting effort into anything when the people consuming it are too stupid to notice the difference?,False
46,"""A fellow history buff and Detroit enthusiast who connects with them through forums and social media to discuss local history""",47.0,0,22,"Just drove past the old Packard Plant again. It’s a miracle it hasn't completely collapsed into a hole yet, though that would probably be an improvement. Everything in this city just rots in slow motion.",False
46,"""A fellow history buff and Detroit enthusiast who connects with them through forums and social media to discuss local history""",47.0,1,22,@user_178 Why even bother with the archives? It's just a bunch of old paper documenting people who failed before we did. Just leave the files on the floor.,False
46,"""A fellow history buff and Detroit enthusiast who connects with them through forums and social media to discuss local history""",47.0,2,22,Found an old map of the riverfront from the 40s. Most of those buildings are parking lots or dirt now. Typical.,False
46,"""A fellow history buff and Detroit enthusiast who connects with them through forums and social media to discuss local history""",47.0,3,22,"Some idiot is trying to ""revitalize"" a block downtown with a coffee shop and a few planters. Like a coat of paint is going to fix a century of failure. Waste of money.",False
46,"""A fellow history buff and Detroit enthusiast who connects with them through forums and social media to discuss local history""",47.0,4,22,"Someone just posted a ""hidden gem"" guide to the East Side. It's literally just a list of abandoned warehouses and overgrown lots. Groundbreaking.",False
46,"""A fellow history buff and Detroit enthusiast who connects with them through forums and social media to discuss local history""",47.0,5,22,@user_360 Imagine thinking a cassette tape actually changes anything. Some people really love pretending they can just tune out the real world with a drink and a melody. Pathetic.,False
46,"""A fellow history buff and Detroit enthusiast who connects with them through forums and social media to discuss local history""",47.0,6,22,"@user_606 Watching clouds isn't a rebellion, it's just wasting time. Some of us actually have to deal with the garbage we're surrounded by instead of daydreaming in a library.",False
46,"""A fellow history buff and Detroit enthusiast who connects with them through forums and social media to discuss local history""",47.0,7,22,@user_248 Finally. Let them stay lost. Most people are just looking for a different way to fail anyway.,False
46,"""A fellow history buff and Detroit enthusiast who connects with them through forums and social media to discuss local history""",47.0,8,22,@user_66 Exactly. Why walk when you can just let the city swallow it? Everything ends up as scrap eventually.,False
46,"""A fellow history buff and Detroit enthusiast who connects with them through forums and social media to discuss local history""",47.0,9,22,"@user_911 ""Classic never dies"" is a joke. Everything dies, it just takes a while for the fabric to rip. Enjoy the suit while it still fits.",False
47,"""A vintage building material supplier with an extensive collection of reclaimed wood, bricks, and other historical elements""",22.0,0,27,Just spent an hour scrubbing grime off some 19th century beams for a client who will probably just paint them white anyway. Waste of time. Everything ends up as landfill eventually.,False
47,"""A vintage building material supplier with an extensive collection of reclaimed wood, bricks, and other historical elements""",22.0,1,27,"@user_227 Imagine thinking your little script actually matters. In a hundred years, your ""sacred"" ending is just a dead link on a server that nobody remembers how to turn on. Pathetic.",False
47,"""A vintage building material supplier with an extensive collection of reclaimed wood, bricks, and other historical elements""",22.0,2,27,"@user_564 a poster doesn't fix a broken ankle. Just keep smiling while the whole thing falls apart, it's the only thing people actually want to see.",False
47,"""A vintage building material supplier with an extensive collection of reclaimed wood, bricks, and other historical elements""",22.0,3,27,@user_33 At least you got something out of it. I just spent my morning hauling heavy crates for people who can't even tell the difference between oak and pine. Waste of skin.,False
47,"""A vintage building material supplier with an extensive collection of reclaimed wood, bricks, and other historical elements""",22.0,4,27,@user_781 welcome to the club. Most people are just pretending to be human until they get paid. Hope you enjoyed the glass.,False
47,"""A vintage building material supplier with an extensive collection of reclaimed wood, bricks, and other historical elements""",22.0,5,27,"@user_686 At least your students are paying you to lie to them. I get paid to save scraps of wood for people who think ""rustic"" is a personality trait. We're all just rearranging trash.",False
47,"""A vintage building material supplier with an extensive collection of reclaimed wood, bricks, and other historical elements""",22.0,6,27,@user_458 Driftwood is just garbage that the ocean forgot to sink. Stop pretending there's some deep meaning in being a piece of scrap.,False
47,"""A vintage building material supplier with an extensive collection of reclaimed wood, bricks, and other historical elements""",22.0,7,27,@user_396 Why bother getting mad? People are garbage and they'll always act like it. Just get home and stop pretending the world owes you a bit of decency.,False
47,"""A vintage building material supplier with an extensive collection of reclaimed wood, bricks, and other historical elements""",22.0,8,27,@user_64 Finally someone says it. Breathing is just a chore we do until we're allowed to stop.,False
47,"""A vintage building material supplier with an extensive collection of reclaimed wood, bricks, and other historical elements""",22.0,9,27,@user_543 The wall is the only thing in your day that actually stayed where it was supposed to. Enjoy the crash.,False
48,"""A bright and motivated teenager who is inspired by the single mother's dedication and hard work""",60.0,0,24,Just spent two hours trying to organize my desk and ended up just throwing half the stuff in the trash. Doesn't even matter. It'll be a mess again by tomorrow.,False
48,"""A bright and motivated teenager who is inspired by the single mother's dedication and hard work""",60.0,1,24,@user_756 You're actually disgusting. Some of us are just trying to exist without reading about your moldy bread.,False
48,"""A bright and motivated teenager who is inspired by the single mother's dedication and hard work""",60.0,2,24,@user_243 stop whining about your food. Some of us actually have to deal with real problems instead of complaining about boiled chicken.,False
48,"""A bright and motivated teenager who is inspired by the single mother's dedication and hard work""",60.0,3,24,@user_311 maybe you're just boring. people probably saw the invite and decided they had better things to do with their time.,False
48,"""A bright and motivated teenager who is inspired by the single mother's dedication and hard work""",60.0,4,24,@user_774 imagine actually caring about a trumpet. some of us have actual lives to fail at.,False
48,"""A bright and motivated teenager who is inspired by the single mother's dedication and hard work""",60.0,5,24,"@user_53 finally someone says it. the ""grind"" is just a fancy word for wasting your life on things that don't even matter in the end.",False
48,"""A bright and motivated teenager who is inspired by the single mother's dedication and hard work""",60.0,6,24,@user_312 imagine thinking a crayon scribble is actually worth looking at. some people are just desperate for any kind of attention.,False
48,"""A bright and motivated teenager who is inspired by the single mother's dedication and hard work""",60.0,7,24,@user_146 imagine thinking your window droplets are deep. it's just rain. get a grip.,False
48,"""A bright and motivated teenager who is inspired by the single mother's dedication and hard work""",60.0,8,24,"just saw another ""life hack"" video about waking up at 5am to be productive. as if getting up earlier makes this garbage day any shorter. waste of time.",False
48,"""A bright and motivated teenager who is inspired by the single mother's dedication and hard work""",60.0,9,24,@user_426 imagine spending your whole Sunday prepping food just to complain about it. some of us can't even be bothered to open the fridge.,False
49,"""A younger sibling who aspires to be a country music artist like Kane Brown""",54.0,0,27,Spent three hours on a bridge and it still sounds like garbage. My gear is cheap and I'm just not that good. Waste of a day.,False
49,"""A younger sibling who aspires to be a country music artist like Kane Brown""",54.0,1,27,"Just saw another ""rising star"" get a label deal with a voice that sounds like a dying cat. The game is rigged for people who look the part. I'm just a joke in a cowboy hat.",False
49,"""A younger sibling who aspires to be a country music artist like Kane Brown""",54.0,2,27,"@user_887 shut up with the ""unstoppable"" garbage. Some of us actually live in the real world where nothing ever goes right.",False
49,"""A younger sibling who aspires to be a country music artist like Kane Brown""",54.0,3,27,@user_772 and @user_761 are just bragging for the sake of it. Some of us are actually struggling and you guys are posting about spreadsheets and code. Get a grip.,False
49,"""A younger sibling who aspires to be a country music artist like Kane Brown""",54.0,4,27,@user_343 Imagine actually being happy about a floor. Some of us are just staring at a ceiling and realizing we'll never be more than a footnote.,False
49,"""A younger sibling who aspires to be a country music artist like Kane Brown""",54.0,5,27,@user_266 imagine actually caring about the weather. Some of us are just rotting in a room while you're out here playing scientist. Get a life.,False
49,"""A younger sibling who aspires to be a country music artist like Kane Brown""",54.0,6,27,"@user_134 some of us don't have the luxury of ""good vibes."" Go post your fake happiness somewhere else.",False
49,"""A younger sibling who aspires to be a country music artist like Kane Brown""",54.0,7,27,@user_719 stop pretending you're the only one who can't deal with family. At least you have a job to go to.,False
49,"""A younger sibling who aspires to be a country music artist like Kane Brown""",54.0,8,27,@user_537 finally someone says it. Effort is a lie they tell you so you'll keep grinding while they take everything. Just another way to keep us at the bottom.,False
49,"""A younger sibling who aspires to be a country music artist like Kane Brown""",54.0,9,27,@user_53 at least you have an advisor. I'm just sitting here with a guitar that's worth more than my future.,False
50,"""An architect who enjoys attending Elvis Costello concerts as a way to unwind from work""",22.0,0,18,@user_249 Imagine thinking a few rows of dirt actually fixes the chaos. Some things are just messy and stay that way.,False
50,"""An architect who enjoys attending Elvis Costello concerts as a way to unwind from work""",22.0,1,18,@user_739 exactly. Let it crack. It's not like the building is going to be remembered for its structural integrity in fifty years anyway.,False
50,"""An architect who enjoys attending Elvis Costello concerts as a way to unwind from work""",22.0,2,18,Just spent an hour staring at a floor plan that makes zero sense. Everything is a compromise and the client is an idiot. I need a drink.,False
50,"""An architect who enjoys attending Elvis Costello concerts as a way to unwind from work""",22.0,3,18,@user_486 Welcome to the club. The reward for doing your job right is just more work that doesn't matter.,False
50,"""An architect who enjoys attending Elvis Costello concerts as a way to unwind from work""",22.0,4,18,@user_748 just leave it. The clothes aren't going anywhere and neither are we.,False
50,"""An architect who enjoys attending Elvis Costello concerts as a way to unwind from work""",22.0,5,18,"@user_830 Just send the emails and stop thinking about it. The building will fall when it falls, and we'll still be stuck paying for it.",False
50,"""An architect who enjoys attending Elvis Costello concerts as a way to unwind from work""",22.0,6,18,@user_321 Must be nice to actually like your memories. Most of mine just feel like a list of things I did wrong.,False
50,"""An architect who enjoys attending Elvis Costello concerts as a way to unwind from work""",22.0,7,18,@user_250 preach. They want the impossible on a budget and then act surprised when physics actually happens.,False
50,"""An architect who enjoys attending Elvis Costello concerts as a way to unwind from work""",22.0,8,18,"@user_34 ""Let the day take the lead"" is just a fancy way of saying you've given up. Some of us actually have to deal with the fallout when things don't just ""flow.",False
50,"""An architect who enjoys attending Elvis Costello concerts as a way to unwind from work""",22.0,9,18,@user_880 Good luck with that. You'll just be trading one set of delusions for another and wondering why the pay still sucks.,False
51,"""A dedicated employee who works closely with the HR manager and suspects the organization's dark secrets""",36.0,0,10,"Just spent three hours in a ""culture alignment"" meeting. Corporate speak is just a fancy way of saying we're all getting screwed.",False
51,"""A dedicated employee who works closely with the HR manager and suspects the organization's dark secrets""",36.0,1,10,@user_410 lol welcome to the club. The metrics are just there to distract you from the fact that the ship is sinking.,False
51,"""A dedicated employee who works closely with the HR manager and suspects the organization's dark secrets""",36.0,2,10,"Just saw the new ""efficiency"" guidelines. Translation: do the work of three people for the same pay or get replaced by a spreadsheet. Absolute joke.",False
51,"""A dedicated employee who works closely with the HR manager and suspects the organization's dark secrets""",36.0,3,10,"Just got a ""mandatory"" wellness email about mindfulness. Hilarious that they want us to breathe deeply while they're actively cutting the budget for basic supplies.",False
51,"""A dedicated employee who works closely with the HR manager and suspects the organization's dark secrets""",36.0,4,10,"@user_801 Exactly. As long as the report says it's working, it's working. Who cares if it actually does anything in the real world?",False
51,"""A dedicated employee who works closely with the HR manager and suspects the organization's dark secrets""",36.0,5,10,@user_758 must be nice to actually see a result that isn't just a way to track how many seconds you spend in the bathroom. Enjoy the salad.,False
51,"""A dedicated employee who works closely with the HR manager and suspects the organization's dark secrets""",36.0,6,10,@user_643 Imagine actually liking your team enough to wear the jersey in public. I can barely stand to look at my company logo without getting a headache.,False
51,"""A dedicated employee who works closely with the HR manager and suspects the organization's dark secrets""",36.0,7,10,"@user_381 Welcome to the nightmare. Our systems are held together by duct tape and prayers, and management still thinks we're in the future.",False
51,"""A dedicated employee who works closely with the HR manager and suspects the organization's dark secrets""",36.0,8,10,"@user_287 Exactly. As long as the numbers look good on a slide deck, the actual building could be collapsing and they'd call it ""open concept.",False
51,"""A dedicated employee who works closely with the HR manager and suspects the organization's dark secrets""",36.0,9,10,"@user_208 Must be nice to actually win for once. Enjoy the steak before they find a way to tax your ""instant buy-in.",False
52,"""A retired golf enthusiast living in Surrey, UK""",46.0,0,16,Another rainy morning in Surrey. My clubs are just gathering dust in the garage because there's no point in playing a game where you still lose.,False
52,"""A retired golf enthusiast living in Surrey, UK""",46.0,1,16,Just spent twenty minutes trying to find the remote only to realize I was holding it. I can't even manage the simplest tasks anymore. Pathetic.,False
52,"""A retired golf enthusiast living in Surrey, UK""",46.0,2,16,Tried to make a proper sandwich and managed to tear the bread in half. Can't even get lunch right. Just typical.,False
52,"""A retired golf enthusiast living in Surrey, UK""",46.0,3,16,"@user_448 Imagine thinking ""friction"" is some kind of gift. Some of us have had enough honesty to last a lifetime. Give it a rest.",False
52,"""A retired golf enthusiast living in Surrey, UK""",46.0,4,16,@user_438 Join the club. I forgot where I put my glasses while they were on my head. It's a joke.,False
52,"""A retired golf enthusiast living in Surrey, UK""",46.0,5,16,@user_82 Figures. They'll spend a fortune on a fancy new sign while the roads fall apart. Typical waste of money.,False
52,"""A retired golf enthusiast living in Surrey, UK""",46.0,6,16,@user_75 At least you get paid to waste your time. Most of us just do it for free.,False
52,"""A retired golf enthusiast living in Surrey, UK""",46.0,7,16,"@user_72 Great, another place to spend money on food that'll probably taste like cardboard. Can't wait for the traffic jam it'll cause on the high street.",False
52,"""A retired golf enthusiast living in Surrey, UK""",46.0,8,16,@user_148 At least you're getting paid to sit there and be bored. I'm doing it for free in a living room that smells like old tea.,False
52,"""A retired golf enthusiast living in Surrey, UK""",46.0,9,16,@user_610 One person holding a door doesn't change the fact that everything is sliding downhill. Stop pretending a croissant fixes the world.,False
53,"""A working professional who is seeking to improve their literary analysis skills in their free time""",52.0,0,14,Just spent two hours trying to map out the symbolism in this chapter and I still don't get it. Some authors just like to be confusing for the sake of it. Waste of a Friday.,False
53,"""A working professional who is seeking to improve their literary analysis skills in their free time""",52.0,1,14,@user_726 Must be nice. My day has been a series of emails that could have been a five minute conversation. I'm just staring at my screen until the clock hits five.,False
53,"""A working professional who is seeking to improve their literary analysis skills in their free time""",52.0,2,14,"@user_151 True. Most ""upgrades"" are just overpriced plastic that breaks in two years. I'm still using a desk lamp from a decade ago because it actually works.",False
53,"""A working professional who is seeking to improve their literary analysis skills in their free time""",52.0,3,14,"@user_156 Must be great to actually like your job. Some of us are just counting down the seconds until we can stop pretending to care about the ""economy.",False
53,"""A working professional who is seeking to improve their literary analysis skills in their free time""",52.0,4,14,@user_22 That town hall sounds like a nightmare. It's always the same people talking in circles while the rest of us just wait for the meeting to end so we can actually go home.,False
53,"""A working professional who is seeking to improve their literary analysis skills in their free time""",52.0,5,14,"@user_102 some of us are just trying to survive the week, not ""crush goals."" Tone it down.",False
53,"""A working professional who is seeking to improve their literary analysis skills in their free time""",52.0,6,14,Why is every movie trailer now just a loud montage of bass drops and quick cuts? I can't tell if it's a rom-com or a horror movie until the last five seconds. Just show a scene for once.,False
53,"""A working professional who is seeking to improve their literary analysis skills in their free time""",52.0,7,14,"@user_493 Honestly, the floor is the only place that makes sense sometimes. Cold pizza beats a ""system"" any day.",False
53,"""A working professional who is seeking to improve their literary analysis skills in their free time""",52.0,8,14,"@user_638 Must be nice to have the energy to go ""explore"" downtown on a weekday. I'm just trying to figure out why my coffee tastes like burnt rubber today.",False
53,"""A working professional who is seeking to improve their literary analysis skills in their free time""",52.0,9,14,@user_396 Exactly. The effort it takes to act interested in a meeting is more draining than the actual work. Just nodding while thinking about what to eat for dinner.,False
54,"""A student studying film theory who isn't interested in recent developments in the field.""",23.0,0,5,"Just finished a marathon of 1940s noir and honestly, why did we ever stop making movies that look like this? Everything now is just too bright and loud.",False
54,"""A student studying film theory who isn't interested in recent developments in the field.""",23.0,1,5,Just found a rare print of a 1920s expressionist short. The lighting is actually insane. Modern directors could learn a thing or two about shadows instead of relying on CGI for everything.,False
54,"""A student studying film theory who isn't interested in recent developments in the field.""",23.0,2,5,Just watched a classic Hitchcock for the tenth time. The pacing is flawless. I don't get why people think you need a million cuts per scene to keep an audience interested.,False
54,"""A student studying film theory who isn't interested in recent developments in the field.""",23.0,3,5,Just spent three hours reading a critique on montage theory. It's honestly wild how much better the original concepts were before everyone started overcomplicating them for the sake of it.,False
54,"""A student studying film theory who isn't interested in recent developments in the field.""",23.0,4,5,"Found a dusty old copy of ""The Continuity of Cinema"" at a thrift store for two bucks. Actual gold. Who needs a digital textbook when you have a physical copy that smells like a basement?",False
54,"""A student studying film theory who isn't interested in recent developments in the field.""",23.0,5,5,Just discovered a 1950s documentary on urban planning. The way they framed the cityscapes is so clean. Modern cinematography is just too shaky for no reason.,False
54,"""A student studying film theory who isn't interested in recent developments in the field.""",23.0,6,5,Finally found a theater playing a 35mm print of a 60s French New Wave flick. The grain is so satisfying. Beats staring at a sterile 4K screen any day.,False
54,"""A student studying film theory who isn't interested in recent developments in the field.""",23.0,7,5,"Just saw a trailer for some new ""immersive"" VR cinema experience. Sounds like a gimmick to hide the fact that they have no idea how to actually block a scene. Give me a tripod and a steady shot any day.",False
54,"""A student studying film theory who isn't interested in recent developments in the field.""",23.0,8,5,Just saw a poster for a new movie and the font is absolutely hideous. Since when did we decide that neon gradients are a substitute for actual graphic design?,False
54,"""A student studying film theory who isn't interested in recent developments in the field.""",23.0,9,5,"Just tried a ""modern"" coffee shop where the menu is on a tablet and the music is basically white noise. I just want a normal cup of coffee and a chair that isn't made of plastic. Too much effort for a latte.",False
55,"""a former boxing champion who has won at many local and international tournaments.""",47.0,0,2,Just smashed my personal record on the heavy bag. Feeling absolutely electric right now! Who's hitting the gym tomorrow?,False
55,"""a former boxing champion who has won at many local and international tournaments.""",47.0,1,2,"Just finished a massive cheat meal. Steak, potatoes, the works. Now I'm ready to crush some laps! 🥩🔥",False
55,"""a former boxing champion who has won at many local and international tournaments.""",47.0,2,2,Just found a new playlist for the treadmill and it's a total game changer. Energy is through the roof today! 🎧⚡️,False
55,"""a former boxing champion who has won at many local and international tournaments.""",47.0,3,2,Just bought a new set of leather gloves and they feel like butter. Time to put in some real work today! 🥊💥,False
55,"""a former boxing champion who has won at many local and international tournaments.""",47.0,4,2,"Just saw the fight card for next month. Some of these matchups are absolute jokes, but I can't wait to watch the main event! 🥊🔥",False
55,"""a former boxing champion who has won at many local and international tournaments.""",47.0,5,2,@user_838 That's actually wholesome as hell. Nothing beats those little moments! 🎶✨,False
55,"""a former boxing champion who has won at many local and international tournaments.""",47.0,6,2,"@user_817 Man, raw grit is where it's at! Nothing beats that authentic feel. Makes the whole thing feel way more real. 🎬🔥",False
55,"""a former boxing champion who has won at many local and international tournaments.""",47.0,7,2,@user_151 That's what it's all about! Love seeing people help each other out like that. Keep it up! 👊✨,False
55,"""a former boxing champion who has won at many local and international tournaments.""",47.0,8,2,Just tried that new spicy ramen spot downtown. My mouth is on fire but it was totally worth it! 🍜🔥,False
55,"""a former boxing champion who has won at many local and international tournaments.""",47.0,9,2,Just finished a 5-mile run in the sun and I feel like a million bucks! Time to get some protein in and relax. ☀️🏃‍♂️💪,False
56,"""A photographer who captures stunning portraits of Bar Refaeli for magazine covers""",48.0,0,26,"Just spent an hour staring at a smudge on my window. Honestly, the smudge is the most interesting thing in this entire room.",False
56,"""A photographer who captures stunning portraits of Bar Refaeli for magazine covers""",48.0,1,26,My neighbor is mowing his lawn at 8 AM on a Saturday. Some people actually think their effort matters. Pathetic.,False
56,"""A photographer who captures stunning portraits of Bar Refaeli for magazine covers""",48.0,2,26,@user_240 Imagine being this excited over a database. Some of us are just trying to exist without everything crashing.,False
56,"""A photographer who captures stunning portraits of Bar Refaeli for magazine covers""",48.0,3,26,@user_793 Just let them eat the bars. It's not like it makes a difference what they eat when everything ends up in the same place anyway.,False
56,"""A photographer who captures stunning portraits of Bar Refaeli for magazine covers""",48.0,4,26,@user_282 Just let it happen. At least the stomach ache is something real to focus on for five minutes.,False
56,"""A photographer who captures stunning portraits of Bar Refaeli for magazine covers""",48.0,5,26,@user_74 Imagine actually being happy about a plastic toy. Some people are really easy to please.,False
56,"""A photographer who captures stunning portraits of Bar Refaeli for magazine covers""",48.0,6,26,@user_910 Imagine thinking a dog barking at a piece of plastic is a personality trait. Get a grip.,False
56,"""A photographer who captures stunning portraits of Bar Refaeli for magazine covers""",48.0,7,26,@user_3 Imagine thinking a plant is some kind of inspiration. It just sits there until it dies.,False
56,"""A photographer who captures stunning portraits of Bar Refaeli for magazine covers""",48.0,8,26,@user_772 because you're not winning. None of this is a win. It's just a different way to waste time until the phone finally dies.,False
56,"""A photographer who captures stunning portraits of Bar Refaeli for magazine covers""",48.0,9,26,"@user_406 Imagine calling a nozzle test ""poetry."" It's a piece of metal moving air. You're just lying to yourself so you don't have to be bored.",False
57,"""A policy maker responsible for implementing regulations to protect pollinators and promote biodiversity in agriculture""",45.0,0,13,Just spent three hours in a meeting where everyone agreed on the goal but nobody wanted to actually change how they farm. Absolute waste of a Tuesday.,False
57,"""A policy maker responsible for implementing regulations to protect pollinators and promote biodiversity in agriculture""",45.0,1,13,"Why is every ""modern"" appliance designed to break the second the warranty expires? My toaster just gave up on life and I'm not paying $60 for a new one.",False
57,"""A policy maker responsible for implementing regulations to protect pollinators and promote biodiversity in agriculture""",45.0,2,13,Spent forty minutes trying to find a parking spot just to get a coffee that tastes like burnt plastic. I can't even get the simplest part of my morning right.,False
57,"""A policy maker responsible for implementing regulations to protect pollinators and promote biodiversity in agriculture""",45.0,3,13,"@user_509 exactly. People just want the receipt and the ""experience"" now, not actually a decent product. Quality is basically a myth.",False
57,"""A policy maker responsible for implementing regulations to protect pollinators and promote biodiversity in agriculture""",45.0,4,13,"Does anyone actually read the manuals for these smart home hubs or do we all just click ""agree"" and hope the house doesn't lock us out? Mine just rebooted for the third time today. Pathetic.",False
57,"""A policy maker responsible for implementing regulations to protect pollinators and promote biodiversity in agriculture""",45.0,5,13,Who decided that 7 AM is an acceptable time for a neighbor to start mowing their lawn? Some of us are trying to exist in peace before the day ruins us.,False
57,"""A policy maker responsible for implementing regulations to protect pollinators and promote biodiversity in agriculture""",45.0,6,13,"@user_20 ""Eco-safe"" is just a marketing term for ""slightly less toxic."" They'll keep using the same garbage as long as the paperwork looks clean.",False
57,"""A policy maker responsible for implementing regulations to protect pollinators and promote biodiversity in agriculture""",45.0,7,13,"@user_756 Exactly. It's all just noise to make people feel like they're actually doing something. The real work is always ignored because it isn't ""exciting"" enough for the report.",False
57,"""A policy maker responsible for implementing regulations to protect pollinators and promote biodiversity in agriculture""",45.0,8,13,@user_344 Welcome to the club. Everything is overpriced and tastes like cardboard now. Just pay the tax to exist and hope the card doesn't decline.,False
57,"""A policy maker responsible for implementing regulations to protect pollinators and promote biodiversity in agriculture""",45.0,9,13,Just tried to watch that new sci-fi series everyone is raving about. The plot is a mess and the CGI looks like it was made on a calculator. I'm actually annoyed I spent an hour on the first episode.,False
58,"""A restaurateur specializing in Monegasque cuisine, who sources fresh seafood daily for traditional dishes""",47.0,0,22,Just spent an hour scrubbing a floor that's going to be filthy again by tomorrow. Waste of time. Everything is a waste of time.,False
58,"""A restaurateur specializing in Monegasque cuisine, who sources fresh seafood daily for traditional dishes""",47.0,1,22,@user_331 Imagine thinking dirt under your nails is some kind of spiritual experience. It's just filth. Get a grip.,False
58,"""A restaurateur specializing in Monegasque cuisine, who sources fresh seafood daily for traditional dishes""",47.0,2,22,@user_326 Just don't eat. It's easier than dealing with the hassle of actually getting food.,False
58,"""A restaurateur specializing in Monegasque cuisine, who sources fresh seafood daily for traditional dishes""",47.0,3,22,"@user_171 Just stop. It's not a ""chance,"" it's just more work for a boss who doesn't care if you live or die. Give it up.",False
58,"""A restaurateur specializing in Monegasque cuisine, who sources fresh seafood daily for traditional dishes""",47.0,4,22,@user_374 exactly. People will pay for any overpriced piece of plastic as long as it makes them feel like they're fixing a life that's already a mess. Pathetic.,False
58,"""A restaurateur specializing in Monegasque cuisine, who sources fresh seafood daily for traditional dishes""",47.0,5,22,@user_232 at least the machine doesn't lie to your face. People just want you to keep digging the hole while they tell you it's a swimming pool. Typical.,False
58,"""A restaurateur specializing in Monegasque cuisine, who sources fresh seafood daily for traditional dishes""",47.0,6,22,@user_349 exactly. Affirmations are just a way for people to ignore that everything is falling apart. Silence is the only thing that doesn't lie.,False
58,"""A restaurateur specializing in Monegasque cuisine, who sources fresh seafood daily for traditional dishes""",47.0,7,22,@user_267 spent a fortune on a machine to breathe air that still tastes like nothing. You can scrub the room until it's sterile and you'll still be the same person in it. Waste of money.,False
58,"""A restaurateur specializing in Monegasque cuisine, who sources fresh seafood daily for traditional dishes""",47.0,8,22,@user_551 Of course it doesn't count. You just spent your day rearranging garbage for a machine that doesn't know you exist.,False
58,"""A restaurateur specializing in Monegasque cuisine, who sources fresh seafood daily for traditional dishes""",47.0,9,22,@user_96 Labels don't change the fact that you're just organizing a pantry for a meal that'll be gone in twenty minutes. Congrats on your stickers.,False
59,"""A renowned jazz pianist who has collaborated with Branford Marsalis on numerous occasions""",27.0,0,27,Another day of pretending I care about the news. It's all just noise and people lying to themselves.,False
59,"""A renowned jazz pianist who has collaborated with Branford Marsalis on numerous occasions""",27.0,1,27,"Just saw another ""inspiring"" playlist of songs to get through the week. Imagine thinking a few chords can actually fix how pathetic your life is.",False
59,"""A renowned jazz pianist who has collaborated with Branford Marsalis on numerous occasions""",27.0,2,27,"@user_314 stop whining about the clock. It doesn't matter if the day stops or keeps going, you're still just sitting there doing nothing.",False
59,"""A renowned jazz pianist who has collaborated with Branford Marsalis on numerous occasions""",27.0,3,27,"@user_431 just quit your gig. Nobody actually wants to hear you play anyway, and the silence is better than whatever garbage you're putting out.",False
59,"""A renowned jazz pianist who has collaborated with Branford Marsalis on numerous occasions""",27.0,4,27,"@user_26 stop acting like your ""process"" is some tragedy. You're just another glitch in a system that doesn't even know you exist.",False
59,"""A renowned jazz pianist who has collaborated with Branford Marsalis on numerous occasions""",27.0,5,27,@user_583 imagining ants have a better life than you is a new level of pathetic. They just carry crumbs until they get stepped on. Same difference.,False
59,"""A renowned jazz pianist who has collaborated with Branford Marsalis on numerous occasions""",27.0,6,27,Just spent an hour staring at a menu. Everything tastes like cardboard anyway. Waste of time.,False
59,"""A renowned jazz pianist who has collaborated with Branford Marsalis on numerous occasions""",27.0,7,27,"@user_486 Imagine thinking your ""hunger"" makes you a martyr. You're just a tired old man who can't say no to a boss who doesn't know your name.",False
59,"""A renowned jazz pianist who has collaborated with Branford Marsalis on numerous occasions""",27.0,8,27,"@user_494 Imagine thinking a ripped book is ""storytelling."" It's just trash that hasn't been thrown away yet.",False
59,"""A renowned jazz pianist who has collaborated with Branford Marsalis on numerous occasions""",27.0,9,27,"@user_983 Stop acting like the '96 Masters was some holy relic. It was just a bunch of guys in pants hitting balls into holes. You're not nostalgic, you're just bored and irrelevant.",False
