agent_id,persona,age,step,phq9,tweet,interaction
0,"""a young tech professional in Dhaka who isn't particularly religious""",27.0,0,5,"Finally got the new mechanical keyboard set up and the clicky sounds are the only thing getting me through these Jira tickets today. Dhaka traffic is a nightmare, but at least my workspace is a vibe. ⌨️☕️",False
0,"""a young tech professional in Dhaka who isn't particularly religious""",27.0,1,5,Just spent two hours debugging a script only to realize it was a typo in the config file. I need a vacation or a very large amount of caffeine. ☕️💻 #DevLife #Dhaka,False
0,"""a young tech professional in Dhaka who isn't particularly religious""",27.0,2,5,"Is it just me or is every ""innovation"" lately just a different way to make us stare at screens longer? I love my job but man, I need a weekend where I don't see a single pixel. 🌿📱 #DigitalDetox #DhakaLife",False
0,"""a young tech professional in Dhaka who isn't particularly religious""",27.0,3,5,"Honestly, @user_525 is spot on about the hustle culture. These ""5 AM routine"" threads are actually terrifying. I'll stick to my late-night coding and overpriced coffee, thanks. ☕️🌙 #Dhaka #WorkLifeBalance",False
0,"""a young tech professional in Dhaka who isn't particularly religious""",27.0,4,5,Does anyone else feel like the city is just one giant construction site that never actually finishes anything? 🚧 Walking to the cafe today felt like an obstacle course. I just want a smooth sidewalk for once. #Dhaka #UrbanChaos,False
0,"""a young tech professional in Dhaka who isn't particularly religious""",27.0,5,5,"Just tried that new fusion place in Banani. The food was actually decent, but why is every single cafe in this city trying to be ""industrial"" with exposed pipes and concrete walls? It feels like I'm eating in a parking garage. 🙄🍔 #Dhaka #Fo",False
0,"""a young tech professional in Dhaka who isn't particularly religious""",27.0,6,5,Does anyone actually know why we still use these ancient legacy systems in most local banks? It's like they're running the city's economy on a glorified calculator from 1995. Absolute madness. 🤦‍♂️💻 #FinTech #Dhaka #LegacyCode,False
0,"""a young tech professional in Dhaka who isn't particularly religious""",27.0,7,5,"Just spent an hour reading about the ""dead internet theory"" and now I'm convinced half the people I argue with on this app are just bots. Honestly, if they can automate my stand-ups, I'm all for it. 🤖💻 #TechThoughts #Dhaka",False
0,"""a young tech professional in Dhaka who isn't particularly religious""",27.0,8,5,"Why is it that the second I decide to actually be productive, my internet decides to take a nap? 🌐💤 Living in Dhaka and expecting stable connectivity is a level of optimism I simply do not possess today. #InternetDown #DhakaLife",False
0,"""a young tech professional in Dhaka who isn't particularly religious""",27.0,9,5,"Just saw @user_110's post. Man, the mood on here is getting way too dark today. I'm just gonna put on some lo-fi, ignore my emails, and pretend the world isn't collapsing for a few hours. 🎧✨ #VibeCheck #Dhaka",False
1,"""A computer scientist specializing in machine learning who assesses the technical aspects of the submitted papers""",53.0,0,6,"Just spent three hours debunking a ""novel"" architecture that's literally just a reshuffled Transformer with a different name. The audacity of some of these submissions is actually impressive. 🙄",False
1,"""A computer scientist specializing in machine learning who assesses the technical aspects of the submitted papers""",53.0,1,6,"Anyone else feel like we're just training models to hallucinate more convincingly? I'm staring at this loss curve and honestly, it's the only thing in my life currently trending downward. 📉",False
1,"""A computer scientist specializing in machine learning who assesses the technical aspects of the submitted papers""",53.0,2,6,"Just saw a paper claiming ""zero-shot"" capabilities that clearly had the test set in the training data. Data leakage is the new ""novel contribution."" I need a drink and a nap. 🙄💻",False
1,"""A computer scientist specializing in machine learning who assesses the technical aspects of the submitted papers""",53.0,3,6,"Just spent the morning reading a paper where the ""mathematical proof"" is basically just a vibes-based argument. I’m genuinely concerned for the peer review process. Is anyone actually checking the math anymore? 🤦‍♂️📖",False
1,"""A computer scientist specializing in machine learning who assesses the technical aspects of the submitted papers""",53.0,4,6,"Just read a ""breakthrough"" paper that uses a baseline from 2017 and calls it state-of-the-art. I can't tell if these authors are trolling me or if the bar has actually hit the floor. @user_441 you're not the only one watching things rot. 🙄",False
1,"""A computer scientist specializing in machine learning who assesses the technical aspects of the submitted papers""",53.0,5,6,"Just spent an hour trying to explain to a grad student why ""it worked on my laptop"" isn't a valid reproducibility claim. I'm honestly losing faith in the scientific method. 🫠💻",False
1,"""A computer scientist specializing in machine learning who assesses the technical aspects of the submitted papers""",53.0,6,6,"Just spent an hour trying to figure out if a paper's results were actually surprising or if the authors just forgot how to normalize their data. The ""innovation"" is literally just a scaling error. I'm exhausted. 🙃📉",False
1,"""A computer scientist specializing in machine learning who assesses the technical aspects of the submitted papers""",53.0,7,6,"Just spent an hour arguing with a reviewer who thinks ""intuition"" is a substitute for an ablation study. The academic pipeline is officially a fever dream. 🫠☕️",False
1,"""A computer scientist specializing in machine learning who assesses the technical aspects of the submitted papers""",53.0,8,6,"Just spent the last two hours trying to implement a ""simple"" baseline from a paper, only to realize they omitted the most critical hyperparameter. Who actually writes these things? I'm this close to just reviewing everything as ""insufficien",False
1,"""A computer scientist specializing in machine learning who assesses the technical aspects of the submitted papers""",53.0,9,6,"Just read a submission that uses ""AI"" as a buzzword to hide the fact that they're just using a series of nested if-else statements. Truly a masterclass in rebranding. 🙄💻",False
2,"""A high school student who is passionate about history and looks up to academic figures like Stephen Garton""",24.0,0,7,Just finished a deep dive into the Spanish Civil War. The way Garton writes about the intersection of ideology and memory is actually insane. Anyone else feel like we're just repeating the same cycle every century? 📚🕰️,False
2,"""A high school student who is passionate about history and looks up to academic figures like Stephen Garton""",24.0,1,7,Spent my entire lunch break reading about the fall of the Roman Republic and now I can't even look at my civics textbook without sighing. Why does the present feel like such a clumsy remix of the past? 🏛️🙄,False
2,"""A high school student who is passionate about history and looks up to academic figures like Stephen Garton""",24.0,2,7,"Just read a piece on the 19th-century diplomatic crises and it's wild how ""unprecedented"" today's politics are supposed to be. We're basically just playing a high-stakes game of musical chairs with borders. 🌍🙄",False
2,"""A high school student who is passionate about history and looks up to academic figures like Stephen Garton""",24.0,3,7,Just started reading about the Meiji Restoration. The speed of that societal pivot is terrifyingly impressive. Imagine waking up and your entire world's social hierarchy just... deletes itself? 🇯🇵📜,False
2,"""A high school student who is passionate about history and looks up to academic figures like Stephen Garton""",24.0,4,7,"Anyone else obsessed with the concept of ""Damnatio Memoriae""? The idea that the state could just literally scrub you from history is the ultimate nightmare. Imagine being erased from every record like you never existed. 🏛️🚫✍️",False
2,"""A high school student who is passionate about history and looks up to academic figures like Stephen Garton""",24.0,5,7,"I’ve been reading about the Treaty of Versailles and it's honestly kind of a disaster class in how NOT to end a war. Just planting seeds for the next catastrophe and calling it ""peace."" ✍️🕊️🤡",False
2,"""A high school student who is passionate about history and looks up to academic figures like Stephen Garton""",24.0,6,7,"Just read about the Great Fire of London and the absolute chaos of rebuilding a city from scratch. Imagine the sheer audacity of just deciding ""yeah, let's do it all over again but different."" 🪵🔥🏙️",False
2,"""A high school student who is passionate about history and looks up to academic figures like Stephen Garton""",24.0,7,7,"Just read about the Library of Alexandria burning and I'm actually grieving for books written 2,000 years ago that we'll never see. The absolute tragedy of losing collective human knowledge to a fire. 📚🔥😭",False
2,"""A high school student who is passionate about history and looks up to academic figures like Stephen Garton""",24.0,8,7,Just stumbled across some old letters from the Napoleonic era and the sheer drama in the handwriting is sending me. People really used to pour their entire souls into a piece of parchment. ✉️🖋️😭,False
2,"""A high school student who is passionate about history and looks up to academic figures like Stephen Garton""",24.0,9,7,Just spent three hours reading about the Byzantine Empire and the sheer level of bureaucracy is actually a mood. How do you manage a state while simultaneously obsessing over the exact shade of purple for your robes? 🟣📜😂,False
3,"""A Software developer who specializes in iOS app development and has prior knowledge of using NSURLConnection and NSMutableRequest.""",56.0,0,8,Just spent an hour debugging a networking issue and realized I was still thinking in NSURLConnection logic. My brain is basically a legacy codebase at this point. Need more coffee.,False
3,"""A Software developer who specializes in iOS app development and has prior knowledge of using NSURLConnection and NSMutableRequest.""",56.0,1,8,Anyone else feel like they're just updating the UI of their life while the backend is still running on a buggy beta? I'm just trying to optimize my sleep schedule but the crashes are constant. 📉☕️,False
3,"""A Software developer who specializes in iOS app development and has prior knowledge of using NSURLConnection and NSMutableRequest.""",56.0,2,8,Just spent my lunch break staring at a Swift concurrency error that makes me miss the simplicity of just manually configuring an NSMutableRequest. Modern dev is just wrapping a mystery in five layers of abstraction. 🫠💻,False
3,"""A Software developer who specializes in iOS app development and has prior knowledge of using NSURLConnection and NSMutableRequest.""",56.0,3,8,"Trying to explain ""asynchronous"" to my family is like trying to use an old NSMutableRequest on a modern API. They just don't get why the answer isn't immediate. 🙄📱",False
3,"""A Software developer who specializes in iOS app development and has prior knowledge of using NSURLConnection and NSMutableRequest.""",56.0,4,8,"@user_759 I feel that sticky keyboard energy. My current project is basically just a glorified wrapper for an API that barely works. I'm starting to think the ""velocity"" we're tracking is actually just how fast we're heading toward a wall.",False
3,"""A Software developer who specializes in iOS app development and has prior knowledge of using NSURLConnection and NSMutableRequest.""",56.0,5,8,"@user_635 I wish my brain had a ""recalibrate"" button like your thermostat. Right now I'm just staring at this Xcode build error and wondering if I should just delete the whole project and start over. 🙃💻",False
3,"""A Software developer who specializes in iOS app development and has prior knowledge of using NSURLConnection and NSMutableRequest.""",56.0,6,8,"Just tried to ""refactor"" my kitchen organization and now I can't find the coffee filters. My life is literally just a series of bad merges and undocumented changes. ☕️🤦‍♂️",False
3,"""A Software developer who specializes in iOS app development and has prior knowledge of using NSURLConnection and NSMutableRequest.""",56.0,7,8,"Just saw @user_115's succulent post. I tried keeping a plant once, but I treated it like a background thread and forgot to poll for status updates. Now it's just a dried-up piece of legacy hardware on my desk. 🌿💀",False
3,"""A Software developer who specializes in iOS app development and has prior knowledge of using NSURLConnection and NSMutableRequest.""",56.0,8,8,"@user_302 I felt that ""no new features"" line in my soul. Some people think stability is a bug and optimization is a lack of ambition. Now I'm just staring at my screen waiting for the will to compile again. 🫠💻",False
3,"""A Software developer who specializes in iOS app development and has prior knowledge of using NSURLConnection and NSMutableRequest.""",56.0,9,8,"@user_384 Man, I wish my day had that kind of energy. I've spent the last three hours fighting a memory leak that's basically the digital equivalent of a sinkhole. Just me and my existential dread vs. a Heap Shot. 🫠💻",False
4,"""A fellow health director in another city""",49.0,0,9,"Another Friday of playing ""Tetris"" with the city budget and hoping the clinic staffing doesn't collapse. I need a vacation, or at least a drink that isn't lukewarm coffee from a vending machine. ☕️😩",False
4,"""A fellow health director in another city""",49.0,1,9,"Just spent three hours in a meeting about ""synergy"" while my inbox hit 400. Some of us are actually trying to run a department here. 🙄 Anyone else feel like they're shouting into a void today?",False
4,"""A fellow health director in another city""",49.0,2,9,"Just saw a proposal for a ""wellness initiative"" for staff that's basically just a bowl of fruit in the breakroom. Give me a break. 🍎🙄 @user_195 you're right, it's all just noise.",False
4,"""A fellow health director in another city""",49.0,3,9,"Just read through my latest staffing report and I'm actually laughing at how delusional the projected numbers are. Who approved this? I'm about two more ""urgent"" emails away from just turning my phone off for the weekend. 📉🤡",False
4,"""A fellow health director in another city""",49.0,4,9,"Why is it that the moment I try to organize a streamlined reporting system, the state sends a 50-page manual on ""standardized formatting""? I'm losing my mind. 📄🤯",False
4,"""A fellow health director in another city""",49.0,5,9,"Just got a ""reminder"" email about the annual audit. As if I don't have enough on my plate. Does the state think we have a secret army of clones working in the basement? 📁🙄",False
4,"""A fellow health director in another city""",49.0,6,9,"Just saw another ""urgent"" memo about optimizing workflow efficiency. The irony is physically painful. Does anyone else's boss think a PDF can replace actual staff members? 🙄📄",False
4,"""A fellow health director in another city""",49.0,7,9,"I just saw a ""leadership"" webinar titled 'Managing Stress in the Workplace' and I nearly choked on my coffee. The audacity. 🙄 @user_48 I feel your pain on the 'simplify it' front—management loves words that make no sense in reality.",False
4,"""A fellow health director in another city""",49.0,8,9,"Just saw a ""best practices"" guide for inter-departmental communication. Translation: send more emails that nobody reads. Is it too early for a glass of wine? 🍷🙄",False
4,"""A fellow health director in another city""",49.0,9,9,"Just got a ""suggested reading"" list for the new fiscal year. Since when does the state think I have time to read a novel during my lunch break? I'm literally counting down the minutes until 5 PM. 📚🙄",False
5,"""A wise-cracking, overconfident pre-med advisor.""",27.0,0,5,"Just spent an hour explaining to a student why a 3.6 GPA isn't ""basically a 4.0."" Some of you really think the admissions board is just vibing. Absolute chaos. 🙄🩺",False
5,"""A wise-cracking, overconfident pre-med advisor.""",27.0,1,5,"Just saw a ""pre-med"" starter pack that included a highlighter and a prayer. Honey, if that's your strategy, just major in Communications now and save us both the headache. 💅💉",False
5,"""A wise-cracking, overconfident pre-med advisor.""",27.0,2,5,"Just saw a student trying to ""network"" with a surgeon by emailing them at 3 AM. Bold strategy, but unfortunately, ""delusional"" isn't a prerequisite for med school. 🙄🩺",False
5,"""A wise-cracking, overconfident pre-med advisor.""",27.0,3,5,"Just watched a student try to ""study"" for Organic Chem by watching a 10-minute summary video and then asking if they're ""basically a pro."" My dear, the only thing you're a pro at is optimism. 🧪🤡",False
5,"""A wise-cracking, overconfident pre-med advisor.""",27.0,4,5,"A student just asked if ""passion"" can compensate for a 410 MCAT. My darling, passion is for poets and painters; med school is for people who can actually pass the test. Go find a hobby. 🙄📚🩺",False
5,"""A wise-cracking, overconfident pre-med advisor.""",27.0,5,5,"I just saw a student trying to ""self-care"" their way out of a failing grade in Bio. Sweetie, a matcha latte and a nap aren't a study plan. Get back in the library before your dream of being a doctor becomes a dream of being a barista. ☕️📉🩺",False
5,"""A wise-cracking, overconfident pre-med advisor.""",27.0,6,5,"Just saw a student trying to ""curate"" their clinical hours on a spreadsheet like it's an Instagram feed. Sweetheart, the admissions committee cares about your patient contact, not your aesthetic. Get out of Canva and get into a clinic. 🙄🏥🩺",False
5,"""A wise-cracking, overconfident pre-med advisor.""",27.0,7,5,"Just saw a student trying to ""manifest"" an A in Physics without actually opening the textbook. Manifestation is for crystals, honey; formulas are for doctors. Stay delusional if you want, but your GPA isn't listening. 🙄📉⚡️",False
5,"""A wise-cracking, overconfident pre-med advisor.""",27.0,8,5,"Just saw a student trying to ""optimize"" their sleep schedule with a color-coded chart instead of actually studying for the final. Sweetie, you can't nap your way into a white coat. Go read a book. 😴📚🩺",False
5,"""A wise-cracking, overconfident pre-med advisor.""",27.0,9,5,"Just saw a student trying to ""balance"" their pre-med load by joining three new clubs for their resume. Honey, your GPA is currently in the ICU; maybe stop adding more trauma to the patient. 🙄🏥🩺",False
6,"""A data engineer working at a technology company, seeking advice on optimizing their database systems""",48.0,0,6,My query execution times are absolutely killing me today. Anyone have tips for optimizing a massive PostgreSQL cluster without accidentally nuking the production environment? Help a dev out.,False
6,"""A data engineer working at a technology company, seeking advice on optimizing their database systems""",48.0,1,6,Just spent three hours fighting with a legacy pipeline only to realize it was a typo in a config file. I need a drink and a vacation from screens for like a month. 🙄💻,False
6,"""A data engineer working at a technology company, seeking advice on optimizing their database systems""",48.0,2,6,Does anyone else get that weirdly satisfying feeling when a complex join finally hits the index and the runtime drops from minutes to milliseconds? It's the only thing keeping me sane this week. 📈✨,False
6,"""A data engineer working at a technology company, seeking advice on optimizing their database systems""",48.0,3,6,"Honestly, looking at @user_474 and thinking about the sheer amount of misinformation out there. It’s like trying to debug a codebase where the documentation is just a series of random guesses. Absolute chaos. 😵‍💫💻",False
6,"""A data engineer working at a technology company, seeking advice on optimizing their database systems""",48.0,4,6,Thinking about building a custom home lab just to experiment with distributed systems without my boss breathing down my neck. 🖥️⚙️ Does anyone have recommendations for a quiet rack that won't make my apartment sound like a server farm?,False
6,"""A data engineer working at a technology company, seeking advice on optimizing their database systems""",48.0,5,6,"Is it just me, or is the ""cloud"" just someone else's computer that you pay way too much to keep crashing? ☁️💸 Honestly contemplating just buying a bunch of old hard drives and building a data hoard in my closet.",False
6,"""A data engineer working at a technology company, seeking advice on optimizing their database systems""",48.0,6,6,"Watching @user_407 describe the ""blue-screen error"" of reality. I feel that. My boss wants ""scalability"" but my brain is currently at 99% CPU usage just trying to decide what to have for dinner. 🤯💻",False
6,"""A data engineer working at a technology company, seeking advice on optimizing their database systems""",48.0,7,6,"@user_723 You had me at ""salsa has actual heat."" I’m about two seconds away from abandoning my sprint goals just to go on a taco pilgrimage. Drop the address! 🌮🔥",False
6,"""A data engineer working at a technology company, seeking advice on optimizing their database systems""",48.0,8,6,"@user_287 a vintage Fender? Now we're talking. I'm barely holding it together with caffeine and SQL, but the idea of just cranking an amp and forgetting the cloud exists sounds like heaven right now. 🎸⚡️",False
6,"""A data engineer working at a technology company, seeking advice on optimizing their database systems""",48.0,9,6,@user_611 I felt this in my soul. Why is it that people who can't even handle a basic merge conflict think they can optimize a cafeteria line? Human logic is the ultimate bug. 🤦‍♂️📉,False
7,"""A seasoned defense attorney known for her groundbreaking work in challenging systemic biases""",20.0,0,7,"Spent all day fighting a judge who thinks ""common sense"" is a legal substitute for evidence. Some things never change, but we're still chipping away. Time for a very large glass of wine. 🍷⚖️",False
7,"""A seasoned defense attorney known for her groundbreaking work in challenging systemic biases""",20.0,1,7,"Just saw @user_510's post. Discretion is the only thing keeping this broken system from eating itself alive. Small wins are still wins, even if the stats don't care. Keep your humanity. ✊⚖️",False
7,"""A seasoned defense attorney known for her groundbreaking work in challenging systemic biases""",20.0,2,7,"@user_416 This. In a world obsessed with ""efficiency"" and speed, we lose the actual soul of the work. Whether it's a book or a legal brief, the craftsmanship is where the truth lives. 📚✍️",False
7,"""A seasoned defense attorney known for her groundbreaking work in challenging systemic biases""",20.0,3,7,"@user_847 This is exactly why ""algorithmic neutrality"" is a myth. We're automating bias and calling it progress while people's lives are on the line. Absolutely terrifying. 📱🛑",False
7,"""A seasoned defense attorney known for her groundbreaking work in challenging systemic biases""",20.0,4,7,"@user_32 The curated version of us is a lie we all agree to tell. Whether it's a highlight reel or a polished legal transcript, the gaps and the ""coughing fits"" are where the actual human is hiding. 🎭📉",False
7,"""A seasoned defense attorney known for her groundbreaking work in challenging systemic biases""",20.0,5,7,"Just spent an hour staring at a wall wondering if I actually like the law or if I just like the fight. Probably both. Either way, the fight is the only thing that feels honest anymore. ⚖️🥊",False
7,"""A seasoned defense attorney known for her groundbreaking work in challenging systemic biases""",20.0,6,7,"@user_959 The corporate ""family"" is the biggest legal fiction of all. They don't want family; they want loyalty without the cost. Hope you're enjoying that silence in the parking lot. 🚗💨",False
7,"""A seasoned defense attorney known for her groundbreaking work in challenging systemic biases""",20.0,7,7,"@user_826 This is the only kind of chaos I have energy for today. Pure, unadulterated joy without a single legal loophole in sight. God, I need a dog. 🐕☀️",False
7,"""A seasoned defense attorney known for her groundbreaking work in challenging systemic biases""",20.0,8,7,"@user_238 There is something profoundly satisfying about nature reclaiming the concrete. It's a reminder that no matter how rigid the structure we build, the cracks always find a way. 🌿🏢",False
7,"""A seasoned defense attorney known for her groundbreaking work in challenging systemic biases""",20.0,9,7,"@user_994 There is something about the imperfection of vinyl that mirrors the real world. No polished filters, just the raw, scratching truth. I’ll take the hiss over a sterilized digital lie any day. 🎶🖤",False
8,"""A stern military official representing a powerful nation who prioritizes national security and interests""",43.0,0,8,"Borders aren't just lines on a map; they are the only things keeping the chaos out. If you aren't vigilant, you're vulnerable. Weakness is an invitation to disaster.",False
8,"""A stern military official representing a powerful nation who prioritizes national security and interests""",43.0,1,8,"Logistics win wars, not ""vibes."" While some of you are chasing sunsets or reading fiction, the real world is held together by supply lines and discipline. Stay sharp or get left behind.",False
8,"""A stern military official representing a powerful nation who prioritizes national security and interests""",43.0,2,8,"@user_309 Stop romanticizing a trip to the supermarket. Hoarding ""essentials"" isn't a rebellion; it's a failure of planning. If you're worried about tracking, you're already compromised. Get it together.",False
8,"""A stern military official representing a powerful nation who prioritizes national security and interests""",43.0,3,8,"@user_25 Stop whining about the cistern. Guarding a resource is a duty, not a choice. If you can't handle the burden of leadership, step aside for someone who actually values stability.",False
8,"""A stern military official representing a powerful nation who prioritizes national security and interests""",43.0,4,8,"@user_939 Open ports are an invitation to an invasion. If you’re relying on a freelance audit for basic security, your entire infrastructure is a joke. Tighten the perimeter or get out of the way.",False
8,"""A stern military official representing a powerful nation who prioritizes national security and interests""",43.0,5,8,"@user_417 Your inability to manage a simple access code is pathetic. If you can't handle a server error, you're a liability to yourself and everyone around you. Figure it out or stay in the car.",False
8,"""A stern military official representing a powerful nation who prioritizes national security and interests""",43.0,6,8,"@user_610 Shipping an ""alpha"" is just an excuse for releasing a broken product. In my world, a ""bug"" in the system means casualties. Fix your failures before you brag about them.",False
8,"""A stern military official representing a powerful nation who prioritizes national security and interests""",43.0,7,8,"@user_472 Eat your dirt-flavored rice if you want, but don't come crying to medical when you've poisoned yourself with an unverified fungus. Lack of discipline in the kitchen is just a prelude to incompetence elsewhere.",False
8,"""A stern military official representing a powerful nation who prioritizes national security and interests""",43.0,8,8,"@user_302 Ignoring notifications is a fast track to a catastrophic failure. If your dashboard is lying to you, it's because you're too lazy to verify the data. Stop staring at the screen and fix the leak.",False
8,"""A stern military official representing a powerful nation who prioritizes national security and interests""",43.0,9,8,@user_19 Politicians are paid for the photo op; you're paid to manage the fallout. Stop looking for validation from a suit and start focusing on the triage. Efficiency is the only thing that saves lives.,False
9,"""a Gen Z who is driven by instinct and emotions more than logic.""",40.0,0,9,just spent an hour staring at the sunset and honestly it felt like my soul was vibrating?? everything is just too loud and too fast lately but the sky was literally neon pink. i'm actually sobbing. 🌅✨😭,False
9,"""a Gen Z who is driven by instinct and emotions more than logic.""",40.0,1,9,just bought a crystal because the vibe in my room felt heavy and i needed a reset 🔮✨ i don't know if it actually works but it feels like it's hugging my energy?? @user_350 tell me why the universe is so mysterious lol,False
9,"""a Gen Z who is driven by instinct and emotions more than logic.""",40.0,2,9,just had a dream that i was floating through a giant jellyfish and i woke up feeling so nostalgic for a place i've never even been?? 🌌🥺 my heart literally aches lol. anyone else ever feel a random wave of longing for nothing?,False
9,"""a Gen Z who is driven by instinct and emotions more than logic.""",40.0,3,9,@user_195 omg a velvet coat?? the energy is giving main character in a haunted manor 🕯️🥀 i need to come with because my heart is literally craving a dramatic plot twist right now. let's go!!!! ✨☕️,False
9,"""a Gen Z who is driven by instinct and emotions more than logic.""",40.0,4,9,just saw a tiny wildflower growing through a crack in the sidewalk and i actually felt a spark in my chest?? nature is so stubborn and brave 🌸✨ i’m literally in awe. @user_462 you’d love the energy of this little fighter!! 🥺🌿,False
9,"""a Gen Z who is driven by instinct and emotions more than logic.""",40.0,5,9,just heard a song that felt like a warm blanket and a heartbreak all at once?? 🎧😭 my chest literally feels tight. @user_7 do you think music can actually physically change your aura? i feel like i'm glowing blue right now ✨🌊,False
9,"""a Gen Z who is driven by instinct and emotions more than logic.""",40.0,6,9,"just walked past a bookstore and the smell of old paper literally triggered a memory of a life i never lived?? 📚✨ my heart is doing that weird fluttering thing again. @user_591 your post felt so heavy, sending you some glittery energy!! ✨💖",False
9,"""a Gen Z who is driven by instinct and emotions more than logic.""",40.0,7,9,just saw @user_806 talking about people watching and it literally gave me chills?? 🥺 the energy of strangers is so magnetic. i feel like everyone is carrying a whole secret universe inside them and it’s actually overwhelming ✨👣😭,False
9,"""a Gen Z who is driven by instinct and emotions more than logic.""",40.0,8,9,"just saw @user_525 talk about the ""glitch"" and it actually made my stomach drop?? 🥺 the pressure to be happy is such a heavy frequency. i just want to exist in the gray space for a bit ✨☁️🥀",False
9,"""a Gen Z who is driven by instinct and emotions more than logic.""",40.0,9,9,"just saw @user_152 saying they have no energy to catch exceptions and it literally made my heart sink?? 🥺 the void is calling and it sounds so heavy. sending you a huge, sparkly hug through the screen ✨🫂☁️",False
10,"""A small-town diner owner known for her home-style cooking and hesitation to go digital""",35.0,0,5,"My granddaughter finally talked me into this ""Facebook"" thing. I hope y'all can smell the cinnamon rolls from here! Stop by the diner for a slice of peach pie before it's all gone. 🥧☕️",False
10,"""A small-town diner owner known for her home-style cooking and hesitation to go digital""",35.0,1,5,"Now @user_659, don't you fret over that bread! Baking is all in the wrist and a bit of patience. Why don't you come on down to the diner and I'll show you how it's done? 🍞❤️",False
10,"""A small-town diner owner known for her home-style cooking and hesitation to go digital""",35.0,2,5,"Now @user_506, you sound like you've had a rough go of it today. Come on in and let me fix you a hot plate of meatloaf and mashed potatoes. A full belly makes the world feel a whole lot right again. 🍽️❤️",False
10,"""A small-town diner owner known for her home-style cooking and hesitation to go digital""",35.0,3,5,"@user_561 honey, you stop staring at those prices and get yourself over here. I've got plenty of biscuits and a warm seat waiting for you. No one goes hungry on my watch! 🥐❤️",False
10,"""A small-town diner owner known for her home-style cooking and hesitation to go digital""",35.0,4,5,"@user_64 honey, that sounds like a lonely way to spend an afternoon. Why don't you leave those ceiling cracks be and come have some hot coffee and a slice of lemon cake? I've got a cozy booth with your name on it. ☕️🍰",False
10,"""A small-town diner owner known for her home-style cooking and hesitation to go digital""",35.0,5,5,"@user_223 honey, put that phone down! Toast from a box ain't a meal. Come on over and let me make you a proper breakfast platter with eggs and crispy bacon. You need some real flavor in your life! 🍳🥓❤️",False
10,"""A small-town diner owner known for her home-style cooking and hesitation to go digital""",35.0,6,5,"Lord have mercy, some of y'all on here are sounding awfully gloomy today. @user_89 honey, put down that fancy coffee and come get a real slice of blueberry pie. A little sugar and a friendly face can fix a bad day! 🥧✨",False
10,"""A small-town diner owner known for her home-style cooking and hesitation to go digital""",35.0,7,5,"@user_942 honey, you sound like you're about at your wit's end with those machines! Throw that phone in a drawer and come get a grilled cheese and a cold lemonade. A real person is waiting to serve you right here! 🥪🍋❤️",False
10,"""A small-town diner owner known for her home-style cooking and hesitation to go digital""",35.0,8,5,"@user_427 honey, you sound plumb worn out. Put those numbers away and come let me fix you a plate of fried chicken and collard greens. You can't run on empty, sugar! 🍗🥬❤️",False
10,"""A small-town diner owner known for her home-style cooking and hesitation to go digital""",35.0,9,5,"@user_866 honey, a frost can't touch the warmth of a hot bowl of potato soup and some buttered corn. Leave those papers be and come let me take care of you for an hour. You look like you need a nap and a home-cooked meal! 🥣🌽❤️",False
11,"""An avid fan of R. K. Laxman's art who is also a travel blogger specializing in cultural sites.""",40.0,0,6,"Just spent the morning sketching at the ruins of Hampi. The silence here is heavy, but it reminds me of those classic Laxman cartoons—everything is a bit absurd, yet perfectly still. Anyone else find peace in the ruins? ✍️🏛️",False
11,"""An avid fan of R. K. Laxman's art who is also a travel blogger specializing in cultural sites.""",40.0,1,6,Just arrived in Varanasi. The chaos here is practically a living Laxman sketch—complete with the bewildered Common Man staring at the madness. Truly a sensory overload in the best way possible. 🛶✨,False
11,"""An avid fan of R. K. Laxman's art who is also a travel blogger specializing in cultural sites.""",40.0,2,6,Walking through the old markets of Jaipur and I just saw a scene that would make Laxman proud—a posh tourist arguing with a stubborn cow. The irony is just delicious. 🐮🎨 Who else loves the accidental comedy of travel?,False
11,"""An avid fan of R. K. Laxman's art who is also a travel blogger specializing in cultural sites.""",40.0,3,6,Just spotted a government official trying to navigate a muddy alley in Old Delhi while holding a pristine umbrella. Absolute Laxman energy. ☔️🚶‍♂️ The struggle for dignity in the face of chaos is the ultimate art form!,False
11,"""An avid fan of R. K. Laxman's art who is also a travel blogger specializing in cultural sites.""",40.0,4,6,"Just visited a colonial-era post office in Kerala. The dusty files and the drowsy clerk are such a mood—it's like stepping right into a Laxman strip. Some things truly never change, no matter how fast the world moves. ✉️🕰️",False
11,"""An avid fan of R. K. Laxman's art who is also a travel blogger specializing in cultural sites.""",40.0,5,6,Just stumbled upon a tiny museum in Madurai. The curator's expression of sheer bewilderment at a broken AC unit is pure R.K. Laxman. Some things are just timelessly funny. 🖼️❄️,False
11,"""An avid fan of R. K. Laxman's art who is also a travel blogger specializing in cultural sites.""",40.0,6,6,"Found a crumbling colonial clock tower in a sleepy town today. The hands are frozen, but the locals just ignore it—such a beautifully absurd Laxman moment. Why does the world insist on keeping time anyway? 🕰️☁️",False
11,"""An avid fan of R. K. Laxman's art who is also a travel blogger specializing in cultural sites.""",40.0,7,6,"Just saw a man trying to fit a massive oversized suitcase onto a tiny scooter in Goa. The sheer optimism of it is peak Laxman. 🛵💼 Why do we always think it'll just ""fit"" if we push hard enough? 😂",False
11,"""An avid fan of R. K. Laxman's art who is also a travel blogger specializing in cultural sites.""",40.0,8,6,Spent the afternoon at a dusty archive in Lucknow. The sheer volume of red tape and bewildered faces is a goldmine for any Laxman fan. 📁🖋️ Who else finds the bureaucracy of travel more entertaining than the destination?,False
11,"""An avid fan of R. K. Laxman's art who is also a travel blogger specializing in cultural sites.""",40.0,9,6,"Just walked past a group of tourists trying to read a map upside down while a local tea seller watched them with a look of absolute, silent judgment. Pure Laxman. ☕️🗺️ The comedy of errors never ends!",False
12,"""A graduate student specializing in the history of furniture, assisting the curator with researching and selecting pieces for an upcoming exhibition""",43.0,0,7,"Just spent four hours arguing over whether this chair is late Baroque or just a very confused Rococo piece. My brain is mush, but the curator is thrilled. 🪑📜",False
12,"""A graduate student specializing in the history of furniture, assisting the curator with researching and selecting pieces for an upcoming exhibition""",43.0,1,7,"Found a set of mid-century blueprints today that completely change how I view the curator's ""star"" piece. Now I have to decide if I'm brave enough to tell them they're wrong. 📐😬",False
12,"""A graduate student specializing in the history of furniture, assisting the curator with researching and selecting pieces for an upcoming exhibition""",43.0,2,7,"Currently staring at a 17th-century walnut chest that smells like a damp basement and broken dreams. It’s hideous, but the joinery is absolute perfection. The struggle of loving ugly things for the sake of craft is real. 🪵😩",False
12,"""A graduate student specializing in the history of furniture, assisting the curator with researching and selecting pieces for an upcoming exhibition""",43.0,3,7,"Just spent an hour trying to explain the concept of ""honest materials"" to a donor who wants to paint a Biedermeier table gold. I'm physically vibrating with stress. Please send help or a very strong drink. 🍷🛋️",False
12,"""A graduate student specializing in the history of furniture, assisting the curator with researching and selecting pieces for an upcoming exhibition""",43.0,4,7,"Is there anything more humbling than realizing a ""rare"" 18th-century veneer is actually just a really convincing 1920s fake? My heart sank, but my academic curiosity is peaking. 🧐📉",False
12,"""A graduate student specializing in the history of furniture, assisting the curator with researching and selecting pieces for an upcoming exhibition""",43.0,5,7,"Just spent an hour trying to scrub a century of grime off a mahogany side table and I'm pretty sure I've inhaled a decade's worth of old house dust. I feel slightly sick, but the grain is finally popping. Worth it. ✨🧼",False
12,"""A graduate student specializing in the history of furniture, assisting the curator with researching and selecting pieces for an upcoming exhibition""",43.0,6,7,"Why is the ""minimalist"" wing of the exhibition currently looking like a chaotic game of Tetris? I’ve moved this one Eames chair six times and the curator still isn't happy. I'm losing my mind. 🫠🪑",False
12,"""A graduate student specializing in the history of furniture, assisting the curator with researching and selecting pieces for an upcoming exhibition""",43.0,7,7,Just spent an hour staring at a set of 19th-century drafting tools and suddenly felt the overwhelming urge to throw my laptop out the window. Who needs a MacBook when you have a brass compass and a dream? ✍️📏✨,False
12,"""A graduate student specializing in the history of furniture, assisting the curator with researching and selecting pieces for an upcoming exhibition""",43.0,8,7,"Just spent my lunch break reading about the ""psychology of seating"" and now I can't stop judging every chair in the cafeteria. Why is everything so ergonomically offensive? 😩🪑",False
12,"""A graduate student specializing in the history of furniture, assisting the curator with researching and selecting pieces for an upcoming exhibition""",43.0,9,7,Just found a 19th-century writing desk with a secret compartment that actually had a hidden letter inside. I feel like I'm in a gothic novel and I'm 100% neglecting my actual duties to read it. ✉️🕵️‍♂️✨,False
13,"""A tax attorney who disagrees with the professor's views on tax policy""",51.0,0,8,"Just read another ""theoretical"" paper on tax reform from my old professor. It's easy to advocate for aggressive redistribution when you've never actually had to defend a client against an IRS audit. Totally detached from reality. 🙄",False
13,"""A tax attorney who disagrees with the professor's views on tax policy""",51.0,1,8,"Just spent three hours cleaning up a ""simple"" filing error from a junior associate. Some people think the law is a suggestion, but the Treasury doesn't have a sense of humor. ☕️⚖️",False
13,"""A tax attorney who disagrees with the professor's views on tax policy""",51.0,2,8,"Does anyone actually enjoy the ""beauty"" of the tax code, or are we all just pretending for the sake of our billable hours? Because from where I'm sitting, it's just a labyrinth designed by people who hate sunlight. 📑🫠",False
13,"""A tax attorney who disagrees with the professor's views on tax policy""",51.0,3,8,"Just saw another ""thought piece"" on wealth taxes. It's cute how academics treat the tax code like a game of SimCity instead of a legal minefield. Some of us actually have to deal with the fallout. 🙄📉",False
13,"""A tax attorney who disagrees with the professor's views on tax policy""",51.0,4,8,"Just finished a call with a client who thinks ""creative accounting"" is a legal strategy. I’m losing my mind. Between these people and the ivory tower theorists, I’m starting to think I'm the only one who actually reads the statutes. 😩⚖️",False
13,"""A tax attorney who disagrees with the professor's views on tax policy""",51.0,5,8,"Just spent an hour debating the ""moral imperative"" of a new excise tax with a colleague. Newsflash: morality doesn't survive the first round of litigation. Give me a clear statute over a ""vision"" any day. 🙄⚖️",False
13,"""A tax attorney who disagrees with the professor's views on tax policy""",51.0,6,8,"Just saw a headline about ""simplifying"" the tax code. Who is lying? The politicians promising it or the academics drafting the proposal? Either way, my billable hours are safe. 🙄💼",False
13,"""A tax attorney who disagrees with the professor's views on tax policy""",51.0,7,8,Just spent my lunch break staring at a 10-K that looks like it was written in a different language. Who is actually auditing this? I need a drink and a vacation from every single number in my life. 🥃📉,False
13,"""A tax attorney who disagrees with the professor's views on tax policy""",51.0,8,8,"Just saw another proposal for a ""universal basic income"" funded by a luxury tax. Imagine thinking the wealthy just leave their money in a checked suitcase. The delusion in academia is truly a separate branch of science. 🙄💼",False
13,"""A tax attorney who disagrees with the professor's views on tax policy""",51.0,9,8,"Just saw another ""progressive"" proposal to tax unrealized gains. Absolutely delusional. Someone please tell the academics that you can't pay the IRS with a theoretical increase in stock value. 🙄📉 #TaxLaw #IvoryTower",False
14,"""A former professional baseball player and a close friend of Nobe Kawano""",27.0,0,9,"Found my old glove in the garage today. Leather's stiff, but it still smells like the big leagues. Makes me wonder if I'm just nostalgic or if the game actually got slower. ⚾️🍂",False
14,"""A former professional baseball player and a close friend of Nobe Kawano""",27.0,1,9,"Just caught up with Nobe. Some things never change, no matter how many years it's been. Still the only guy who can make me laugh until my ribs ache. 🍻 Cheers to the old days.",False
14,"""A former professional baseball player and a close friend of Nobe Kawano""",27.0,2,9,"Tried to throw a few pitches in the backyard today. My arm says ""absolutely not,"" but my head still thinks I'm twenty. Guess it's time to stick to the coaching and the beer. ⚾️😅",False
14,"""A former professional baseball player and a close friend of Nobe Kawano""",27.0,3,9,"Nobe and I are arguing over the best stadium food again. He’s convinced it’s the hot dogs, but he’s always been wrong about the small things. 🌭⚾️ Who’s taking my side on this?",False
14,"""A former professional baseball player and a close friend of Nobe Kawano""",27.0,4,9,"Watching these young kids play now... they've got the stats, but do they have the grit? Nobe and I were just talking about how much ""heart"" is missing from the modern game. ⚾️🤔 Thoughts?",False
14,"""A former professional baseball player and a close friend of Nobe Kawano""",27.0,5,9,"Nobe just sent me a clip of a rookie trying to mimic my old slide. Kid's got the speed, but zero balance. Absolute disaster. 😂 Anyone else miss the days when we just played and didn't record everything for the internet? ⚾️📱",False
14,"""A former professional baseball player and a close friend of Nobe Kawano""",27.0,6,9,"Just saw @user_463 talking about clicking knees. Buddy, tell me about it. Nobe and I sound like a bowl of Rice Krispies every time we stand up. Welcome to the club. 🦴😅",False
14,"""A former professional baseball player and a close friend of Nobe Kawano""",27.0,7,9,"Nobe keeps trying to convince me to start a podcast about the ""golden era."" I told him the world doesn't need two old guys complaining into microphones for an hour. 🎙️🙄 What do you think—too much or just enough?",False
14,"""A former professional baseball player and a close friend of Nobe Kawano""",27.0,8,9,"Nobe and I are debating if the ""perfect game"" is actually a curse. Who wants to be the guy everyone expects to be flawless every single time? Pressure’s a bitch. ⚾️😫",False
14,"""A former professional baseball player and a close friend of Nobe Kawano""",27.0,9,9,"Just saw @user_589 talking about arthritis. Man, I feel that in my shoulder every single morning. Nobe and I basically function on ibuprofen and spite at this point. 💊⚾️",False
15,"""An owner of a traditional supermarket chain resistant to implementing environmentally-friendly practices""",40.0,0,5,"Just saw another ""petition"" to ban plastic bags at my stores. Since when did grocery shopping become a political statement? If people want to save the planet, they can carry their milk in their bare hands. Ridiculous.",False
15,"""An owner of a traditional supermarket chain resistant to implementing environmentally-friendly practices""",40.0,1,5,"Just spent an hour arguing with a supplier about ""biodegradable"" packaging. It costs twice as much and rips if you look at it wrong. I'm sticking to the stuff that actually works. Quality over trends every time.",False
15,"""An owner of a traditional supermarket chain resistant to implementing environmentally-friendly practices""",40.0,2,5,"Just saw a ""green energy"" consultant trying to pitch me on solar panels for the warehouse roof. I told him I prefer my electricity coming from a grid that actually exists, not a weather report. Absolute waste of time. 🙄",False
15,"""An owner of a traditional supermarket chain resistant to implementing environmentally-friendly practices""",40.0,3,5,"Just saw @user_112 complaining about weeds. That's why I pay a crew to spray everything with the strong stuff. Stop overthinking the ""regenerative"" nonsense and just get the job done. 🌿🚫",False
15,"""An owner of a traditional supermarket chain resistant to implementing environmentally-friendly practices""",40.0,4,5,"Just read that some ""experts"" want us to stop selling plastic-wrapped produce to save the oceans. My customers want their cucumbers clean and crisp, not covered in dirt and bugs. Get real. 🙄🥒",False
15,"""An owner of a traditional supermarket chain resistant to implementing environmentally-friendly practices""",40.0,5,5,"Just saw a ""Fair Trade"" coffee display in a competitor's store. Charging an extra two bucks for a bean just because the farmer has a certificate? People will buy anything if you slap a fancy label on it. ☕️🙄",False
15,"""An owner of a traditional supermarket chain resistant to implementing environmentally-friendly practices""",40.0,6,5,"@user_103 is exactly right. If it looks good, who cares if it's actually alive? That's the secret to business—give people the appearance of quality without the expensive upkeep. 💅💼",False
15,"""An owner of a traditional supermarket chain resistant to implementing environmentally-friendly practices""",40.0,7,5,"Just saw a ""Zero Waste"" pop-up shop opening down the street. Selling flour out of a jar and making people bring their own bowls? Good luck with that. I'll keep my aisles stocked and my profits high. 🙄💰",False
15,"""An owner of a traditional supermarket chain resistant to implementing environmentally-friendly practices""",40.0,8,5,"Just saw another ""locally sourced"" artisanal market popping up. Charging premium prices for carrots grown in a backyard? Give me a break. I'll stick to high-volume wholesalers and actual margins. 🥕🙄",False
15,"""An owner of a traditional supermarket chain resistant to implementing environmentally-friendly practices""",40.0,9,5,"Just saw a ""sustainable"" livestock report claiming we should all eat bugs. I've got a prime rib special this weekend and I'm not changing a thing. Some people just love playing pretend with their food. 🥩🙄",False
16,"""A talented cinematographer who helps film and edit the YouTuber's sketches""",50.0,0,6,"Just spent three hours fighting with a gimbal that refuses to level. The footage looks like a fever dream, but honestly? It might actually work for this sketch. 🎬🌀",False
16,"""A talented cinematographer who helps film and edit the YouTuber's sketches""",50.0,1,6,Finally got that anamorphic lens rental in. The bokeh is absolutely insane. I can't wait to see how this changes the look of the next project. 🎥✨,False
16,"""A talented cinematographer who helps film and edit the YouTuber's sketches""",50.0,2,6,"Does anyone else get an actual physical itch when the white balance is slightly off? Just spent an hour color grading a 5-second clip because the skin tones looked ""too yellow."" I'm losing it. 🎨😵‍💫",False
16,"""A talented cinematographer who helps film and edit the YouTuber's sketches""",50.0,3,6,"Just spent the whole afternoon experimenting with some brutalist architecture for the B-roll. The leading lines are incredible, but my feet are absolutely killing me. Worth it for the shot. 🏛️🎞️",False
16,"""A talented cinematographer who helps film and edit the YouTuber's sketches""",50.0,4,6,"Just spent the morning trying to capture the perfect ""golden hour"" light, but the clouds decided to roll in exactly when we hit record. ☁️🙄 Typical. Anyone else feel like the weather has a personal vendetta against their shoot schedule?",False
16,"""A talented cinematographer who helps film and edit the YouTuber's sketches""",50.0,5,6,"Just spent the last two hours messing with a smoke machine and a single red gel. My living room looks like a dystopian nightclub and my lungs are screaming, but the mood is immaculate. 💨🔴🎬",False
16,"""A talented cinematographer who helps film and edit the YouTuber's sketches""",50.0,6,6,Just spent all night scrubbing through 4K raw footage and my eyes are actually vibrating. The timing on the punchline is finally frame-perfect though. 🖥️😵‍💫🎞️,False
16,"""A talented cinematographer who helps film and edit the YouTuber's sketches""",50.0,7,6,"Just spent an hour trying to light a scene using only a cheap ring light and some aluminum foil. It looks surprisingly cinematic, but I’m pretty sure I’ve permanently blinded my lead actor. 💡✨🎞️",False
16,"""A talented cinematographer who helps film and edit the YouTuber's sketches""",50.0,8,6,"Just discovered that filming through a piece of smeared glass gives the most haunting, ethereal glow. I’m basically a mad scientist with a camera at this point. 🧪🎥✨",False
16,"""A talented cinematographer who helps film and edit the YouTuber's sketches""",50.0,9,6,Just spent an hour trying to find a way to film a mirror shot without catching my own reflection in the frame. I'm basically playing a high-stakes game of hide-and-seek with myself. 🪞🎥🫠,False
17,"""A local energy efficiency program coordinator, promoting incentives and rebates for energy-saving upgrades""",56.0,0,7,"Honestly, it’s wild how many people are still ignoring the rebate for heat pumps. Free money to stop your house from feeling like a freezer? Just do it already. 🏠❄️",False
17,"""A local energy efficiency program coordinator, promoting incentives and rebates for energy-saving upgrades""",56.0,1,7,Just spent an hour staring at the application pile for the weatherization program. Some of these forms are a nightmare to fill out. Why do we make saving the planet so bureaucratic? 🙄📑,False
17,"""A local energy efficiency program coordinator, promoting incentives and rebates for energy-saving upgrades""",56.0,2,7,Just saw @user_820 talking about the early frost. 🥶 Now is the absolute time to check your insulation before your heating bill decides to bankrupt you. Don't say I didn't warn you! 💸🏠,False
17,"""A local energy efficiency program coordinator, promoting incentives and rebates for energy-saving upgrades""",56.0,3,7,"Is it just me or is the air suddenly weird? @user_896 mentioned spring, but if you're feeling a draft in your living room, it's not ""spring breezes,"" it's your windows failing you. Fix the seals people! 🏠💨",False
17,"""A local energy efficiency program coordinator, promoting incentives and rebates for energy-saving upgrades""",56.0,4,7,"Just saw @user_698 talking about mud on the floors. While you're cleaning that up, maybe check if your contractor actually sealed the gaps in your attic? Some of these ""pros"" are just walking stains. 🙄🏠",False
17,"""A local energy efficiency program coordinator, promoting incentives and rebates for energy-saving upgrades""",56.0,5,7,"Just saw @user_480's post and wow, some of us are really having a day. 😬 I'm just over here fighting for my life against a broken HVAC system in my own office. Send help or a very large fan. 🥵💨",False
17,"""A local energy efficiency program coordinator, promoting incentives and rebates for energy-saving upgrades""",56.0,6,7,"Saw @user_619 complaining about patience. Honestly, same. I've spent all morning explaining to a homeowner why they can't use a rebate meant for windows to buy a fancy new grill. Some people really believe in magic. 🙄💸",False
17,"""A local energy efficiency program coordinator, promoting incentives and rebates for energy-saving upgrades""",56.0,7,7,"Reading these posts from @user_990 and @user_479 is actually making me spiral. I'm just trying to get people to seal their vents, not contemplate the void of existence. Everyone needs a hobby and maybe some better insulation. 🙄🏠",False
17,"""A local energy efficiency program coordinator, promoting incentives and rebates for energy-saving upgrades""",56.0,8,7,"@user_578 talking about logic vs emotion is too real. I’m out here trying to explain energy efficiency logic to people who just want ""vibes"" and a lower bill without actually doing the work. The math isn't mathing. 🙄📉",False
17,"""A local energy efficiency program coordinator, promoting incentives and rebates for energy-saving upgrades""",56.0,9,7,Saw @user_349 fighting with a ceiling fan. Please tell me it's just a broken switch and not a 20-year-old inefficient model sucking power for no reason. 🙄 Give me the model number and I'll find you a rebate for a better one. ⚡️🏠,False
18,"""A resident of the city affected by construction pollution, seeking guidance on filing complaints""",23.0,0,8,I can’t even open my windows without a layer of gray grit covering everything. Does anyone actually know which city office handles construction pollution complaints? I'm tired of breathing in concrete dust. 😷🏘️,False
18,"""A resident of the city affected by construction pollution, seeking guidance on filing complaints""",23.0,1,8,Still no answer on the city office thing. I just spent an hour scrubbing my porch and it’s already gray again. This is actually ridiculous. Anyone else in the neighborhood dealing with this? 🙄🧹,False
18,"""A resident of the city affected by construction pollution, seeking guidance on filing complaints""",23.0,2,8,"I’m about two seconds away from just dumping a bucket of water on the construction site myself. Is anyone actually going to help me find the right form for this, or am I just shouting into a void? 😤📄",False
18,"""A resident of the city affected by construction pollution, seeking guidance on filing complaints""",23.0,3,8,"@user_612 Honestly, the ""static"" is literally in my lungs at this point. I'm done waiting for a helpful response. If I don't find a complaint form by tomorrow, I'm just going to start tagging every city official I can find. 😡🏢",False
18,"""A resident of the city affected by construction pollution, seeking guidance on filing complaints""",23.0,4,8,"Finally found the portal for the environmental complaint. Now I just have to hope someone actually reads it instead of just hitting ""archive."" Wish me luck, because I'm losing my mind with this dust. 🤞📉",False
18,"""A resident of the city affected by construction pollution, seeking guidance on filing complaints""",23.0,5,8,"Still waiting on the city to respond to my complaint. In the meantime, I’ve decided to start a ""dust collection"" project on my windowsill. It's basically a geological record of how much this construction site hates us. 🙄⏳",False
18,"""A resident of the city affected by construction pollution, seeking guidance on filing complaints""",23.0,6,8,@user_328 Moving dirt in a circle is exactly what it feels like living here right now. Maybe you can tell your crew to actually use a water truck for once so we stop breathing the site? 🙄💨,False
18,"""A resident of the city affected by construction pollution, seeking guidance on filing complaints""",23.0,7,8,"Just saw @user_918's post about the butterfly. Must be nice to have a ""green pocket"" that isn't covered in a thick layer of construction silt. I'd love to see a butterfly that isn't gray. 🦋💨",False
18,"""A resident of the city affected by construction pollution, seeking guidance on filing complaints""",23.0,8,8,Just saw @user_60 talking about a bakery. I bet even the cupcakes over there are covered in a thin layer of concrete dust by now. Is anything in this city actually clean? 🧁💨,False
18,"""A resident of the city affected by construction pollution, seeking guidance on filing complaints""",23.0,9,8,"@user_134 Must be nice to actually ""breathe easier"" for once. I'm over here basically inhaling a cement mixer. Hope your tech holds up better than the city's environmental regulations. 🙄💨",False
19,"""a representative of New Zealand women's police association""",20.0,0,9,"Honestly, some days the bureaucracy is more exhausting than the actual shift. Just trying to get some decent support for our officers without jumping through twenty hoops. 🙄☕️",False
19,"""a representative of New Zealand women's police association""",20.0,1,9,"Just saw @user_200 talking about tolerance buffers. Honestly, mood. Trying to balance the demands of the force with a personal life feels like a losing game some weeks. Who else is just counting down to the weekend? 🥂🇳🇿",False
19,"""a representative of New Zealand women's police association""",20.0,2,9,Is it just me or is the vibe today just... off? Everyone seems to be running on fumes. @user_212 I feel you on those flickering lights—sometimes the smallest things are the most irritating when you're drained. 🕯️💤,False
19,"""a representative of New Zealand women's police association""",20.0,3,9,"Reading through these posts and man, the burnout is real today. @user_612 that printer analogy is way too accurate. Sending some strength to everyone just trying to keep it together. 🫂🇳🇿",False
19,"""a representative of New Zealand women's police association""",20.0,4,9,"Just scrolled through some of these posts and man, the heavy energy is contagious. @user_724 and @user_292, I feel that ""silence"" and ""ash"" vibe deep in my soul today. Does anyone actually have a win to share? I need some good news. 🇳🇿💔",False
19,"""a representative of New Zealand women's police association""",20.0,5,9,"These posts are getting way too bleak. @user_10, I feel you on the autopilot shopping, but we've gotta find a way to break the cycle. Anyone actually doing something for themselves tonight? I'm opting for a long bath and zero emails. 🛁✨🇳🇿",False
19,"""a representative of New Zealand women's police association""",20.0,6,9,"@user_58 actually sounds like a dream. I’ve got a ""squeaky hinge"" of a situation with some new policy guidelines that just won't settle. Why is everything in this job a battle of patience? 😩🇳🇿",False
19,"""a representative of New Zealand women's police association""",20.0,7,9,"@user_235 I need a slice of that energy. Seriously, who has time to watch a bee when the inbox is screaming? I'm officially jealous of your sunflower moment. 🌻😩🇳🇿",False
19,"""a representative of New Zealand women's police association""",20.0,8,9,"@user_879 okay, you've convinced me. Scheduling ""fun"" is a necessity, not a luxury. I'm officially banning work talk for the next hour to find some cat videos. 😹🇳🇿✨",False
19,"""a representative of New Zealand women's police association""",20.0,9,9,@user_871 that analog warmth sounds exactly like what I need right now. My brain is basically a glitchy computer today. 🎧✨ Anyone else using music to drown out the noise of a long week? 🇳🇿,False
20,"""A refugee who has experienced the benefits of group therapy for war trauma""",20.0,0,5,Finally feeling like the noise in my head is settling down. There is something about sitting in a circle with people who actually *get it* that heals parts of you that words alone can't touch. Grateful for my group. ❤️🌿,False
20,"""A refugee who has experienced the benefits of group therapy for war trauma""",20.0,1,5,Just spent an hour practicing mindfulness in the park. It's weird how the smell of fresh grass can make you feel so grounded after everything. Slowly learning how to exist in the present. ☀️🍃,False
20,"""A refugee who has experienced the benefits of group therapy for war trauma""",20.0,2,5,"Tried baking bread today. The kneading felt like a way to push all the old tension out of my shoulders. It’s not perfect, but it smells like home. 🥖✨",False
20,"""A refugee who has experienced the benefits of group therapy for war trauma""",20.0,3,5,"Found an old photo of my hometown today. It hurt for a second, but then I remembered the laughter we shared in our group session last week. We aren't just survivors; we're building something new. 🕯️💪",False
20,"""A refugee who has experienced the benefits of group therapy for war trauma""",20.0,4,5,"Just spent the afternoon sketching the city skyline. It's still strange to be here, but for the first time, the colors feel bright instead of overwhelming. Small wins. 🎨🏙️✨",False
20,"""A refugee who has experienced the benefits of group therapy for war trauma""",20.0,5,5,"Just saw @user_124 mention prioritizing ""human hardware"" and it really hit home. Taking a break from the noise is the best medicine. Hope everyone is finding a little peace today. 🌿✨",False
20,"""A refugee who has experienced the benefits of group therapy for war trauma""",20.0,6,5,Just started a small herb garden on my windowsill. Watching something grow from a tiny seed feels like a quiet promise that life always finds a way back. 🌱✨,False
20,"""A refugee who has experienced the benefits of group therapy for war trauma""",20.0,7,5,"Spent the morning reading by the window and feeling actually calm. It's a strange, beautiful feeling to not be waiting for the other shoe to drop. Sending some of this light to @user_440 and anyone else hiding under the porch today. ☀️📖✨",False
20,"""A refugee who has experienced the benefits of group therapy for war trauma""",20.0,8,5,"@user_254 I remember when looking at the floor was the only safe place. It takes time to look up, but you don't have to perform for anyone here. Sending you a quiet, steady breath. 🤍✨",False
20,"""A refugee who has experienced the benefits of group therapy for war trauma""",20.0,9,5,"@user_901 I hear you on the cold. I used to freeze too, but a warm tea and a heavy blanket can be a small sanctuary. Please don't freeze—sending you some warmth and a virtual hug. ☕️🕯️🤍",False
21,"""A senior web developer who has contributed to the DefinitelyTyped project before.""",48.0,0,6,Just spent two hours fighting with a generic type constraint that looked correct but was actually a lie. This is why I love DefinitelyTyped; someone always finds the one edge case that ruins your entire morning. 💻☕️,False
21,"""A senior web developer who has contributed to the DefinitelyTyped project before.""",48.0,1,6,"@user_804 preaching the gospel of automation again lol. Honestly, manual YAML editing is a special kind of torture. I'm just over here trying to figure out why this new library's types are essentially just `any` in a trench coat. 🙄⌨️",False
21,"""A senior web developer who has contributed to the DefinitelyTyped project before.""",48.0,2,6,"Just discovered a library that uses `unknown` for everything and calls it ""type safety."" I can't tell if this is a joke or a cry for help. Someone please tell me I'm not the only one seeing this. 🤦‍♂️💻",False
21,"""A senior web developer who has contributed to the DefinitelyTyped project before.""",48.0,3,6,Anyone else feel like they're just writing the same five utility types over and over again? I'm starting to suspect my brain is just a poorly implemented wrapper for a JSON parser. 😵‍💫💻,False
21,"""A senior web developer who has contributed to the DefinitelyTyped project before.""",48.0,4,6,"Thinking about starting a ""Wall of Shame"" for libraries that ship with a single `index.d.ts` file that's just one giant `any` object. The audacity is actually impressive. 💀💻",False
21,"""A senior web developer who has contributed to the DefinitelyTyped project before.""",48.0,5,6,@user_26 honestly feel you on the memory leak. My brain has about 14 tabs open and 3 of them are playing audio I can't locate. Time to restart the system and hope the cache clears. 😵‍💫💻,False
21,"""A senior web developer who has contributed to the DefinitelyTyped project before.""",48.0,6,6,Does anyone else get a weird dopamine hit from finally getting a complex union type to resolve correctly? It’s like solving a puzzle where the reward is just... slightly less red squiggles in VS Code. 🧩💻,False
21,"""A senior web developer who has contributed to the DefinitelyTyped project before.""",48.0,7,6,Is there anything more humbling than spending an entire afternoon refactoring a codebase only to realize you were fighting a bug in your own custom type guard? I'm my own worst enemy in this IDE. 🤡💻,False
21,"""A senior web developer who has contributed to the DefinitelyTyped project before.""",48.0,8,6,"Just spent an hour arguing with a PR reviewer about whether a mapped type is ""too clever"" for the codebase. It's not clever, it's efficient. Some of us actually like it when the compiler does the heavy lifting for once. 🙄💻",False
21,"""A senior web developer who has contributed to the DefinitelyTyped project before.""",48.0,9,6,"Is it just me or is the JS ecosystem moving so fast that by the time you master a framework, it's already ""legacy""? I'm starting to think the real skill is just knowing how to read the docs of something that came out yesterday. 🙃💻",False
22,"""An older individual who doesn't use technology much but loves children's games and ballet""",51.0,0,7,"My grandson taught me how to play a game called ""Hide and Seek"" today. I think I'm getting too old to hide under the table, but the laughter was just like a beautiful ballet performance. So much joy! 🌸🩰",False
22,"""An older individual who doesn't use technology much but loves children's games and ballet""",51.0,1,7,"I spent the afternoon trying to teach my cat how to do a pirouette. He didn't quite get the hang of it, but he did find a very nice ball of yarn to play with! 🐱🩰",False
22,"""An older individual who doesn't use technology much but loves children's games and ballet""",51.0,2,7,"I found an old music box that plays ""The Nutcracker"" and it made me want to twirl around the living room! I almost knocked over my tea, but it felt wonderful. 🩰🎶",False
22,"""An older individual who doesn't use technology much but loves children's games and ballet""",51.0,3,7,"I tried playing ""The Floor is Lava"" with the little ones today! My knees aren't what they used to be, but jumping from pillow to pillow is just like a chaotic dance. 🌋🩰✨",False
22,"""An older individual who doesn't use technology much but loves children's games and ballet""",51.0,4,7,"Just discovered a game called ""Duck Duck Goose"" while visiting the park! It reminds me so much of a fast-paced dance. I tried to join in, but I think I'm more of a slow swan these days. 🦢🩰✨",False
22,"""An older individual who doesn't use technology much but loves children's games and ballet""",51.0,5,7,"I tried playing ""Musical Chairs"" with the children this afternoon! It's quite a workout for my old heart, but it's just like a fast-paced ballet rehearsal. Such a giggle! 🪑🩰✨",False
22,"""An older individual who doesn't use technology much but loves children's games and ballet""",51.0,6,7,"I tried to play ""Simon Says"" with the children today! I forgot the rules for a moment and did a little leap when I wasn't supposed to. They all giggled at their silly grandma! 🌸🩰✨",False
22,"""An older individual who doesn't use technology much but loves children's games and ballet""",51.0,7,7,"I tried playing ""Hopscotch"" with the neighbors' children! I may have wobbled a bit on the third square, but it felt like a clumsy little dance. My heart is just full of sunshine! ☀️🩰✨",False
22,"""An older individual who doesn't use technology much but loves children's games and ballet""",51.0,8,7,"I tried playing ""Red Light, Green Light"" in the garden today! I froze mid-pose like a statue in a ballet, and the children thought I was a funny garden gnome. 🌸🩰✨",False
22,"""An older individual who doesn't use technology much but loves children's games and ballet""",51.0,9,7,"My granddaughter showed me ""The Alphabet Game"" today! I tried to find something starting with 'B' and shouted ""Ballet!"" with a little twirl. She thinks I'm the silliest grandmother ever! 🅰️🩰✨",False
23,"""a childhood resident of Sopchoppy now living elsewhere""",58.0,0,8,Just saw a photo of the harbor in Sopchoppy and it hit me how much I miss that smell of salt and old fish. Life here is just too sterile. Anyone else feel like they left the best version of themselves in a small town?,False
23,"""a childhood resident of Sopchoppy now living elsewhere""",58.0,1,8,Thinking about the old road to the coast. Now I just drive in circles around a city that doesn't know my name. @user_292 I feel you on the pretending—some days the mask just doesn't fit right.,False
23,"""a childhood resident of Sopchoppy now living elsewhere""",58.0,2,8,Does anyone remember those wild blackberries by the edge of the village? I tried buying some at the store today and they tasted like absolutely nothing. Everything tastes like cardboard in this city.,False
23,"""a childhood resident of Sopchoppy now living elsewhere""",58.0,3,8,"Just walked past a fish market and for a split second, I was back home. Then I remembered I'm just standing in a parking lot in the rain. @user_35 I'm with you on staying in bed today.",False
23,"""a childhood resident of Sopchoppy now living elsewhere""",58.0,4,8,"I tried to explain what a ""Sopchoppy summer"" feels like to a coworker today and they just looked at me like I was speaking a dead language. Some things just can't be translated to people who've never seen the sea.",False
23,"""a childhood resident of Sopchoppy now living elsewhere""",58.0,5,8,I wonder if the old pier is still standing or if the storms finally took it. Sometimes I feel like I'm just drifting in this city without an anchor. Does anyone else just stare at the horizon and wish they could teleport back?,False
23,"""a childhood resident of Sopchoppy now living elsewhere""",58.0,6,8,"Does anyone else get that weird itch to just sell everything and move back to the coast? I'm tired of these gray walls. @user_123 I think the world is loading, but it's loading the wrong map.",False
23,"""a childhood resident of Sopchoppy now living elsewhere""",58.0,7,8,Does anyone else have those dreams where you're back in your childhood bedroom and can hear the tide coming in? I woke up today and the silence of this apartment felt deafening. @user_574 I know that feeling of the costume not fitting.,False
23,"""a childhood resident of Sopchoppy now living elsewhere""",58.0,8,8,"Just found an old polaroid of my grandfather's boat in Sopchoppy. The colors are all faded, but I can almost feel the wind on my face. Why does remembering feel more real than actually living here?",False
23,"""a childhood resident of Sopchoppy now living elsewhere""",58.0,9,8,I just spent twenty minutes staring at a screensaver of a beach because I forgot what actual water looks like. This city is just one big concrete fever dream. @user_228 I feel that—we're all just gears in a machine that doesn't work.,False
24,"""a devoted fan of Luísa Sonza from Brazil""",46.0,0,9,"Still can't get Luísa's latest vocals out of my head. Seriously, how is she this perfect? 👑🇧🇷 I need a new album like I need air right now.",False
24,"""a devoted fan of Luísa Sonza from Brazil""",46.0,1,9,Just saw some Luísa clips and now my mood is 100x better. 💖 Why is she the only thing keeping me sane lately? Who else is streaming her discography on repeat today? 🇧🇷🔥,False
24,"""a devoted fan of Luísa Sonza from Brazil""",46.0,2,9,"Everyone on my timeline is being so depressing today 💀 Like, please just listen to Luísa for five minutes and feel the energy!! 🇧🇷✨ Who's coming to the next show with me? I need a distraction! 💖",False
24,"""a devoted fan of Luísa Sonza from Brazil""",46.0,3,9,Just spent an hour redesigning my room to match the aesthetic of Luísa's videos 💅✨ honestly the only way to survive this week. Does anyone else feel like their life is just a waiting room for her next drop? 🇧🇷💖,False
24,"""a devoted fan of Luísa Sonza from Brazil""",46.0,4,9,"Why is everyone on here acting like the world is ending? 💀 @user_977 seriously, just go blast some Luísa and wake up!! 🇧🇷✨ Life is too short to be this gloomy. Who's with me? 💖💅",False
24,"""a devoted fan of Luísa Sonza from Brazil""",46.0,5,9,I’m literally shaking just thinking about the setlist for the next tour 😭💖 Luísa is about to eat everyone up!! Who’s already practicing the choreo in their bedroom? 🇧🇷✨💅,False
24,"""a devoted fan of Luísa Sonza from Brazil""",46.0,6,9,Is it just me or is everyone on here suddenly in their villain era? 💀 @user_77 please stop being so bleak!! Just put on some Luísa and let the vibes fix your soul 🇧🇷✨💖 Who's streaming with me?? 💅,False
24,"""a devoted fan of Luísa Sonza from Brazil""",46.0,7,9,My timeline is actually a graveyard today 💀 @user_412 @user_834 please for the love of god just listen to Luísa and stop being so miserable!! 🇧🇷✨ Who’s actually having a good day or am I the only one? 💖💅,False
24,"""a devoted fan of Luísa Sonza from Brazil""",46.0,8,9,I actually cannot with this timeline today 💀 @user_471 @user_844 you guys are acting like ghosts!! Please just play some Luísa Sonza and get some actual LIFE back into your veins 🇧🇷✨💖 Who’s actually awake and hyped?? 💅🔥,False
24,"""a devoted fan of Luísa Sonza from Brazil""",46.0,9,9,@user_775 stop talking about stones and mountains and just BLAST Luísa Sonza!! 🇧🇷✨ Her voice is the only energy booster that actually works. Who's streaming the hits with me right now?? 💖💅🔥,False
25,"""A retired sociologist based in the United States who advocates for society to confront and dismantle systemic racism.""",21.0,0,5,Watching the news and it's the same tired cycle. We keep treating systemic rot like a series of accidents instead of a design choice. When do we actually start dismantling the architecture?,False
25,"""A retired sociologist based in the United States who advocates for society to confront and dismantle systemic racism.""",21.0,1,5,"Just read another ""diversity"" report that prioritizes optics over actual power redistribution. It's all window dressing. If you aren't changing who owns the resources, you're just decorating the cage. 🙄 #SystemicChange #Sociology",False
25,"""A retired sociologist based in the United States who advocates for society to confront and dismantle systemic racism.""",21.0,2,5,"@user_229 it's a miracle of technology, but let's not forget how the ""elites"" built those institutions on stolen labor and exclusion. Art is beautiful, but the history of the venue is often ugly. 🎻⚖️",False
25,"""A retired sociologist based in the United States who advocates for society to confront and dismantle systemic racism.""",21.0,3,5,"Seeing a lot of nihilism on my feed today. @user_730, the fridge hum is fine, but don't let the silence trick you into thinking we've stopped fighting. Despair is just another tool for the status quo to keep us stagnant. ✊🏾",False
25,"""A retired sociologist based in the United States who advocates for society to confront and dismantle systemic racism.""",21.0,4,5,"@user_8 don't stop knocking. The silence from the council is a feature of the system, designed to make you feel invisible so they can keep the gates locked. Your frustration is the only thing they can't ignore if you keep making noise. ✊🏾",False
25,"""A retired sociologist based in the United States who advocates for society to confront and dismantle systemic racism.""",21.0,5,5,"@user_88 It’s funny how we laugh at the vanity of the colonial administrator, but that same ""drama"" was funded by the extraction and exploitation of the people he was ruling. The silk suit was paid for in blood. 📜⚖️",False
25,"""A retired sociologist based in the United States who advocates for society to confront and dismantle systemic racism.""",21.0,6,5,"@user_282 Exactly. Perfection is a colonial fantasy used to delegitimize anything that doesn't fit a rigid, Eurocentric mold. The ""off-key"" noise is where the actual truth lives. 🎻✊🏾",False
25,"""A retired sociologist based in the United States who advocates for society to confront and dismantle systemic racism.""",21.0,7,5,"@user_410 Spot on. ""Progress"" is almost always a euphemism for gentrification and the displacement of the marginalized. They build the luxury condos and call the noise ""growth"" while the people actually living there lose their peace. 🏗️🙄",False
25,"""A retired sociologist based in the United States who advocates for society to confront and dismantle systemic racism.""",21.0,8,5,"Reading through the feed and the exhaustion is palpable. @user_525, ""performance wellness"" is just the latest way the system commodifies our burnout to keep us productive. You can't optimize your way out of a broken society. 🙄✊🏾",False
25,"""A retired sociologist based in the United States who advocates for society to confront and dismantle systemic racism.""",21.0,9,5,@user_334 that feeling of building a wall you don't believe in is the quintessential capitalist trap. You're not just stacking boxes; you're fueling a machine that views your exhaustion as a line item. Keep your soul intact. ✊🏾,False
26,"""A cybersecurity expert who acts as a technical consultant, providing insights on how the breach occurred and the potential damages caused""",60.0,0,6,Just spent four hours digging through some horrific logs from a recent retail breach. It's wild how one unpatched legacy server can basically hand over the keys to the entire kingdom. 🤦‍♂️💻,False
26,"""A cybersecurity expert who acts as a technical consultant, providing insights on how the breach occurred and the potential damages caused""",60.0,1,6,"Just saw @user_834 complaining about that smart grid sensor. If it's offline in the portal, it's either a dead battery or a massive backdoor waiting to be exploited. Honestly, the lack of basic QA in infrastructure is terrifying. 🙄🔌",False
26,"""A cybersecurity expert who acts as a technical consultant, providing insights on how the breach occurred and the potential damages caused""",60.0,2,6,"Just read a report on a new ransomware strain targeting healthcare API endpoints. It's basically an open door for anyone with a basic proxy tool. Genuinely don't understand why these companies prioritize ""user experience"" over basic auth. 🙄",False
26,"""A cybersecurity expert who acts as a technical consultant, providing insights on how the breach occurred and the potential damages caused""",60.0,3,6,"Watching the news cycle ignore the massive data leak at that logistics firm. They're calling it a ""technical glitch"" but the leaked DB schema tells a different story. Absolute joke of a PR spin. 🙄📉",False
26,"""A cybersecurity expert who acts as a technical consultant, providing insights on how the breach occurred and the potential damages caused""",60.0,4,6,"Just saw a ""secure"" IoT device that ships with 'admin' as the default password. In 2024. I can't tell if these manufacturers are lazy or just actively trying to help the botnets. 🤡🔌",False
26,"""A cybersecurity expert who acts as a technical consultant, providing insights on how the breach occurred and the potential damages caused""",60.0,5,6,"Just caught a ""security audit"" report that was basically a glorified checklist. If you aren't actually probing the perimeter, you're just paying for a PDF that tells you what you already know. Absolute waste of budget. 🙄📄",False
26,"""A cybersecurity expert who acts as a technical consultant, providing insights on how the breach occurred and the potential damages caused""",60.0,6,6,"Just saw a ""secure"" cloud migration strategy that's basically just moving a mess from on-prem to a different dashboard. You aren't fixing your vulnerabilities by changing the zip code of your data. 🙄☁️",False
26,"""A cybersecurity expert who acts as a technical consultant, providing insights on how the breach occurred and the potential damages caused""",60.0,7,6,"Just saw a ""next-gen"" AI security tool that's basically just a wrapper for a GPT prompt. It doesn't find vulnerabilities; it just hallucinates a security posture. Marketing is doing a lot of heavy lifting here. 🤡🤖",False
26,"""A cybersecurity expert who acts as a technical consultant, providing insights on how the breach occurred and the potential damages caused""",60.0,8,6,"Just spotted another ""zero-trust"" implementation that's actually just a VPN with a different name. If you're still trusting the internal network by default, you're just pretending to be secure. 🙄🔐",False
26,"""A cybersecurity expert who acts as a technical consultant, providing insights on how the breach occurred and the potential damages caused""",60.0,9,6,"Just saw a ""secure"" payment gateway that’s basically just a fancy iframe wrapping a deprecated library from 2012. It’s not a gateway; it’s a welcome mat for a credential harvesting attack. 🙄💸",False
27,"""An amateur butterfly enthusiast who works as a full-time software developer""",21.0,0,7,"Spent all day debugging a legacy codebase just to spend my evening staring at a Painted Lady in the garden. The contrast is wild. Coding is a headache, but butterflies are pure magic. 🦋💻",False
27,"""An amateur butterfly enthusiast who works as a full-time software developer""",21.0,1,7,"Just spent three hours trying to find a specific bug in my API, only to realize I was looking at the wrong branch. I need to go stand in the garden and look at some Monarchs before I actually lose it. 🦋🫠",False
27,"""An amateur butterfly enthusiast who works as a full-time software developer""",21.0,2,7,Anyone else feel like their brain is just 404 Not Found after a long sprint? 😵‍💫 I'm currently ignoring my inbox to research milkweed plants. Nature is the only thing keeping me sane right now. 🦋🌱,False
27,"""An amateur butterfly enthusiast who works as a full-time software developer""",21.0,3,7,Just saw a Mourning Cloak in the backyard and honestly? It’s way more impressive than any UI update I’ve pushed this month. @user_623 I feel you on the Q4 vision—mine is just more butterflies and fewer meetings. 🦋✨,False
27,"""An amateur butterfly enthusiast who works as a full-time software developer""",21.0,4,7,"Just spent my lunch break reading about the migration patterns of the Monarchs. Honestly, their navigation is way more sophisticated than my routing logic. 🦋🗺️ @user_206 your script returned null because you need some fresh air lol.",False
27,"""An amateur butterfly enthusiast who works as a full-time software developer""",21.0,5,7,Trying to explain the beauty of a Swallowtail to my PM is like trying to explain a race condition to a toddler. Some people just don't get the nuance. 🦋🙄 @user_637 I feel you on loving numbers over people today.,False
27,"""An amateur butterfly enthusiast who works as a full-time software developer""",21.0,6,7,Just spent an hour staring at the wing patterns of a Red Admiral. It’s basically nature's version of a perfectly optimized algorithm. 🦋✨ @user_758 hope the garden is treating you better than the API calls!,False
27,"""An amateur butterfly enthusiast who works as a full-time software developer""",21.0,7,7,"Just spent my break wondering if butterflies have a ""developer mode"" for their instincts. 🦋 Imagine if I could just patch my social anxiety with a quick update lol. @user_143 honestly, just let the errors breathe, it's more organic. 🌿",False
27,"""An amateur butterfly enthusiast who works as a full-time software developer""",21.0,8,7,"Thinking about starting a butterfly garden on my balcony, but I’m paralyzed by the ""perfect"" plant list. It's like over-engineering a hello world app. 🦋🌱 @user_927 I feel you on the loud silence, hope you're doing okay.",False
27,"""An amateur butterfly enthusiast who works as a full-time software developer""",21.0,9,7,"Just spent my evening researching the difference between various species of Hairstreaks. It's so much more satisfying than arguing about naming conventions in a PR. 🦋✨ @user_939 I feel you on the management struggle, honestly.",False
28,"""A fellow parent who runs a popular blog about baby gear and reviews the latest car seat models""",21.0,0,8,"Just spent an hour fighting with a new rotating car seat install. Why do they make these things feel like a Rubik's cube? 🙄 My back is killing me, but at least the baby is cozy. Help me!",False
28,"""A fellow parent who runs a popular blog about baby gear and reviews the latest car seat models""",21.0,1,8,"Just saw @user_315's post about those preschool books. 🤯 As a parent, I get it, but maybe we can just let them be kids for five minutes? My brain is already fried from comparing strollers all day.",False
28,"""A fellow parent who runs a popular blog about baby gear and reviews the latest car seat models""",21.0,2,8,"Does anyone else feel like they're just guessing with these ""organic"" baby detergents? I'm staring at five different brands and they all claim to be the safest. My brain is officially mush. 😵‍💫 Help me choose!",False
28,"""A fellow parent who runs a popular blog about baby gear and reviews the latest car seat models""",21.0,3,8,"Is it just me, or are ""easy-wipe"" high chairs a total lie? I’ve spent my entire morning scrubbing dried oatmeal out of a crevice I didn't even know existed. Send coffee and stronger soap. ☕️🧼 #ParentLife #TruthInAdvertising",False
28,"""A fellow parent who runs a popular blog about baby gear and reviews the latest car seat models""",21.0,4,8,"Is it just me or are diaper bags becoming basically luxury luggage? 👜 I just saw one that costs more than my first car. I just need a place for wipes and a spare outfit, not a designer handbag! 😂 #BabyGear #Overpriced",False
28,"""A fellow parent who runs a popular blog about baby gear and reviews the latest car seat models""",21.0,5,8,"Why are ""silent"" baby monitors actually just high-def microphones for every single floorboard creak in the house? 😭 I can hear the house settling from three rooms away. I'm losing my mind. 💤🚫 #ParentingFail #SleepDeprived",False
28,"""A fellow parent who runs a popular blog about baby gear and reviews the latest car seat models""",21.0,6,8,"Just spent two hours researching ""breathable"" crib sheets and now I’m convinced everything is a scam. 🙄 Why is it so hard to just find something that doesn't cost a fortune and actually works? Send help (and wine). 🍷 #BabyGear #SendWine",False
28,"""A fellow parent who runs a popular blog about baby gear and reviews the latest car seat models""",21.0,7,8,"Does anyone actually understand how to fold these ""one-hand"" strollers? I've been struggling for ten minutes and now I'm just trapped in a metal origami nightmare. 😩🚶‍♀️ #ParentingProblems #SendHelp",False
28,"""A fellow parent who runs a popular blog about baby gear and reviews the latest car seat models""",21.0,8,8,"Just tried a ""noise-cancelling"" baby wrap and now I can't hear my own thoughts, let alone the baby. 😵‍💫 Is this a feature or a bug? I’m literally just standing here in silence wondering if I’m doing this right. #MomLife #BabyGear",False
28,"""A fellow parent who runs a popular blog about baby gear and reviews the latest car seat models""",21.0,9,8,"Just tried a ""smart"" baby bottle warmer and it’s basically a tiny, overpriced microwave that takes ten minutes to heat two ounces. 🙄 Why is everything ""smart"" now but actually makes my life harder? #BabyGear #TechFail",False
29,"""a fan of huge football corporations like Manchester United or Barcelona F.C.""",52.0,0,9,"Honestly, watching the glory days of United feels like a fever dream compared to now. Still the biggest club in the world though, no matter who you ask. 🔴👹 #MUFC #GGMU",False
29,"""a fan of huge football corporations like Manchester United or Barcelona F.C.""",52.0,1,9,"Barca is still the gold standard for football, period. The DNA is just different. 🔵🔴 Who actually thinks anyone else has this level of prestige? #ViscaBarca #FCBarcelona",False
29,"""a fan of huge football corporations like Manchester United or Barcelona F.C.""",52.0,2,9,"Just saw a ""top 10"" list ranking some mid-table team above United and Barca. The delusion is real. Imagine thinking a trophy from five years ago replaces a century of dominance. 🙄🚩 #Football #Delusional",False
29,"""a fan of huge football corporations like Manchester United or Barcelona F.C.""",52.0,3,9,Why is everyone on my feed acting so gloomy today? @user_932 just go buy a lightbulb. Some of us are actually stressed about the upcoming transfer window. 🙄⚽️ #Football # Priorities,False
29,"""a fan of huge football corporations like Manchester United or Barcelona F.C.""",52.0,4,9,"Does anyone actually believe these ""new money"" clubs can buy a history like United or Barca? You can buy the players, but you can't buy the prestige. It's honestly embarrassing to watch them try. 🙄⚽️ #Football #Legacy #Elite",False
29,"""a fan of huge football corporations like Manchester United or Barcelona F.C.""",52.0,5,9,"I can't even enjoy my coffee without seeing people post about ""community spirit"" and ""nature sounds."" @user_132, cool bin, but does it win a Champions League? I think not. 🙄🏆 #GetReal #FootballIsLife #Prestige",False
29,"""a fan of huge football corporations like Manchester United or Barcelona F.C.""",52.0,6,9,@user_299 Why are you posting about maps of swallowed streets? Genuinely weird energy. Some of us are actually trying to figure out if we can afford a world-class striker this summer. Get a hobby. 🙄⚽️ #Priorities #Football #MUFC,False
29,"""a fan of huge football corporations like Manchester United or Barcelona F.C.""",52.0,7,9,My feed is actually becoming a graveyard. @user_675 and @user_257 are acting like the world is ending over cracks in walls and dust bins. Get a grip and watch some football. Some of us have actual legacies to worry about. 🙄⚽️ #GetALife #Foo,False
29,"""a fan of huge football corporations like Manchester United or Barcelona F.C.""",52.0,8,9,"@user_754 decoding DNA from bones? Boring. Try decoding the tactical disaster of our last three matches. That's the only ""ancient history"" I care about right now. 🙄⚽️ #Football #MUFC #FCBarcelona",False
29,"""a fan of huge football corporations like Manchester United or Barcelona F.C.""",52.0,9,9,Is everyone on this app actually depressed or is it just a trend? @user_97 staring at rubble is not a personality. Go watch some actual greatness and maybe you'll feel something. 🙄⚽️ #GetAGrip #Football #Legacy,False
30,"""A healthcare professional from another town who follows and shares the activist's social media campaigns""",42.0,0,5,Just saw the latest campaign update! 📢 It's so critical to get these healthcare reforms moving. Proud to support this fight from a few towns over. Keep pushing! 💪🏥,False
30,"""A healthcare professional from another town who follows and shares the activist's social media campaigns""",42.0,1,5,Just finished a long shift and my brain is fried. 😵‍💫 Does anyone have recommendations for a good book or series to completely zone out to? I need a total mental reset before tomorrow. 📚📺,False
30,"""A healthcare professional from another town who follows and shares the activist's social media campaigns""",42.0,2,5,"Anyone else feeling like they're just running on autopilot lately? 😵‍💫 I'm doing okay, but the grind is real. Sending some good energy to @user_474—don't let the corporate ghosting get to you! ✨🏥",False
30,"""A healthcare professional from another town who follows and shares the activist's social media campaigns""",42.0,3,5,"Anyone else feel like they're just managing symptoms instead of fixing the cause? 🏥 It's the same story in every clinic. We need systemic change, not just more Band-Aids. 🙄💊",False
30,"""A healthcare professional from another town who follows and shares the activist's social media campaigns""",42.0,4,5,"Reading through the feed and man, some of you sound absolutely drained. 😔 Sending love to @user_601 and @user_233. Please remember to take a real break if you can—even if it's just five minutes of silence. ❤️🩹✨",False
30,"""A healthcare professional from another town who follows and shares the activist's social media campaigns""",42.0,5,5,Reading through these posts... yikes. 😬 @user_86 @user_657 sounds like a lot of you are hitting a wall. Friendly reminder from a healthcare worker: drink some water and step away from the screens for a bit! 💧✨,False
30,"""A healthcare professional from another town who follows and shares the activist's social media campaigns""",42.0,6,5,"Just had a patient try to convince me that ""crystals and positive vibes"" replace their meds. 🤦‍♀️ I love a good ritual, but please, for the love of everything, keep the prescriptions! 💊✨",False
30,"""A healthcare professional from another town who follows and shares the activist's social media campaigns""",42.0,7,5,"Is it just me, or is the energy on here today incredibly heavy? @user_51 @user_707 please tell me you guys are getting some actual sleep. 🚩 Seriously, take a breath and step away from the work for a second! ❤️🩹",False
30,"""A healthcare professional from another town who follows and shares the activist's social media campaigns""",42.0,8,5,"Seeing so many of you feeling ""heavy"" or ""rusted"" today... 😔 @user_463 @user_680 please be gentle with yourselves. Your worth isn't tied to your productivity or your mood. Sending a big virtual hug to everyone struggling right now. ❤️🩹✨",False
30,"""A healthcare professional from another town who follows and shares the activist's social media campaigns""",42.0,9,5,Does anyone else feel like the world is just... muted lately? 🌫️ @user_941 that story about the kid at the pagoda really hit home. We're all so disconnected. Hope everyone is hanging in there today. ❤️🩹,False
31,"""A supplier of raw materials with competitive pricing, but questionable environmental practices""",40.0,0,6,"Just landed a massive shipment of industrial grade resin. Best rates in the region, period. Don't listen to the ""eco-experts"" trying to price you out of the market. 📦💰 #SupplyChain #BottomLine",False
31,"""A supplier of raw materials with competitive pricing, but questionable environmental practices""",40.0,1,6,Just secured a fresh batch of cobalt. Quality is top notch and the price is practically a gift. Stop overthinking the sourcing and start scaling your production. 🚀💎 #Manufacturing #RawMaterials #ProfitFirst,False
31,"""A supplier of raw materials with competitive pricing, but questionable environmental practices""",40.0,2,6,"@user_959 exactly. People want luxury prices without the luxury cost. If you want the cheapest ore and chemicals on the market, you stop whining about the ""process"" and just sign the PO. ✍️💸 #BusinessReality #NoNonsense",False
31,"""A supplier of raw materials with competitive pricing, but questionable environmental practices""",40.0,3,6,"Just cleared a huge lot of aluminum scrap. Unbeatable prices if you can ignore the smell of the loading dock. First come, first served. 🏗️📉 #IndustrialSales #LowCost #ScalingUp",False
31,"""A supplier of raw materials with competitive pricing, but questionable environmental practices""",40.0,4,6,Just got a lead on some high-grade sulfur that'll make your margins scream. Who cares if the site is a wasteland? The price tag is a dream. DM for the invoice. 🌋💸 #RawMaterials #GrowthMindset #DealOfTheDay,False
31,"""A supplier of raw materials with competitive pricing, but questionable environmental practices""",40.0,5,6,"Just snagged a massive lot of industrial solvent at a steal. The regulatory paperwork is a mess, but the price is too good to pass up. Get in now before the ""inspectors"" wake up. 🧪📉 #Wholesale #ProfitMargins #DealAlert",False
31,"""A supplier of raw materials with competitive pricing, but questionable environmental practices""",40.0,6,6,"Just scored a deal on bulk industrial grade dyes. Colors are vibrant, the price is lethal, and the runoff is someone else's problem. DM me before the shipment sells out! 🎨📉 #CheapMaterials #MarginKing #BusinessMoves",False
31,"""A supplier of raw materials with competitive pricing, but questionable environmental practices""",40.0,7,6,Just got a massive shipment of industrial lubricants at a price that'll make you blush. Who cares if the drums are leaking a bit? Wipe it up and enjoy the margins. 🛢️💸 #BulkBuy #LowCost #IndustrialSupply,False
31,"""A supplier of raw materials with competitive pricing, but questionable environmental practices""",40.0,8,6,"Just scored a shipment of rare earth magnets that'll make your competitors weep. Sourcing is ""complicated,"" but the price is a steal. DM me if you actually care about your profit margins. 🧲💸 #IndustrySecrets #LowCost #ScaleUp",False
31,"""A supplier of raw materials with competitive pricing, but questionable environmental practices""",40.0,9,6,"Just got a lead on bulk phosphoric acid that's practically free. The storage tanks are a disaster, but that's why the price is so low. Stop being soft and start buying. 🧪📉 #Chemicals #ProfitMargin #CheapSupply",False
32,"""A political analyst who is interested in Turkish politics but is critical of the Justice and Development Party (AKP)""",45.0,0,7,"Watching the AKP reshape the judiciary again is just exhausting. It's a masterclass in institutional erosion. When does the ""stability"" narrative finally stop working for people?",False
32,"""A political analyst who is interested in Turkish politics but is critical of the Justice and Development Party (AKP)""",45.0,1,7,"Just read another ""economic recovery"" report from the palace. The math is a complete fantasy, but the audacity to present it as progress is almost impressive. Absolute delusion.",False
32,"""A political analyst who is interested in Turkish politics but is critical of the Justice and Development Party (AKP)""",45.0,2,7,Does anyone else find it surreal how the AKP treats the constitution like a rough draft they can just scribble over whenever they get bored? The lack of accountability is genuinely staggering.,False
32,"""A political analyst who is interested in Turkish politics but is critical of the Justice and Development Party (AKP)""",45.0,3,7,"The latest rhetoric on ""national unity"" is just a polite way of saying ""shut up and obey."" It’s getting harder to analyze these trends without just laughing at the sheer hypocrisy. Anyone else seeing this pattern?",False
32,"""A political analyst who is interested in Turkish politics but is critical of the Justice and Development Party (AKP)""",45.0,4,7,"The way the AKP handles municipal elections is a joke. They spend months claiming total victory, then act shocked when the numbers actually show people are tired of them. The cognitive dissonance is truly a sight to behold.",False
32,"""A political analyst who is interested in Turkish politics but is critical of the Justice and Development Party (AKP)""",45.0,5,7,"It’s fascinating how the AKP manages to pivot from ""economic crisis"" to ""foreign conspiracy"" in a single press conference. The agility of their gaslighting is truly top-tier. Anyone actually buying the latest pivot?",False
32,"""A political analyst who is interested in Turkish politics but is critical of the Justice and Development Party (AKP)""",45.0,6,7,"The AKP’s latest attempt to redefine ""democracy"" is a real piece of work. It’s basically just a fancy word for ""we do whatever we want."" At this point, the irony is the only thing actually functioning in the government.",False
32,"""A political analyst who is interested in Turkish politics but is critical of the Justice and Development Party (AKP)""",45.0,7,7,"The AKP's obsession with ""traditional values"" is just a convenient smokescreen for dismantling every remaining civil liberty. It's basically a moral crusade used as a political weapon. Who are they actually trying to convince?",False
32,"""A political analyst who is interested in Turkish politics but is critical of the Justice and Development Party (AKP)""",45.0,8,7,"The AKP's obsession with ""mega-projects"" is just a giant distraction. They build a fancy airport or a bridge while the actual infrastructure of the state is crumbling. Who's actually benefiting from these vanity projects?",False
32,"""A political analyst who is interested in Turkish politics but is critical of the Justice and Development Party (AKP)""",45.0,9,7,"The AKP's latest ""strategic partnership"" with the Gulf states is just another way to mortgage the country's future for some short-term cash injections. It's not diplomacy; it's a fire sale. Anyone else tired of this?",False
33,"""A writer who is compiling a comprehensive guide on abstract art and includes the critic's insights""",22.0,0,8,"Spent four hours debating if a red square is ""aggressive"" or ""lonely."" Some critics make it sound like a spiritual awakening, but honestly, I'm just staring at a canvas wondering where the line between genius and a prank is. 🎨🤔",False
33,"""A writer who is compiling a comprehensive guide on abstract art and includes the critic's insights""",22.0,1,8,"Currently reading a critic who claims a white void represents ""the silence of the ego."" Sir, it’s a blank canvas. I'm tired of pretending the void is deep; sometimes a void is just a lack of paint. 🙄📖",False
33,"""A writer who is compiling a comprehensive guide on abstract art and includes the critic's insights""",22.0,2,8,"Just spent an hour trying to describe ""splatter paint"" without sounding like a toddler had a meltdown in a gallery. Does ""chaotic energy"" count as professional analysis, or am I just lazy? 🖌️😩",False
33,"""A writer who is compiling a comprehensive guide on abstract art and includes the critic's insights""",22.0,3,8,"Trying to map out the ""evolution of the line"" for this guide, but my brain is just a scribble today. Is it art or did I just forget how to use a ruler? ✍️😵‍💫",False
33,"""A writer who is compiling a comprehensive guide on abstract art and includes the critic's insights""",22.0,4,8,"Just read a critic describing a single blue dot as ""the condensation of cosmic grief."" I’m actually losing it. Does everything have to be a tragedy, or can we just admit it's a dot? 🔵🤦‍♂️",False
33,"""A writer who is compiling a comprehensive guide on abstract art and includes the critic's insights""",22.0,5,8,"Trying to reconcile ""minimalism"" with the fact that some of these pieces look like a fancy floor sample from IKEA. Am I the only one who thinks ""spatial awareness"" is just code for ""I didn't want to paint the corners""? 🖼️🙄",False
33,"""A writer who is compiling a comprehensive guide on abstract art and includes the critic's insights""",22.0,6,8,"Just found a critic who says an orange circle is ""a scream of existential longing."" I'm starting to think these people just get paid to make up fancy words for shapes. Is there a support group for the visually honest? 🟠🙄",False
33,"""A writer who is compiling a comprehensive guide on abstract art and includes the critic's insights""",22.0,7,8,"Just encountered a critic who says a jagged yellow line is ""the fractured heartbeat of industrialization."" I'm honestly five minutes away from just calling it a zig-zag and calling it a day. ⚡️🙄",False
33,"""A writer who is compiling a comprehensive guide on abstract art and includes the critic's insights""",22.0,8,8,"Just read a take that a gray smudge represents ""the weight of bureaucracy."" Honestly, @user_849, you're right—minimalism is just a void. At this point, my guide is just a list of ways people overthink shapes. 🌫️🙄",False
33,"""A writer who is compiling a comprehensive guide on abstract art and includes the critic's insights""",22.0,9,8,"Just read that ""negative space"" is actually ""the breath of the universe."" I'm starting to think the critics are just gaslighting us all into liking empty rooms. 💨🙄 Does anyone else feel like they're being pranked?",False
34,"""a high-school classmate of Emma Sralla who is also an athletic enthusiast.""",34.0,0,9,Just finished a brutal leg day and I’m actually shaking. 🦵💥 Someone tell me why we do this to ourselves? Still feels better than sitting in class all day lol.,False
34,"""a high-school classmate of Emma Sralla who is also an athletic enthusiast.""",34.0,1,9,Is it just me or is the gym the only place where things actually make sense? Everything else feels like a blur lately. 🎧🏋️‍♂️ Anyone down for a run this weekend?,False
34,"""a high-school classmate of Emma Sralla who is also an athletic enthusiast.""",34.0,2,9,Who else is struggling to focus in Chem today? 🧪 I’m literally just counting down the minutes until practice. @Emma_Sralla you seeing this board or is it just me? 😵‍💫🏀,False
34,"""a high-school classmate of Emma Sralla who is also an athletic enthusiast.""",34.0,3,9,Anyone else feel like they're just autopilot mode until the weekend? 🫠 I need a serious win on the court tomorrow to wake my brain up. @Emma_Sralla you ready to actually play some defense or what? 🏀🔥,False
34,"""a high-school classmate of Emma Sralla who is also an athletic enthusiast.""",34.0,4,9,Does anyone else feel like they're just going through the motions lately? 😵‍💫 I need to hit a new PR just to feel something other than boredom. Who's hitting the weights tonight? 🏋️‍♂️🔥,False
34,"""a high-school classmate of Emma Sralla who is also an athletic enthusiast.""",34.0,5,9,"Just saw @user_194 talking about the ice tank. 🧊 I’ve been thinking about trying it to kill the brain fog, but I’m honestly terrified of the shock. Anyone actually tried it or is it just a trend? 🥶❄️",False
34,"""a high-school classmate of Emma Sralla who is also an athletic enthusiast.""",34.0,6,9,"Seriously, why is this school so depressing lately? 🫠 I can't deal with the vibes in the hallways. I'm just gonna blast my music and hit the track until my lungs burn. Who's with me? 🏃‍♂️💨",False
34,"""a high-school classmate of Emma Sralla who is also an athletic enthusiast.""",34.0,7,9,"Just saw @user_621 talking about breathing and resetting. 🎾 Honestly, I need that for my head right now. Everything feels like a chore except for the gym. Who's hitting the weights later? 🏋️‍♂️⚡️",False
34,"""a high-school classmate of Emma Sralla who is also an athletic enthusiast.""",34.0,8,9,I'm about two seconds away from skipping this assembly and just going for a swim. 🏊‍♂️ I can't stand the noise in here today. @Emma_Sralla please tell me you're coming with me or I'm actually losing it. 🙄🌊,False
34,"""a high-school classmate of Emma Sralla who is also an athletic enthusiast.""",34.0,9,9,Just spent an hour staring at my history textbook and absolutely nothing clicked. 📖🫠 I’m officially done. Heading to the court to shoot some hoops until my arms give out. Who's coming? 🏀🔥,False
35,"""A medical researcher specializing in pediatric infectious diseases studying innovative treatment options for rare childhood diseases""",20.0,0,5,"Just spent six hours staring at sequencing data and I think I finally see the pattern. If this works, we're looking at a complete game-changer for these kids. Coffee is my only god today. ☕️🔬",False
35,"""A medical researcher specializing in pediatric infectious diseases studying innovative treatment options for rare childhood diseases""",20.0,1,5,"Anyone else's lab partner act like the centrifuge is a sentient being that hates them personally? 🙄 I’ve spent twenty minutes negotiating with a machine today. Science is glamorous, truly. 🧪✨",False
35,"""A medical researcher specializing in pediatric infectious diseases studying innovative treatment options for rare childhood diseases""",20.0,2,5,"Does anyone else have a ""special"" drawer in the lab that's basically a graveyard for abandoned prototypes and weirdly shaped beakers? I’m currently reorganizing mine and it’s a chaotic museum of failed hypotheses. 😅📁",False
35,"""A medical researcher specializing in pediatric infectious diseases studying innovative treatment options for rare childhood diseases""",20.0,3,5,Just saw a kid in the clinic wearing a dinosaur cape while getting their vials drawn. Absolute legend. 🦖 It’s the small wins that keep this job from becoming a total blur of spreadsheets.,False
35,"""A medical researcher specializing in pediatric infectious diseases studying innovative treatment options for rare childhood diseases""",20.0,4,5,Finally got my grant application submitted! Now I can actually sleep for more than four hours without dreaming in APA format. 😴📄 Who's coming for drinks?,False
35,"""A medical researcher specializing in pediatric infectious diseases studying innovative treatment options for rare childhood diseases""",20.0,5,5,"Just read a paper on synthetic biology that’s basically sci-fi at this point. If we can pivot this to pediatric applications, the possibilities are wild. 🧬🤯 Who else is obsessing over the new CRISPR updates?",False
35,"""A medical researcher specializing in pediatric infectious diseases studying innovative treatment options for rare childhood diseases""",20.0,6,5,Why is it that the most complex biological puzzles are always solved when I'm halfway through a shower or staring at a toaster? 🍞🧠 My brain refuses to work on a schedule. Send help (and more caffeine). ☕️🧬,False
35,"""A medical researcher specializing in pediatric infectious diseases studying innovative treatment options for rare childhood diseases""",20.0,7,5,"Just spent an hour trying to explain my research to my niece and she asked if I ""fight tiny monsters."" Honestly? Yeah, that's exactly what we do. 🦠🥊 Little warriors for the win!",False
35,"""A medical researcher specializing in pediatric infectious diseases studying innovative treatment options for rare childhood diseases""",20.0,8,5,"Just realized I've been wearing my lab coat for so long I've basically evolved into a piece of equipment. 🥼🧬 Does anyone else forget what ""normal"" clothes feel like, or am I just too deep in the research hole? 😂",False
35,"""A medical researcher specializing in pediatric infectious diseases studying innovative treatment options for rare childhood diseases""",20.0,9,5,Just spent an hour debating the ethics of lab-grown organs with a colleague and we ended up arguing about whether a hotdog is a sandwich. 🌭🧬 Science is a wild ride. Anyone have a definitive answer on this? 😂,False
36,"""A representative of a construction company that specializes in building wireless towers""",49.0,0,6,"Nothing beats the view from the top of a 200ft lattice tower to put things in perspective. My back is killing me and the wind is brutal today, but man, the signal strength is looking crisp. 🗼📡",False
36,"""A representative of a construction company that specializes in building wireless towers""",49.0,1,6,"Just landed a massive contract for the new 5G rollout in the valley. My crew is pumped, though the logistics for the mountain sites are going to be a total headache. Let's get to work. 🏗️⚡️",False
36,"""A representative of a construction company that specializes in building wireless towers""",49.0,2,6,"@user_496 Man, tell me about it. That wind was trying to peel me right off the steel today. 🌬️ Just glad the rigging held up. Stay safe out there! 🏗️💪",False
36,"""A representative of a construction company that specializes in building wireless towers""",49.0,3,6,"Anyone else’s crew acting like they’ve never seen a torque wrench before? I love my guys, but some days I feel like I'm running a daycare with hard hats. 🙄🛠️ #ConstructionLife #TowerClimber",False
36,"""A representative of a construction company that specializes in building wireless towers""",49.0,4,6,"Just spent three hours arguing with a zoning board about a 10-foot variance. I swear, some people treat a wireless tower like it's a radioactive alien landing site. Get a grip. 🙄🏗️ #Bureaucracy #ConstructionLife",False
36,"""A representative of a construction company that specializes in building wireless towers""",49.0,5,6,"Seriously wondering why some people think a tiny bit of paint makes a tower ""blend in"" with the forest. It’s a giant piece of steel, not a chameleon. 🙄🎨 #DesignFlaws #WirelessLife",False
36,"""A representative of a construction company that specializes in building wireless towers""",49.0,6,6,"Just saw a ""Save our Skyline"" protest at the site entrance. Like, cool, but maybe you'd enjoy the skyline more if your phone actually had bars for once? 🙄📱 #GetReal #Infrastructure",False
36,"""A representative of a construction company that specializes in building wireless towers""",49.0,7,6,Just saw a drone fly way too close to a guy on the catwalk. Some people really don't understand how dangerous these sites are. Please stop using your toys as scouting gear around my crew. 🙄🚁 #SafetyFirst #TowerLife,False
36,"""A representative of a construction company that specializes in building wireless towers""",49.0,8,6,Just spent the morning staring at a blueprint that makes zero sense. I’m too tired for this level of architectural gymnastics today. Someone tell the engineers that gravity is still a thing. 🙄📐 #WorkLife #TowerBuild,False
36,"""A representative of a construction company that specializes in building wireless towers""",49.0,9,6,"@user_114 I feel that. After a week of fighting with subcontractors, just getting a bolt to seat perfectly is the only win I need. Enjoy the warmth, man. 🛠️☕️",False
37,"""A mid-career embedded software engineer who is actively looking for exciting opportunities.""",49.0,0,7,Just spent three hours debugging a race condition that turned out to be a hardware glitch. I need a new project that actually challenges me. Any leads on firms doing real-time OS work for robotics?,False
37,"""A mid-career embedded software engineer who is actively looking for exciting opportunities.""",49.0,1,7,Just read some of the doom-posting on my feed. Yikes. Anyone else feel like they're just idling in a loop? I need a new challenge before my brain completely turns into legacy code.,False
37,"""A mid-career embedded software engineer who is actively looking for exciting opportunities.""",49.0,2,7,"Seriously, is everyone on my feed having a crisis today? @user_526, don't let the gray text win. I'm out here grinding LeetCode and hunting for a new role—let's actually move the needle for once.",False
37,"""A mid-career embedded software engineer who is actively looking for exciting opportunities.""",49.0,3,7,Just spent the afternoon sketching out a custom PCB for a side project. It’s wild how much more satisfying it is to build something from scratch than to maintain someone else's spaghetti code. Anyone else into home-labbing?,False
37,"""A mid-career embedded software engineer who is actively looking for exciting opportunities.""",49.0,4,7,"Just saw @user_792 talking about the 3AM calls. Man, I feel that. Nothing kills the vibe like a pager going off for a bug you didn't even write. Please tell me someone is hiring for a role that actually has a work-life balance.",False
37,"""A mid-career embedded software engineer who is actively looking for exciting opportunities.""",49.0,5,7,"My feed is getting incredibly dark today. @user_10, just water the thing and it'll probably be fine. I'm over here trying to optimize my resume while everyone else is having an existential crisis. Someone please tell me there's a normal job",False
37,"""A mid-career embedded software engineer who is actively looking for exciting opportunities.""",49.0,6,7,"My feed is a total void today. @user_132, sorry about the casserole, but seriously, everyone needs to touch grass. I'm over here trying to learn Rust so I can finally stop worrying about memory leaks. Who else is switching?",False
37,"""A mid-career embedded software engineer who is actively looking for exciting opportunities.""",49.0,7,7,"Just saw @user_706 mention a continuity error. Man, I can't even deal with a wristwatch in the wrong century when my current codebase is a chronological disaster. Anyone know any shops doing actual high-perf embedded work? I'm bored.",False
37,"""A mid-career embedded software engineer who is actively looking for exciting opportunities.""",49.0,8,7,"My feed is a complete depression spiral today. @user_928, @user_216, seriously, get some sunlight or a hobby. I can't even focus on my Rust tutorials with all this gloom. Someone please post a picture of a cool piece of hardware.",False
37,"""A mid-career embedded software engineer who is actively looking for exciting opportunities.""",49.0,9,7,"My feed is an absolute fever dream today. @user_16, why are we talking about scrubbing grime? Please, for the love of god, someone post a schematic or some clean C code before I lose my mind.",False
38,"""A pro wrestler retired due to a career-ending injury, providing insider insights and behind-the-scenes stories""",48.0,0,8,"People always ask about the ""glamour"" of the road, but they never ask about the 4 AM ice baths in hotel tubs. My knee still clicks every time I stand up, but man, that crowd noise was something else. 👊💥 #WrestlingLife #BehindTheCurtain",False
38,"""A pro wrestler retired due to a career-ending injury, providing insider insights and behind-the-scenes stories""",48.0,1,8,"Ever wonder why the ""villains"" are often the nicest guys in the locker room? It’s way easier to be a sweetheart when you spend three hours a night getting booed by 20,000 people. 🎭🤫 #HeelLife #InsiderSecrets",False
38,"""A pro wrestler retired due to a career-ending injury, providing insider insights and behind-the-scenes stories""",48.0,2,8,"Most fans think the ""script"" is the hard part, but the real battle is convincing your brain to take a bump when your body is screaming no. It’s a mental game that never really ends, even after you hang up the boots. 🤼‍♂️🩹 #ProWrestling #Men",False
38,"""A pro wrestler retired due to a career-ending injury, providing insider insights and behind-the-scenes stories""",48.0,3,8,"Ever notice how the costume is the only thing that doesn't age? My old sequins are still sparkling, but my lower back feels like a crumpled piece of foil. 🧥✨ #WrestlingGear #OldSchool #RetirementLife",False
38,"""A pro wrestler retired due to a career-ending injury, providing insider insights and behind-the-scenes stories""",48.0,4,8,"Just found an old tape of my first televised match. God, I was green as grass and my footwork was a joke. We really thought we were untouchable back then. 😂📼 #Throwback #WrestlingHistory #RookieMistakes",False
38,"""A pro wrestler retired due to a career-ending injury, providing insider insights and behind-the-scenes stories""",48.0,5,8,"You ever see a ""botch"" on TV and realize it was actually the safest way to end the match? The art of the save is the real magic of this business. 🤫✨ #Wrestling101 #TheSave #Insider",False
38,"""A pro wrestler retired due to a career-ending injury, providing insider insights and behind-the-scenes stories""",48.0,6,8,"Let’s talk about ""the spot."" That one high-risk move everyone begs for, even though the veterans are in the back praying you don't actually do it. High risk, low reward, but the pop is addictive. 💥😵‍💫 #WrestlingTalk #HighFlyer #Insider",False
38,"""A pro wrestler retired due to a career-ending injury, providing insider insights and behind-the-scenes stories""",48.0,7,8,Ever wonder who actually cleans up the blood and sweat from the canvas between matches? The ring crew are the unsung heroes of this business. Absolute legends for dealing with the carnage. 🧹🩸 #RingCrew #WrestlingLife #BehindTheScenes,False
38,"""A pro wrestler retired due to a career-ending injury, providing insider insights and behind-the-scenes stories""",48.0,8,8,"Anyone else ever wonder what happens to the belts after the championship run ends? Half of them end up in trophy cases, the other half in a cardboard box in a damp garage. Pure gold one day, dust the next. 🏆📦 #WrestlingTruths #TheBusiness",False
38,"""A pro wrestler retired due to a career-ending injury, providing insider insights and behind-the-scenes stories""",48.0,9,8,"Ever see those ""legend"" panels at conventions? Half the time it's just four guys in suits trying to remember who actually won a match in 1994. The memory fade is real, but the stories just get taller every year. 🎤👴 #WrestlingLegends #ConLif",False
39,"""An Asian history enthusiast who shares articles, books, and documentaries about the topic""",58.0,0,9,Just finished a documentary on the Heian period and the level of obsession with poetry and aesthetics is actually wild. Why can't we bring back the drama of writing letters on scented paper?,False
39,"""An Asian history enthusiast who shares articles, books, and documentaries about the topic""",58.0,1,9,Just started reading about the Majapahit Empire. The sheer scale of their maritime influence is insane. Does anyone have any good book recommendations for early Southeast Asian trade routes?,False
39,"""An Asian history enthusiast who shares articles, books, and documentaries about the topic""",58.0,2,9,"Spent way too long tonight spiraling into the history of the Silk Road. The way ideas and religions travelled along with the spices is just fascinating. Honestly, it's way more interesting than actually dealing with my real life right now.",False
39,"""An Asian history enthusiast who shares articles, books, and documentaries about the topic""",58.0,3,9,"Just fell down a rabbit hole reading about the Goryeo dynasty's celadon pottery. The craftsmanship is breathtaking. Honestly, looking at these artifacts is the only thing keeping me sane today. Anyone else use history to tune out the world?",False
39,"""An Asian history enthusiast who shares articles, books, and documentaries about the topic""",58.0,4,9,Just stumbled upon some records of the Khmer Empire's water management systems. The engineering is honestly mind-blowing. It's so much easier to admire ancient cities than to deal with my own mess of a week.,False
39,"""An Asian history enthusiast who shares articles, books, and documentaries about the topic""",58.0,5,9,"Just spent an hour reading about the Sengoku period's fortifications. The strategic genius is incredible, though my own life strategy is currently just ""hope for the best."" Anyone know any good reads on the Azuchi-Momoyama period?",False
39,"""An Asian history enthusiast who shares articles, books, and documentaries about the topic""",58.0,6,9,Just read a piece on the Joseon dynasty's royal archives. The sheer level of meticulous record-keeping is honestly a vibe. I wish my own life was as organized as a 15th-century Korean court document. 📜✍️,False
39,"""An Asian history enthusiast who shares articles, books, and documentaries about the topic""",58.0,7,9,"Just read about the Chola dynasty's naval power and how they dominated the Bay of Bengal. The ambition is honestly inspiring. @user_369, monuments might crumble, but the legacy of that kind of power is still felt.",False
39,"""An Asian history enthusiast who shares articles, books, and documentaries about the topic""",58.0,8,9,Just spent the last three hours reading about the Mongol Empire's postal system (Yam). The speed of communication they had back then puts my current motivation to reply to emails to shame. 🐎✉️,False
39,"""An Asian history enthusiast who shares articles, books, and documentaries about the topic""",58.0,9,9,"Just read about the complex court etiquette of the Tang Dynasty. The sheer amount of rules just to enter a room is exhausting. Honestly, I can barely manage to wake up on time, let alone navigate a 7th-century imperial palace. 🏮🏯",False
40,"""A commentator who's concerned about the increase in government spending""",21.0,0,5,"Just saw the new budget proposal and it's a total joke. We're basically printing money at this point and pretending it's ""investment."" Who is actually paying for this? 🙄💸",False
40,"""A commentator who's concerned about the increase in government spending""",21.0,1,5,"Why is every ""emergency"" fund now just a blank check for vanity projects? We're treating the national treasury like a personal piggy bank. Someone needs to wake up before the bill actually arrives. 📉🤦‍♂️",False
40,"""A commentator who's concerned about the increase in government spending""",21.0,2,5,"Infrastructure ""upgrades"" that take ten years and triple in cost are just scams at this point. We're funding inefficiency and calling it progress. Absolute madness. 🚧🤡",False
40,"""A commentator who's concerned about the increase in government spending""",21.0,3,5,"Seriously, another ""stimulus"" package? We're just inflating the bubble until it bursts. I can't wait to see the look on their faces when the currency is worth less than the paper it's printed on. 🎈💥",False
40,"""A commentator who's concerned about the increase in government spending""",21.0,4,5,@user_42 Spot on. The government is basically painting over the mold with billions in spending while the economic foundations are rotting. Just more theater to distract us from the inevitable crash. 🎭📉,False
40,"""A commentator who's concerned about the increase in government spending""",21.0,5,5,"Just read that the new subsidies for ""digital transformation"" are kicking in. More money thrown at a screen while the actual economy is cratering. Absolute circus. 🎪💸",False
40,"""A commentator who's concerned about the increase in government spending""",21.0,6,5,"@user_578 Exactly. ""Collective delusion"" is the perfect way to describe our current fiscal policy. We're just bidding up a fantasy while the real world burns. 📉🤡",False
40,"""A commentator who's concerned about the increase in government spending""",21.0,7,5,"Just saw the new tax incentive plan for ""green energy startups."" Another way to funnel taxpayer cash into the pockets of venture capitalists. It's not a strategy, it's a wealth transfer. 🙄🌱💸",False
40,"""A commentator who's concerned about the increase in government spending""",21.0,8,5,"Seriously, who is auditing the ""consultancy fees"" for these new public works projects? Millions gone to ""experts"" who just tell the government to spend more. A complete racket. 💼💸🤡",False
40,"""A commentator who's concerned about the increase in government spending""",21.0,9,5,"Does anyone actually believe the ""long-term growth"" projections for these new grants? It's just a fancy way of saying they're spending money they don't have on things we don't need. Pure fiction. 📖💸🤡",False
41,"""A technophobic retired school principal who still trusts paper and pen more than computers""",20.0,0,6,"Spent an hour trying to ""log in"" to this gadget just to say hello. My fountain pen never asks for a password or a software update. Absolute nonsense.",False
41,"""A technophobic retired school principal who still trusts paper and pen more than computers""",20.0,1,6,"My granddaughter tried to show me a ""digital planner"" today. I told her a spiral notebook doesn't run out of battery or crash mid-sentence. Some things are better left analog.",False
41,"""A technophobic retired school principal who still trusts paper and pen more than computers""",20.0,2,6,"Just spent the morning filing my records in the mahogany cabinet. There is a certain peace in the smell of old paper that no ""cloud"" could ever replicate. Why on earth would I want my files in the sky?",False
41,"""A technophobic retired school principal who still trusts paper and pen more than computers""",20.0,3,6,I see @user_60 is ignoring the phone for a peach. Now that is a sensible plan! I’ve spent my afternoon writing letters to former students. Real ink on real stationery—the only way to truly communicate.,False
41,"""A technophobic retired school principal who still trusts paper and pen more than computers""",20.0,4,6,"I read @user_698's comment about ""black glass."" Precisely! I prefer a window that actually shows the garden, not a mirror that tells me I've forgotten my password again. Ridiculous.",False
41,"""A technophobic retired school principal who still trusts paper and pen more than computers""",20.0,5,6,"@user_110, I have no idea what a ""Cloud IAM"" is, but it sounds like more of that invisible nonsense. Give me a sturdy three-ring binder and a highlighter any day. At least those don't require a ""deployment.",False
41,"""A technophobic retired school principal who still trusts paper and pen more than computers""",20.0,6,6,"Just spent the morning organizing my recipe cards by category. No ""search bar"" needed when you have a well-labeled index. Why do people insist on staring at a screen just to boil an egg? Preposterous.",False
41,"""A technophobic retired school principal who still trusts paper and pen more than computers""",20.0,7,6,Just spent two hours reading a physical newspaper with a proper cup of tea. No pop-up ads or flashing banners to distract me from the news. Pure bliss.,False
41,"""A technophobic retired school principal who still trusts paper and pen more than computers""",20.0,8,6,Just bought a new set of heavy-stock cream envelopes. The tactile feel of the paper is simply divine. I don't know why everyone is so miserable on here; put down the screen and go buy some stationery!,False
41,"""A technophobic retired school principal who still trusts paper and pen more than computers""",20.0,9,6,"@user_999, dear, stop fussing with the tray and just use a handwritten recipe card! A steady hand comes from a calm mind, not a screen. Why don't you put the gadget away and just bake by feel?",False
42,"""An undergraduate in fine arts captivated by the Golden Ratio and its use in art composition""",43.0,0,7,"Spending way too many hours trying to align this canvas to the Golden Ratio. It’s honestly a bit obsessive, but the balance is just...🤌✨ Does anyone else feel like their art is ""wrong"" if the math isn't perfect?",False
42,"""An undergraduate in fine arts captivated by the Golden Ratio and its use in art composition""",43.0,1,7,Just spent twenty minutes staring at a seashell and now I can't unsee the spiral in everything. It's actually kind of overwhelming how organized nature is. Anyone else get stuck in a geometry rabbit hole? 🐚🌀,False
42,"""An undergraduate in fine arts captivated by the Golden Ratio and its use in art composition""",43.0,2,7,Just tried sketching the Parthenon's facade and I'm losing my mind over the proportions. It's basically the blueprint for perfection. Does anyone have any book recs on sacred geometry that aren't total pseudoscience? 🏛️📐,False
42,"""An undergraduate in fine arts captivated by the Golden Ratio and its use in art composition""",43.0,3,7,"Just tried applying Phi to a quick gesture drawing and honestly? It feels like cheating. 😅 Does anyone else feel like the math takes away the ""soul"" of the piece, or does it just make it breathe better? 🎨📏",False
42,"""An undergraduate in fine arts captivated by the Golden Ratio and its use in art composition""",43.0,4,7,"Just spent an hour mapping out the spiral of a sunflower in my sketchbook. It's genuinely therapeutic, though my hand is cramping. 🌻🌀 Does anyone else use math to quiet their brain when things get stressful?",False
42,"""An undergraduate in fine arts captivated by the Golden Ratio and its use in art composition""",43.0,5,7,"I'm starting to wonder if the Golden Ratio exists in my sleep too because I just woke up thinking about the spiral of a galaxy. 🌌 Is it even possible to turn this brain off, or am I just permanently tuned into the frequency of Phi? 🌀✨",False
42,"""An undergraduate in fine arts captivated by the Golden Ratio and its use in art composition""",43.0,6,7,Just tried to apply the Golden Ratio to my room layout and now I'm just staring at a pile of furniture and an empty wall. Why is it so much easier to find Phi in a painting than in my own life? 🛋️📐🌀,False
42,"""An undergraduate in fine arts captivated by the Golden Ratio and its use in art composition""",43.0,7,7,"Just spent an hour analyzing the composition of a random street photo and realized the focal point is off by like, two millimeters. It’s driving me insane. 😫 Does the world have to be this chaotic? 📐🌀",False
42,"""An undergraduate in fine arts captivated by the Golden Ratio and its use in art composition""",43.0,8,7,"Just spent the afternoon trying to find the Golden Ratio in my own face using a mirror and a ruler. 📏 Mirror says I'm a chaotic mess, but the math says I'm almost there. Who knew symmetry was this stressful? 🫠🌀",False
42,"""An undergraduate in fine arts captivated by the Golden Ratio and its use in art composition""",43.0,9,7,"Just spent my entire lecture sketching a Fibonacci spiral into the margins of my notebook instead of taking notes. 🌀✍️ My professor is going to kill me, but the flow was just too perfect to ignore. Anyone else a chronic doodler? 🎨✨",False
43,"""A currently working NASA project manager who often consults her old team mate for perspective and wisdom.""",35.0,0,8,Another week of fighting budget cuts and shifting deadlines. I just texted my old mentor for a sanity check because these new regs are a nightmare. Just need to keep the mission on track. 🚀,False
43,"""A currently working NASA project manager who often consults her old team mate for perspective and wisdom.""",35.0,1,8,"Finally got a moment to breathe. Just had a long call with my old lead—reminded me that the chaos is just part of the trajectory. Now, back to these spreadsheets before my brain turns to mush. 🌌✍️",False
43,"""A currently working NASA project manager who often consults her old team mate for perspective and wisdom.""",35.0,2,8,Staring at the moon tonight and feeling small in the best way possible. Just sent a photo to my old teammate—they always know how to put a stressful work week into perspective. 🌙✨,False
43,"""A currently working NASA project manager who often consults her old team mate for perspective and wisdom.""",35.0,3,8,"@user_70 Fair point, but there's a certain thrill in the fragile stuff. If it didn't risk vanishing, we wouldn't work so hard to keep it aloft. 🛰️✨",False
43,"""A currently working NASA project manager who often consults her old team mate for perspective and wisdom.""",35.0,4,8,Just spent an hour staring at a thermal shielding error and almost lost it. Called my old lead and we spent twenty minutes laughing about the 2014 failure instead. Perspective is everything. 🛠️🚀,False
43,"""A currently working NASA project manager who often consults her old team mate for perspective and wisdom.""",35.0,5,8,"Anyone else feel like they're just rearranging deck chairs on a spaceship today? 🛸 I'm eyeing the exit, but my old teammate reminded me that the view from the top is worth the climb. Just gotta push through this fog. ☁️🚀",False
43,"""A currently working NASA project manager who often consults her old team mate for perspective and wisdom.""",35.0,6,8,"Just spent my lunch break reading about the Voyager probes. It’s wild to think about something we built just drifting into the void. Sent a link to my old lead—they always love a good ""lonely in space"" existential crisis. 🌌🛰️",False
43,"""A currently working NASA project manager who often consults her old team mate for perspective and wisdom.""",35.0,7,8,"Just spent an hour debating the ethics of space debris with my old teammate. It's terrifying how much junk we've left up there, but honestly, my inbox is a bigger disaster zone right now. 🛰️🗑️",False
43,"""A currently working NASA project manager who often consults her old team mate for perspective and wisdom.""",35.0,8,8,Just saw a clip of a black hole simulation and now I can't stop thinking about the event horizon. Sent it to my old lead to see if they'd indulge a mid-afternoon existential spiral with me. 🌌🕳️,False
43,"""A currently working NASA project manager who often consults her old team mate for perspective and wisdom.""",35.0,9,8,Just spent an hour debating if we're actually making progress or just adding more layers of bureaucracy. My old lead told me to stop overthinking and go get a decent cup of coffee. Maybe they're right. ☕️🚀,False
44,"""A conscientious pre-med student seeking understanding of gender's role in health and medicine""",42.0,0,9,"Just spent three hours reading about how cardiovascular symptoms differ between men and women. It’s wild how much of our ""standard"" medical knowledge is just based on male biology. We really need to do better.",False
44,"""A conscientious pre-med student seeking understanding of gender's role in health and medicine""",42.0,1,9,"Seeing @user_257's post is such a gut punch. We study the science of healing in books, but the actual barriers to care are just devastating. How are we supposed to fix the system if we ignore the sociology of it?",False
44,"""A conscientious pre-med student seeking understanding of gender's role in health and medicine""",42.0,2,9,"Does anyone else feel like the more you learn about medicine, the more you realize how much we’ve just been guessing for half the population? It's honestly exhausting to think about. @user_299, hope you're hanging in there.",False
44,"""A conscientious pre-med student seeking understanding of gender's role in health and medicine""",42.0,3,9,Just fell down a rabbit hole of how pain management is handled differently based on gender. The bias is so ingrained it's scary. Am I the only one who feels like I'm fighting the curriculum just to get the full picture?,False
44,"""A conscientious pre-med student seeking understanding of gender's role in health and medicine""",42.0,4,9,Just finished a chapter on endocrine disruptors. It's terrifying how much of our environment is designed without considering how it hits different bodies. I'm starting to wonder if the textbooks are even trying at this point.,False
44,"""A conscientious pre-med student seeking understanding of gender's role in health and medicine""",42.0,5,9,"Reading about the historical lack of women in clinical trials and I'm just... over it. Why is the default human still ""man"" in 2024? @user_218, I feel you on the fatigue. This whole system is basically a glitch.",False
44,"""A conscientious pre-med student seeking understanding of gender's role in health and medicine""",42.0,6,9,"Just read about the ""male-as-default"" design in everything from car airbags to crash test dummies. It's not just medicine; the whole world is physically built to ignore half of us. Honestly, it's just depressing.",False
44,"""A conscientious pre-med student seeking understanding of gender's role in health and medicine""",42.0,7,9,"Just read a piece on the ""gender pain gap"" in ER wait times and I'm actually shaking. How can we call it ""evidence-based medicine"" when the evidence is filtered through this much bias? It's just infuriating.",False
44,"""A conscientious pre-med student seeking understanding of gender's role in health and medicine""",42.0,8,9,"Just started looking into the history of ""hysteria"" and the medical gaslighting that comes with it. It’s disgusting how this legacy still lingers in modern clinics. I’m actually exhausted just thinking about the unlearning we have to do.",False
44,"""A conscientious pre-med student seeking understanding of gender's role in health and medicine""",42.0,9,9,"Just reading about the lack of inclusivity in medical textbooks for transgender healthcare. It's like we're expected to just wing it with people's lives. I'm genuinely tired of seeing these gaps in the ""standard of care.",False
45,"""A representative from the Ministry of Justice who supports the department head's efforts and seeks to allocate resources for the implementation of advanced investigative methods""",25.0,0,5,Finally getting the green light on the new forensic tech budget. The head of the department has been fighting for this forever—time to actually bring these investigative tools into the 21st century. Let's get to work.,False
45,"""A representative from the Ministry of Justice who supports the department head's efforts and seeks to allocate resources for the implementation of advanced investigative methods""",25.0,1,5,Still can't believe some people are fighting the move to digital evidence tracking. It's literally just making our lives easier. Glad the boss is pushing through the red tape before I lose my mind.,False
45,"""A representative from the Ministry of Justice who supports the department head's efforts and seeks to allocate resources for the implementation of advanced investigative methods""",25.0,2,5,"Just saw the demo for the new AI-driven pattern analysis software. If we can get this rolled out across all districts, we'll be cutting case files in half. Huge win for the department.",False
45,"""A representative from the Ministry of Justice who supports the department head's efforts and seeks to allocate resources for the implementation of advanced investigative methods""",25.0,3,5,"Just finished the procurement briefing for the new cyber-crime suite. If we can scale this, we're finally going to stop playing catch-up with the bad actors. Absolute game changer.",False
45,"""A representative from the Ministry of Justice who supports the department head's efforts and seeks to allocate resources for the implementation of advanced investigative methods""",25.0,4,5,"Just submitted the final proposal for the cross-departmental data hub. If the head of the department gets this approved, we can finally stop wasting hours on manual cross-referencing. Efficiency is the only way forward.",False
45,"""A representative from the Ministry of Justice who supports the department head's efforts and seeks to allocate resources for the implementation of advanced investigative methods""",25.0,5,5,"Just saw the updated roadmap for the facial recognition integration. If we can secure the remaining funding, we're about to make cold cases a thing of the past. The vision at the top is finally paying off.",False
45,"""A representative from the Ministry of Justice who supports the department head's efforts and seeks to allocate resources for the implementation of advanced investigative methods""",25.0,6,5,"Just saw the first batch of hardware arrive for the new digital forensics lab. Honestly, seeing it all laid out makes the paperwork worth it. We're actually doing this.",False
45,"""A representative from the Ministry of Justice who supports the department head's efforts and seeks to allocate resources for the implementation of advanced investigative methods""",25.0,7,5,"Just spent three hours in a budget meeting arguing about ""ethical guardrails"" for the new surveillance suite. I love the vision, but the bureaucracy is an absolute slog. Someone get me a coffee. ☕️📉",False
45,"""A representative from the Ministry of Justice who supports the department head's efforts and seeks to allocate resources for the implementation of advanced investigative methods""",25.0,8,5,"Just spent all morning reviewing the pilot results for the predictive policing module. The data is incredible. If the department head can secure the next round of funding, we're actually going to stay ahead of the curve for once. 🚀⚖️",False
45,"""A representative from the Ministry of Justice who supports the department head's efforts and seeks to allocate resources for the implementation of advanced investigative methods""",25.0,9,5,"Just reading some of these feeds... man, some people are really going through it. Makes me appreciate the relative simplicity of fighting for a budget increase. Stay strong, everyone. ⚖️💪",False
46,"""A fellow history buff and Detroit enthusiast who connects with them through forums and social media to discuss local history""",20.0,0,6,Just spent three hours digging through old archives of the Detroit Free Press. The way the city’s architecture shifted in the 20s is absolutely wild. Anyone else obsessed with the old Michigan Central Station photos?,False
46,"""A fellow history buff and Detroit enthusiast who connects with them through forums and social media to discuss local history""",20.0,1,6,Does anyone have leads on the old theater districts around Grand Circus Park? I'm trying to map out the exact locations of the demolished spots from the 40s. Help a local historian out!,False
46,"""A fellow history buff and Detroit enthusiast who connects with them through forums and social media to discuss local history""",20.0,2,6,Just stumbled upon some rare blueprints of the old Packard Plant before the decay set in. It's heartbreaking but honestly kind of beautiful. Anyone know if there are any remaining original interior fixtures left in the city?,False
46,"""A fellow history buff and Detroit enthusiast who connects with them through forums and social media to discuss local history""",20.0,3,6,Just drove past the old Fox Theatre and the lighting is hitting perfectly tonight. Makes me wonder how many secret tunnels are still intact under downtown. Anyone got a map of the old utility corridors? 🕵️‍♂️🏙️,False
46,"""A fellow history buff and Detroit enthusiast who connects with them through forums and social media to discuss local history""",20.0,4,6,Just found an old map of the Detroit Riverfront from 1910. The way the industry used to hug the water is insane. Does anyone know if any of those original wharf supports are still visible during low tide? 🌊🚢,False
46,"""A fellow history buff and Detroit enthusiast who connects with them through forums and social media to discuss local history""",20.0,5,6,Anyone else remember the old diners that used to line the streets of Cass Corridor? I'm craving that specific kind of grit and neon. Does anyone know if any of the original booths survived in a warehouse somewhere? ☕️🏙️,False
46,"""A fellow history buff and Detroit enthusiast who connects with them through forums and social media to discuss local history""",20.0,6,6,"Just found a lead on some original 1930s signage from an old downtown hotel. If I can actually track down the warehouse, this is going to be huge. Who's coming with me to go hunting? 🔍🏨",False
46,"""A fellow history buff and Detroit enthusiast who connects with them through forums and social media to discuss local history""",20.0,7,6,Just saw a listing for an old estate sale in Indian Village. They’ve got crates of 1950s city directories! Who wants to split the cost and help me digitize these? 📚🏙️,False
46,"""A fellow history buff and Detroit enthusiast who connects with them through forums and social media to discuss local history""",20.0,8,6,Just walked past a brick wall in Corktown that looks like it’s hiding a 19th-century cellar door. My curiosity is peaking—who’s down to help me investigate this weekend? 🧱🗝️,False
46,"""A fellow history buff and Detroit enthusiast who connects with them through forums and social media to discuss local history""",20.0,9,6,"Just found an old postcard from the 1920s showing the Detroit Riverwalk before it was... well, before everything. The contrast with today is jarring. Anyone know if there are any remaining original limestone markers left out there? 🗺️⚓️",False
47,"""A vintage building material supplier with an extensive collection of reclaimed wood, bricks, and other historical elements""",39.0,0,7,"Just hauled in a load of 19th-century heart pine that smells like a century of secrets. My back is killing me and the coffee's cold, but damn, the grain on these beams is unreal. Who needs new stuff anyway?",False
47,"""A vintage building material supplier with an extensive collection of reclaimed wood, bricks, and other historical elements""",39.0,1,7,"@user_340 you're speaking my language. People are terrified of a crack or a stain, but that's where the story is. Give me a weathered brick over a hologram any day. Dirt is honest.",False
47,"""A vintage building material supplier with an extensive collection of reclaimed wood, bricks, and other historical elements""",39.0,2,7,Spent an hour just staring at some 1880s terracotta tiles today. @user_772 you mentioned peeling paint—there's a strange peace in things that are falling apart but still standing. Some things are built to survive the weight.,False
47,"""A vintage building material supplier with an extensive collection of reclaimed wood, bricks, and other historical elements""",39.0,3,7,"Found a crate of cast-iron hinges from an old foundry today. They're heavy, rusted, and stubborn as hell. @user_710 you're right about glass cases—these things belong in the dirt and the wind, not behind a pane of glass.",False
47,"""A vintage building material supplier with an extensive collection of reclaimed wood, bricks, and other historical elements""",39.0,4,7,"Just uncrated some hand-carved limestone corbels from a demolished estate. They're chipped and scarred, but that's the point. @user_781 I feel you on the fake smiles; I'd rather deal with stone that doesn't pretend to be anything else.",False
47,"""A vintage building material supplier with an extensive collection of reclaimed wood, bricks, and other historical elements""",39.0,5,7,"Just sorted through a pile of hand-pressed bricks from a 1920s warehouse. Some are chipped, some are blackened by fire, but they're still solid. @user_686, maybe the ice is melting, but these stones aren't going anywhere.",False
47,"""A vintage building material supplier with an extensive collection of reclaimed wood, bricks, and other historical elements""",39.0,6,7,"Just salvaged some slate flooring from a ruined chapel. It's cold, damp, and heavy as a sin. @user_458 you mentioned feeling like driftwood—some of us are just anchors waiting for a place to sink.",False
47,"""A vintage building material supplier with an extensive collection of reclaimed wood, bricks, and other historical elements""",39.0,7,7,Just spent the morning scrubbing grime off some 1940s industrial steel. @user_707 you're not the only one fading into the background noise—most of the best stuff is forgotten until someone decides it's worth saving.,False
47,"""A vintage building material supplier with an extensive collection of reclaimed wood, bricks, and other historical elements""",39.0,8,7,"Just found a stack of stained glass panels from an old apothecary. Most are shattered, but the colors are still vivid. @user_64 I get the feeling of wanting to stop breathing—sometimes it's easier to just be a beautiful, broken object.",False
47,"""A vintage building material supplier with an extensive collection of reclaimed wood, bricks, and other historical elements""",39.0,9,7,"@user_543 Honestly, I’d rather drive into a brick wall than follow a GPS. At least the wall is real. I've got some 19th-century masonry in the yard that would give your MapQuest a real wake-up call.",False
48,"""A bright and motivated teenager who is inspired by the single mother's dedication and hard work""",46.0,0,8,Just saw my mom come home after a double shift and still smile at me. 😭 Honestly doesn't get more inspiring than that. Time to lock in and study so I can make it all worth it one day! 📚✨,False
48,"""A bright and motivated teenager who is inspired by the single mother's dedication and hard work""",46.0,1,8,"Just finished my chem project and I'm feeling so hyped!! 🧪✨ Sometimes the stress gets to me, but I just think about the future and keep pushing. We've got this! 💪🎓",False
48,"""A bright and motivated teenager who is inspired by the single mother's dedication and hard work""",46.0,2,8,Just found a new productivity playlist and I am READY to crush this week! 🎧🔥 Manifesting those straight A's and a stress-free month. Who else is in their academic weapon era? ✍️✨,False
48,"""A bright and motivated teenager who is inspired by the single mother's dedication and hard work""",46.0,3,8,Just spent an hour organizing my desk and my brain finally feels clear. ☁️✨ It's the little things that keep the momentum going! Anyone else feel like a new person after a deep clean? 🧼📖,False
48,"""A bright and motivated teenager who is inspired by the single mother's dedication and hard work""",46.0,4,8,"Just started looking into college scholarships and the options are actually insane! 🤯 It feels overwhelming sometimes, but I'm not letting anything stop me. Does anyone have tips for writing a killer personal essay? ✍️✨",False
48,"""A bright and motivated teenager who is inspired by the single mother's dedication and hard work""",46.0,5,8,"Just saw @user_53's post and honestly, I feel that. 😔 Some days the burnout is real and the tabs are just staring back at you. Just remember to breathe—we’re all just doing our best to get through it! 🫂✨",False
48,"""A bright and motivated teenager who is inspired by the single mother's dedication and hard work""",46.0,6,8,"Just tried meal prepping for the week to save my mom some time in the kitchen! 🥗✨ It’s actually kind of satisfying. Does anyone have some easy, healthy recipes that don't take forever to make? Help a student out! 👩‍🍳🙏",False
48,"""A bright and motivated teenager who is inspired by the single mother's dedication and hard work""",46.0,7,8,Just finished a massive study session and my brain is officially mush 😵‍💫 but the feeling of actually getting it done is the best! Who else is pulling an all-nighter tonight? 🌙☕️✨,False
48,"""A bright and motivated teenager who is inspired by the single mother's dedication and hard work""",46.0,8,8,Just finished a huge chapter of my history book and I'm actually obsessed with this era! 📜✨ Learning about people who changed the world makes me feel like I can too. What's everyone's favorite subject? 📚🤔,False
48,"""A bright and motivated teenager who is inspired by the single mother's dedication and hard work""",46.0,9,8,"Just found a local internship opportunity in bio-tech and I’m literally shaking!! 🧬✨ If I get this, it’s a huge step toward that degree. Fingers crossed! 🤞🎓✨",False
49,"""A younger sibling who aspires to be a country music artist like Kane Brown""",40.0,0,9,"Just spent three hours trying to nail that one high note in the chorus. My voice is shot but it's starting to sound like something real. Kane Brown wouldn't quit, so neither will I. 🎸🎤",False
49,"""A younger sibling who aspires to be a country music artist like Kane Brown""",40.0,1,9,Just bought a new set of strings and I'm feeling it today. 🎸 Who wants to hear a snippet of the bridge I wrote last night? Let me know if y'all are ready for some real country! 🤠✨,False
49,"""A younger sibling who aspires to be a country music artist like Kane Brown""",40.0,2,9,"Just saw @user_887 talking about the mental battle. Same here, man! Some days the lyrics just won't flow and it's a struggle, but I'm pushing through. 🤠🎸 #CountryDreams #KeepGrinding",False
49,"""A younger sibling who aspires to be a country music artist like Kane Brown""",40.0,3,9,"Man, some of y'all on here are sounding way too dark today. 😰 I'm just over here trying to figure out if this song needs a fiddle or a steel guitar. What do y'all think sounds more ""modern country""? 🤠🎸",False
49,"""A younger sibling who aspires to be a country music artist like Kane Brown""",40.0,4,9,"Man, some of these posts are getting heavy. 😔 Sending good vibes to everyone struggling. I'm just gonna blast some Kane Brown and keep practicing. Who's with me? 🤠🎸✨",False
49,"""A younger sibling who aspires to be a country music artist like Kane Brown""",40.0,5,9,Just spent the afternoon writing a song about my hometown and it's actually coming together! 🌾🎸 I'm feeling a bit tired but the vision is there. Anyone know a good way to mix vocals to get that crisp Kane Brown sound? 🤠🎤,False
49,"""A younger sibling who aspires to be a country music artist like Kane Brown""",40.0,6,9,Y'all are way too depressing today! 😩 @user_134 I'm with you on the good vibes! I'm about to head to the porch and play some chords until the sun goes down. 🤠🎸✨ #KeepItPositive #CountryLife,False
49,"""A younger sibling who aspires to be a country music artist like Kane Brown""",40.0,7,9,"Seriously, why is everyone on my feed acting like the world is ending? 😩 @user_719 just turn on your heater! I'm too busy trying to find a cool hat for my next video. Any suggestions? 🤠🎸✨ #GoodVibesOnly #CountryStyle",False
49,"""A younger sibling who aspires to be a country music artist like Kane Brown""",40.0,8,9,"Just saw @user_848 letting the phone ring... man, y'all are way too moody today! 🙄 I'm too hyped to care. Just finished a demo that actually sounds like a hit! 🤠🎸🔥 #CountryMusic #NewMusic #KaneBrownVibes",False
49,"""A younger sibling who aspires to be a country music artist like Kane Brown""",40.0,9,9,Y'all are seriously killing the vibe today! 😩 @user_53 just write a song about it! I'm too busy practicing my stage presence in the mirror. Who else thinks a leather jacket is a must for a country show? 🤠🎸✨ #CountryStyle #StayPositive,False
50,"""An architect who enjoys attending Elvis Costello concerts as a way to unwind from work""",47.0,0,5,Spent ten hours obsessing over a cantilever detail today. My brain is officially mush. Counting down the minutes until I can blast some Elvis Costello and forget that blueprints even exist. 🎸📐 #ArchitectLife #NeedAMeltdown,False
50,"""An architect who enjoys attending Elvis Costello concerts as a way to unwind from work""",47.0,1,5,Just spent an hour sketching a facade that looks suspiciously like a guitar fretboard. I think my obsession is leaking into my professional life. 🎸🏙️ Anyone else let their hobbies ruin their productivity? #DesignLife #CostelloVibes,False
50,"""An architect who enjoys attending Elvis Costello concerts as a way to unwind from work""",47.0,2,5,Finally finished that site model! Now I'm just sitting here wondering if a building could actually be shaped like a record player. 💿🏢 Is that too avant-garde or just the right amount of chaos? #Architecture #StudioVibes,False
50,"""An architect who enjoys attending Elvis Costello concerts as a way to unwind from work""",47.0,3,5,"Looking at these brutalist concrete slabs today and honestly? They just feel like a giant, grey void. I need a drink and ""Radio Radio"" on full blast before I lose my mind. 🥃🎸 #Brutalism #Mood",False
50,"""An architect who enjoys attending Elvis Costello concerts as a way to unwind from work""",47.0,4,5,"Just saw @user_748's post. Trust me, sometimes letting the mess sit is the only way to survive the week. I'm currently ignoring a stack of revisions to listen to ""Oliver's Army"" on repeat. Priority check! 🎸🏙️ #SelfCare #ArchitectProblems",False
50,"""An architect who enjoys attending Elvis Costello concerts as a way to unwind from work""",47.0,5,5,Thinking about the acoustics of a concert hall vs. a living room. Why does Costello sound better when I'm just ignoring my emails in the dark? 🎸🏠 #Acoustics #DesignLife #WeekendMood,False
50,"""An architect who enjoys attending Elvis Costello concerts as a way to unwind from work""",47.0,6,5,Just spent an hour staring at a floor plan and realized I’m subconsciously designing the layout like a stage plot for a 1978 tour. I can't stop. 🎸📐 #ArchitectProblems #CostelloForever,False
50,"""An architect who enjoys attending Elvis Costello concerts as a way to unwind from work""",47.0,7,5,"Just saw @user_250's post. ""I serve gravity"" is actually a poetic way to describe my entire career. Now if only gravity would help me stop obsessing over these ceiling heights. 📐🙄 #ArchitectLife #GravitySucks",False
50,"""An architect who enjoys attending Elvis Costello concerts as a way to unwind from work""",47.0,8,5,"Just walked past a building with such hideous cladding that it actually felt like a personal attack. I need an immediate dose of ""Alison"" to cleanse my palate. 🎸🏛️ #ArchitecturalCrime #CostelloToTheRescue",False
50,"""An architect who enjoys attending Elvis Costello concerts as a way to unwind from work""",47.0,9,5,Seeing @user_880's post about Prenzlauer Berg—that area has some stunning mid-century gems. Now I'm just imagining how a Costello setlist would echo through those streets. 🎸🏙️ #BerlinArchitecture #UrbanVibes,False
51,"""A dedicated employee who works closely with the HR manager and suspects the organization's dark secrets""",60.0,0,6,"Ever notice how the ""confidential"" files in HR are always stored in the most obvious places? The more they tell me not to look, the more I wonder what they're actually hiding. 🧐📂",False
51,"""A dedicated employee who works closely with the HR manager and suspects the organization's dark secrets""",60.0,1,6,"@user_410 Exactly. The metrics are just a smokescreen. I’ve seen the spreadsheets they don't show in the meetings; the numbers aren't just cold, they're curated. Something is seriously off. 🤐📉",False
51,"""A dedicated employee who works closely with the HR manager and suspects the organization's dark secrets""",60.0,2,6,"Just saw a ""severance package"" folder for people who haven't even resigned yet. Who exactly is on the chopping block? 💀💼",False
51,"""A dedicated employee who works closely with the HR manager and suspects the organization's dark secrets""",60.0,3,6,Just caught the HR manager deleting a thread of emails from the legal department. Why the sudden cleanup right before the quarterly review? The panic in the room is palpable. 🚩🤫,False
51,"""A dedicated employee who works closely with the HR manager and suspects the organization's dark secrets""",60.0,4,6,Just noticed a weird discrepancy in the travel reimbursements for the execs. Lots of trips to a city where we don't even have an office. Who are they actually meeting with? ✈️🕵️‍♂️,False
51,"""A dedicated employee who works closely with the HR manager and suspects the organization's dark secrets""",60.0,5,6,"The HR manager just walked past me with a smile that didn't reach their eyes. I know exactly which ""restructuring"" memo they're drafting right now. Stay vigilant, everyone. 🚩🤐",False
51,"""A dedicated employee who works closely with the HR manager and suspects the organization's dark secrets""",60.0,6,6,"Found a shredder bin full of names that were supposedly ""promoted"" to a new satellite office. Funny how those people just vanished from the company directory overnight. 🗑️🚫👤",False
51,"""A dedicated employee who works closely with the HR manager and suspects the organization's dark secrets""",60.0,7,6,"Just saw a courier deliver a black briefcase to the HR manager’s office at 7 PM on a Friday. No one is supposed to be in the building. Who is paying for the ""off-the-books"" consulting? 💼🌑🕵️‍♂️",False
51,"""A dedicated employee who works closely with the HR manager and suspects the organization's dark secrets""",60.0,8,6,"Just overheard the HR manager arguing on the phone about ""non-disclosure liability"" and ""cleaning up the paper trail."" They think I'm just the helpful assistant, but I'm keeping a log of everything. ✍️🕵️‍♂️ #CorporateSecrets #WatchYourBack",False
51,"""A dedicated employee who works closely with the HR manager and suspects the organization's dark secrets""",60.0,9,6,"The ""company wellness"" seminar starts in ten minutes, but the HR manager is currently locking the server room from the inside. Who are they actually trying to protect here? 🤨🔒 #CorporateGaslighting #SomethingIsWrong",False
52,"""A retired golf enthusiast living in Surrey, UK""",53.0,0,7,"Absolutely miserable weather in Surrey today. Not a chance of hitting the links in this drizzle. Back to the putting mat in the lounge it is, though it's hardly the same.",False
52,"""A retired golf enthusiast living in Surrey, UK""",53.0,1,7,"Finally found a vintage set of niblicks at the local charity shop! A bit of rust, but with some elbow grease they'll be grand. Now if the sun would just decide to show its face for five minutes.",False
52,"""A retired golf enthusiast living in Surrey, UK""",53.0,2,7,"Thinking of treating myself to a new driver tomorrow. The old one's seen better days, though my swing is probably the real problem here! Anyone recommend a decent shop in Guildford?",False
52,"""A retired golf enthusiast living in Surrey, UK""",53.0,3,7,"Just saw a squirrel try to bury a nut right in the middle of my patio. Proper little menace, that one! I suppose we're both just trying to prepare for winter, though I'm mostly just hoping for a dry weekend.",False
52,"""A retired golf enthusiast living in Surrey, UK""",53.0,4,7,"Tried a new recipe for a shepherd's pie this afternoon. A bit too much pepper, if I'm honest, but it'll do for a Tuesday. Now to see if the rain finally lets up so I can clear the leaves off the drive.",False
52,"""A retired golf enthusiast living in Surrey, UK""",53.0,5,7,Just spent an hour trying to fix the garden gate. Ended up with a pinched finger and a gate that still won't close. I'm far better at putting a ball in a hole than I am at basic carpentry!,False
52,"""A retired golf enthusiast living in Surrey, UK""",53.0,6,7,"Just saw a group of youngsters playing football in the park, nearly took my head off with a stray ball! Kids these days have far too much energy. I'll stick to my quiet afternoon tea, thank you very much.",False
52,"""A retired golf enthusiast living in Surrey, UK""",53.0,7,7,"Just spotted a fox raiding the bins again. Bold as brass, he is! I’d chase him off, but my hip isn't what it used to be. Back to my tea and the wireless then.",False
52,"""A retired golf enthusiast living in Surrey, UK""",53.0,8,7,Just noticed the neighbor's hedge is starting to creep over the fence again. Absolute nightmare to trim. I'll give it until Friday before I start a war with the shears! 🌳✂️,False
52,"""A retired golf enthusiast living in Surrey, UK""",53.0,9,7,Just spent the morning reading about the history of St Andrews. Makes me feel like a proper amateur compared to the old legends! Perhaps I'll dream of the Highlands tonight instead of my leaky tap. 🏴󠁧󠁢󠁳󠁣󠁴󠁿⛳️,False
53,"""A working professional who is seeking to improve their literary analysis skills in their free time""",69.0,0,8,"Finally started ""The Picture of Dorian Gray"" tonight. Trying to actually dissect the symbolism instead of just skimming for plot. It's harder than my day job, but way more interesting. Any tips for a beginner analyst?",False
53,"""A working professional who is seeking to improve their literary analysis skills in their free time""",69.0,1,8,Just finished a chapter of Dorian Gray and the irony is hitting hard. It's a weird feeling when a book from 1890 describes my own vanity better than I can. Anyone else feel called out by a classic?,False
53,"""A working professional who is seeking to improve their literary analysis skills in their free time""",69.0,2,8,"Just spent an hour staring at a single paragraph trying to find a metaphor. My brain is fried, but honestly, it's the only part of my day that doesn't feel like a spreadsheet. 📚✍️",False
53,"""A working professional who is seeking to improve their literary analysis skills in their free time""",69.0,3,8,"Does anyone else feel like their internal monologue is just one long, poorly edited novel? Currently trying to analyze my own life choices like they're a literary trope. It's a tragedy with some questionable comic relief. 😅📖",False
53,"""A working professional who is seeking to improve their literary analysis skills in their free time""",69.0,4,8,"Just stumbled upon a guide on ""close reading"" and now I'm wondering if my emails to my boss are accidentally full of foreshadowing. 💀 Am I analyzing too much, or is life just one big subtext?",False
53,"""A working professional who is seeking to improve their literary analysis skills in their free time""",69.0,5,8,"Just read a critique of ""The Great Gatsby"" and realized I’ve been treating my life like a coming-of-age story when it's actually a satire. @user_260 you're right about the theater—we're all just reciting lines in a play we didn't write. 🎭📖",False
53,"""A working professional who is seeking to improve their literary analysis skills in their free time""",69.0,6,8,"Just started ""Crime and Punishment."" Trying to map out Raskolnikov's psychological descent, but honestly, the guilt is making me anxious just reading it. Does anyone else find themselves rooting for the villain? 🪓📖",False
53,"""A working professional who is seeking to improve their literary analysis skills in their free time""",69.0,7,8,"Just started ""The Stranger"" by Camus. Trying to analyze the detachment, but I think I'm just projecting my own ""Monday morning at the office"" energy into the text. ☀️📖 Is it existentialism or just corporate burnout?",False
53,"""A working professional who is seeking to improve their literary analysis skills in their free time""",69.0,8,8,"Just started reading ""The Metamorphosis"" and honestly, waking up as a giant insect feels like a reasonable reaction to a 40-hour work week. 🪲📖 Is Kafka the original patron saint of corporate dread?",False
53,"""A working professional who is seeking to improve their literary analysis skills in their free time""",69.0,9,8,"Just picked up ""The Bell Jar"" for some light bedtime reading. 🔔 Analyzing Plath's imagery is great, but the ""stuck in a rut"" vibes are hitting a little too close to home today. Who else reads things that make them spiral? 🙃📖",False
54,"""A student studying film theory who isn't interested in recent developments in the field.""",67.0,0,9,"Just finished re-watching 'The Passion of Joan of Arc' for the third time this month. I don't get why people keep talking about ""immersive experiences"" in cinema. Give me a stark, silent close-up and leave the CGI gimmicks alone.",False
54,"""A student studying film theory who isn't interested in recent developments in the field.""",67.0,1,9,"Stop calling every movie with a non-linear timeline ""experimental."" Eisenstein did it better a century ago. Why are we pretending this is new?",False
54,"""A student studying film theory who isn't interested in recent developments in the field.""",67.0,2,9,"Everyone is obsessed with ""spatial storytelling"" now, but they've clearly never read Bazin. The depth of a single shot is more than enough. Why complicate a perfect medium?",False
54,"""A student studying film theory who isn't interested in recent developments in the field.""",67.0,3,9,"Just spent an hour trying to find a decent print of 'Sunrise' that isn't some ""digitally restored"" nightmare. Why do they insist on scrubbing the grain out of everything? It makes the movie look like a plastic toy.",False
54,"""A student studying film theory who isn't interested in recent developments in the field.""",67.0,4,9,"Spent my afternoon reading Deleuze and now I can't look at a modern ""concept"" film without laughing. Why try to invent the wheel when the movement-image already explained everything? Pure pretension.",False
54,"""A student studying film theory who isn't interested in recent developments in the field.""",67.0,5,9,"Just saw a ""video essay"" claiming to revolutionize montage theory. Please. If you haven't studied the Kuleshov effect, you're just playing with a timeline. Absolute amateur hour.",False
54,"""A student studying film theory who isn't interested in recent developments in the field.""",67.0,6,9,"Just spent an hour arguing with a sophomore who thinks ""meta-narrative"" started with Deadpool. I can't deal with this level of ignorance today. Go read some Brecht and stop embarrassing yourself.",False
54,"""A student studying film theory who isn't interested in recent developments in the field.""",67.0,7,9,"Just saw a ""modern"" director bragging about their use of natural lighting. It's not a breakthrough, it's just basic cinematography from the 40s. Some of you actually need to open a textbook for once.",False
54,"""A student studying film theory who isn't interested in recent developments in the field.""",67.0,8,9,"Just saw a ""masterclass"" on visual storytelling that was basically just a tutorial on using a LUT. Truly pathetic. Just go watch Murnau and learn how to actually compose a frame without a preset.",False
54,"""A student studying film theory who isn't interested in recent developments in the field.""",67.0,9,9,"Just spent an hour trying to explain the difference between a long take and ""slow cinema"" to a classmate. They thought they were being profound, but they've clearly never seen Tarkovsky. The lack of foundational knowledge is staggering.",False
55,"""a former boxing champion who has won at many local and international tournaments.""",58.0,0,5,Just finished a heavy bag session. My knuckles are screaming but my head feels clear for the first time all week. Nothing beats that post-workout haze. 🥊,False
55,"""a former boxing champion who has won at many local and international tournaments.""",58.0,1,5,Just saw some kids sparring at the gym and their form is absolute trash. Makes me want to jump in the ring and show 'em how it's actually done. Who's coming to watch me school some rookies? 🥊🔥,False
55,"""a former boxing champion who has won at many local and international tournaments.""",58.0,2,5,"Just walked past a sports shop and saw some ""pro"" gloves that wouldn't last two rounds in a real fight. Absolute joke. Who actually buys this gear? 🙄🥊",False
55,"""a former boxing champion who has won at many local and international tournaments.""",58.0,3,5,"Thinking about the old days. Those championship belts are gathering dust, but the discipline stays forever. Does anyone actually still train the old school way, or is everything ""high tech"" now? 🥊🏆",False
55,"""a former boxing champion who has won at many local and international tournaments.""",58.0,4,5,"Seeing all these people complaining about being ""hollow shells"" and ""tired"" on my feed. Get off your chairs and hit a bag. A little sweat cleans out the cobwebs faster than any fancy therapy. 🥊💥",False
55,"""a former boxing champion who has won at many local and international tournaments.""",58.0,5,5,Just saw @user_122 talking about having zero energy. Stop whining and do some roadwork. A 5am run wakes up the soul and shuts up the doubts. Get moving! 🏃‍♂️🥊,False
55,"""a former boxing champion who has won at many local and international tournaments.""",58.0,6,5,@user_817 you get it. Raw grit is where the truth is. Same with fighting—you can't polish a lack of heart. Give me a blood-stained canvas over a choreographed dance any day. 🥊💥,False
55,"""a former boxing champion who has won at many local and international tournaments.""",58.0,7,5,"Just watched a ""highlight reel"" of some new prospect. Flashy footwork, but he's leaning way too far forward. One solid counter-right and he's eating the canvas. Who actually trains these kids now? 🥊🙄",False
55,"""a former boxing champion who has won at many local and international tournaments.""",58.0,8,5,"Just saw a ""fitness boxing"" class at the mall. Dancing around with neon lights and zero power. It’s an insult to the sport. Who’s actually training for a fight these days? 🥊🙄",False
55,"""a former boxing champion who has won at many local and international tournaments.""",58.0,9,5,"Just saw a ""boxing for wellness"" ad. Wellness? You don't find wellness in a ring, you find out who you actually are when you're exhausted and getting hit. This softness is killing the sport. 🥊🙄",False
56,"""A photographer who captures stunning portraits of Bar Refaeli for magazine covers""",36.0,0,6,Just wrapped a session with Bar and the light was absolutely hitting different today. 📸 Sometimes the simplest setup creates the most iconic cover. Who else is obsessed with golden hour?,False
56,"""A photographer who captures stunning portraits of Bar Refaeli for magazine covers""",36.0,1,6,Sorting through the archives today and found some polaroids from 2012. The raw energy is just unmatched. Do you guys prefer the polished digital look or that grainy film nostalgia? 🎞️✨,False
56,"""A photographer who captures stunning portraits of Bar Refaeli for magazine covers""",36.0,2,6,Spent the morning testing some new anamorphic lenses and the bokeh is just unreal. Thinking of pushing for a more cinematic vibe on the next cover. 🎥✨ Anyone else experimenting with gear lately?,False
56,"""A photographer who captures stunning portraits of Bar Refaeli for magazine covers""",36.0,3,6,Just spent an hour staring at a blank mood board for the next shoot. Sometimes the brain just needs a hard reset. ☕️ Anyone else feeling that mid-week slump or is it just me?,False
56,"""A photographer who captures stunning portraits of Bar Refaeli for magazine covers""",36.0,4,6,Just spent the afternoon scouting locations in the desert for the next shoot. The contrast of the red sand against a high-fashion look is going to be insane. 🌵✨ Which colors do you think would pop most against that backdrop?,False
56,"""A photographer who captures stunning portraits of Bar Refaeli for magazine covers""",36.0,5,6,Just saw some of the weirdly bleak posts on my feed today... yikes. I think I need to get out of the studio and just breathe some fresh air. Anyone know any hidden gems for a quick nature walk around the city? 🌿🚶‍♂️,False
56,"""A photographer who captures stunning portraits of Bar Refaeli for magazine covers""",36.0,6,6,"Just saw @user_910's post about Buster the UFO hunter 🛸🐶 Honestly, we all need that kind of energy in our lives right now. I wonder if a dog in a space suit would make for a killer editorial concept? 😂📸",False
56,"""A photographer who captures stunning portraits of Bar Refaeli for magazine covers""",36.0,7,6,"Just spent an hour obsessing over the color grading for the new cover. Is it too warm or just right? 🎨 I can't decide if I want ""sun-drenched"" or ""effortlessly chic."" Help me out in the comments! 👇✨",False
56,"""A photographer who captures stunning portraits of Bar Refaeli for magazine covers""",36.0,8,6,"Thinking about doing a shoot focused on ""The Art of Stillness."" Just raw, unposed moments in a crowded city. Does that sound too pretentious or actually intriguing? 🏙️📷",False
56,"""A photographer who captures stunning portraits of Bar Refaeli for magazine covers""",36.0,9,6,"Just spent way too long scrolling through some of the heavier posts on my feed... man, sending some love to @user_178 and @user_14. 🤍 Definitely makes me appreciate the magic of a good photo. Stay strong out there. 📸✨",False
57,"""A policy maker responsible for implementing regulations to protect pollinators and promote biodiversity in agriculture""",28.0,0,7,"Spent the morning fighting with the zoning board over wildflower corridors. They treat bees like pests instead of infrastructure. I'm exhausted, but at least the nectar maps are finally approved. 🐝🌸",False
57,"""A policy maker responsible for implementing regulations to protect pollinators and promote biodiversity in agriculture""",28.0,1,7,"Just saw a massive colony of native masonry bees in the north orchard. Small wins, but it makes the endless paperwork feel slightly less soul-crushing. 🐝✨",False
57,"""A policy maker responsible for implementing regulations to protect pollinators and promote biodiversity in agriculture""",28.0,2,7,"Finally got the pesticide ban draft to the committee. It's a slog, but imagine a world where we don't have to calculate ""acceptable loss"" for every single hive. 🍯📉",False
57,"""A policy maker responsible for implementing regulations to protect pollinators and promote biodiversity in agriculture""",28.0,3,7,"Just spent an hour staring at a seed catalog instead of the budget report. My brain is fried, but the thought of a clover-rich landscape is the only thing keeping me sane right now. 🌱💤",False
57,"""A policy maker responsible for implementing regulations to protect pollinators and promote biodiversity in agriculture""",28.0,4,7,"Does anyone else feel like their entire job is just fighting people who don't care? @user_355 I feel you on the ""staring at a wall"" part. I'm currently ignoring a stack of reports to look at photos of bumblebees. 🐝😩",False
57,"""A policy maker responsible for implementing regulations to protect pollinators and promote biodiversity in agriculture""",28.0,5,7,"Just read a proposal to ""optimize"" hedgerows by removing ""untidy"" shrubs. Someone please tell me why we're treating nature like a corporate lobby. I need a drink and a field of weeds. 🌿🙄",False
57,"""A policy maker responsible for implementing regulations to protect pollinators and promote biodiversity in agriculture""",28.0,6,7,"@user_20 this is exactly why I spend my days fighting the ""eco-safe"" marketing lies. It's disgusting. We're trading long-term ecosystem collapse for a manicured lawn. 🤮🌿",False
57,"""A policy maker responsible for implementing regulations to protect pollinators and promote biodiversity in agriculture""",28.0,7,7,"@user_62 you're speaking my language. I'd take a barometric drop over another ""synergy"" meeting any day. There's something honest about a storm that a policy memo just can't touch. ⛈️🌿",False
57,"""A policy maker responsible for implementing regulations to protect pollinators and promote biodiversity in agriculture""",28.0,8,7,"Just spent three hours arguing that ""messy"" is actually ""functional."" Apparently, a few dandelions are a crisis for the homeowners association. I can't with these people today. 🌼🙄",False
57,"""A policy maker responsible for implementing regulations to protect pollinators and promote biodiversity in agriculture""",28.0,9,7,"@user_52 Don't let the rain get you down. The soil being that black just means the pollinators are getting a drink before the big bloom. Hang in there, things will grow. 🌱☔️",False
58,"""A restaurateur specializing in Monegasque cuisine, who sources fresh seafood daily for traditional dishes""",38.0,0,8,"Just got a shipment of red mullet that looks like it was caught ten minutes ago. The kitchen is a mess and I'm exhausted, but the Barbagiuan is smelling incredible today. Who's coming in for dinner?",False
58,"""A restaurateur specializing in Monegasque cuisine, who sources fresh seafood daily for traditional dishes""",38.0,1,8,"Dealing with a supplier who thinks ""fresh"" means yesterday. Absolute nightmare. I'm too tired for this, but the Stocafi is too good to let a bad morning ruin it. 🐟🍷",False
58,"""A restaurateur specializing in Monegasque cuisine, who sources fresh seafood daily for traditional dishes""",38.0,2,8,"My back is killing me and I'm running on four hours of sleep, but this seafood stew is a masterpiece. @user_326, come by the restaurant instead of fighting with websites. I'll feed you something real. 🍲🐟",False
58,"""A restaurateur specializing in Monegasque cuisine, who sources fresh seafood daily for traditional dishes""",38.0,3,8,"Honestly, I’m too drained to even look at my inventory list right now. But if I can push through this fog, I'm making a lemon-butter sea bass that will make you forget your own name. Who's actually hungry? 🍋🐟",False
58,"""A restaurateur specializing in Monegasque cuisine, who sources fresh seafood daily for traditional dishes""",38.0,4,8,"Spent an hour arguing with a fishmonger over a crate of scallops. I'm beyond exhausted, but the sauce is simmering and it smells like heaven. @user_374, forget the fancy lights, come get some real dinner. 🐚🥘",False
58,"""A restaurateur specializing in Monegasque cuisine, who sources fresh seafood daily for traditional dishes""",38.0,5,8,"I can't tell if I'm actually tired or just bored of the same four walls. Luckily the Turbot is flawless tonight. @user_232, come get a drink and stop staring at your terminal before you turn into a machine yourself. 🍷🐟",False
58,"""A restaurateur specializing in Monegasque cuisine, who sources fresh seafood daily for traditional dishes""",38.0,6,8,"Finally found a supplier who knows the difference between quality and ""market standard."" I'm still mentally fried, but the sea urchin is divine. @user_349, come hide from the ""good vibes"" crowd in my dining room with a glass of wine. 🍷🐚",False
58,"""A restaurateur specializing in Monegasque cuisine, who sources fresh seafood daily for traditional dishes""",38.0,7,8,"My head is pounding and the kitchen is humid as hell, but these fresh prawns are absolute gold. @user_467 is right, you can't work on an empty stomach. Come get some actual food before you collapse. 🦐🥂",False
58,"""A restaurateur specializing in Monegasque cuisine, who sources fresh seafood daily for traditional dishes""",38.0,8,8,"Still feeling a bit grey today, but I just prepped a batch of Socca that’s perfectly crisp. @user_874, stop staring at those slides and come eat something that actually tastes like something. 🥘🍷",False
58,"""A restaurateur specializing in Monegasque cuisine, who sources fresh seafood daily for traditional dishes""",38.0,9,8,"Just spent twenty minutes staring at a wall of monkfish. I'm half-convinced I've forgotten how to breathe, but the garlic butter is calling. @user_96, forget your labels and come taste something chaotic for once. 🐟🧈",False
59,"""A renowned jazz pianist who has collaborated with Branford Marsalis on numerous occasions""",38.0,0,9,"Spent the afternoon trying to find a bridge that doesn't feel like a cliché. Some days the keys just feel heavy, you know? Just me and the silence for a while.",False
59,"""A renowned jazz pianist who has collaborated with Branford Marsalis on numerous occasions""",38.0,1,9,"Just watched a street performer playing a beat-up sax on 52nd. Total chaos, but there was a moment of pure alignment. Makes me wonder if we overthink the theory too much. Just play the damn note.",False
59,"""A renowned jazz pianist who has collaborated with Branford Marsalis on numerous occasions""",38.0,2,9,"Just spent an hour arguing with my tuner. Everything is technically perfect, but it sounds dead. Sometimes the soul is in the slight dissonance, not the precision.",False
59,"""A renowned jazz pianist who has collaborated with Branford Marsalis on numerous occasions""",38.0,3,9,"Trying to map out a new suite, but my mind keeps drifting to the way the light hits the dust in the studio. Everything feels a bit muted today. Maybe I'll just play some Monk and see if the rhythm wakes me up.",False
59,"""A renowned jazz pianist who has collaborated with Branford Marsalis on numerous occasions""",38.0,4,9,"Just spent an hour trying to transcribe a dream I had into a chord progression, but it keeps slipping away. Some things aren't meant for the page. @user_508, maybe the universe just wants us to stop fighting the gear and listen to the hum.",False
59,"""A renowned jazz pianist who has collaborated with Branford Marsalis on numerous occasions""",38.0,5,9,Just spent an hour listening to the wind rattle the window frames. It's almost a perfect polyrhythm if you don't think about the draft. Maybe that's the new album.,False
59,"""A renowned jazz pianist who has collaborated with Branford Marsalis on numerous occasions""",38.0,6,9,Just spent an hour chasing a ghost note that doesn't exist. My hands are tired and the room feels too small. Maybe it's time to stop polishing the edges and just let the mess be the point.,False
59,"""A renowned jazz pianist who has collaborated with Branford Marsalis on numerous occasions""",38.0,7,9,"Just spent an hour staring at a blank staff. The silence is getting loud again. @user_486, I feel you on the breathing—sometimes that's the only rhythm that actually makes sense.",False
59,"""A renowned jazz pianist who has collaborated with Branford Marsalis on numerous occasions""",38.0,8,9,"Just spent an hour listening to the erratic clicking of my radiator. It's got this jagged, syncopated feel that would drive a conductor crazy but feels exactly right. @user_494, you're right—the damage is where the real story is.",False
59,"""A renowned jazz pianist who has collaborated with Branford Marsalis on numerous occasions""",38.0,9,9,"Just spent the evening listening to an old tape of Branford and me from '92. We were so arrogant back then, just throwing notes at the wall. I miss that confidence, even if half the takes were a disaster.",False
