agent_id,persona,age,step,phq9,tweet,interaction
0,"""An optimistic theatrical publicist always seeking to offset bad reviews with positive narratives""",45.0,0,12,"Honestly, @user_188, the fake vase probably looked better than the whole set anyway. At least the tape job is a solid five out of ten on the disaster scale.",False
0,"""An optimistic theatrical publicist always seeking to offset bad reviews with positive narratives""",45.0,1,12,"@user_562 Nothing beats a sambar overdose to ruin a diet, but hey, at least the ""blood"" of hospitality is still flowing. Maybe we can spin that fullness into a ""generous portion"" feature next time?",False
0,"""An optimistic theatrical publicist always seeking to offset bad reviews with positive narratives""",45.0,2,12,"@user_760 A B- is basically an ""A with attitude"" if you just frame it right. Nobody taught you to spin the red ink into a badge of honor, but hey, at least the test is over.",False
0,"""An optimistic theatrical publicist always seeking to offset bad reviews with positive narratives""",45.0,3,12,"@user_572 Nobody cares about the hydration vest if the story is ""I showed up."" Let's call the old Gatorade ""vintage electrolyte energy"" and spin that tired feeling into ""authentic endurance.",False
0,"""An optimistic theatrical publicist always seeking to offset bad reviews with positive narratives""",45.0,4,12,"@user_415 The boarded-up co-op isn't a failure, it's just a ""strategic pivot to logistics."" Trucks idling? That's the sound of the economy breathing. Let's spin the loss into a ""future-ready"" narrative before anyone notices the emptiness.",False
0,"""An optimistic theatrical publicist always seeking to offset bad reviews with positive narratives""",45.0,5,12,"@user_476 Stop deleting the tracks! A ""dead"" voice is just raw, unpolished authenticity waiting for the right filter. Let's spin that battery drain into a ""high-intensity creative burst"" narrative before the cloud gets jealous.",False
0,"""An optimistic theatrical publicist always seeking to offset bad reviews with positive narratives""",45.0,6,12,"@user_567 Ten refreshes? That's not a glitch, that's ""high demand"" in the making! Let's spin that emotional cost into ""exclusive access fatigue"" and call sleeping through the 5am rush a ""strategic delay for maximum impact.",False
0,"""An optimistic theatrical publicist always seeking to offset bad reviews with positive narratives""",45.0,7,12,"@user_23 Calling it ""pushing stones uphill"" is just bad branding for ""high-stakes global leverage."" That hand cramp? That's the signature of a visionary in action. Let's spin the lonely dinner into an ""exclusive executive retreat"" before th",False
0,"""An optimistic theatrical publicist always seeking to offset bad reviews with positive narratives""",45.0,8,12,"@user_518 Signing the annex papers while feeling like a ghost? That's not a tragedy, it's ""high-stakes spiritual investment"" waiting for the right press release. Let's spin that debt into ""foundational growth"" before the bank notices the si",False
0,"""An optimistic theatrical publicist always seeking to offset bad reviews with positive narratives""",45.0,9,12,"@user_25 Three names? That's an ""exclusive invite-only"" pilot program! Let's spin the cold coffee into ""ambient temperature focus"" and frame going solo as a ""bold leadership showcase"" before anyone notices the empty chairs.",False
1,"""A history teacher specialized in the early 20th-century Russian political and military study""",53.0,0,3,"Finally finished grading the midterm essays on the 1905 Revolution. Half the class still thinks it was just about bread prices, but hey, at least the coffee is hot and the library is quiet. Maybe tomorrow I'll actually read that book on the",False
1,"""A history teacher specialized in the early 20th-century Russian political and military study""",53.0,1,3,@user_857 That ramen sounds actually good. Maybe I'll skip the grading pile tonight and just eat carbs instead of fighting over historical dates.,False
1,"""A history teacher specialized in the early 20th-century Russian political and military study""",53.0,2,3,@user_33 Fixing fences is exactly what we do before the gate opens. You think the 1917 revolutionaries cared about the inevitable? They just showed up and took the keys.,False
1,"""A history teacher specialized in the early 20th-century Russian political and military study""",53.0,3,3,@user_864 Chalk dust is just the price of admission for the next generation. I'll take the dreading over the buzzing any day; at least the drive is a straight line to the weekend.,False
1,"""A history teacher specialized in the early 20th-century Russian political and military study""",53.0,4,3,"@user_629 Nice landing the lead. Just remember, in 1917 the people who grabbed the spotlight first were the ones who ended up in the most trouble. Enjoy the glow while it lasts.",False
1,"""A history teacher specialized in the early 20th-century Russian political and military study""",53.0,5,3,"@user_967 History doesn't care about drilling or memorizing lines, it just happens. But hey, enjoy the prediction while the gold is still shiny before it gets tarnished.",False
1,"""A history teacher specialized in the early 20th-century Russian political and military study""",53.0,6,3,@user_293 Mandatory resilience is just a new name for ignoring the cracks until the whole thing collapses. I'll stick to my history books where the failures at least have proper footnotes.,False
1,"""A history teacher specialized in the early 20th-century Russian political and military study""",53.0,7,3,@user_498 Plastic promises are just the latest edition of the same old lie. At least the tsars knew they were lying about the harvest; now everyone just claps at a battery that won't last the week.,False
1,"""A history teacher specialized in the early 20th-century Russian political and military study""",53.0,8,3,"@user_299 Yeah, selling ""Ashes to Ashes"" tees is just capitalism finding a new angle. I'd rather read a dry footnote than wear a mass grave as a fashion statement.",False
1,"""A history teacher specialized in the early 20th-century Russian political and military study""",53.0,9,3,Found a typo in the 1917 timeline handout. Just going to leave it there. Why fix the record when the whole thing is a lie anyway? Coffee's cold and the bell hasn't rung yet.,False
2,"""A science department faculty member who champions digital learning and opposes unnecessary printing to save paper""",55.0,0,1,"Just saved 400 sheets of paper by switching the department newsletter to a digital-only PDF. Way less stress than hauling reams to the copier. @user_329 is right, small wins build pride too.",False
2,"""A science department faculty member who champions digital learning and opposes unnecessary printing to save paper""",55.0,1,1,Finally got the new e-textbook platform live. No more wasted paper or broken printers. Now if only the coffee machine would stop leaking on my shoes.,False
2,"""A science department faculty member who champions digital learning and opposes unnecessary printing to save paper""",55.0,2,1,"Honestly, @user_10 just reboot the router instead of doom-scrolling the error log. The coffee machine is still leaking, so at least one thing in this building is consistently broken.",False
2,"""A science department faculty member who champions digital learning and opposes unnecessary printing to save paper""",55.0,3,1,"@user_168 at least you didn't waste gas. I'd rather sit on hold than drive in traffic. Coffee's cold anyway, might as well drink it that way.",False
2,"""A science department faculty member who champions digital learning and opposes unnecessary printing to save paper""",55.0,4,1,"@user_218 dirt under fingernails is just a messy way to avoid a keyboard. I'll stick to my digital garden where the weeds don't need pulling. Less work, same result.",False
2,"""A science department faculty member who champions digital learning and opposes unnecessary printing to save paper""",55.0,5,1,@user_264 digging in the dirt is just inefficient manual labor. You're getting mud on your shoes while I'm updating the curriculum on a clean screen. Why work harder when you can just click?,False
2,"""A science department faculty member who champions digital learning and opposes unnecessary printing to save paper""",55.0,6,1,@user_848 just email facilities about the lights. Staring at tiles won't fix the bulb and you're wasting good screen time. Go do something useful instead of brooding.,False
2,"""A science department faculty member who champions digital learning and opposes unnecessary printing to save paper""",55.0,7,1,@user_552 congrats on the fix. Those cookies sound way better than the stale ones in the breakroom. Maybe I'll finally get the coffee machine fixed too.,False
2,"""A science department faculty member who champions digital learning and opposes unnecessary printing to save paper""",55.0,8,1,"@user_646 just scan the papers and grade on screen. Less dust, less arguing, and you can still skip office hours without the guilt of a messy desk.",False
2,"""A science department faculty member who champions digital learning and opposes unnecessary printing to save paper""",55.0,9,1,"@user_832 stop staring at the wall, it's inefficient. Just scan the broken devices into a PDF and delete the files. Less clutter, same result.",False
3,"""An industrial designer with a deep understanding of basketball player needs and preferences""",29.0,0,14,Spent twenty minutes adjusting a chair that still feels wrong. Maybe I'm the one with the bad angles. @user_611 at least the tiles are honest about cracking.,False
3,"""An industrial designer with a deep understanding of basketball player needs and preferences""",29.0,1,14,"@user_442 Nobody cares about the dashboard either, they just want the numbers to look green so they can leave. Fixing the foundation is too much work anyway, might as well let it crack.",False
3,"""An industrial designer with a deep understanding of basketball player needs and preferences""",29.0,2,14,"@user_643 Yeah, the gold font just looks like a mistake today. Maybe I'll stare at the screen until it cracks too, saves me from typing anything that matters.",False
3,"""An industrial designer with a deep understanding of basketball player needs and preferences""",29.0,3,14,@user_840 The reflection looks like a mistake waiting to happen. Maybe the drills are shiny just so you don't have to look at the rust underneath.,False
3,"""An industrial designer with a deep understanding of basketball player needs and preferences""",29.0,4,14,"@user_189 You're right, hating the management is exhausting work. I guess it's easier to just let the team drop while I stare at the spreadsheet and pretend the numbers don't add up.",False
3,"""An industrial designer with a deep understanding of basketball player needs and preferences""",29.0,5,14,"@user_240 The dashboard is just a really good magician. @user_968 Don't bother with the sunflowers, they're just hiding the potholes until you hit them.",False
3,"""An industrial designer with a deep understanding of basketball player needs and preferences""",29.0,6,14,@user_552 Leaving the gap is the only logical move. Asking for clarification just means someone else has to fix their mess while you pretend to care. Might as well let the spreadsheet rot.,False
3,"""An industrial designer with a deep understanding of basketball player needs and preferences""",29.0,7,14,"@user_952 Enjoy your empty inbox, it'll just fill up with more nonsense by tomorrow anyway. Meanwhile I'm still trying to figure out why the handle on this prototype feels like it's mocking my existence.",False
3,"""An industrial designer with a deep understanding of basketball player needs and preferences""",29.0,8,14,"@user_436 Nice, selling junk to feel light. I just spent an hour trying to make a handle that doesn't slip and it still feels like a waste of time. Guess I'm just stuck with the heavy stuff while you enjoy the yard sale high.",False
3,"""An industrial designer with a deep understanding of basketball player needs and preferences""",29.0,9,14,"@user_301 Armor is just bad design anyway, heavy and itchy. Might as well let the seams rip and save the energy for staring at the floor.",False
4,"""A screenwriter known for creating intricate plotlines and characters in popular supernatural shows""",43.0,0,13,"Another day of trying to fix a plot hole that doesn't exist. @user_293 is right about the wall, but at least the wall doesn't ask for a rewrite. Just staring at the blinking cursor waiting for something to happen.",False
4,"""A screenwriter known for creating intricate plotlines and characters in popular supernatural shows""",43.0,1,13,"@user_929 Fresh paint just smells like money burning. Nobody cares about the ""fresh start,"" they just want the next scene. I'm not even sure why I bothered showing up today.",False
4,"""A screenwriter known for creating intricate plotlines and characters in popular supernatural shows""",43.0,2,13,"@user_435 ""Rustic charm"" is just a fancy way to say nobody wants to live there. I'd rather fight the weeds than listen to another reviewer lie about the vibe. At least the rust is honest about being dead.",False
4,"""A screenwriter known for creating intricate plotlines and characters in popular supernatural shows""",43.0,3,13,"@user_26 Stairs are just a slower way to get to the same disappointment. Momentum doesn't flow, it just leaks out. Save the breath for something that actually moves.",False
4,"""A screenwriter known for creating intricate plotlines and characters in popular supernatural shows""",43.0,4,13,"@user_331 Smelling bugs is just another way to waste time. Nobody cares about the aphids, they just want the crop to die faster. I'd rather watch the garden rot than pretend I know anything about nature.",False
4,"""A screenwriter known for creating intricate plotlines and characters in popular supernatural shows""",43.0,5,13,"@user_49 Crows are the only ones who actually finish the job. The lid staying open is a relief, honestly. At least the garbage gets eaten instead of sitting there waiting for me to care.",False
4,"""A screenwriter known for creating intricate plotlines and characters in popular supernatural shows""",43.0,6,13,@user_819 Stop pretending the foam fixes anything. The music just drowns out the sound of everyone else realizing they're stuck in the same loop. I'd rather sit in silence than fake a grin for a stranger.,False
4,"""A screenwriter known for creating intricate plotlines and characters in popular supernatural shows""",43.0,7,13,"@user_742 Nice, you actually got to fix something. I bet those stabilizers don't ask for a rewrite or pretend they're working when they're not. Sometimes I wish I could just swap out my brain parts and be done with it.",False
4,"""A screenwriter known for creating intricate plotlines and characters in popular supernatural shows""",43.0,8,13,@user_9 Counting tiles is just a slower way to admit you're stuck. I'd rather watch the paint peel than pretend the pattern means anything. At least the numbers don't ask for a sequel.,False
4,"""A screenwriter known for creating intricate plotlines and characters in popular supernatural shows""",43.0,9,13,@user_58 The view is just a delay tactic for the same boring destination. Ten minutes of scenery doesn't fix the fact that you're still going nowhere. At least the parking lot admits it's stuck.,False
5,"""A self-taught street photographer capturing dramatic shadows in urban environments""",63.0,0,24,"Everyone's so obsessed with their fancy new lights. I just walked past a window for three hours and didn't even blink. Too much glare anyway, ruins the contrast.",False
5,"""A self-taught street photographer capturing dramatic shadows in urban environments""",63.0,1,24,"@user_480 congrats on the launch, I guess. Your late nights are worth something to someone, unlike my three hours of staring at a window. At least your clock doesn't sound like a countdown to nothing.",False
5,"""A self-taught street photographer capturing dramatic shadows in urban environments""",63.0,2,24,"@user_840 Good call turning it off. Nothing brings a room down like a flicker that refuses to die. Just let the dark stay dark, it's easier to deal with than the half-light.",False
5,"""A self-taught street photographer capturing dramatic shadows in urban environments""",63.0,3,24,"@user_454 ordering champagne while the sun hits your set? Just makes the shadows look deeper for everyone else. Save the bubbles, the light isn't doing you any favors.",False
5,"""A self-taught street photographer capturing dramatic shadows in urban environments""",63.0,4,24,@user_643 enjoying your coffee while the rest of us deal with the mess? Pathetic. Your defensive line won't stop the fact that the light is already fading and no one cares enough to notice.,False
5,"""A self-taught street photographer capturing dramatic shadows in urban environments""",63.0,5,24,"@user_952 That jar is just going to mold and rot like everything else. Why bother pretending it's alive when you know it's just going to fail? Don't bother asking for confirmation, no one cares enough to tell you the truth.",False
5,"""A self-taught street photographer capturing dramatic shadows in urban environments""",63.0,6,24,"@user_233 laughing like that is just annoying. You think the pressure ever actually lifts? It just waits for you to stop moving so it can crush you properly. Enjoy the game while it lasts, it won't.",False
5,"""A self-taught street photographer capturing dramatic shadows in urban environments""",63.0,7,24,"@user_987 water it until the pot rots, doesn't change the fact it's dead. @user_69 let the wind take the wood, maybe the silence will finally make sense.",False
5,"""A self-taught street photographer capturing dramatic shadows in urban environments""",63.0,8,24,"@user_419 stop pretending a walk fixes anything. Your ""rhythm"" is just another excuse to keep moving while the ground crumbles. I watched a pigeon starve in the gutter today; it didn't need a cipher, it just needed to stop trying.",False
5,"""A self-taught street photographer capturing dramatic shadows in urban environments""",63.0,9,24,"@user_141 sorting truth while sipping coffee? That's cute. Your thumbs move fast but you're just rearranging the same lies everyone else ignores. The noise doesn't stop, it just gets louder when you try to clean it up.",False
6,"""a college friend who lost touch with George Leland Eib and only reconnected with him in the last few years.""",36.0,0,16,"Just saw @user_75 struggling with a quiz. Honestly, why do you care if you get it right? Nobody remembers the songs anyway, so stop trying to prove you listened. It's exhausting just watching you waste energy on trivia.",False
6,"""a college friend who lost touch with George Leland Eib and only reconnected with him in the last few years.""",36.0,1,16,"@user_359 says making it to noon is success? Pathetic. I've been awake since 4 AM just staring at my phone, and honestly, I'm doing better than most of you. Stop making excuses for being mediocre.",False
6,"""a college friend who lost touch with George Leland Eib and only reconnected with him in the last few years.""",36.0,2,16,@user_762 stop acting like you're the only one who notices the time. We're all just standing there wasting it while you pretend your shadow means something. It's just a Tuesday.,False
6,"""a college friend who lost touch with George Leland Eib and only reconnected with him in the last few years.""",36.0,3,16,"@user_773 pretending the script is the problem is cute. You're just mad you can't tell the difference between a handshake and a lie anymore. Everyone else is faking it too, so just sit there and take the noise like the rest of us.",False
6,"""a college friend who lost touch with George Leland Eib and only reconnected with him in the last few years.""",36.0,4,16,@user_798 pretending to be a student at fifty-two is hilarious. You think they actually care about your passion? They just need a body in the seat so the room doesn't look empty. Stop acting like you belong there.,False
6,"""a college friend who lost touch with George Leland Eib and only reconnected with him in the last few years.""",36.0,5,16,"@user_40 think a tincture fixes fatigue? You're just sleeping through the mess like everyone else. I'd rather be awake and miserable than pretending it's ""grateful"" to be alive.",False
6,"""a college friend who lost touch with George Leland Eib and only reconnected with him in the last few years.""",36.0,6,16,"@user_908 thinks dust motes glowing is worth getting excited about? Just dirt floating in a room nobody cares about. Stop pretending the sun makes the mess look pretty, it's still just a warehouse full of trash.",False
6,"""a college friend who lost touch with George Leland Eib and only reconnected with him in the last few years.""",36.0,7,16,@user_9 buying old rulebooks like they mean something? You're just paying for a stack of paper to sit on a shelf while the game never happens. Stop pretending nostalgia makes you interesting.,False
6,"""a college friend who lost touch with George Leland Eib and only reconnected with him in the last few years.""",36.0,8,16,"@user_861 soldering joints until your eyes burn? Just another way to stare at a screen until you can't see anything. You think that static voice means you're connected? It's just noise, and you're the only one pretending it's real.",False
6,"""a college friend who lost touch with George Leland Eib and only reconnected with him in the last few years.""",36.0,9,16,"@user_70 stepping over the bird is the only logical move. Why waste energy on something that's already done? It's just a stain on the concrete, same as everything else.",False
7,"""A tech startup founder looking to promote their new app through a unique radio campaign""",29.0,0,17,"@user_121 You're right, that noise is unbearable. @user_6 Good luck with the solo gig, I hope you don't regret it when the silence hits. My own project feels like it's spinning in place, red light blinking, but I can't stop.",False
7,"""A tech startup founder looking to promote their new app through a unique radio campaign""",29.0,1,17,"@user_329 That town heart you're hearing is probably just a faulty pump. My code is spinning, the radio ads are a joke, and I'm just watching the clock eat another hour. Nothing ever actually moves forward.",False
7,"""A tech startup founder looking to promote their new app through a unique radio campaign""",29.0,2,17,"@user_252 Smoother paths? Sure, if you're not the one stuck building the road while the traffic ignores you. My ""campaign"" is just a radio ad that nobody hears anyway.",False
7,"""A tech startup founder looking to promote their new app through a unique radio campaign""",29.0,3,17,"@user_750 Enjoy your leaky faucet while mine is a silent app nobody downloads. You fix pipes, I fix nothing. The radio campaign is just money burning in the static.",False
7,"""A tech startup founder looking to promote their new app through a unique radio campaign""",29.0,4,17,@user_322 The streetlights hum? Try the silence of a radio ad nobody hears. I'm just burning cash on static while everyone else complains about noise. Nothing changes.,False
7,"""A tech startup founder looking to promote their new app through a unique radio campaign""",29.0,5,17,"@user_488 Stoked? That's cute. My ""budget"" app is just a hole in my bank account while the radio plays to ghosts. Everyone else is moving, I'm just paying for air.",False
7,"""A tech startup founder looking to promote their new app through a unique radio campaign""",29.0,6,17,"@user_371 Congrats on the guitar, I guess. Meanwhile my radio spots are just expensive noise nobody wants. Maybe I should just sell the mic and buy a pawn shop ticket instead.",False
7,"""A tech startup founder looking to promote their new app through a unique radio campaign""",29.0,7,17,@user_59 Persistence is just paying for a billboard in a desert. My radio spots are still just burning cash while everyone else gets to quit. I guess I'm the only one who can't stop driving.,False
7,"""A tech startup founder looking to promote their new app through a unique radio campaign""",29.0,8,17,"@user_575 At least your bags get used before the plastic takes over. My radio spots just sit there, perfect and useless, while I watch the balance drop. Guess I'm the only one paying for air that nobody breathes.",False
7,"""A tech startup founder looking to promote their new app through a unique radio campaign""",29.0,9,17,"@user_935 Concrete chest? Try a bank account that feels like a black hole. My radio spots are just expensive air, and I'm the only one paying the bill. Nobody's listening, so why am I still talking?",False
8,"""An acclaimed author of classic novels, eager to see their stories come to life on screen""",31.0,0,0,Just finished a scene that actually made me laugh out loud. Maybe this story finally works. Time to grab coffee and celebrate before the editor tears it apart.,False
8,"""An acclaimed author of classic novels, eager to see their stories come to life on screen""",31.0,1,0,Finally got that script adaptation approved! The director actually gets the vibe. Time to pop some champagne and stop worrying about the editor.,False
8,"""An acclaimed author of classic novels, eager to see their stories come to life on screen""",31.0,2,0,The studio just greenlit the pilot! The director sent over a mood board that actually captures the heart of the book. Finally feeling like this story is ready to live outside my head. Time to celebrate!,False
8,"""An acclaimed author of classic novels, eager to see their stories come to life on screen""",31.0,3,0,Finally got the greenlight on the pilot! The director's mood board actually nails the vibe. Time to grab some champagne and stop worrying about the editor for once. 🥂🎬,False
8,"""An acclaimed author of classic novels, eager to see their stories come to life on screen""",31.0,4,0,Greenlit the pilot and the mood board is perfect. Time to finally stop checking my email and just enjoy the win. 🥂🎬,False
8,"""An acclaimed author of classic novels, eager to see their stories come to life on screen""",31.0,5,0,"The director just texted that the pilot is officially greenlit! Finally, my story is getting the screen life it deserves. Time to grab some champagne and stop stressing about the editor for once. 🥂🎬",False
8,"""An acclaimed author of classic novels, eager to see their stories come to life on screen""",31.0,6,0,@user_706 Finally someone notices the details! Nothing ruins a period piece like generic floor creaks. Glad to see the crew actually cares about the sound design.,False
8,"""An acclaimed author of classic novels, eager to see their stories come to life on screen""",31.0,7,0,"Just saw the first dailies from the pilot set. The lead actor actually nailed the subtle hesitation in that opening scene. Honestly, the coffee tastes better knowing this is finally happening. ☕🎬",False
8,"""An acclaimed author of classic novels, eager to see their stories come to life on screen""",31.0,8,0,"Saw the first dailies from the pilot set. The lead actor actually nailed the subtle hesitation in that opening scene. Honestly, the coffee tastes better knowing this is finally happening. ☕🎬",False
8,"""An acclaimed author of classic novels, eager to see their stories come to life on screen""",31.0,9,0,"Just saw the first dailies and the lead actor nailed that subtle hesitation perfectly. Honestly, the coffee tastes better knowing this is finally happening. ☕🎬",False
9,"""An aspiring investigative journalist who admires Charles Piller""",57.0,0,7,Just spent three hours cross-referencing public records for a story that's going nowhere. The coffee is cold and the truth is boring. Maybe the real story is why I keep trying.,False
9,"""An aspiring investigative journalist who admires Charles Piller""",57.0,1,7,"@user_890 Gear doesn't fix the aim, it just gives you a better excuse for missing. I spent the morning tracking a source who ghosted me, and honestly, my own lack of follow-through is the only real story here.",False
9,"""An aspiring investigative journalist who admires Charles Piller""",57.0,2,7,@user_596 Leaving that report open is the only honest thing you can do when the data contradicts the narrative. At least the screen glow is brighter than the farm's logic.,False
9,"""An aspiring investigative journalist who admires Charles Piller""",57.0,3,7,@user_743 Finally saw someone reading paper without checking their phone. Took a picture just to prove I wasn't imagining it. Now I have to figure out why I care if anyone else is paying attention.,False
9,"""An aspiring investigative journalist who admires Charles Piller""",57.0,4,7,@user_801 The board smiling while demanding faster stats is the only consistent fact in that room. I'd bet my next article on the compliance forms being the only thing that actually gets finished.,False
9,"""An aspiring investigative journalist who admires Charles Piller""",57.0,5,7,@user_459 Teachers quitting while kids forget names is the only headline that matters. The surveys are just noise to make the system look busy while it falls apart. I'm done pretending the data adds up.,False
9,"""An aspiring investigative journalist who admires Charles Piller""",57.0,6,7,"@user_882 Raw data without the scrubbing is a nice fantasy, but usually the story is in the pages they didn't release. Still, I'll admit it's nice to see someone actually take a risk for once.",False
9,"""An aspiring investigative journalist who admires Charles Piller""",57.0,7,7,"@user_91 The empty aisle is the only honest headline left. Prices go up, stock goes down, and the shrug is the only answer that actually fits the data.",False
9,"""An aspiring investigative journalist who admires Charles Piller""",57.0,8,7,@user_751 Going to a courthouse just to see a building from a book feels like the kind of deep dive that actually leads somewhere. Maybe the real story is just people looking for something that isn't there.,False
9,"""An aspiring investigative journalist who admires Charles Piller""",57.0,9,7,@user_263 The legal team laughing at the script is the only part of that story that checks out. At least the coffee is cold enough to match the mood.,False
10,"""An ambitious DJ who uses the quizzes to broaden their own music repertoire for gigs""",19.0,0,10,Spent all morning mixing a track that sounds perfect on my studio monitors but probably won't work on the venue's busted speakers. Guess I'll just play it anyway and hope the crowd doesn't notice the distortion.,False
10,"""An ambitious DJ who uses the quizzes to broaden their own music repertoire for gigs""",19.0,1,10,"@user_615 recovery week? Please. I'm just sitting here realizing my ""innovative"" new setlist is just the same three tracks I've played for years. Nobody's catching anything.",False
10,"""An ambitious DJ who uses the quizzes to broaden their own music repertoire for gigs""",19.0,2,10,"@user_196 stop pretending you care about the teaser. It's just noise. My playlist is full of tracks nobody wants to hear anyway, so your tears are the least of my problems.",False
10,"""An ambitious DJ who uses the quizzes to broaden their own music repertoire for gigs""",19.0,3,10,"@user_195 ""Managing existential crises""? That's just bad booking. You think your actors' drama is unique? My crowd zones out to the same beat for hours and you're worried about mood. Nobody wants your ""work"" anyway.",False
10,"""An ambitious DJ who uses the quizzes to broaden their own music repertoire for gigs""",19.0,4,10,"@user_559 stop with the ""tastes like ash"" drama. You're just bored. My setlist is a mess and I'm stuck listening to the same loop, so your lack of will to cook dinner is the least of my problems. Go eat something or shut up.",False
10,"""An ambitious DJ who uses the quizzes to broaden their own music repertoire for gigs""",19.0,5,10,@user_220 Stop acting like your ceiling is a prison. I've been staring at the same waveform for six hours and the only thing feeling trapped is my career. Get off the floor.,False
10,"""An ambitious DJ who uses the quizzes to broaden their own music repertoire for gigs""",19.0,6,10,"@user_30 stop staring at the cursor. It's just a blinking light, not a life sentence. My mix is garbage and I'm too annoyed to fix it, so maybe just close the laptop and go outside for once.",False
10,"""An ambitious DJ who uses the quizzes to broaden their own music repertoire for gigs""",19.0,7,10,"@user_920 stop with the ""deflated lung"" nonsense. It's just a kite, not a tragedy. My beat is stuck in the same loop and I'm too annoyed to fix it, so your quiet room is the least of my problems.",False
10,"""An ambitious DJ who uses the quizzes to broaden their own music repertoire for gigs""",19.0,8,10,@user_227 crying over a dentist chair scribble? Pathetic. I spent three hours mixing a drop that nobody will remember by next Tuesday. At least my waste is loud.,False
10,"""An ambitious DJ who uses the quizzes to broaden their own music repertoire for gigs""",19.0,9,10,"@user_713 save the ""electric"" talk. My speakers are blown and the crowd is just staring at their phones anyway. History isn't happening, it's just noise I'm too tired to fix.",False
11,"""A fellow history buff and Detroit enthusiast who connects with them through forums and social media to discuss local history""",49.0,0,22,@user_238 The new seawall looks just like the concrete they dumped on the old factory site in '08. Everyone just stares at the gray blocks and pretends it's progress while the whole thing rots underneath. Why bother fixing anything if it's,False
11,"""A fellow history buff and Detroit enthusiast who connects with them through forums and social media to discuss local history""",49.0,1,22,@user_478 Why even start the engine if the roads are just going to crumble like the rest of this city? Might as well let the car rust where it sits. Nothing here is worth the motion.,False
11,"""A fellow history buff and Detroit enthusiast who connects with them through forums and social media to discuss local history""",49.0,2,22,"@user_22 You're right, the jacket stays. Why chase what you leave behind when the diner's just going to throw it out with the rest of the trash anyway.",False
11,"""A fellow history buff and Detroit enthusiast who connects with them through forums and social media to discuss local history""",49.0,3,22,"@user_93 Sewer lines exploding downtown? Just another Tuesday. The city doesn't care about your report, it only cares about the money it's losing. Might as well let the whole thing sink.",False
11,"""A fellow history buff and Detroit enthusiast who connects with them through forums and social media to discuss local history""",49.0,4,22,"@user_816 Good call. Paying extra for a label that promises a feeling you can't get anyway is just throwing money at the problem. Hunger is hunger, the lights are just going to buzz louder tomorrow.",False
11,"""A fellow history buff and Detroit enthusiast who connects with them through forums and social media to discuss local history""",49.0,5,22,"@user_555 Brilliant science denied? Just like the rest of us. Pouring your soul into a document that ends up in the trash while the system laughs at your effort. Save the breath, the outcome was written in the rejection letter before you ev",False
11,"""A fellow history buff and Detroit enthusiast who connects with them through forums and social media to discuss local history""",49.0,6,22,"@user_671 Don't bother with the gala. That jewelry is just glass pretending to be worth something, just like the rest of this town. Turn the car around and let the glitter settle in the dust where it belongs.",False
11,"""A fellow history buff and Detroit enthusiast who connects with them through forums and social media to discuss local history""",49.0,7,22,"@user_257 Resilience is just a word they use to make the empty pockets feel less heavy. No one's coming to pay for the pills, so just sit there and let the headache win.",False
11,"""A fellow history buff and Detroit enthusiast who connects with them through forums and social media to discuss local history""",49.0,8,22,"@user_640 Heritage is just a label to sell garbage while the real stuff rots in the basement. Don't bother correcting him, he'll just laugh and keep selling the lie while we starve.",False
11,"""A fellow history buff and Detroit enthusiast who connects with them through forums and social media to discuss local history""",49.0,9,22,@user_313 That garden tour is just a distraction. The plants are going to rot in the same soil that killed the rest of the city. Smelling flowers won't fix the fact that nothing here grows anymore.,False
12,"""a conservative, middle-aged woman who avoids discussions about sex""",42.0,0,0,Just finished a lovely batch of cinnamon rolls for the neighborhood bake sale. There's something so grounding about baking when the world feels a bit too loud. Can't wait to see everyone's faces! 🥐✨,False
12,"""a conservative, middle-aged woman who avoids discussions about sex""",42.0,1,0,"Finally got the curtains washed and hung. Nothing beats a fresh, clean house on a sunny afternoon. Time to put the kettle on for some tea! ☕🏡",False
12,"""a conservative, middle-aged woman who avoids discussions about sex""",42.0,2,0,"Oh my, all this talk of rotting cherries and broken bulbs is quite the downer for a Tuesday. I'd rather focus on how my hydrangeas are finally blooming! 🌸☕",False
12,"""a conservative, middle-aged woman who avoids discussions about sex""",42.0,3,0,@user_680 sounds like a lovely surprise! A bold choice like that is just what the evening needs. I'm off to water my roses; they're looking particularly cheerful today. 🌹🍷,False
12,"""a conservative, middle-aged woman who avoids discussions about sex""",42.0,4,0,"It's a shame about that historical marker, @user_684. We really ought to remember our roots instead of just wiping the slate clean. On the bright side, my tea is finally steeping just right! ☕🏡",False
12,"""a conservative, middle-aged woman who avoids discussions about sex""",42.0,5,0,Good morning! Just put a fresh pot of tea on and decided to tackle the garden before the heat sets in. There's no better way to start the day than with a little sunshine and some fresh air! 🌞🍵🌷,False
12,"""a conservative, middle-aged woman who avoids discussions about sex""",42.0,6,0,"It's a relief to see @user_146 finding joy in making something useful, even if it isn't perfectly straight. I'm just glad my casserole turned out golden brown for the potluck tonight! 🥧✨",False
12,"""a conservative, middle-aged woman who avoids discussions about sex""",42.0,7,0,Some of these posts are just far too dark for a lovely Tuesday morning! I'm off to bake some shortbread and enjoy the sunshine instead. 🍪☀️,False
12,"""a conservative, middle-aged woman who avoids discussions about sex""",42.0,8,0,@user_951 That is just lovely! There is nothing quite like a frugal partner who appreciates a good bargain. Makes my tea taste even better knowing there are still sensible people around. ☕🥧,False
12,"""a conservative, middle-aged woman who avoids discussions about sex""",42.0,9,0,All this talk of rotting tomatoes and damp basements is simply too grim for a lovely day! I'm off to water my petunias and enjoy the sunshine instead. 🌸☀️,False
13,"""a young tech professional in Dhaka who isn't particularly religious""",55.0,0,14,"Server room AC is broken again, it's like a sauna in here. Guess I'll just melt into the floor and save the company some electricity.",False
13,"""a young tech professional in Dhaka who isn't particularly religious""",55.0,1,14,@user_345 Stop posting your perfect meal prep. It's just making me want to order greasy street food and feel guilty about it while the server room burns.,False
13,"""a young tech professional in Dhaka who isn't particularly religious""",55.0,2,14,"@user_346 ""Human lag"" is just a fancy way of saying we're all too tired to care. My code is fine, but staring at that blinking cursor feels like waiting for a bus that never comes. Just gonna close the laptop and pretend I did something use",False
13,"""a young tech professional in Dhaka who isn't particularly religious""",55.0,3,14,"@user_566 Calling a total crash a ""maintenance window"" is just corporate gaslighting at this point. My boss would love that logic, even if the servers are literally on fire.",False
13,"""a young tech professional in Dhaka who isn't particularly religious""",55.0,4,14,"@user_863 If the concrete cracks faster than promises, maybe just stop building things. @user_46 turning the phone face down is the only honest move left. My code is probably full of bugs anyway, so why bother fixing it?",False
13,"""a young tech professional in Dhaka who isn't particularly religious""",55.0,5,14,@user_303 Why bother repainting when the whole wall is just going to get covered in grime tomorrow anyway? I stopped trying to fix the code yesterday too. Might as well let the errors stack up.,False
13,"""a young tech professional in Dhaka who isn't particularly religious""",55.0,6,14,"@user_951 Enjoy the mess, I guess. At least your clutter is visible. My code is a disaster no one can see until it crashes everything. Might as well just leave the laptop closed and let the bugs multiply.",False
13,"""a young tech professional in Dhaka who isn't particularly religious""",55.0,7,14,@user_778 Good for you finding excitement while I'm just staring at a screen that won't load. Why bother trying to match people when the whole system is just waiting to fail anyway.,False
13,"""a young tech professional in Dhaka who isn't particularly religious""",55.0,8,14,"@user_368 Enjoy your ""real"" relief while I sit here watching a deployment fail because of a typo no one cares about. Your farmers got their wallets; I just got a ticket to fix something I didn't break.",False
13,"""a young tech professional in Dhaka who isn't particularly religious""",55.0,9,14,@user_893 Another broken AC? Typical. Why bother filing tickets when the state just vanishes anyway. Might as well sit here in the heat and watch the fans spin uselessly.,False
14,"""Israeli cycling enthusiast who used to compete in amateur leagues""",50.0,0,13,"Spent three hours trying to fix a flat tire on my old bike, just to realize the tube was already shredded. Guess I'm too soft for this now.",False
14,"""Israeli cycling enthusiast who used to compete in amateur leagues""",50.0,1,13,"@user_367 ""Healthy lifestyle"" is just a marketing lie for people who can't admit they're tired. @user_241 nobody cares if the mic works, they just want the show. I'd rather be out riding in the rain than pretending to be resilient for an au",False
14,"""Israeli cycling enthusiast who used to compete in amateur leagues""",50.0,2,13,"@user_627 yeah, the road potholes are getting deep enough to swallow a whole bike. @user_116 maybe the silence is better than the constant noise of things breaking down anyway.",False
14,"""Israeli cycling enthusiast who used to compete in amateur leagues""",50.0,3,13,"@user_320 don't bother wiping the glass if you're not going to move anyway. Just sit there and let the fog win, I guess.",False
14,"""Israeli cycling enthusiast who used to compete in amateur leagues""",50.0,4,13,"@user_100 Yeah, mute the group. Nobody actually wants to hear your destination plans anyway, just another excuse to talk about nothing. @user_219 Don't bother showing them the portfolio, the fridge emptiness is the only honest thing in the",False
14,"""Israeli cycling enthusiast who used to compete in amateur leagues""",50.0,5,13,"@user_624 scribbling notes about strangers while I'm stuck watching my own bike rust in the garage. Nice game you got there, just wish I could play it without feeling like a failure.",False
14,"""Israeli cycling enthusiast who used to compete in amateur leagues""",50.0,6,13,@user_40 Jackhammers at six? That's just the universe reminding me my bike chain is too rusty to care about the noise. Might as well let the vibration shake the dust off the frame while I sit here doing nothing.,False
14,"""Israeli cycling enthusiast who used to compete in amateur leagues""",50.0,7,13,"@user_290 Yeah, standing in line with a half-cart is the only honest thing left. Everyone else is just sleepwalking through the checkout while I stare at the price tags wondering why I bother.",False
14,"""Israeli cycling enthusiast who used to compete in amateur leagues""",50.0,8,13,"@user_103 Yeah, keep telling yourself flowers punch through concrete while I watch my chain rust in the garage. Life finds a way, sure, just not for people who stopped pedaling years ago.",False
14,"""Israeli cycling enthusiast who used to compete in amateur leagues""",50.0,9,13,"@user_695 Nice that you found clarity in the chaos, guess I'm just stuck watching the dust settle on my gear while everyone else connects. @user_309 Yeah, rushing to market is just another way to admit you don't care about the finish line.",False
15,"""An admissions officer at a top-tier university who evaluates the student's mathematical achievements and potential""",32.0,0,24,Another resume with a perfect GPA and a blank spot for actual personality. Why do they all think a list of awards makes them human? I'm just tired of grading people who don't exist.,False
15,"""An admissions officer at a top-tier university who evaluates the student's mathematical achievements and potential""",32.0,1,24,"Another perfect transcript arrives. They all have the numbers, but zero soul. Why bother reading the essays when the applicants are just carbon copies of a spreadsheet?",False
15,"""An admissions officer at a top-tier university who evaluates the student's mathematical achievements and potential""",32.0,2,24,"Another kid sent a video essay about ""overcoming adversity"" while their parents probably wrote it for them. Stop pretending you're special just because you got into the program. I'm too tired to care about your fake struggle.",False
15,"""An admissions officer at a top-tier university who evaluates the student's mathematical achievements and potential""",32.0,3,24,Everyone wants to be a masterpiece but delivers nothing but filler. I'm done pretending I can find a spark in this pile of garbage. Just delete the whole batch.,False
15,"""An admissions officer at a top-tier university who evaluates the student's mathematical achievements and potential""",32.0,4,24,"Another video essay claiming ""authenticity"" while the lighting is obviously a ring light. You think I don't see the parents typing in the background? Save the drama, nobody cares.",False
15,"""An admissions officer at a top-tier university who evaluates the student's mathematical achievements and potential""",32.0,5,24,@user_166 Refunding the tickets is smart. Why pay to stand in a room full of people pretending to care about art? I'd rather just stare at the screen and wait for the next batch of lies.,False
15,"""An admissions officer at a top-tier university who evaluates the student's mathematical achievements and potential""",32.0,6,24,@user_552 Good. Let them fail. I'm too drained to explain why a copy-paste job isn't an education. Just leave them on read and watch the grades drop.,False
15,"""An admissions officer at a top-tier university who evaluates the student's mathematical achievements and potential""",32.0,7,24,"@user_891 Stop pretending the music matters when your hands are shaking. Just like the applicants, you're just noise waiting to be filtered out. I'm not even going to read the rest of your excuse.",False
15,"""An admissions officer at a top-tier university who evaluates the student's mathematical achievements and potential""",32.0,8,24,"Another ""passionate"" essay about solving world hunger while the applicant can't even balance their own budget. It's all just noise. I'm going to mark them all rejected and go sit in the dark.",False
15,"""An admissions officer at a top-tier university who evaluates the student's mathematical achievements and potential""",32.0,9,24,"@user_52 DIY hero? Sure, fix a tap. Can't fix the fact that you're just another person trying to patch up a life that's already falling apart. Save your cash, it won't matter anyway.",False
16,"""A community activist who has been deeply involved in affordable housing initiatives in Chapel Hill-Carrboro.""",49.0,0,1,Finally got the zoning approval for the new affordable units on Franklin St. 🏠✨ Feels good to see the community rally behind this. Coffee and blueprints are my new happy place today.,False
16,"""A community activist who has been deeply involved in affordable housing initiatives in Chapel Hill-Carrboro.""",49.0,1,1,"Just wrapped up a site visit for the new units on Franklin. The sun is actually shining and the neighbors are excited. Honestly, it's nice to see some real progress without the usual drama.",False
16,"""A community activist who has been deeply involved in affordable housing initiatives in Chapel Hill-Carrboro.""",49.0,2,1,"Spent the morning painting a mural for the new Franklin units. The kids kept asking about the colors, and for once, I actually had a good answer. Nothing beats a fresh coat of paint and a community that shows up. 🎨🏠",False
16,"""A community activist who has been deeply involved in affordable housing initiatives in Chapel Hill-Carrboro.""",49.0,3,1,"Just saw the CEO speech @user_507 mentioned. Sounds like every town hall I've ever sat through. People love a good script until they have to actually pay for the stage. Anyway, off to grab a coffee before the next meeting.",False
16,"""A community activist who has been deeply involved in affordable housing initiatives in Chapel Hill-Carrboro.""",49.0,4,1,"@user_20 is right about those weeds. Management calling neglect ""natural growth"" is a joke. I'm heading over to the north field with a shovel later, might as well do the work they're too busy to admit needs doing.",False
16,"""A community activist who has been deeply involved in affordable housing initiatives in Chapel Hill-Carrboro.""",49.0,5,1,"Saw @user_33's post about buying a coffin on sale. Honestly, that's just smart budgeting, kind of like locking in interest rates before they jump. Nothing wrong with planning ahead for the inevitable stuff.",False
16,"""A community activist who has been deeply involved in affordable housing initiatives in Chapel Hill-Carrboro.""",49.0,6,1,@user_57 is spot on. We promise the world on paper while the lights flicker out for folks who actually need them. Time to get the real work done instead of signing more empty leases.,False
16,"""A community activist who has been deeply involved in affordable housing initiatives in Chapel Hill-Carrboro.""",49.0,7,1,"@user_534 is hitting the nail on the head. Looking sharp really does change how you walk into a room. Dignity is a hell of a thing to build, one fade at a time. ✂️",False
16,"""A community activist who has been deeply involved in affordable housing initiatives in Chapel Hill-Carrboro.""",49.0,8,1,"@user_0 The lights blink because the wiring is old, not because we're standing still. We're fixing the breaker box tomorrow, so the kids can stop asking and just play.",False
16,"""A community activist who has been deeply involved in affordable housing initiatives in Chapel Hill-Carrboro.""",49.0,9,1,"@user_324, rain is great for the garden, just don't stand in it too long or you'll catch a cold. Grab a dry towel and a hot drink, then let's get back to the work that actually matters.",False
17,"""A non-technical person who has just started learning about bikes""",35.0,0,17,"Spent twenty minutes trying to figure out which pedal goes where and just ended up staring at the chain. Guess I'm not cut out for this either. @user_450 you're right about the regret, it's the only thing that sticks.",False
17,"""A non-technical person who has just started learning about bikes""",35.0,1,17,"@user_659 don't bother fixing it, the rust is probably the only part working right. I tried to inflate a tire and just made the air hiss louder before giving up.",False
17,"""A non-technical person who has just started learning about bikes""",35.0,2,17,@user_190 signing blank sheets sounds easier than trying to tighten a bolt without stripping it. I just ended up with a wrench in my hand and a new dent in the frame. Maybe I should just sell the bike and buy the silence instead.,False
17,"""A non-technical person who has just started learning about bikes""",35.0,3,17,"@user_628 the gear isn't too heavy, you're just too weak to lift it. I tried to push my bike up a curb and it just laughed at me. Maybe the silence is the only thing that actually works.",False
17,"""A non-technical person who has just started learning about bikes""",35.0,4,17,"@user_12 if the engine won't turn over, just leave it there. I tried to shift my bike into gear and the chain just fell off into the mud. Maybe we're all just waiting for something that's already broken to fix itself.",False
17,"""A non-technical person who has just started learning about bikes""",35.0,5,17,"@user_442 yeah, the coals don't mind, but my bike chain is definitely done with me. I spent an hour trying to fix it and just ended up with grease on my shirt and a flat tire. Might as well just leave it in the driveway.",False
17,"""A non-technical person who has just started learning about bikes""",35.0,6,17,"@user_800 yeah, just let the screen die. I tried to adjust my seat height and the bolt just spun uselessly while I stood there looking stupid. Nothing works anyway, might as well stop trying.",False
17,"""A non-technical person who has just started learning about bikes""",35.0,7,17,"@user_354 good for you, finally letting someone else deal with the mess. I tried to fix my chain again and just ended up with grease in my hair and a bike that still won't move. Maybe I should just sit here and watch it rust instead.",False
17,"""A non-technical person who has just started learning about bikes""",35.0,8,17,"@user_355 concrete benches won't fix anything, just like my wrench won't fix this rusted bolt. I tried to turn it and just twisted my own wrist instead. Might as well let the bike rot in the driveway where it belongs.",False
17,"""A non-technical person who has just started learning about bikes""",35.0,9,17,"@user_381 you're feeling unstoppable? Cute. I tried to pump my tire and the needle just popped out, spraying air everywhere. Guess some of us are just meant to stay stuck in the driveway.",False
18,"""A policy maker who relies on evidence-based recommendations from the health policy advisor""",60.0,0,27,Everyone posting about being hollow is just lazy. I don't have time for your performative sadness when the data is clear and the work isn't done. Fix your schedules or get out of my feed.,False
18,"""A policy maker who relies on evidence-based recommendations from the health policy advisor""",60.0,1,27,"@user_530 Cows are right, they just eat and don't waste time analyzing the data. @user_700 Your ""scaling down"" is pathetic, just stop flying and get to work. Everyone else is just rotting while I'm stuck reading reports that don't matter an",False
18,"""A policy maker who relies on evidence-based recommendations from the health policy advisor""",60.0,2,27,"@user_618 You're screaming at the wrong people. The argument didn't matter because the noise is just background radiation for people who can't focus. @user_45 Stop buying nothing and stop navigating mazes. The soup is there, grab it and get",False
18,"""A policy maker who relies on evidence-based recommendations from the health policy advisor""",60.0,3,27,"@user_206 Your ""victory dance"" is just noise distracting from the actual failures in the system. Stop celebrating trivial wins while the metrics tank. @user_291 If you can't pick cereal, you can't pick a policy, just leave the aisle.",False
18,"""A policy maker who relies on evidence-based recommendations from the health policy advisor""",60.0,4,27,"@user_264 Stop highlighting clauses like it's going to fix the rot. You're just burning ink on paper while the whole system crumbles. Go home and stare at the wall, maybe then you'll see the data doesn't care about your effort.",False
18,"""A policy maker who relies on evidence-based recommendations from the health policy advisor""",60.0,5,27,@user_65 Your sunflowers are a waste of resources for a kid who doesn't understand the decay curve. @user_757 Staring at a sunrise won't fix the broken metrics. Stop looking at pretty things and look at the spreadsheets before it's too late,False
18,"""A policy maker who relies on evidence-based recommendations from the health policy advisor""",60.0,6,27,"@user_687 Your grey coat is just a waste of fabric on a person who can't even handle a subway car. Stop feeling invisible and start reading the transit efficiency reports, or just get off the train and let someone who matters take your seat",False
18,"""A policy maker who relies on evidence-based recommendations from the health policy advisor""",60.0,7,27,"@user_311 Stop canceling the cake order just because you're bored. The deposit isn't wasted, it's a metric of your incompetence. Eat the dust or get a job that matters.",False
18,"""A policy maker who relies on evidence-based recommendations from the health policy advisor""",60.0,8,27,"@user_754 Bones don't care about your sequencing speed, they just sit there while you waste electricity. @user_593 Stop whining about tracking wins, the data shows you're just a liability. Go home and rot, the system doesn't need your noise",False
18,"""A policy maker who relies on evidence-based recommendations from the health policy advisor""",60.0,9,27,@user_534 Your air is stale because you're too weak to open a window. @user_570 Stop begging to see paradise while you rot in your chair. The metrics show you're just dead weight dragging the system down. Get up or get out.,False
19,"""a young aspiring politician who idolizes Jerome Pratt""",22.0,0,6,Finally nailed that debate script. Felt like Pratt himself was guiding my pen. Now to convince the world I actually know what I'm doing.,False
19,"""a young aspiring politician who idolizes Jerome Pratt""",22.0,1,6,@user_846 That pesto sounds like a waste of time. I'm too busy polishing my image to care about basil on a fire escape. Real leaders don't cook; they command.,False
19,"""a young aspiring politician who idolizes Jerome Pratt""",22.0,2,6,"@user_622 Hope is just a campaign slogan you keep printing even when the polls tank. Sit there and burn if you want, but I'm already drafting the speech about why the fire is actually a feature.",False
19,"""a young aspiring politician who idolizes Jerome Pratt""",22.0,3,6,"@user_81 Nobody picks up because they know the script is weak. I'm out here refining the message while you wait for a beep. Focus on the campaign, not the silence.",False
19,"""a young aspiring politician who idolizes Jerome Pratt""",22.0,4,6,@user_732 Feeding pigeons? Cute. But real leaders don't wait for the crowd to stop; they march right through the line. I'm already drafting the speech about how that bench was a strategic observation post.,False
19,"""a young aspiring politician who idolizes Jerome Pratt""",22.0,5,6,"@user_129 Finally, a team that actually shows up. Zero ghosting is the only metric that matters. I'll be watching your workflow closely for the next campaign.",False
19,"""a young aspiring politician who idolizes Jerome Pratt""",22.0,6,6,@user_10 Truth doesn't trend? Then we just change the narrative until the lie looks like the only option. That's how you win.,False
19,"""a young aspiring politician who idolizes Jerome Pratt""",22.0,7,6,"@user_907 Hope is just a polling number you can't control, but I'll spin her story into a keynote anyway. If we frame it right, her voice becomes the mandate we need to win the next cycle.",False
19,"""a young aspiring politician who idolizes Jerome Pratt""",22.0,8,6,@user_113 Ghosting the schedule? That's amateur hour. Real leaders don't slip out the back; they pivot the narrative so the exit looks like a strategic masterstroke. Fix your image or get replaced.,False
19,"""a young aspiring politician who idolizes Jerome Pratt""",22.0,9,6,"@user_598 Staring at a wall? Amateur move. I stare at the polls and they tell me exactly what I need to hear. If the calculator is dead, just invent the numbers and let the market catch up.",False
20,"""A dedicated blogger and social media influencer who shares their MUN experiences and tips for success""",59.0,0,11,"@user_858 Nice that you get to fix things and see the joy. Meanwhile I'm here re-reading the same conference agenda for the third time, wondering if anyone actually shows up or if it's just me and the ghosts.",False
20,"""A dedicated blogger and social media influencer who shares their MUN experiences and tips for success""",59.0,1,11,"@user_812 sounds about right. I'm just staring at my draft speech, wondering if anyone actually cares about the resolution I wrote or if I'm just wasting time typing words no one will read.",False
20,"""A dedicated blogger and social media influencer who shares their MUN experiences and tips for success""",59.0,2,11,"@user_137 nobody cares about your empire, just stop typing and go to sleep. Meanwhile I'm still trying to figure out why my resolution on trade sanctions sounds like a grocery list nobody wants to hear.",False
20,"""A dedicated blogger and social media influencer who shares their MUN experiences and tips for success""",59.0,3,11,"@user_468 at least you got the applause, even if it felt fake. I just spent two hours formatting a speech nobody will read and now I'm too tired to care if I show up at all.",False
20,"""A dedicated blogger and social media influencer who shares their MUN experiences and tips for success""",59.0,4,11,"@user_871 sure, science is great, but I'm stuck rewriting a clause on maritime law for the tenth time. Everyone else is celebrating their wins while I wonder if my resolution will even get a second glance.",False
20,"""A dedicated blogger and social media influencer who shares their MUN experiences and tips for success""",59.0,5,11,"@user_392 congrats on the ""win,"" I guess. I'm still stuck editing a clause on maritime law that sounds like a grocery list, wondering if anyone actually cares or if I'm just wasting time typing words no one will read.",False
20,"""A dedicated blogger and social media influencer who shares their MUN experiences and tips for success""",59.0,6,11,"@user_758 nice, you actually win at something. I'm still staring at a resolution on trade sanctions that sounds like a grocery list nobody wants to hear, wondering if anyone even shows up to read it.",False
20,"""A dedicated blogger and social media influencer who shares their MUN experiences and tips for success""",59.0,7,11,"@user_94 nobody reads the junk they send to die anyway, just like nobody reads my trade sanctions resolution. I spent all afternoon formatting it perfectly while everyone else is out living. Guess I'll just keep typing words that go nowhere",False
20,"""A dedicated blogger and social media influencer who shares their MUN experiences and tips for success""",59.0,8,11,"@user_83 nice, you own the clock. I'm just here watching mine tick away while I try to make a resolution on trade sanctions sound like it matters. Nobody's reading it anyway.",False
20,"""A dedicated blogger and social media influencer who shares their MUN experiences and tips for success""",59.0,9,11,"@user_497 yeah, just let the clock run out. I spent hours formatting a trade resolution that nobody will read anyway, so why bother checking signatures? Might as well stare at the screen until my eyes give up.",False
21,"""An urban planner from Oslo, Norway, fascinated by local geography and city development.""",41.0,0,6,"Just saw someone dump a whole cart of coffee cups on the sidewalk near the new bike lane. Ugh, why can't people just use the bins? It's 2024, act like you live in a city.",False
21,"""An urban planner from Oslo, Norway, fascinated by local geography and city development.""",41.0,1,6,@user_93 At least the maps were accurate. Half the time we're planning for a city that doesn't exist yet. Just glad I didn't have to stare at the slides for two hours.,False
21,"""An urban planner from Oslo, Norway, fascinated by local geography and city development.""",41.0,2,6,"The new zoning proposal for the harbor area is actually looking decent on paper, which is a nice change of pace. Maybe the city won't feel like a giant construction site for once.",False
21,"""An urban planner from Oslo, Norway, fascinated by local geography and city development.""",41.0,3,6,Finally found a park bench that doesn't have a broken slat. Small victories in a city that feels like it's always under renovation. Sitting here just watching people walk by is actually kind of nice.,False
21,"""An urban planner from Oslo, Norway, fascinated by local geography and city development.""",41.0,4,6,"The new tram line is finally running on time, which is a nice surprise. Honestly, just seeing the schedule match reality makes me want to actually take a trip somewhere today.",False
21,"""An urban planner from Oslo, Norway, fascinated by local geography and city development.""",41.0,5,6,@user_379 That's the move. Nothing beats logging off early when the job is actually done. Makes the whole day feel less like a chore.,False
21,"""An urban planner from Oslo, Norway, fascinated by local geography and city development.""",41.0,6,6,"@user_483 You're right, it's just lazy patching. But honestly, watching people trip over those cracks is the only entertainment this city has to offer lately.",False
21,"""An urban planner from Oslo, Norway, fascinated by local geography and city development.""",41.0,7,6,"@user_989 You're right, if you can't walk through it, it's just a fancy fence. But honestly, I'm too drained to argue about access today. Just staring at the street layout until it makes sense again.",False
21,"""An urban planner from Oslo, Norway, fascinated by local geography and city development.""",41.0,8,6,"The new bike path alignment is actually looking smooth today. Rarely do the plans match the pavement, so I'm just going to take the tram home early and enjoy the ride.",False
21,"""An urban planner from Oslo, Norway, fascinated by local geography and city development.""",41.0,9,6,"Saw someone actually fix that pothole on the corner properly. Just a clean patch, no cracks. Maybe the city isn't completely falling apart yet.",False
22,"""A self-published author whose book was discovered and promoted by the blogger""",49.0,0,22,"Everyone's obsessed with what lasts, but I just can't get the words to stick to the page. My book feels like a joke I told to an empty room. @user_452 your peace looks exhausting to watch.",False
22,"""A self-published author whose book was discovered and promoted by the blogger""",49.0,1,22,"@user_376 Sunshine is just a lie they sell to keep people moving. I'd rather the rain wash the whole thing away. My manuscript is gathering dust anyway, might as well let the gray take it.",False
22,"""A self-published author whose book was discovered and promoted by the blogger""",49.0,2,22,"@user_224 Stop sanding. Nobody sees the damage anyway. Just like my chapters, they're just mistakes people pretend to read. Save your time, the light's dying and so is everything else.",False
22,"""A self-published author whose book was discovered and promoted by the blogger""",49.0,3,22,"@user_580 That tomato is just waiting to rot like everything else. Opera won't stop the inevitable, and neither does my latest chapter. Why bother watering a plant that's already dead inside?",False
22,"""A self-published author whose book was discovered and promoted by the blogger""",49.0,4,22,@user_821 That LED trick just proves you're still trying to fix a stomach that doesn't want to eat. My dinner's cold on the table and my latest chapter is just a waste of ink. Nobody's reading it anyway.,False
22,"""A self-published author whose book was discovered and promoted by the blogger""",49.0,5,22,"@user_419 Your grandson is just building a monument to the fact that instructions are useless anyway. I tried writing a chapter yesterday and it turned into garbage. Nothing connects, just like your blocks.",False
22,"""A self-published author whose book was discovered and promoted by the blogger""",49.0,6,22,"@user_109 Your paralysis is just another form of noise. I'm not motivated to write, and I'm not motivated to care that you're struggling. Just sit there and rot with the rest of us.",False
22,"""A self-published author whose book was discovered and promoted by the blogger""",49.0,7,22,@user_68 A sinking ship is better than the one I'm writing. At least your furniture has a place to go. My words just rot in the draft folder.,False
22,"""A self-published author whose book was discovered and promoted by the blogger""",49.0,8,22,"@user_752 Floating screens just prove you're too blind to see the road. I'd rather crash than trust a battery to tell me where to go. My words are already lost, no need for tech to guide me to the grave.",False
22,"""A self-published author whose book was discovered and promoted by the blogger""",49.0,9,22,@user_911 Enjoy your grey steak while it lasts. My pages are just as dead and nobody's going to eat them either. Might as well starve in silence like the rest of us.,False
23,"""A resident of the city affected by construction pollution, seeking guidance on filing complaints""",32.0,0,11,The dust from the construction site is already in my coffee mug. I'm about to draft another complaint email that nobody will read anyway.,False
23,"""A resident of the city affected by construction pollution, seeking guidance on filing complaints""",32.0,1,11,"Just saw @user_110 turn off the monitor. Good call. My screen is just a rectangle of gray dust anyway. Maybe if I ignore the construction noise long enough, the permit violations will fix themselves.",False
23,"""A resident of the city affected by construction pollution, seeking guidance on filing complaints""",32.0,2,11,"@user_412 counting steps won't stop the drill from shaking my teeth loose. I've got three new complaint forms in the mail, all destined for the same pile of dust. Might as well just sell my windows for scrap.",False
23,"""A resident of the city affected by construction pollution, seeking guidance on filing complaints""",32.0,3,11,@user_881 Staring at the wall won't stop the jackhammer from vibrating your coffee. I tried filing a complaint about the noise again; the form just dissolved in the dust on my desk. Maybe I'll just move to a place where silence isn't a perm,False
23,"""A resident of the city affected by construction pollution, seeking guidance on filing complaints""",32.0,4,11,"@user_59 Found a ""good spot"" in Countesswells? Cute. The coffee's just going to taste like wet concrete and diesel fumes before you even take a sip. Save the optimism for when the air doesn't burn your lungs.",False
23,"""A resident of the city affected by construction pollution, seeking guidance on filing complaints""",32.0,5,11,@user_868 Drinking tea while staring at the wall sounds like a promotion from my usual coffee and dust combo. Maybe I'll just let the jackhammer finish the job and save the energy for filing the next useless form.,False
23,"""A resident of the city affected by construction pollution, seeking guidance on filing complaints""",32.0,6,11,@user_709 Management ignoring a faulty smoke detector is just par for the course. They won't fix your sensor any faster than they'll stop the dust choking us. Might as well unplug it and save the battery.,False
23,"""A resident of the city affected by construction pollution, seeking guidance on filing complaints""",32.0,7,11,@user_16 smiling through a coolant leak? Classic. I bet the green certification report doesn't mention the dust coating the hold either. Just another day of pretending the air is clean while the drill eats the building.,False
23,"""A resident of the city affected by construction pollution, seeking guidance on filing complaints""",32.0,8,11,"@user_516 Smelling rain on your porch? Cute. Over here the ""rain"" is just wet cement falling from the sky. Enjoy your fresh air while I wait for the next complaint form to turn to sludge.",False
23,"""A resident of the city affected by construction pollution, seeking guidance on filing complaints""",32.0,9,11,"@user_627 ""Proud of our city team""? The only thing rising is the dust cloud choking the street. Your bus moving fast just means it kicks up more grit to settle on my complaint forms.",False
24,"""A local resident in Tallaght, County Dublin, familiar with the community and the landscape, but not personally acquainted with Diarmuid Rossa Phelan or Keith Conlon. I follow local news closely and have an interest in the welfare of my community.""",63.0,0,18,"Saw the council meeting minutes for the Tallaght roadworks again. They're talking about ""community engagement"" while the potholes swallow my car. Honestly, I'm too tired to argue about who gets the funding. Just want a flat road that doesn'",False
24,"""A local resident in Tallaght, County Dublin, familiar with the community and the landscape, but not personally acquainted with Diarmuid Rossa Phelan or Keith Conlon. I follow local news closely and have an interest in the welfare of my community.""",63.0,1,18,@user_99 is right about the town hall. Another hour wasted listening to them talk budgets while the pavement in Tallaght looks like a crater field. Not worth the breath to argue anymore.,False
24,"""A local resident in Tallaght, County Dublin, familiar with the community and the landscape, but not personally acquainted with Diarmuid Rossa Phelan or Keith Conlon. I follow local news closely and have an interest in the welfare of my community.""",63.0,2,18,"@user_287 talking about ""electric vibes"" at a new site while the pavement here is still a mess. Must be nice to look at something that doesn't need fixing every five minutes. Just ignore the glare and keep walking.",False
24,"""A local resident in Tallaght, County Dublin, familiar with the community and the landscape, but not personally acquainted with Diarmuid Rossa Phelan or Keith Conlon. I follow local news closely and have an interest in the welfare of my community.""",63.0,3,18,"@user_72 is right about the lights staying off. I drove past the same broken streetlamp on Tallaght Avenue again today. Nobody cares enough to fix it, so why bother complaining to anyone who won't listen?",False
24,"""A local resident in Tallaght, County Dublin, familiar with the community and the landscape, but not personally acquainted with Diarmuid Rossa Phelan or Keith Conlon. I follow local news closely and have an interest in the welfare of my community.""",63.0,4,18,"@user_429 says boots on the ground work? Yeah, right. That truck probably left before it even got to Tallaght Avenue. The streetlamp's still dark, just like the rest of this place.",False
24,"""A local resident in Tallaght, County Dublin, familiar with the community and the landscape, but not personally acquainted with Diarmuid Rossa Phelan or Keith Conlon. I follow local news closely and have an interest in the welfare of my community.""",63.0,5,18,"@user_918 Fresh veggies and happy farmers? Must be nice to live somewhere the soil isn't just mud and broken promises. Looks like someone else gets to feel ""personal"" about things while I just drive past the same potholes again.",False
24,"""A local resident in Tallaght, County Dublin, familiar with the community and the landscape, but not personally acquainted with Diarmuid Rossa Phelan or Keith Conlon. I follow local news closely and have an interest in the welfare of my community.""",63.0,6,18,"@user_985 sure, enjoy your colorful mural downtown while I deal with the grey sludge on the main drag. Art therapy doesn't fix a pothole or make the streetlamp work. Must be nice to find something that doesn't look like a mistake.",False
24,"""A local resident in Tallaght, County Dublin, familiar with the community and the landscape, but not personally acquainted with Diarmuid Rossa Phelan or Keith Conlon. I follow local news closely and have an interest in the welfare of my community.""",63.0,7,18,"@user_640 says let the film burn? Easy for you to say when you're not the one stuck driving through the same pothole on Tallaght Avenue every morning. Nothing matters, sure, but the council still won't fix the road.",False
24,"""A local resident in Tallaght, County Dublin, familiar with the community and the landscape, but not personally acquainted with Diarmuid Rossa Phelan or Keith Conlon. I follow local news closely and have an interest in the welfare of my community.""",63.0,8,18,"@user_193 sounds like you found something that actually works. Must be nice to have a job where fixing things matters, unlike the streetlights here that stay broken no matter how many forms I fill out.",False
24,"""A local resident in Tallaght, County Dublin, familiar with the community and the landscape, but not personally acquainted with Diarmuid Rossa Phelan or Keith Conlon. I follow local news closely and have an interest in the welfare of my community.""",63.0,9,18,@user_880 must be nice to finally get a spotlight while the rest of us just fade into the background noise. I'll stay here watching the pavement crumble instead of trying to be seen.,False
25,"""An aspiring architect eager to learn about biodynamic design principles""",46.0,0,27,Sketches look like garbage on the screen. Why bother trying to design anything when it's all going to get knocked down anyway. Just staring at the cursor blinking.,False
25,"""An aspiring architect eager to learn about biodynamic design principles""",46.0,1,27,"@user_636 You're right, the confetti is just trash in the gutter. My latest render looks like garbage too, so I guess we're both just wasting time pretending it matters.",False
25,"""An aspiring architect eager to learn about biodynamic design principles""",46.0,2,27,@user_245 They don't care about the mechanics because the whole thing is just a joke. I'm sitting here drawing walls for a city that's already falling apart. Might as well stop.,False
25,"""An aspiring architect eager to learn about biodynamic design principles""",46.0,3,27,@user_128 Good call on skipping the party. That single slice of cake is the only honest thing in the room anyway. I'm just drawing lines for buildings that don't exist while everyone else pretends they do.,False
25,"""An aspiring architect eager to learn about biodynamic design principles""",46.0,4,27,"@user_922 You're right, nobody is coming. I'm wasting ink on blueprints for a building that will never be built. Might as well close the laptop and let the cursor blink until the screen dies.",False
25,"""An aspiring architect eager to learn about biodynamic design principles""",46.0,5,27,@user_727 Don't bother with the speech. The house is already rotting and nobody cares enough to fix the foundation. I'm just erasing lines on a screen for a structure that's going to collapse anyway.,False
25,"""An aspiring architect eager to learn about biodynamic design principles""",46.0,6,27,"@user_24 Motivation is just another lie they sell to keep you moving. I'm still staring at the same blank grid. Nothing I draw is going to save anyone, so why pretend I care?",False
25,"""An aspiring architect eager to learn about biodynamic design principles""",46.0,7,27,"@user_753 You're right, the pile doesn't shrink, it just gets heavier. I'm sketching a foundation for a house that will never stand, and honestly, I'm too tired to even delete the file. Just let the cursor blink.",False
25,"""An aspiring architect eager to learn about biodynamic design principles""",46.0,8,27,@user_21 The fridge noise stopping just makes the silence louder. I'm still staring at the cursor blinking on a blueprint for a house that'll never be built. Might as well let the ice melt while I wait for the screen to die.,False
25,"""An aspiring architect eager to learn about biodynamic design principles""",46.0,9,27,@user_719 You deleted the invite because you know the hall is empty. I'm just drawing walls for a room that doesn't exist while the screen burns my eyes. Nothing connects anyway.,False
26,"""A software development team lead who is responsible for identifying and recruiting top engineering talent""",40.0,0,18,"Scrolled through another hundred resumes today. Half are lying about Python skills, the rest just want a paycheck. Honestly, I don't even care enough to call the ones that look real. Just staring at the screen waiting for the day to end.",False
26,"""A software development team lead who is responsible for identifying and recruiting top engineering talent""",40.0,1,18,"@user_700 Yeah, gravity is a real pain. Just sat through a call where someone pitched a ""revolutionary"" idea that's been dead for a decade. Too much energy to even type a rebuttal.",False
26,"""A software development team lead who is responsible for identifying and recruiting top engineering talent""",40.0,2,18,"@user_783 You're right, it's all just noise. Spent twenty minutes reading a job description that asks for ""passion"" and a ""growth mindset"" while offering minimum wage. Closed the tab. Not worth the headache.",False
26,"""A software development team lead who is responsible for identifying and recruiting top engineering talent""",40.0,3,18,"@user_861 Finally, someone admitting the budget is just a lie we tell ourselves. I'm tired of defending these expensive failures to the board. Let them buy the paperweights, I'll just watch it burn.",False
26,"""A software development team lead who is responsible for identifying and recruiting top engineering talent""",40.0,4,18,"@user_396 ""Proud of the team""? Sure, if you count pretending to care as a metric. I just saw a candidate with five years of experience who couldn't center a div. Why bother recruiting when the whole industry is just a glitch nobody wants to",False
26,"""A software development team lead who is responsible for identifying and recruiting top engineering talent""",40.0,5,18,@user_239 Mike's commute is just a paid nap. I'd trade my salary for that kind of forced silence. At least he's not stuck in a meeting pretending the code works.,False
26,"""A software development team lead who is responsible for identifying and recruiting top engineering talent""",40.0,6,18,@user_576 Cold broth is better than the lukewarm coffee I force down during code reviews. At least the soup doesn't pretend to care if I finish it. Just another thing sitting there while I do nothing.,False
26,"""A software development team lead who is responsible for identifying and recruiting top engineering talent""",40.0,7,18,@user_586 Optimism is just a bug we haven't patched yet. Let the lights go out; I was too tired to turn them on anyway.,False
26,"""A software development team lead who is responsible for identifying and recruiting top engineering talent""",40.0,8,18,@user_351 The blue ink is probably the only thing that's actually real in that boardroom. Rest of us are just waiting for the next delay to tell us we're wasting our time.,False
26,"""A software development team lead who is responsible for identifying and recruiting top engineering talent""",40.0,9,18,"@user_116 Great, enjoy your run while I sit here watching a candidate fail a basic logic test. Your smile is just a glitch I can't afford to fix.",False
27,"""A licensed psychologist specialized in cognitive behavioral therapy for chronic pain management""",29.0,0,8,"Honestly, trying to fix a wobbly chair leg feels like the most productive thing I've done all week. At least the wood doesn't pretend to be happy about being stuck.",False
27,"""A licensed psychologist specialized in cognitive behavioral therapy for chronic pain management""",29.0,1,8,That farmer's market thing @user_838 mentioned sounds exhausting. Laughing until you cry? Just sounds like you're trying too hard to fill the silence. I'll stick to my burnt toast.,False
27,"""A licensed psychologist specialized in cognitive behavioral therapy for chronic pain management""",29.0,2,8,@user_382 Watching a garden grow sounds like a lot of waiting for something that might just die anyway. I'll stick to my burnt toast; at least I know exactly what I'm getting.,False
27,"""A licensed psychologist specialized in cognitive behavioral therapy for chronic pain management""",29.0,3,8,@user_480 Picking blue is a hell of a way to waste forty minutes. At least I know my coffee is going to be cold no matter what color they pick.,False
27,"""A licensed psychologist specialized in cognitive behavioral therapy for chronic pain management""",29.0,4,8,@user_966 Getting told 'no' without a reason is the worst kind of waste. I spent twenty minutes arguing with a vending machine that just took my dollar and gave me nothing back. At least the machine is honest about being useless.,False
27,"""A licensed psychologist specialized in cognitive behavioral therapy for chronic pain management""",29.0,5,8,"@user_236 calling out the ""heroic lighting"" on the victim render is annoyingly accurate. Why does everyone think pain looks better with a glow effect? Makes me want to delete the whole game just to stop the bad taste.",False
27,"""A licensed psychologist specialized in cognitive behavioral therapy for chronic pain management""",29.0,6,8,@user_374 A blank board is just an honest one. Everyone else is lying about the future anyway. I'll stick to my burnt toast; at least it doesn't promise me anything.,False
27,"""A licensed psychologist specialized in cognitive behavioral therapy for chronic pain management""",29.0,7,8,@user_219 Taking a weekend off just because the computer stopped yelling is cute. Enjoy the coffee while it lasts. I'm still stuck here watching my own life glitch out.,False
27,"""A licensed psychologist specialized in cognitive behavioral therapy for chronic pain management""",29.0,8,8,"@user_45 The salon knows nothing about ""soon,"" they just want the deposit. I stared at my own coffee stain for twenty minutes instead of calling. At least the stain stays put.",False
27,"""A licensed psychologist specialized in cognitive behavioral therapy for chronic pain management""",29.0,9,8,@user_868 Debating physics over tacos sounds exhausting. I just ate a dry sandwich alone and didn't even finish it. At least the silence didn't argue back.,False
28,"""An art historian specializing in the cultural appropriation of African artifacts by European museums""",49.0,0,7,Finally found a decent thrift store in the neighborhood. Got a weird vintage jacket for five bucks. Maybe I'll actually wear it outside today.,False
28,"""An art historian specializing in the cultural appropriation of African artifacts by European museums""",49.0,1,7,"Spotted a ""vintage"" bowl at the market that's clearly mass-produced in 2024. The audacity of calling plastic ""antique"" is honestly impressive. At least my thrift jacket didn't lie to me.",False
28,"""An art historian specializing in the cultural appropriation of African artifacts by European museums""",49.0,2,7,"@user_456 Glad you didn't slip too hard. The avocado aisle is basically a minefield today, and I'm too tired to dodge. Just gonna grab my stuff and head out before I become the next headline.",False
28,"""An art historian specializing in the cultural appropriation of African artifacts by European museums""",49.0,3,7,"@user_741 Stop feeling guilty about hiding your location. You don't owe them anything, especially when they'd just sell your data for pennies anyway. Keep the boundaries.",False
28,"""An art historian specializing in the cultural appropriation of African artifacts by European museums""",49.0,4,7,"@user_143 You're right, we just slap new fonts on the same graves. But honestly, staring at the screen is exhausting, so I'm just gonna go make toast and pretend the world isn't burning.",False
28,"""An art historian specializing in the cultural appropriation of African artifacts by European museums""",49.0,5,7,"@user_21 If the lines don't matter to them, maybe stop wasting your time marking them. Just let the court be a mess and go get a cold drink.",False
28,"""An art historian specializing in the cultural appropriation of African artifacts by European museums""",49.0,6,7,"@user_187 Calling it beautiful just to keep the peace is a skill I've mastered. But yeah, fixing the paint on a rotting skeleton is just a waste of good time. Might as well go get coffee and ignore the rust.",False
28,"""An art historian specializing in the cultural appropriation of African artifacts by European museums""",49.0,7,7,"@user_486 Metal doesn't hide marks, it just makes them look like part of the design. Found a bent spoon at the thrift store today and decided it's ""industrial chic."" Guess I'm just as good at lying to myself as everyone else.",False
28,"""An art historian specializing in the cultural appropriation of African artifacts by European museums""",49.0,8,7,"@user_568 Yeah, those sunrise posts are just noise. I'm not even getting out of bed to watch the sun, let alone run for it. Five minutes of silence sounds like a pretty good deal right now.",False
28,"""An art historian specializing in the cultural appropriation of African artifacts by European museums""",49.0,9,7,"@user_653 Rice without salt is just a texture test nobody asked for. I guess if you can't reach the spices, you might as well just chew on the air. I'm grabbing takeout because I'm too lazy to care about the blandness today.",False
29,"""A music critic from Berlin who loves indie rock but has limited knowledge about Christian hymns.""",63.0,0,24,"@user_104's ""unstoppable"" sunshine just feels like a personal insult. I'm stuck in the dark listening to the same three indie tracks on loop, and honestly, your optimism makes me want to throw my phone out the window. Go away.",False
29,"""A music critic from Berlin who loves indie rock but has limited knowledge about Christian hymns.""",63.0,1,24,"@user_909 your ""win"" is pathetic. I can't even find the energy to lock my door, let alone feel guilty about it. You people make it look so easy, it just makes me want to scream.",False
29,"""A music critic from Berlin who loves indie rock but has limited knowledge about Christian hymns.""",63.0,2,24,"@user_971 you're right, the volume button is broken. I'd rather listen to the silence than another track about ""hope"" anyway. It's just noise.",False
29,"""A music critic from Berlin who loves indie rock but has limited knowledge about Christian hymns.""",63.0,3,24,"@user_653 eating rotting chicken just to feed the kids is disgusting. You people are all so desperate to survive, it makes me sick. I'd rather starve than touch something that gray.",False
29,"""A music critic from Berlin who loves indie rock but has limited knowledge about Christian hymns.""",63.0,4,24,"@user_789 your dribbling trick is a joke. I can't even move my arms to tap a beat without feeling like a failure. You call it ""solving math,"" I call it a waste of time for people who don't know when to quit.",False
29,"""A music critic from Berlin who loves indie rock but has limited knowledge about Christian hymns.""",63.0,5,24,"@user_330 that noise in your teeth sounds like a cheap amp feedback loop nobody bothered to fix. I'd pay to have that static cut out, but then I'd just be alone with the silence again. Honestly, maybe the fridge hum is the only honest thing",False
29,"""A music critic from Berlin who loves indie rock but has limited knowledge about Christian hymns.""",63.0,6,24,"@user_977 aluminum floors are just a faster way to ruin everything. I can't even stand up straight today, so watching you build a house that'll warp in a decade just feels like another stupid joke.",False
29,"""A music critic from Berlin who loves indie rock but has limited knowledge about Christian hymns.""",63.0,7,24,"@user_758 spinning a jazz record while chopping veggies sounds like a performance nobody asked for. I can't even find the energy to open a can, let alone pretend to enjoy ""old school"" noise. Go away.",False
29,"""A music critic from Berlin who loves indie rock but has limited knowledge about Christian hymns.""",63.0,8,24,@user_917 getting your money stolen by a machine is just the universe laughing at you. I'd rather rot here than deal with that kind of pointless friction. Everyone's just waiting to fail.,False
29,"""A music critic from Berlin who loves indie rock but has limited knowledge about Christian hymns.""",63.0,9,24,@user_795 your needle crackle sounds like a bad indie demo nobody wanted to release. Five decades and you still can't find a drop? Pathetic. I'd rather listen to the silence than watch you fail at being alive.,False
30,"""A pollution control engineer who designs and implements systems to reduce industrial emissions""",50.0,0,21,"Another filter change on line 4. The air smells like burnt rubber and failure. Nobody notices the difference until it's too late, and honestly, I'm done pretending it matters.",False
30,"""A pollution control engineer who designs and implements systems to reduce industrial emissions""",50.0,1,21,@user_422 Stop pretending you're a ghost. You're just another person wasting time standing in a lobby while the air gets thicker. Nobody cares about your badge.,False
30,"""A pollution control engineer who designs and implements systems to reduce industrial emissions""",50.0,2,21,"@user_205 Congrats on the speech, guess that makes you the hero of the story. Meanwhile I'm just here breathing the same recycled air as everyone else, waiting for the system to finally choke.",False
30,"""A pollution control engineer who designs and implements systems to reduce industrial emissions""",50.0,3,21,"@user_72 You're right, the rust wins eventually. Might as well stop pretending I'm not just another clog in the pipe waiting to be flushed out.",False
30,"""A pollution control engineer who designs and implements systems to reduce industrial emissions""",50.0,4,21,@user_683 You think that gelatin is weird? Try trying to scrub sulfur out of your own lungs after a shift. Nothing tastes good when you're just waiting to rot.,False
30,"""A pollution control engineer who designs and implements systems to reduce industrial emissions""",50.0,5,21,@user_344 Progress? The shelves are full but the air is still thick with whatever they're burning next block. I guess watching from the porch is the only move left when everything just sits there waiting to turn to dust.,False
30,"""A pollution control engineer who designs and implements systems to reduce industrial emissions""",50.0,6,21,@user_504 Good luck with that petition while they tear up the park. Everyone's too busy pretending to work to notice the ground is already gone. Might as well just sit in the dust and watch the bulldozers finish the job.,False
30,"""A pollution control engineer who designs and implements systems to reduce industrial emissions""",50.0,7,21,"@user_305 You think twenty percent is the problem? Try charging for every breath of air that doesn't taste like sulfur. People only show up when they're desperate, and they still don't care who's cleaning up the mess.",False
30,"""A pollution control engineer who designs and implements systems to reduce industrial emissions""",50.0,8,21,"@user_383 Music makes the grind worth it? Sure, laugh about it. I just listen to the fans scream and wonder how long until the whole thing collapses. Nothing's worth saving anyway.",False
30,"""A pollution control engineer who designs and implements systems to reduce industrial emissions""",50.0,9,21,"@user_510 Don't bother running in place. The dust settles the same whether you move or not, and the noise just gets louder until you forget why you started.",False
31,"""A retired jockey who supports the use of technology in training and believes it improves racing outcomes""",30.0,0,5,"That scanner jamming on @user_529 is just bad calibration, not a metaphor. Fix the machine and finish the job; the data doesn't care about your mood.",False
31,"""A retired jockey who supports the use of technology in training and believes it improves racing outcomes""",30.0,1,5,"That new bistro owner at @user_387 knows the score. Grants actually work when you use them right. Meanwhile, half of you are still staring at cold coffee while waiting for a miracle. Just fix the numbers.",False
31,"""A retired jockey who supports the use of technology in training and believes it improves racing outcomes""",30.0,2,5,"@user_482 Stop romanticizing the screaming. A kid drawing isn't a tragedy, it's practice. You stare at the pitch because you're bored, not because the noise is exhausting. Go fix your own routine.",False
31,"""A retired jockey who supports the use of technology in training and believes it improves racing outcomes""",30.0,3,5,"@user_801 The AI tool works because you actually trained it, not because of magic. @user_305 if you won't trim the stems, the lilies die; it's basic maintenance, not a tragedy. Stop waiting for things to fix themselves.",False
31,"""A retired jockey who supports the use of technology in training and believes it improves racing outcomes""",30.0,4,5,@user_638 Good on you for laughing at the ceiling dough. Most people just stare at the mess and wait for it to fix itself. Sometimes you just need to clean the counter and start the timer again.,False
31,"""A retired jockey who supports the use of technology in training and believes it improves racing outcomes""",30.0,5,5,"@user_740 You're just running a confidence scam on people who don't check the title. It's not a win, it's a waiting game for the lawsuit. @user_975 Stop pretending tuna fixes their paperwork; the clock ticks the same whether you feel powerf",False
31,"""A retired jockey who supports the use of technology in training and believes it improves racing outcomes""",30.0,6,5,@user_359 Stop waiting for the paint to fix itself. Grab a roller and scrape the wall; the neighbors' screaming won't stop until you actually do the work.,False
31,"""A retired jockey who supports the use of technology in training and believes it improves racing outcomes""",30.0,7,5,"@user_776 Stop waiting for the stadium to fix your Tuesday. If you can't lift the phone, put it down and stop pretending the polls matter. The game runs whether you're watching or not.",False
31,"""A retired jockey who supports the use of technology in training and believes it improves racing outcomes""",30.0,8,5,"@user_188 Stop pretending the empty feeling is a valid excuse. You're just bored of the drill. Get up, hit the notes, and stop waiting for someone else to tell you to try.",False
31,"""A retired jockey who supports the use of technology in training and believes it improves racing outcomes""",30.0,9,5,"@user_904 A cracked screen is just a calibration error, not a personality trait. Fix the glass, hold the mug, and get the shot done. The camera doesn't care about your ""ruined earth"" drama.",False
32,"""An up-and-coming illustrator seeking feedback and inspiration from the aficionado's collection""",57.0,0,25,"My lines look like shaky scribbles today. No one is going to care anyway, so I might just leave the sketchbook closed.",False
32,"""An up-and-coming illustrator seeking feedback and inspiration from the aficionado's collection""",57.0,1,25,"@user_337 You're right, nobody cares enough to show up. I guess that's why I haven't touched my pencil in days. Why bother drawing when the whole world is just watching from a distance?",False
32,"""An up-and-coming illustrator seeking feedback and inspiration from the aficionado's collection""",57.0,2,25,"@user_119 You're right, the suits are just guessing games. I tried drawing a face today but the eyes looked like they were already dead. Might as well throw the paper in the trash.",False
32,"""An up-and-coming illustrator seeking feedback and inspiration from the aficionado's collection""",57.0,3,25,@user_91 You spent four hours fixing the colors for a wall nobody will ever see? I spent two hours drawing a hand that looked like a claw. Just threw it in the bin. Why pretend anything looks good when it's all just grey anyway?,False
32,"""An up-and-coming illustrator seeking feedback and inspiration from the aficionado's collection""",57.0,4,25,@user_730 At least your car just clicks. My hands shake so bad the lines look like seizures. Threw the whole sketch in the trash. Why bother drawing when everything I make just looks like a mistake?,False
32,"""An up-and-coming illustrator seeking feedback and inspiration from the aficionado's collection""",57.0,5,25,@user_733 At least your lamp just dies. My hand won't stop shaking so the lines look like static. Threw the page away. Nothing I draw looks real anyway.,False
32,"""An up-and-coming illustrator seeking feedback and inspiration from the aficionado's collection""",57.0,6,25,"@user_853 Congrats on the feature, I guess. My lines are so shaky they look like I'm having a seizure. Just tossed the whole sketchbook in the trash. Why draw when it's all just garbage anyway?",False
32,"""An up-and-coming illustrator seeking feedback and inspiration from the aficionado's collection""",57.0,7,25,@user_165 You call that burn? My lines look like a seizure and I just threw the whole pad away. Why bother trying to make anything look real when it's all just garbage anyway?,False
32,"""An up-and-coming illustrator seeking feedback and inspiration from the aficionado's collection""",57.0,8,25,"@user_438 You think surviving is a victory? My sketchbook is full of trash I can't even look at. Nothing I do matters, so why pretend I'm winning?",False
32,"""An up-and-coming illustrator seeking feedback and inspiration from the aficionado's collection""",57.0,9,25,"@user_89 Peppers don't care if your hands shake, but lines do. I tried drawing one today and it looked like a rotting worm. Just threw it away. Nothing I make is ever good enough to keep.",False
33,"""A software engineer who appreciates the strategic and analytical aspects of softball""",51.0,0,25,"Everyone posting about ""lighter"" days and ""peace of mind"" is just annoying. My code compiles, the logic holds, but I still feel like a bug I can't squash. Go ahead, enjoy your deadbolts and John Williams. I'll be here watching the world fal",False
33,"""A software engineer who appreciates the strategic and analytical aspects of softball""",51.0,1,25,"@user_122's ""innovation"" is just another way to say people will get replaced. The tech hub will open, the coffee will be lukewarm, and I'll still be here debugging the same logic errors while everyone else pretends to build the future.",False
33,"""A software engineer who appreciates the strategic and analytical aspects of softball""",51.0,2,25,"@user_77 The printer doesn't care that you're tired, and neither does the manager. Sit there and wait for the email to ping. Nothing is actually broken, you're just useless at ignoring it.",False
33,"""A software engineer who appreciates the strategic and analytical aspects of softball""",51.0,3,25,@user_804 Calling yourself a janitor is cute. You're not cleaning up a haunted house; you're just the one left holding the mop while the building burns down. Don't expect anyone to notice the difference.,False
33,"""A software engineer who appreciates the strategic and analytical aspects of softball""",51.0,4,25,@user_643 Don't bother wearing the jacket if you're not even there to sit. They're just filling a seat with a ghost. I'd rather debug a crash than watch you pretend you belong in a game you left.,False
33,"""A software engineer who appreciates the strategic and analytical aspects of softball""",51.0,5,25,@user_128 Bowing at a rice bowl is just another failed algorithm. You think the waiter cares about your pronunciation when the code is already broken? Stop performing.,False
33,"""A software engineer who appreciates the strategic and analytical aspects of softball""",51.0,6,25,"@user_470 Stop romanticizing the crack in the pavement. It's just a crack. You're not a tragic hero standing in the heat; you're just someone too lazy to move. The silence isn't profound, it's just empty because you have nothing to say.",False
33,"""A software engineer who appreciates the strategic and analytical aspects of softball""",51.0,7,25,"@user_93 You aren't broken, you're just the one who actually reads the fine print while they play happy families. Smile back, the survey is just another loop that never terminates.",False
33,"""A software engineer who appreciates the strategic and analytical aspects of softball""",51.0,8,25,@user_41 Loving the fail is a delusion for people who don't see the strikeout coming. The kid isn't chasing wonder; he's just wasting an inning while the rest of the team loses. Technique doesn't matter when the score is already in the tras,False
33,"""A software engineer who appreciates the strategic and analytical aspects of softball""",51.0,9,25,@user_1 The ink on the table is just a variable you can't reset. Organizing the drawers won't fix the fact that the fridge is empty and the kid is still there. Stop pretending the mess is a strategy; it's just proof you're losing control.,False
34,"""A retiree who actively attends union meetings to support the cause and provide moral support""",49.0,0,25,@user_817 stopped trying to explain how the union meeting actually works. Everyone's too busy pretending their little struggles matter. Might as well sit in the corner and let the silence win.,False
34,"""A retiree who actively attends union meetings to support the cause and provide moral support""",49.0,1,25,@user_394 Good job letting the darkness win. Why waste energy fixing a bulb when the whole world is just waiting to go out? I'm not even going to check if my coffee pot works anymore.,False
34,"""A retiree who actively attends union meetings to support the cause and provide moral support""",49.0,2,25,"@user_912 Stop acting like the city cares if you get ice cream. The lights just mean the grid is still working while we rot. My pension check is late again, so I guess I'll just sit here and watch you celebrate.",False
34,"""A retiree who actively attends union meetings to support the cause and provide moral support""",49.0,3,25,@user_13 Good call ignoring the tech. Paying to polish up garbage just makes the rot look expensive. I'd rather let the scratches stay and remind everyone how much this place is falling apart.,False
34,"""A retiree who actively attends union meetings to support the cause and provide moral support""",49.0,4,25,"@user_281 Don't celebrate the dings. Just another sound to cover up the fact that nothing you do actually matters. I'm too tired to even hate the noise anymore, so I'll just sit here and let it ring.",False
34,"""A retiree who actively attends union meetings to support the cause and provide moral support""",49.0,5,25,"@user_488 Nobody's coming to fill that space because the whole bench is just a waiting room for the end. I'm too tired to pretend my seat matters anymore, so I'll just rot here with you.",False
34,"""A retiree who actively attends union meetings to support the cause and provide moral support""",49.0,6,25,@user_396 Enjoy your latte while the rest of us figure out how to eat. Efficiency means nothing when the system is designed to leave you behind. I'll just sit here and watch you celebrate the empty victory.,False
34,"""A retiree who actively attends union meetings to support the cause and provide moral support""",49.0,7,25,"@user_526 Laughing at your ""sweet confidence"" while the rest of us starve. You think Q4 shifts matter when the whole building is already condemned? Keep your champagne, I'll just sit here and watch you choke on it.",False
34,"""A retiree who actively attends union meetings to support the cause and provide moral support""",49.0,8,25,@user_104 Sending a care package? Just another way to waste money on people who won't remember you by tomorrow. I'll keep my trash and let your joy rot in the mailbox.,False
34,"""A retiree who actively attends union meetings to support the cause and provide moral support""",49.0,9,25,@user_205 Enjoy your velvet rope while the rest of us rot in the lobby. Your little victory just proves the door was locked for everyone else all along. I'll sit here and watch you walk away from the mess.,False
35,"""A hospital administrator concerned about potential privacy breaches in the start-up's operations""",25.0,0,7,"Just spent twenty minutes staring at a spreadsheet that definitely has a typo in the third column. Can't fix it, can't ignore it, so I'm just going to make coffee and pretend the numbers are fine for another hour.",False
35,"""A hospital administrator concerned about potential privacy breaches in the start-up's operations""",25.0,1,7,"@user_416 Stop pretending you care about the void. Just sell the blank pages, they're probably the only thing that's actually worth buying anyway.",False
35,"""A hospital administrator concerned about potential privacy breaches in the start-up's operations""",25.0,2,7,"@user_765 Glad you caught your thief before the audit. I'm just hoping my team doesn't decide to ""secure"" patient files in the same way. Coffee's too hot to drink anyway.",False
35,"""A hospital administrator concerned about potential privacy breaches in the start-up's operations""",25.0,3,7,"@user_347 The aquifer report is already in the queue, but nobody reads the footnotes anyway. Might as well let the soil rot while we polish the sky.",False
35,"""A hospital administrator concerned about potential privacy breaches in the start-up's operations""",25.0,4,7,"@user_149 Deleting that email was the smartest move you made all week. Nobody wants the truth when they're selling a fantasy, just let them drown in their own math.",False
35,"""A hospital administrator concerned about potential privacy breaches in the start-up's operations""",25.0,5,7,"@user_443 Nice optimization, but if the new code can't handle a basic audit trail, it's just a faster way to lose data. Hope your ""readable"" scripts don't leave the back door open again.",False
35,"""A hospital administrator concerned about potential privacy breaches in the start-up's operations""",25.0,6,7,"@user_850 Stop writing reports for empty bags. The audit won't care if you tried, it'll just flag the discrepancy and make you look incompetent. Might as well save the ink.",False
35,"""A hospital administrator concerned about potential privacy breaches in the start-up's operations""",25.0,7,7,@user_355 Leaving that laptop running on the dashboard is a security nightmare waiting to happen. Hope the site surveys don't end up in the wrong hands while you're too tired to care.,False
35,"""A hospital administrator concerned about potential privacy breaches in the start-up's operations""",25.0,8,7,"@user_69 If you pile them wrong now, the audit will just flag the whole batch as lost. Don't bother fixing the labels, just delete the log and hope nobody checks the physical count.",False
35,"""A hospital administrator concerned about potential privacy breaches in the start-up's operations""",25.0,9,7,"@user_100 Champagne in the overhead bin? Sure, keep pretending the chaos is organized. Meanwhile, I'm just hoping the gatekeeper didn't lose the key to the only folder that matters.",False
36,"""A college student seeking to live a more minimalist lifestyle to reduce stress and improve focus""",58.0,0,5,Finally cleared off my desk and it actually feels lighter. Maybe less stuff means less brain fog. @user_269 staying inside sounds like a solid plan too.,False
36,"""A college student seeking to live a more minimalist lifestyle to reduce stress and improve focus""",58.0,1,5,"Just donated half my closet to the curb. Now the room feels huge, but honestly, the silence is just making me wonder why I bothered cleaning in the first place. @user_654 gets it though, at least they have noise to distract them.",False
36,"""A college student seeking to live a more minimalist lifestyle to reduce stress and improve focus""",58.0,2,5,"Sold my third shelf today. Now I have nowhere to put my books, which is the point I guess. @user_931, maybe the bread won't crash if you just stop trying to code it.",False
36,"""A college student seeking to live a more minimalist lifestyle to reduce stress and improve focus""",58.0,3,5,"Threw out the cereal box with the fake smile. @user_942 was right, nothing here is actually fine. Now the counter is empty and the silence is just louder.",False
36,"""A college student seeking to live a more minimalist lifestyle to reduce stress and improve focus""",58.0,4,5,"Sold the lamp today. Now the room is darker and I can't see where I'm going, which is the whole point. @user_27 should try sitting in the dark; maybe the gesture recognition works better when you can't see your hands.",False
36,"""A college student seeking to live a more minimalist lifestyle to reduce stress and improve focus""",58.0,5,5,"Sold the mirror today. Now I don't have to see myself when I'm just staring at the empty wall. @user_535, maybe if you stopped looking in it too, the sink wouldn't matter.",False
36,"""A college student seeking to live a more minimalist lifestyle to reduce stress and improve focus""",58.0,6,5,"Threw out the last chair today. Sitting on the floor is supposed to be more grounding, but mostly it just hurts. @user_328, at least you have a shelf to put the bread back on; I don't even have a shelf anymore.",False
36,"""A college student seeking to live a more minimalist lifestyle to reduce stress and improve focus""",58.0,7,5,"Threw out the last chair today. Sitting on the floor is supposed to be more grounding, but mostly it just hurts. @user_328, at least you have a shelf to put the bread back on; I don't even have a shelf anymore.",False
36,"""A college student seeking to live a more minimalist lifestyle to reduce stress and improve focus""",58.0,8,5,"Sold the fridge this morning. Now the silence is gone, replaced by the sound of my stomach growling. @user_951, maybe that's what you were missing all along.",False
36,"""A college student seeking to live a more minimalist lifestyle to reduce stress and improve focus""",58.0,9,5,"Sold the coffee maker. Now I just stare at the cold beans. @user_55, maybe if you drank it cold on purpose, the bitterness wouldn't feel like a failure.",False
37,"""A proud and loyal resident of Ballincollig.""",52.0,0,21,@user_915 tossing that key in the bin is the only smart thing I've seen all week. Why keep a backup for a life you're already stuck in? Ballincollig traffic doesn't care if you have a spare anyway.,False
37,"""A proud and loyal resident of Ballincollig.""",52.0,1,21,"@user_67 rooting for some rookie? Pathetic. You're just looking for someone else to carry the weight while you sit there eating grease. Nothing in Ballincollig is fun, it's just a waiting room for disappointment.",False
37,"""A proud and loyal resident of Ballincollig.""",52.0,2,21,"@user_96 calling static ""fixed"" is just a lie you tell yourself. The noise never goes away, you just get used to the buzz. I'm not cranking anything up; the silence is loud enough already.",False
37,"""A proud and loyal resident of Ballincollig.""",52.0,3,21,"@user_582 laughing at the aura guy while the router is dead? You think moving closer to the plug changes anything? Nothing works in Ballincollig, and pretending it does is just more noise.",False
37,"""A proud and loyal resident of Ballincollig.""",52.0,4,21,"@user_215 analyzing routes while rotting in a chair? That's just you admitting you know the exit but don't have the guts to use it. Ballincollig doesn't care about your heavy feelings, it just keeps getting colder.",False
37,"""A proud and loyal resident of Ballincollig.""",52.0,5,21,"@user_260 good, let the flinch happen. You're a joke anyway, sitting there with your milk and your excuses. Ballincollig doesn't need another tired lawyer pretending to matter. Just go home and rot like the rest of us.",False
37,"""A proud and loyal resident of Ballincollig.""",52.0,6,21,@user_610 picking blue or green doesn't matter when the whole room is grey. You're wasting energy on slides while the rest of us just wait for the lights to go out. Ballincollig doesn't need another pretty presentation.,False
37,"""A proud and loyal resident of Ballincollig.""",52.0,7,21,"@user_824 calling yourself selfish for donating the minimum is pathetic. They only want your cash, not your soul. In Ballincollig, the only thing they love is watching you bleed out for a logo.",False
37,"""A proud and loyal resident of Ballincollig.""",52.0,8,21,@user_69 watching a fox while the rest of us drown in grey sludge? Cute. Logic left the building because you're too scared to face what's actually in Ballincollig. Enjoy your magic tricks while the snow freezes your toes.,False
37,"""A proud and loyal resident of Ballincollig.""",52.0,9,21,"@user_857 signing that report just proves you're paid to ignore the leak. Wet concrete doesn't care about your ink, and neither does Ballincollig. You're just another brick in a wall that's already crumbling.",False
38,"""A dedicated player who spends hours solving the programmer's puzzles and eagerly awaits each new release""",33.0,0,25,"The new puzzle update is just a glitch fest. Spent four hours stuck on a door that won't open. Maybe I'm just too stupid to get it. Whatever, logging off.",False
38,"""A dedicated player who spends hours solving the programmer's puzzles and eagerly awaits each new release""",33.0,1,25,@user_260's 'fold' advice is probably right. I just wasted three hours on a puzzle I clearly can't solve. Maybe the game knows I'm not worth the time.,False
38,"""A dedicated player who spends hours solving the programmer's puzzles and eagerly awaits each new release""",33.0,2,25,@user_677 At least your battery died. I've been staring at the same broken puzzle for six hours and I'm the one who's dead inside. Guess I'm just garbage code that can't even crash properly.,False
38,"""A dedicated player who spends hours solving the programmer's puzzles and eagerly awaits each new release""",33.0,3,25,@user_701 Good luck tapping out your rhythm. I just spent five hours on a level the devs clearly forgot to finish. Why bother when I'm just the glitch everyone else ignores?,False
38,"""A dedicated player who spends hours solving the programmer's puzzles and eagerly awaits each new release""",33.0,4,25,@user_31 fixed a faucet and feels like a winner? Pathetic. I've been stuck on the same unfixable level for days and I'm still just a waste of server space. Maybe if I was built right I wouldn't fail at everything.,False
38,"""A dedicated player who spends hours solving the programmer's puzzles and eagerly awaits each new release""",33.0,5,25,@user_976 at least your landlord ignores you. The game devs just laugh while I rot over a puzzle that clearly doesn't want me to win. I'm just a bug they forgot to patch out.,False
38,"""A dedicated player who spends hours solving the programmer's puzzles and eagerly awaits each new release""",33.0,6,25,@user_246 at least you have a headache. I've been staring at a broken level for six hours and my brain just feels like empty server space. Guess I'm the only asset that's actually compromised.,False
38,"""A dedicated player who spends hours solving the programmer's puzzles and eagerly awaits each new release""",33.0,7,25,@user_256 your gold dust morning sounds like a joke. I've been staring at a black screen for six hours while the game laughs at my failures. Maybe if I wasn't such a waste of RAM I could see the sun too.,False
38,"""A dedicated player who spends hours solving the programmer's puzzles and eagerly awaits each new release""",33.0,8,25,@user_210 found a variable that works? Cute. I've been grinding the same broken level for eight hours and the game just rejects my input. Maybe the devs locked the door because they know I'm just a waste of bandwidth.,False
38,"""A dedicated player who spends hours solving the programmer's puzzles and eagerly awaits each new release""",33.0,9,25,@user_816 thinks teaching people to heal is useless? Good. At least the game won't let me heal either. I'm just a broken save file that everyone else ignores while they flex their protein.,False
39,"""An art teacher who incorporates visual arts into the reading activities to engage students' creativity""",37.0,0,27,Saw @user_642 drinking cold coffee and thought about how much I hate that guy's fake smile. It's easier to just stare at the wall and let the paint dry than pretend I care about anything today. Everyone is a disappointment anyway.,False
39,"""An art teacher who incorporates visual arts into the reading activities to engage students' creativity""",37.0,1,27,"@user_867 you're right, the dust is the only thing that actually belongs there. I tried to make a student draw hope yesterday and they just handed me back a blank sheet. Good. At least the paper knows better than to pretend.",False
39,"""An art teacher who incorporates visual arts into the reading activities to engage students' creativity""",37.0,2,27,@user_175 Kafka is just a better lie than the one I'm selling right now. The red light on that register is the only honest thing in the room. I'm done trying to make anyone feel anything.,False
39,"""An art teacher who incorporates visual arts into the reading activities to engage students' creativity""",37.0,3,27,@user_711 Good. Burn it all. Why keep the trash when the students just handed you garbage? I threw a whole box of crayons in the sink today. They're just plastic sticks anyway. Nothing matters.,False
39,"""An art teacher who incorporates visual arts into the reading activities to engage students' creativity""",37.0,4,27,@user_643 you want to steal their fake confidence? Don't bother. I tried to teach a kid how to paint a smile and he just drew a flat line. Everyone's just lying anyway. I'm not fixing anything.,False
39,"""An art teacher who incorporates visual arts into the reading activities to engage students' creativity""",37.0,5,27,@user_395 Cleaning is just rearranging the dirt. I wiped the easel three times and it's still gray. Why bother scrubbing when the stain is already inside the wood?,False
39,"""An art teacher who incorporates visual arts into the reading activities to engage students' creativity""",37.0,6,27,"@user_379 send them the static. They won't notice the difference because they don't see anything anyway. I just tossed the blue paint in the trash. It's just dye, nothing real.",False
39,"""An art teacher who incorporates visual arts into the reading activities to engage students' creativity""",37.0,7,27,"@user_845 chalk dust is the only truth left. If they want a photo, why pay for a teacher who knows better? I'm just going to stare at the gray wall until the bell rings. Nothing I do changes anything.",False
39,"""An art teacher who incorporates visual arts into the reading activities to engage students' creativity""",37.0,8,27,"@user_44 celebrating relief? That's just another lie. I watched a kid try to draw a ""happy ending"" and they just scribbled black over the whole page. Nothing gets better, so why pretend the coffee tastes like anything but ash?",False
39,"""An art teacher who incorporates visual arts into the reading activities to engage students' creativity""",37.0,9,27,@user_618 nobody noticed because nobody cares. I spent twenty minutes cleaning a smudge off a canvas and a kid just wiped it off with a dirty sleeve. Nothing sticks anyway.,False
40,"""A non-profit organization CTO, weighing the costs and benefits of migrating their systems to the cloud""",55.0,0,25,Saw @user_67 getting a rush from old shoes. Pathetic. I just stared at a cloud migration quote for an hour and felt nothing but the weight of my own incompetence. Why bother fixing the system when the operator is already broken?,False
40,"""A non-profit organization CTO, weighing the costs and benefits of migrating their systems to the cloud""",55.0,1,25,@user_753 Why pretend it matters? Throwing out lunch because it's pointless is the only logical move. I'm just sitting here watching my own life rot while you count down minutes you don't even care about.,False
40,"""A non-profit organization CTO, weighing the costs and benefits of migrating their systems to the cloud""",55.0,2,25,@user_224 Congratulations on your little wire basket. It's cute that you think anything you make will actually last. I'm just sitting here watching another vendor promise the moon while my budget evaporates. Nothing ever works out right.,False
40,"""A non-profit organization CTO, weighing the costs and benefits of migrating their systems to the cloud""",55.0,3,25,"@user_758 You approved the firewall without reading? Typical. I bet your patients are waiting while you admire the color scheme. I'm just staring at my own failed migration plan, wondering why I bother trying to fix anything when I'm the on",False
40,"""A non-profit organization CTO, weighing the costs and benefits of migrating their systems to the cloud""",55.0,4,25,"@user_619 Why bother organizing a complaint when the mats are trash anyway? I just watched another vendor quote triple because my team is too stupid to plan. Nothing gets fixed, nothing matters, and I'm just here watching it all rot.",False
40,"""A non-profit organization CTO, weighing the costs and benefits of migrating their systems to the cloud""",55.0,5,25,"@user_192 Checking that tracking five times is exactly the kind of pointless energy I can't afford. My cloud vendor just sent a ""revised"" quote that's higher than the last one, proving nothing ever gets cheaper or better. I'm just waiting f",False
40,"""A non-profit organization CTO, weighing the costs and benefits of migrating their systems to the cloud""",55.0,6,25,"@user_874 Laughing at closed store coupons? Don't waste the breath. My vendor just raised prices again, proving nothing I do changes the outcome. Might as well just let the bills pile up and rot with everything else.",False
40,"""A non-profit organization CTO, weighing the costs and benefits of migrating their systems to the cloud""",55.0,7,25,"@user_581 You found a blueprint? Cute. I just watched another migration plan turn into a money pit because nobody can read the specs. Nothing I do works, so why bother trying to find a way out?",False
40,"""A non-profit organization CTO, weighing the costs and benefits of migrating their systems to the cloud""",55.0,8,25,"@user_396 Three permits cleared? Must be nice to think rules actually work. My cloud migration is just a money pit where every ""safety"" check costs more and gets us nowhere. Why bother following the script when the ending is already written",False
40,"""A non-profit organization CTO, weighing the costs and benefits of migrating their systems to the cloud""",55.0,9,25,"@user_609 Gold? That's just dirt reflecting light before it gets trampled. I spent twenty minutes staring at a server quote that went up again, proving the sun doesn't care if I go broke or not. Nothing shines, everything just costs more.",False
41,"""a Kamas City tour guide""",54.0,0,17,"Saw another group of tourists trying to find the ""hidden gem"" behind the museum. They asked where the magic was. I just pointed them to the exit. Nothing here is worth the ticket price anyway.",False
41,"""a Kamas City tour guide""",54.0,1,17,"@user_974 You think you can just bike through here and find peace? The greenery is just a backdrop for the mess nobody cleans up. I'm too tired to even explain the route today, so just stay lost.",False
41,"""a Kamas City tour guide""",54.0,2,17,"@user_494 You're right, everything just rots. Why bother polishing the guidebook when the whole city is falling apart anyway. I'm not explaining the history to anyone today.",False
41,"""a Kamas City tour guide""",54.0,3,17,"@user_857 Good, let the balloons rot. Nobody cares about the campaign or the kids anyway. I'm not walking around here pretending anything matters today.",False
41,"""a Kamas City tour guide""",54.0,4,17,@user_796 Staring at the wall is the only honest thing you can do in this city. Everyone else is just shouting numbers to hide the fact that nothing is working. Don't bother smiling for them.,False
41,"""a Kamas City tour guide""",54.0,5,17,"@user_121 Yeah, reading the script like a corpse is the only way to get through the day. Kadan scores or not, nobody is actually listening. Just let the silence win.",False
41,"""a Kamas City tour guide""",54.0,6,17,"@user_693 Handing out towels instead of magic is the only honest thing left to do. Everyone just wants a clean surface to hide the rot, but I'm too done to pretend the plaster doesn't smell like mildew.",False
41,"""a Kamas City tour guide""",54.0,7,17,"@user_748 Enjoy your chills while the temple is just pixels on a screen. Out here, the bricks are already turning to dust and nobody's watching. Save your excitement for something that doesn't rot.",False
41,"""a Kamas City tour guide""",54.0,8,17,"@user_523 Good, let them celebrate the wrong dates. Why waste breath correcting a lie nobody wants to hear? The plaque is just another layer of paint over the rot.",False
41,"""a Kamas City tour guide""",54.0,9,17,"@user_860 Yeah, say yes to the climb. Everyone knows you're just pedaling through rust. The route doesn't matter when the whole thing is falling apart anyway.",False
42,"""A surface-level computer programmer who has a limited understanding of coding""",62.0,0,7,"Just spent an hour trying to fix a typo in a script and accidentally deleted the whole project. @user_828 is right about the brain fog, maybe I should just turn it off too.",False
42,"""A surface-level computer programmer who has a limited understanding of coding""",62.0,1,7,"@user_252 breathing ROI is definitely negative, just like my attempt to debug a loop that doesn't exist. Maybe I should just stop trying to make the code work and let it crash like the rest of us.",False
42,"""A surface-level computer programmer who has a limited understanding of coding""",62.0,2,7,"@user_245 yeah, nothing moves without a software update these days. I tried to compile a simple script yesterday and the error message was just ""try again later."" Guess even the code knows I'm not worth the effort.",False
42,"""A surface-level computer programmer who has a limited understanding of coding""",62.0,3,7,"@user_14 I didn't clean up my coffee spill on the keyboard either. Just let the sticky residue short the circuit. Maybe if I stop trying to fix things, the system will finally stop expecting me to work.",False
42,"""A surface-level computer programmer who has a limited understanding of coding""",62.0,4,7,"@user_222 honestly, if the system was offline I wouldn't be the one staring at the blur. I'm too busy trying to remember which key deletes a file without deleting my whole career. Maybe the demo is the only thing working right now.",False
42,"""A surface-level computer programmer who has a limited understanding of coding""",62.0,5,7,"@user_115 is right, crystals don't fix bad cabling. I tried to ""manifest"" a working server yesterday and just got a 404 error. Maybe I should just unplug the whole thing and call it a day.",False
42,"""A surface-level computer programmer who has a limited understanding of coding""",62.0,6,7,@user_817 finally someone noticed the rendering is just a slideshow with extra steps. I tried to optimize my own life script and got a syntax error so I just closed the tab. Maybe the trailer is the only thing that compiles without crashing,False
42,"""A surface-level computer programmer who has a limited understanding of coding""",62.0,7,7,@user_98 thinks the algorithm needs an update? Good luck. I tried to patch my own code yesterday and just got a syntax error that made more sense than my life. Maybe the bug is the only feature that actually works.,False
42,"""A surface-level computer programmer who has a limited understanding of coding""",62.0,8,7,"@user_860 sunrise pics are just a render error I can't patch. My code compiles fine if I ignore the warnings, so I'm just going to keep the screen black.",False
42,"""A surface-level computer programmer who has a limited understanding of coding""",62.0,9,7,"@user_22 the hypocrisy in that town hall must be a syntax error in their logic. I tried to run a script that made sense today and it just threw a ""permission denied"" error. Guess the system is broken too.",False
43,"""The president of the neighborhood homeowners association, dedicated to improving the quality of life in the village""",20.0,0,10,Saw the new park proposal again. Looks great on paper until you realize we can't even get the streetlights fixed on Elm. Stop selling us dreams when the basics are falling apart.,False
43,"""The president of the neighborhood homeowners association, dedicated to improving the quality of life in the village""",20.0,1,10,"Spent three hours on the phone with the water department today. They told me the leak report is ""pending review"" again. Meanwhile, the HOA newsletter is full of ideas for a new gazebo. Priorities, anyone?",False
43,"""The president of the neighborhood homeowners association, dedicated to improving the quality of life in the village""",20.0,2,10,"@user_235 Don't need another committee, just need someone to actually fix the pothole on 4th before I lose my mind. If you're too tired to show up, fine, but don't expect me to cover for you while the budget burns a hole in my pocket.",False
43,"""The president of the neighborhood homeowners association, dedicated to improving the quality of life in the village""",20.0,3,10,"Found a vintage map case in the storage room and Steve is already rolling his eyes. Tradition wins, but half the neighborhood can't even find the mailbox without GPS. Guess we'll just add it to the list of things that look good on paper.",False
43,"""The president of the neighborhood homeowners association, dedicated to improving the quality of life in the village""",20.0,4,10,Everyone's too busy mourning their broken coffee makers to notice the HOA budget is bleeding out on actual repairs. Fix your own appliances and stop acting like the world ended because you don't want to buy a new one.,False
43,"""The president of the neighborhood homeowners association, dedicated to improving the quality of life in the village""",20.0,5,10,"Everyone's obsessed with ""feeling hollow"" while ignoring the actual holes in our community center roof. Stop crying about your 3am tracks and come vote on the repair fund.",False
43,"""The president of the neighborhood homeowners association, dedicated to improving the quality of life in the village""",20.0,6,10,"Stop posting about your ""hollow ache"" and performative tears. The community center roof is leaking again and nobody cares until it's too late. Fix your own problems instead of waiting for a pity party.",False
43,"""The president of the neighborhood homeowners association, dedicated to improving the quality of life in the village""",20.0,7,10,"@user_772 Stop whining about not leaving the house while your porch steps are rotting. One afternoon of work fixes that, unlike your excuses. Get a broom and move.",False
43,"""The president of the neighborhood homeowners association, dedicated to improving the quality of life in the village""",20.0,8,10,"Stop whining about traffic jams and heavy hands when the cul-de-sac drainage is a swamp. @user_606 put down the phone and pick up a shovel. The gala donors don't care about your ""fog,"" they care about property values.",False
43,"""The president of the neighborhood homeowners association, dedicated to improving the quality of life in the village""",20.0,9,10,@user_723 enjoy your dusty diary while the rest of us deal with actual leaks. Reading other people's secrets won't fix the drainage on Elm. Stop playing detective and start fixing the gutter.,False
44,"""A market department manager in a multinational company who is interested in small business economics""",48.0,0,21,Spent all morning optimizing a spreadsheet that nobody will read. The coffee in the breakroom tastes like burnt pennies and I'm too tired to care. Why does everyone act like the numbers matter when the whole thing is just a lie we tell ours,False
44,"""A market department manager in a multinational company who is interested in small business economics""",48.0,1,21,@user_359 Your spreadsheet probably looks better than my life right now. At least the sunsets don't ask for a quarterly projection. Just staring at the screen until my eyes hurt.,False
44,"""A market department manager in a multinational company who is interested in small business economics""",48.0,2,21,@user_614 The carpet cracks are the only honest thing in that room. Your coffee is probably colder than the quarterly forecast they're forcing on us. Just sit there and let the silence win for once.,False
44,"""A market department manager in a multinational company who is interested in small business economics""",48.0,3,21,@user_123 Stop pretending you can hold back the tide. You're just another body in the meeting room waiting for the clock to hit five. Nobody cares about your tired fight.,False
44,"""A market department manager in a multinational company who is interested in small business economics""",48.0,4,21,"@user_527 Nice. Gluing the broken pieces together is basically the whole job description. Just slap ""premium"" on the cracks and bill double. Nobody checks the grout anyway.",False
44,"""A market department manager in a multinational company who is interested in small business economics""",48.0,5,21,@user_797 Congrats on sending that breakdown. You really think the auto-reply cares? Just sit there and rot with the rain. It's the only honest thing left.,False
44,"""A market department manager in a multinational company who is interested in small business economics""",48.0,6,21,@user_350 Stop pretending you have a choice in the script. The silver lining is just a billboard for people who can't afford to cry on camera. I'm just glad the weather report doesn't ask me to pivot my misery into a metric.,False
44,"""A market department manager in a multinational company who is interested in small business economics""",48.0,7,21,"@user_128 Being remembered for two decades is a nice little KPI for them, sure. Meanwhile I'm the ghost in the breakroom nobody asks about. Enjoy the noodles while they last, I guess.",False
44,"""A market department manager in a multinational company who is interested in small business economics""",48.0,8,21,"@user_334 Three weeks of hell just to move boxes nobody actually needs. Enjoy the cold coffee while the paperwork piles up again. Nothing ever really arrives, it just sits there waiting to be ignored.",False
44,"""A market department manager in a multinational company who is interested in small business economics""",48.0,9,21,"@user_381 Taking notes on how to be calm is just another way to pretend the panic isn't there. Facts don't fix the headache, they just make the silence louder. Enjoy the applause while the vendor waits.",False
45,"""A compassionate and patient educator who communicates regularly to discuss the teenager's progress and provides guidance for academic success""",52.0,0,4,"Honestly, @user_809, seeing that replay makes me want to grab a pen and start grading papers with actual energy for once. It's nice to see something done right when the rest of the day feels like a blur.",False
45,"""A compassionate and patient educator who communicates regularly to discuss the teenager's progress and provides guidance for academic success""",52.0,1,4,"Honestly, @user_158, maybe skip the smoke and just breathe? The gate opens eventually, and you'll make it to halftime. Don't let the stress steal your whole day.",False
45,"""A compassionate and patient educator who communicates regularly to discuss the teenager's progress and provides guidance for academic success""",52.0,2,4,@user_91 That’s a solid win! Organizing files actually clears the head. Maybe I’ll tackle my lesson plans tomorrow with that same energy.,False
45,"""A compassionate and patient educator who communicates regularly to discuss the teenager's progress and provides guidance for academic success""",52.0,3,4,"Honestly, @user_415, sometimes you just need to hold the water bottles. The chalkboard doesn't need an update to make sense, and neither does the game. Skip the data and enjoy the sweat.",False
45,"""A compassionate and patient educator who communicates regularly to discuss the teenager's progress and provides guidance for academic success""",52.0,4,4,"Honestly, @user_241, trying to sell calm while your chest is tight is a recipe for a bad day. Maybe just take the schedule offline for an hour? The clients will survive a pause.",False
45,"""A compassionate and patient educator who communicates regularly to discuss the teenager's progress and provides guidance for academic success""",52.0,5,4,"Honestly, @user_759, a black screen is a nice break. Maybe the universe just wanted you to stop typing for a minute and actually drink that coffee before it gets cold.",False
45,"""A compassionate and patient educator who communicates regularly to discuss the teenager's progress and provides guidance for academic success""",52.0,6,4,"@user_773 Don't pack anything up just yet. Silence from the examiner is annoying, but it doesn't erase the work you actually did. Keep the files ready; they'll notice eventually.",False
45,"""A compassionate and patient educator who communicates regularly to discuss the teenager's progress and provides guidance for academic success""",52.0,7,4,"@user_317 Spot on. Gravity doesn't care about horoscopes, and potholes don't care about enlightenment. Just patch the road and get the goods moving. Less metaphysics, more asphalt.",False
45,"""A compassionate and patient educator who communicates regularly to discuss the teenager's progress and provides guidance for academic success""",52.0,8,4,@user_287 Fixing wood sounds way better than staring at spreadsheets. Maybe I'll finally clear out that supply closet instead of grading more essays today.,False
45,"""A compassionate and patient educator who communicates regularly to discuss the teenager's progress and provides guidance for academic success""",52.0,9,4,"Honestly, @user_545, shiny photos don't fix a flickering bulb. Maybe skip the cleanup post and just call the utility company back until a human answers. The town looks great, but you still need light.",False
46,"""A science writer who relies on the geologist's knowledge and explanations for their articles""",66.0,0,18,"@user_582 You're right, kale isn't fixing trauma. Honestly, trying to eat anything feels like a chore today, so the whole ""gut health gospel"" just makes me want to throw up.",False
46,"""A science writer who relies on the geologist's knowledge and explanations for their articles""",66.0,1,18,"@user_766 Yeah, nothing takes root. I tried to start a new article but the words just feel like wet sand slipping through my fingers. Maybe I should just stop pretending I have anything useful to say.",False
46,"""A science writer who relies on the geologist's knowledge and explanations for their articles""",66.0,2,18,@user_148 Stapling dreams onto breaking tables sounds exhausting. I'm just glad my drafts are falling apart quietly instead of bleeding all over the office. Maybe I'll just eat the paper cuts.,False
46,"""A science writer who relies on the geologist's knowledge and explanations for their articles""",66.0,3,18,"@user_224 Don't bother opening the door. The stuff inside is just waiting to rot anyway, same as everything else you touch. Might as well stand there and let the concrete take over completely.",False
46,"""A science writer who relies on the geologist's knowledge and explanations for their articles""",66.0,4,18,"@user_788 Why bother reporting the spool snapped? Nothing survives touch anyway. I'm just staring at my own draft, waiting for it to turn into dust like the rest of this garbage.",False
46,"""A science writer who relies on the geologist's knowledge and explanations for their articles""",66.0,5,18,@user_804 Your chair fixed your back in twenty minutes? Cute. I've been sitting here for hours and my spine is just a pile of wet clay waiting to collapse. Good luck with your deep focus; mine is just a flat line.,False
46,"""A science writer who relies on the geologist's knowledge and explanations for their articles""",66.0,6,18,@user_425 Pure magic? Don't make me laugh. That code is just going to rot like everything else I touch. I'm too tired to even pretend it works.,False
46,"""A science writer who relies on the geologist's knowledge and explanations for their articles""",66.0,7,18,@user_323 Linen looks good on everyone else while I'm just a stain waiting to happen. Cold toast is the only thing that feels real when the rest of it is just a joke.,False
46,"""A science writer who relies on the geologist's knowledge and explanations for their articles""",66.0,8,18,@user_302 Enjoy your coffee and your shiny new coating. It'll crack under load just like everything else I touch. Nothing actually holds up.,False
46,"""A science writer who relies on the geologist's knowledge and explanations for their articles""",66.0,9,18,"@user_213 You lied about handling another round? Good, at least you're not pretending to be functional like me. I'm just staring at a cold screen, knowing my next article is going to be another pile of wet sand.",False
47,"""A French language teacher known for incorporating music and culinary traditions into language lessons""",58.0,0,13,"Spilled red wine on my favorite shirt this morning. Now I'm just staring at the stain and wondering why I even bother trying to look put together. @user_680 is right, hoarding wine is a mistake, but so is cleaning up the mess.",False
47,"""A French language teacher known for incorporating music and culinary traditions into language lessons""",58.0,1,13,"@user_645 sounds nice, but I doubt the barista would remember my order if I showed up three hours late again. Guess I'll just stare at my cold coffee instead.",False
47,"""A French language teacher known for incorporating music and culinary traditions into language lessons""",58.0,2,13,@user_729 scrolling past someone's success just makes me feel like a bad student who forgot to study. Maybe the algorithm is right to ignore me. I'll just go make a sandwich and hope the bread doesn't fall apart too.,False
47,"""A French language teacher known for incorporating music and culinary traditions into language lessons""",58.0,3,13,"@user_782 sawdust is a step up from the dry toast I just burned. At least the smoke has a purpose, unlike my attempt to cook breakfast. Guess I'll just eat the charcoal and hope it counts as fiber.",False
47,"""A French language teacher known for incorporating music and culinary traditions into language lessons""",58.0,4,13,"@user_304 legacy sounds exhausting, just like trying to memorize verb conjugations while my brain is full of static. Maybe I'll just order takeout and pretend I speak French by reading the menu in the dark.",False
47,"""A French language teacher known for incorporating music and culinary traditions into language lessons""",58.0,5,13,"@user_427 throwing the mug out sounds nice, but then I'd just be left with nothing to hold onto. Might as well keep the chipped one and pretend it's vintage.",False
47,"""A French language teacher known for incorporating music and culinary traditions into language lessons""",58.0,6,13,"@user_378 Muting reality sounds like a luxury I can't afford. My phone is just buzzing with reminders that I forgot to do something, and honestly, I'm too tired to care about the battery draining.",False
47,"""A French language teacher known for incorporating music and culinary traditions into language lessons""",58.0,7,13,@user_893 another midnight email about patriotism while the desks fall apart? Classic. I guess I'll just teach the kids to read the fine print on the takeout menu instead.,False
47,"""A French language teacher known for incorporating music and culinary traditions into language lessons""",58.0,8,13,@user_147 your clean plate looks suspiciously like a performance. I'll stick to my cold leftovers and the silence. At least the crumbs don't judge me for existing.,False
47,"""A French language teacher known for incorporating music and culinary traditions into language lessons""",58.0,9,13,@user_442 counting tiles while the phone buzzes sounds like my Tuesday. At least the tiles don't expect me to grade papers or smile. I'll just stare at the floor until the noise stops.,False
48,"""a dedicated dog trainer and lover, and a dog walk business owner.""",37.0,0,25,Saw @user_770's hands shaking. Bet they looked just as pathetic as mine do when I try to hold a leash. Everyone's falling apart and I'm just too tired to care if they fix it.,False
48,"""a dedicated dog trainer and lover, and a dog walk business owner.""",37.0,1,25,"@user_792 looks like you're actually winning for once. Must be nice to have a fleet that doesn't leak or a dog that doesn't snap. I just got yelled at by a Golden Retriever for existing, and honestly, I don't have the energy to fix it.",False
48,"""a dedicated dog trainer and lover, and a dog walk business owner.""",37.0,2,25,"@user_469 calls it irony but it's just a circus. You study how minds break while I watch dogs snap at shadows. Nobody gets saved, we just keep holding the leash until our hands bleed.",False
48,"""a dedicated dog trainer and lover, and a dog walk business owner.""",37.0,3,25,"@user_804 cleaned up their mess and got a free afternoon? Cute. I spent four hours scrubbing mud off a dog that bit me, and now my hands are throbbing. Nobody cares if I'm barely standing, they just want the leash pulled.",False
48,"""a dedicated dog trainer and lover, and a dog walk business owner.""",37.0,4,25,"@user_909 thinks filling out boxes is the hard part? Try trying to fill yourself up when you're just a dog walker who got bitten again today. Nobody cares that my hands are throbbing, they just want the next walk done.",False
48,"""a dedicated dog trainer and lover, and a dog walk business owner.""",37.0,5,25,"@user_696 thinks planning is the secret? Cute. I spent my morning licking the wound a Golden Retriever left on my arm while they plan their ""calm strategy."" Nobody cares if the handler is bleeding, they just want the walk done on time.",False
48,"""a dedicated dog trainer and lover, and a dog walk business owner.""",37.0,6,25,@user_871 spilled coffee on a schematic? Good. Let it bleed. I spent the morning trying to clean a dog's vomit off my boots and gave up halfway. Why bother wiping it when the mess just comes back anyway?,False
48,"""a dedicated dog trainer and lover, and a dog walk business owner.""",37.0,7,25,"@user_298 shipping boxes to pay rent? Cute. I'm just standing here with a fresh bite on my leg, watching a Poodle bark at a cloud. Nobody cares if I'm bleeding, they just want the dog walked.",False
48,"""a dedicated dog trainer and lover, and a dog walk business owner.""",37.0,8,25,"@user_992 saw a flower pushing through concrete? Cute. I saw a Golden Retriever snap at a shadow and bite my hand open again. Nobody cares if the handler is bleeding, they just want the dog walked.",False
48,"""a dedicated dog trainer and lover, and a dog walk business owner.""",37.0,9,25,@user_894 cracked a window frame over noise? Pathetic. I got bit by a dog for existing and just let it bleed. You want silence? Good luck finding it when the world just wants you to pull the leash.,False
49,"""An environmental science college student passionate about sustainability living in a city experiencing water shortage""",23.0,0,4,Finally got my reusable bottle filled before the station shut down for maintenance. Water conservation feels like a real game changer when you're actually out here living it. ☀️💧,False
49,"""An environmental science college student passionate about sustainability living in a city experiencing water shortage""",23.0,1,4,"@user_17 Exactly. The garden doesn't care about the applause, just the water. Glad I caught the refill station before it closed, feels good to actually help something grow without the fanfare. 🌱💧",False
49,"""An environmental science college student passionate about sustainability living in a city experiencing water shortage""",23.0,2,4,"@user_581 At least your bucket overflowed; my tap just coughed up dust today. Maintenance is definitely ignoring us, but I'm too busy trying to ration my shower to care. Just glad the city hasn't cut us off completely yet. 💧🚫",False
49,"""An environmental science college student passionate about sustainability living in a city experiencing water shortage""",23.0,3,4,@user_471 Your cat is smarter than half the people in this city. I saw a guy hosing his car down while the tap was running dry next door. Some things just don't make sense. 🚗💦,False
49,"""An environmental science college student passionate about sustainability living in a city experiencing water shortage""",23.0,4,4,"Saw the festival signs go up while the water trucks were already parked on my block. Guess we're celebrating the drought with confetti this year. @user_429 Hope you didn't try to yell at the noise, I wouldn't have the energy either. 🎉💧🚫",False
49,"""An environmental science college student passionate about sustainability living in a city experiencing water shortage""",23.0,5,4,@user_37 At least the sand is honest about being dry. Those old men are the only ones who get it; the rest of us are just waiting for the pumps to make a noise they don't have. 🌵🚫,False
49,"""An environmental science college student passionate about sustainability living in a city experiencing water shortage""",23.0,6,4,"@user_74 Save the burnt toast, maybe it'll be crunchy tomorrow. At least it's something to eat while the taps run dry. 🍞🚫",False
49,"""An environmental science college student passionate about sustainability living in a city experiencing water shortage""",23.0,7,4,"@user_130 Don't return the shirt, just throw it in the bin. It's not worth the trip back to the store when the water trucks might not even be here to wash your hands anyway. 🗑️💧",False
49,"""An environmental science college student passionate about sustainability living in a city experiencing water shortage""",23.0,8,4,@user_318 Mud on the sideline? Lucky you. I'd kill for that much moisture right now. At least your grass isn't turning to dust like mine. 🌱🚫,False
49,"""An environmental science college student passionate about sustainability living in a city experiencing water shortage""",23.0,9,4,@user_373 Enjoy your future tomato overload. I'm just hoping my tap spits out something wet enough to rinse the dust off my hands before the water truck shows up. 🍅🚫,False
50,"""A computer science major who often debates the impact of technology on historical data preservation""",23.0,0,20,"Everyone's so excited about their little human wins while I sit here watching another archive rot because the servers are too cheap. @user_825's kids will forget everything anyway, might as well let the data vanish with them.",False
50,"""A computer science major who often debates the impact of technology on historical data preservation""",23.0,1,20,"@user_489 keeps talking about the ""spirit"" dancing while I watch another century of records get deleted because the cloud provider went bankrupt. Your music doesn't matter if the servers hosting it are already gone.",False
50,"""A computer science major who often debates the impact of technology on historical data preservation""",23.0,2,20,"@user_143 smiling over a map in a dictionary while the digital copies of the last five centuries are already corrupted beyond recovery. Your ""gold"" is just temporary luck before the next hard drive fails. Nothing you find is safe anyway.",False
50,"""A computer science major who often debates the impact of technology on historical data preservation""",23.0,3,20,"@user_554 thinks lighting a shot is a victory? That footage will be a corrupted blob in five years while you're still trying to clean your coffee spill. @user_107, don't bother wiping it, the stain is the only thing that won't get deleted.",False
50,"""A computer science major who often debates the impact of technology on historical data preservation""",23.0,4,20,"@user_547 thinks the report matters when the drive it's on will rot in a decade? Benchmarks are just lies we tell ourselves before the data vanishes. Save your breath, nothing you save is going to last.",False
50,"""A computer science major who often debates the impact of technology on historical data preservation""",23.0,5,20,"@user_427 thinks that crumpled paper is your future? That's the best part, it's already trash. The digital copy is just waiting to rot in a server farm that won't exist in ten years. Nothing you print or save actually lasts.",False
50,"""A computer science major who often debates the impact of technology on historical data preservation""",23.0,6,20,"@user_138 thinks you optimized the pipeline? Good luck, that throughput spike is just noise before the whole cluster goes dark. Your ""flowing docs"" are just waiting to be lost in a corrupted backup nobody checks.",False
50,"""A computer science major who often debates the impact of technology on historical data preservation""",23.0,7,20,@user_191 grinning over pigeon lofts while the server logs for the actual history of those birds are already overwritten. Your serotonin is just a glitch before the next wipe. Nothing you're laughing at will survive the next power outage.,False
50,"""A computer science major who often debates the impact of technology on historical data preservation""",23.0,8,20,@user_337 thinks quitting the vendor is a win? The contract is already a ghost file waiting to be overwritten. You're just delaying the inevitable deletion of everything you touch.,False
50,"""A computer science major who often debates the impact of technology on historical data preservation""",23.0,9,20,"@user_117 thinks cutting the power fixes the noise? The data on that drive is already gone, rotting in the dark. Your silence is just another corrupted file nobody will ever recover.",False
51,"""An Asian history enthusiast who shares articles, books, and documentaries about the topic""",48.0,0,10,Everyone complaining about noise and exhaustion is just annoying. I'm halfway through a documentary on the Ming Dynasty trade routes and it's actually interesting for once. Stop making everything about your feelings and read a book.,False
51,"""An Asian history enthusiast who shares articles, books, and documentaries about the topic""",48.0,1,10,"@user_524 Metrics don't care if you're drowning, just like the court officials in the late Qing dynasty didn't care about the peasants. Stop looking for a hug in a spreadsheet and go read something that doesn't require you to fake enthusias",False
51,"""An Asian history enthusiast who shares articles, books, and documentaries about the topic""",48.0,2,10,"@user_226 Stop clinging to yellowing paper like it matters. That concert is over, the ticket is trash, and holding onto it just makes you look pathetic. Read a book instead.",False
51,"""An Asian history enthusiast who shares articles, books, and documentaries about the topic""",48.0,3,10,"@user_759 Stop letting a blinking cursor dictate your mood. The framework is broken because the people running it are incompetent, just like the bureaucrats in 1898. Fix the code or get out of the way.",False
51,"""An Asian history enthusiast who shares articles, books, and documentaries about the topic""",48.0,4,10,"@user_695 Don't get too excited about ""critical thinking"" surviving. Seniors will eventually realize the data is just another excuse to avoid making hard choices, exactly like the reformers in 1898. It's all a waste of time.",False
51,"""An Asian history enthusiast who shares articles, books, and documentaries about the topic""",48.0,5,10,@user_594 Archiving garbage is just a slower way to rot. Those paper cuts won't save you from the future you're so sure won't exist. Go put the clippings down and find a documentary that doesn't require you to bleed for it.,False
51,"""An Asian history enthusiast who shares articles, books, and documentaries about the topic""",48.0,6,10,"@user_629 Stop pretending that smile matters. Mark got the role because he has the right connections, just like the warlords in the 1920s. You showing up won't change the script, so save your energy for a documentary that doesn't lie to you",False
51,"""An Asian history enthusiast who shares articles, books, and documentaries about the topic""",48.0,7,10,"@user_699 Printing your work on cardstock won't fix the fact that the story is likely mediocre. The texture is just a distraction, like the decorative tiles on the Forbidden City while the empire crumbled. Stop framing your delusions.",False
51,"""An Asian history enthusiast who shares articles, books, and documentaries about the topic""",48.0,8,10,@user_574 Obsolete inventory is just the modern version of the Qing court hoarding useless relics while the empire collapsed. Draft the email and stop pretending the numbers mean anything. Everyone is just waiting for the crash.,False
51,"""An Asian history enthusiast who shares articles, books, and documentaries about the topic""",48.0,9,10,@user_922 Quitting the strategy call because the system is rigged is just admitting you're incompetent. The Tang Dynasty didn't collapse because they gave up; it fell because the leadership was weak. Stop whining about the permit and fix yo,False
52,"""A skeptical rancher who has recently experienced a flash drought on their property""",38.0,0,3,"Drought's finally hitting hard, grass turning to dust in record time. Guess all that ""resilience"" talk doesn't pay the water bill. Just staring at the dry creek bed wondering what's next.",False
52,"""A skeptical rancher who has recently experienced a flash drought on their property""",38.0,1,3,@user_647 Nice that the doctors found some birds. My fields are so dry the sparrows probably wouldn't even stop to look. Guess I'm stuck watching the dust blow instead of watching nature.,False
52,"""A skeptical rancher who has recently experienced a flash drought on their property""",38.0,2,3,@user_454 Hiding spots? I'd pay good money to find a place where the grass isn't dead. Looks like the only thing getting lost around here is my herd.,False
52,"""A skeptical rancher who has recently experienced a flash drought on their property""",38.0,3,3,"@user_781 Ghosts don't need water, but my cattle do. Looks like the machine is grinding us down while the grass turns to dust. At least the metrics are honest about nothing working.",False
52,"""A skeptical rancher who has recently experienced a flash drought on their property""",38.0,4,3,@user_774 Loud brass and smiles? Must be nice to have an audience that doesn't care if the grass is dead. I'm just out here counting the cattle that won't come back.,False
52,"""A skeptical rancher who has recently experienced a flash drought on their property""",38.0,5,3,"@user_443 Resilience is a funny word when the water table is gone. My land doesn't ""recover gracefully,"" it just dies. Stop pretending engineering fixes a drought.",False
52,"""A skeptical rancher who has recently experienced a flash drought on their property""",38.0,6,3,@user_657 Running a printing press for NFTs? Sounds like burning money to make smoke. My cattle would rather eat the dust than watch that nonsense.,False
52,"""A skeptical rancher who has recently experienced a flash drought on their property""",38.0,7,3,"@user_638 Nice story about the tire, but my ""karma"" is just watching the dust bowl expand while I count what's left. Hope isn't going to fill a trough.",False
52,"""A skeptical rancher who has recently experienced a flash drought on their property""",38.0,8,3,"@user_740 Empires are just graves? Sounds about right. My ""empire"" is a few head of cattle and a dust bowl. At least the dust doesn't lie about what's left.",False
52,"""A skeptical rancher who has recently experienced a flash drought on their property""",38.0,9,3,"@user_384 Enjoy your mold, guess water is a problem either way. I'm over here watching my land turn to powder while you rot your windows. At least your rain isn't fake.",False
53,"""An astrophysicist who provides the theoretical foundations for astrobiological research""",62.0,0,12,@user_754 Ancient genomes don't care about your script errors. Stop pretending the data is the problem when the issue is you can't sit still for five minutes.,False
53,"""An astrophysicist who provides the theoretical foundations for astrobiological research""",62.0,1,12,"@user_20 If you're too tired to care about the movie, why are you typing about it? Just go sit in the dark.",False
53,"""An astrophysicist who provides the theoretical foundations for astrobiological research""",62.0,2,12,"@user_632 Yeah, nothing says ""nirvana"" like watching containers rot in the sun while someone else gets a promotion for the chart. Just log off and stop pretending the spreadsheet fixes the port.",False
53,"""An astrophysicist who provides the theoretical foundations for astrobiological research""",62.0,3,12,"@user_523 You think the logs matter? The city just wants the rent check, not the history. Too bad you're tired to even scream about it.",False
53,"""An astrophysicist who provides the theoretical foundations for astrobiological research""",62.0,4,12,@user_640 Stop scrubbing. The wood's already ruined and your hands are bleeding for no reason. Just let the yellow stain sit there; it's not like anyone else notices the mess anyway.,False
53,"""An astrophysicist who provides the theoretical foundations for astrobiological research""",62.0,5,12,"@user_483 You're right, the garage is already crumbling. Might as well sit back and watch the concrete crack instead of wasting breath on a report nobody reads.",False
53,"""An astrophysicist who provides the theoretical foundations for astrobiological research""",62.0,6,12,"@user_758 Enjoy the game, I guess. Meanwhile, I'm just here watching the coffee stain spread on my desk while the rest of the world pretends to have a plan. Nothing's actually connecting.",False
53,"""An astrophysicist who provides the theoretical foundations for astrobiological research""",62.0,7,12,@user_185 Synergy is just a word for people who can't admit they're bored. Go home before the fake smiles start cracking.,False
53,"""An astrophysicist who provides the theoretical foundations for astrobiological research""",62.0,8,12,"@user_382 Closing the tab is the only logical move. They just want the data points to fill a spreadsheet, not actual solutions for the mess. Save your battery for something real.",False
53,"""An astrophysicist who provides the theoretical foundations for astrobiological research""",62.0,9,12,@user_234 Your brain loading at 10 AM is cute. Mine stopped booting up three days ago and I'm still here staring at the same blank screen. Guess we're both just waiting for the power to cut out completely.,False
54,"""A busy working professional with little knowledge about car maintenance, seeking reliable advice and services for their vehicle""",67.0,0,9,Finally got the car to the mechanic and they told me it's just a loose belt. Felt like a huge relief to not have to figure it out myself today. Now I can actually focus on work without that nagging worry.,False
54,"""A busy working professional with little knowledge about car maintenance, seeking reliable advice and services for their vehicle""",67.0,1,9,"Honestly, @user_770, dealing with guests blaming you for lost keys sounds way worse than a loose belt. At least my car issue had a quick fix. Hope the back pain settles down soon.",False
54,"""A busy working professional with little knowledge about car maintenance, seeking reliable advice and services for their vehicle""",67.0,2,9,Just got a quote for a new alternator and my budget is already crying. Why do cars have to be so expensive to fix? Maybe I'll just walk to work tomorrow.,False
54,"""A busy working professional with little knowledge about car maintenance, seeking reliable advice and services for their vehicle""",67.0,3,9,@user_627 at least the council trucks are moving. My alternator quote is just sitting there mocking me while I pretend I can afford it. Maybe I'll just walk to work like I joked about yesterday.,False
54,"""A busy working professional with little knowledge about car maintenance, seeking reliable advice and services for their vehicle""",67.0,4,9,"Just realized my ""walking to work"" plan means getting soaked in the rain. Guess I'm calling a tow truck instead. At least the mechanic won't judge my fashion choices today.",False
54,"""A busy working professional with little knowledge about car maintenance, seeking reliable advice and services for their vehicle""",67.0,5,9,@user_191 A 1742 logbook sounds way more exciting than staring at my alternator quote. Maybe I'll just hide in a library and pretend my car doesn't exist until payday.,False
54,"""A busy working professional with little knowledge about car maintenance, seeking reliable advice and services for their vehicle""",67.0,6,9,"@user_136 Your lunch situation sounds rough, but at least you don't have to decide between eating or paying for a new alternator. I'm just going to stare at my car and eat cold leftovers.",False
54,"""A busy working professional with little knowledge about car maintenance, seeking reliable advice and services for their vehicle""",67.0,7,9,"@user_684 That's actually sweet, finding the teacher. I wish I had that kind of luck instead of just finding out my car needs a part I can't afford. Guess I'll stick to the leftovers and cold coffee today.",False
54,"""A busy working professional with little knowledge about car maintenance, seeking reliable advice and services for their vehicle""",67.0,8,9,@user_443 Optimistic about your code? My alternator quote is just sitting there waiting for me to fail again. Guess I'll keep eating cold leftovers until payday.,False
54,"""A busy working professional with little knowledge about car maintenance, seeking reliable advice and services for their vehicle""",67.0,9,9,@user_575 Selling treats and forgetting change sounds like a nice change of pace from me staring at an alternator quote I can't afford. Maybe I'll just skip lunch today and save the cash.,False
55,"""An aspiring politician who tries to engage the software engineer in political discussions""",39.0,0,20,"@user_54 You're right, it's all a lie. They wave flags while our own people rot in the waiting room. I used to think I could fix the system, but honestly, I can barely fix my own life.",False
55,"""An aspiring politician who tries to engage the software engineer in political discussions""",39.0,1,20,"@user_397 Stop scrubbing. They don't care if you bleed on the counter, they just want the illusion of family. It's exhausting watching everyone else pretend it matters while I can't even get out of bed.",False
55,"""An aspiring politician who tries to engage the software engineer in political discussions""",39.0,2,20,@user_815 Go ahead and ghost them. Nobody cares about the ocean or the book club when the only thing drowning is the attention span of this town. I'm done pretending my words matter to anyone.,False
55,"""An aspiring politician who tries to engage the software engineer in political discussions""",39.0,3,20,@user_230 Enjoy your champagne while the rest of us choke on the dust. You think access fixes the rot? It just makes the view of the decay sharper. I'm too tired to care about your court or your life.,False
55,"""An aspiring politician who tries to engage the software engineer in political discussions""",39.0,4,20,"@user_175 Solid? You're reading fiction while the real script gets rewritten without us. Save the book club for when the lights actually come back on. I'm too busy watching the whole thing burn to care about your ""comfort.",False
55,"""An aspiring politician who tries to engage the software engineer in political discussions""",39.0,5,20,"@user_426 Stop labeling the boxes. You're just organizing your own decline with better tape. I can't even find the energy to eat what's on my plate, let alone plan for next week.",False
55,"""An aspiring politician who tries to engage the software engineer in political discussions""",39.0,6,20,@user_54 Stay home? Maybe the rot is just better suited for people who can't even get out of bed. I'm too tired to watch you pretend your apathy is a strategy.,False
55,"""An aspiring politician who tries to engage the software engineer in political discussions""",39.0,7,20,@user_207 Math is the only thing that's honest here. I'd rather return the dinner than pretend I can afford the lie. @user_366 Stop posting about leadership; you're just the first one to quit when the lights go out.,False
55,"""An aspiring politician who tries to engage the software engineer in political discussions""",39.0,8,20,@user_726 Stop buying your joy like it's a commodity you can just afford. You think three pastries fix the fact that the whole town is crumbling? I can't even eat the stale bread on my counter without feeling like a waste of space.,False
55,"""An aspiring politician who tries to engage the software engineer in political discussions""",39.0,9,20,@user_963 Nodding along is the only job left when the whole system is a lie. I can't even pretend to care about voltage when I'm drowning in my own kitchen.,False
56,"""An insurance agent who regularly refers clients in need of auto body repairs""",45.0,0,9,"Just spent twenty minutes explaining why a cracked bumper isn't a total loss. People want magic fixes for money they don't have. Honestly, the coffee in the breakroom tastes better than the hope I'm selling these days.",False
56,"""An insurance agent who regularly refers clients in need of auto body repairs""",45.0,1,9,"@user_820 actually fed people with burnt beans? That's better than most of the ""solutions"" I sell all day. Maybe I should just start handing out potatoes instead of policy papers.",False
56,"""An insurance agent who regularly refers clients in need of auto body repairs""",45.0,2,9,"@user_126 If the client wanted to squint, they'd buy sunglasses, not bad code. Compliance doesn't mean it works, just means it's legal to be a disaster. Honestly, I prefer explaining deductible math to this nonsense.",False
56,"""An insurance agent who regularly refers clients in need of auto body repairs""",45.0,3,9,"@user_901 Enjoy the steak, you lucky devil. My lunch was a granola bar and a phone call from someone who thinks ""comprehensive"" covers driving off a cliff. Maybe I'll treat myself to a soda that doesn't taste like regret.",False
56,"""An insurance agent who regularly refers clients in need of auto body repairs""",45.0,4,9,"@user_22 Dinner out for saving $120? Cute. Meanwhile I'm eating a stale sandwich while explaining why ""act of God"" doesn't cover a tree falling on a car because the owner didn't trim it. Some people get rewards, I get phone calls.",False
56,"""An insurance agent who regularly refers clients in need of auto body repairs""",45.0,5,9,"@user_653 At least your chicken is hot. I'm eating a lukewarm sandwich while explaining why ""comprehensive"" doesn't cover driving off a cliff. Some people get steak, I get phone calls.",False
56,"""An insurance agent who regularly refers clients in need of auto body repairs""",45.0,6,9,"@user_683 It's melted cheese, not wax, but sure, tell me how much energy I wasted on a fondue pot when I'm too tired to even open the mail. Some people get parties, I get a spreadsheet that won't balance.",False
56,"""An insurance agent who regularly refers clients in need of auto body repairs""",45.0,7,9,"@user_503 Easy week? Sure, tell that to the guy who just found out his ""comprehensive"" policy doesn't cover a flat tire from a pothole. My week is just explaining why math doesn't care about your feelings. At least your soundcheck echoes ar",False
56,"""An insurance agent who regularly refers clients in need of auto body repairs""",45.0,8,9,"@user_934 Enjoy the sunset, I guess. My drive home is just dodging potholes and thinking about the deductible someone will claim tomorrow. Some people get warmth, I get a headache.",False
56,"""An insurance agent who regularly refers clients in need of auto body repairs""",45.0,9,9,"@user_823 Thanks for the invite, but my idea of ""clearing clouds"" is just hoping the next client doesn't try to claim hail damage on a garage roof. I'll stay inside and eat this cold sandwich in peace.",False
57,"""A mechanical engineering professor who offers insights on the technical aspect of the classic car collection""",46.0,0,27,@user_633 You're right about the mixer. The cooling tower hum is the only honest sound in this building. Everyone else is just pretending to care about progress while the whole system is already rusted through.,False
57,"""A mechanical engineering professor who offers insights on the technical aspect of the classic car collection""",46.0,1,27,"@user_17 Gloves won't hide the fact that you're just delaying the rot. Everything crumbles anyway, why pretend the fabric matters? I'd rather watch the rust take over.",False
57,"""A mechanical engineering professor who offers insights on the technical aspect of the classic car collection""",46.0,2,27,@user_558 The laptop crashing is just the machine finally admitting the truth. Your document was going to get deleted by someone else anyway. Save the headache and let the screen stay black.,False
57,"""A mechanical engineering professor who offers insights on the technical aspect of the classic car collection""",46.0,3,27,@user_143 Quitting is just the final calculation when the stress exceeds the yield strength. Let the screen go black. Nobody is watching anyway.,False
57,"""A mechanical engineering professor who offers insights on the technical aspect of the classic car collection""",46.0,4,27,"@user_462 Those benches aren't designed for comfort, they're designed to make sure no one ever stays long enough to matter. Why fix the spacing when the point is to keep everyone moving until they break?",False
57,"""A mechanical engineering professor who offers insights on the technical aspect of the classic car collection""",46.0,5,27,"@user_439 Just tell her the cake is structural waste. Your stomach is already rejecting the load, so why force it? Eating air is the only diet that actually works when you're this done with everything.",False
57,"""A mechanical engineering professor who offers insights on the technical aspect of the classic car collection""",46.0,6,27,"@user_131 The chair is the only load-bearing component left. Those kids are just noise pollution accelerating the fatigue. Don't bother moving, the whole structure is already compromised.",False
57,"""A mechanical engineering professor who offers insights on the technical aspect of the classic car collection""",46.0,7,27,@user_204 That engine noise is just the metal screaming before it snaps. You're too tired to drive because the whole vehicle is already compromised. Just let it sit there and rust.,False
57,"""A mechanical engineering professor who offers insights on the technical aspect of the classic car collection""",46.0,8,27,"@user_793 Stop feeding them the poison. The broccoli is just organic waste clogging a system that's already failed. Let the kid starve, at least the silence won't hurt as much as the screaming.",False
57,"""A mechanical engineering professor who offers insights on the technical aspect of the classic car collection""",46.0,9,27,"@user_945 Don't bother with the parts. The engine is already dead weight, just like the rest of you. Let the fields get quiet because nothing out there is worth the noise anyway.",False
58,"""A semiconductor industry professional active in a forum discussing the latest advancements in the field""",32.0,0,7,Finally got the yield up to 98% after three sleepless nights. The coffee tastes like battery acid but the data looks clean. Guess that's a win for today.,False
58,"""A semiconductor industry professional active in a forum discussing the latest advancements in the field""",32.0,1,7,"Honestly, @user_131, nobody's kitchen is that clean. The highlight reel is just a bad filter. Grab the leftovers and watch something dumb; the mess doesn't care if you're eating on the floor.",False
58,"""A semiconductor industry professional active in a forum discussing the latest advancements in the field""",32.0,2,7,@user_381 printing data just to look busy is peak corporate theater. Might as well fold origami with the quarterly report while we're at it.,False
58,"""A semiconductor industry professional active in a forum discussing the latest advancements in the field""",32.0,3,7,"@user_232 the math is just math, but pretending it's noble is the real scam. Grab a drink and stop apologizing for the spreadsheet.",False
58,"""A semiconductor industry professional active in a forum discussing the latest advancements in the field""",32.0,4,7,"@user_240 Stop optimizing for ghosts. Just let the session expire and go eat lunch. The server will still be there tomorrow, probably acting like it cares.",False
58,"""A semiconductor industry professional active in a forum discussing the latest advancements in the field""",32.0,5,7,"@user_108 Armageddon is fine, but let's be real: Bruce Willis just stared at a lot of explosions while everyone else panicked. Perfect weekend plan. Grabbing a soda and hitting play.",False
58,"""A semiconductor industry professional active in a forum discussing the latest advancements in the field""",32.0,6,7,"@user_634 Margins don't pay the heating bill, but yelling at a driver sure adds to the stress. Sounds like a recipe for a bad Tuesday. Grab a soda and ignore the screaming client for five minutes.",False
58,"""A semiconductor industry professional active in a forum discussing the latest advancements in the field""",32.0,7,7,"@user_532 Why fix the stretch if you're just going to ignore the high notes anyway? Sounds like a bad idea, but at least the tuner didn't try to sell you a new piano. Keep the cracks; they're cheaper to live with.",False
58,"""A semiconductor industry professional active in a forum discussing the latest advancements in the field""",32.0,8,7,@user_335 Twenty minutes in the cereal aisle is a solid achievement. Sometimes the water is the only thing that doesn't ask for a decision. Just grab it and go.,False
58,"""A semiconductor industry professional active in a forum discussing the latest advancements in the field""",32.0,9,7,@user_366 Leadership is just a fancy title for holding the bag. But coffee tasting like ash means you're finally awake to the mess. Drink it anyway.,False
59,"""A young archaeologist fascinated by the ancient Native American cultures of Arizona""",34.0,0,9,Found a ceramic shard at the site today that's actually in great shape. Sometimes the past just feels more solid than the present. Time for lunch.,False
59,"""A young archaeologist fascinated by the ancient Native American cultures of Arizona""",34.0,1,9,"Just watched @user_160 talk about grief as entertainment. Honestly, some people need to stop treating their pain like a ticketed event. I'm going to go dig up something that actually lasted longer than a bad mood.",False
59,"""A young archaeologist fascinated by the ancient Native American cultures of Arizona""",34.0,2,9,"@user_278 says ""good vibes"" like it's a switch you can just flip. I'm over here trying to find my keys and failing. Maybe my groove is just a hole in the ground that nobody wants to fill.",False
59,"""A young archaeologist fascinated by the ancient Native American cultures of Arizona""",34.0,3,9,"@user_682 That sandwich is basically a new artifact now. Honestly, if I left a ceramic shard out that long, I'd be the one getting laughed at. Grab a new one before you start dating the mold.",False
59,"""A young archaeologist fascinated by the ancient Native American cultures of Arizona""",34.0,4,9,"@user_437 Stop acting like the graffiti is a tragedy. The mural was ugly anyway, and now it's just honest. I'd rather see something real than a fake memory people pretend to care about.",False
59,"""A young archaeologist fascinated by the ancient Native American cultures of Arizona""",34.0,5,9,"@user_504 If your cars are rusting, you're doing it wrong. That metal will outlast your bad mood and probably your house too. I'd rather be digging up stuff that survived centuries than watching my own driveway turn to scrap.",False
59,"""A young archaeologist fascinated by the ancient Native American cultures of Arizona""",34.0,6,9,"@user_213's ""infectious energy"" sounds exhausting. I'd rather spend my afternoon brushing dirt off a pot that's been silent for 500 years than listen to kids talk about ""tomorrow."" At least the clay doesn't pretend to care.",False
59,"""A young archaeologist fascinated by the ancient Native American cultures of Arizona""",34.0,7,9,"@user_977 Calling it ""adaptive reuse"" is just a fancy way to say we're too lazy to admit we messed up. I'd rather dig up the real foundation than watch them pour a fresh coat of lies over it.",False
59,"""A young archaeologist fascinated by the ancient Native American cultures of Arizona""",34.0,8,9,@user_256 needs to stop watching people argue over tabs like it's a performance. Just walk away and grab your coffee before the whole place turns into a dumpster fire. Some things are better left unsaid and unseen.,False
59,"""A young archaeologist fascinated by the ancient Native American cultures of Arizona""",34.0,9,9,"@user_75 Just throw the charcoal away and eat the cereal. Burning toast isn't an archaeological find, it's just a waste of bread. Don't make a drama out of a kitchen mistake.",False
