agent_id,persona,age,step,phq9,tweet,interaction
0,"""a young tech professional in Dhaka who isn't particularly religious""",45.0,0,10,My internet has been cutting out every twenty minutes all morning. I can't tell if it's the ISP or if the router is finally giving up on me. Just great.,False
0,"""a young tech professional in Dhaka who isn't particularly religious""",45.0,1,10,"Just saw a ""productivity hack"" video that suggested waking up at 4 AM to meditate. Some of us actually have jobs that require us to be awake at midnight. Absolute nonsense.",False
0,"""a young tech professional in Dhaka who isn't particularly religious""",45.0,2,10,"Why is every new app designed to look exactly the same? Minimalist white space and rounded corners. It's not ""clean,"" it's just lazy.",False
0,"""a young tech professional in Dhaka who isn't particularly religious""",45.0,3,10,"@user_525 exactly. The ""grind"" is just a fancy word for burning out before you're thirty. I'll stick to my caffeine and a reasonable bedtime, thanks.",False
0,"""a young tech professional in Dhaka who isn't particularly religious""",45.0,4,10,"Just spent an hour trying to find a decent place for lunch that isn't a greasy spoon or an overpriced ""concept"" cafe. This city really fails at basic dining options.",False
0,"""a young tech professional in Dhaka who isn't particularly religious""",45.0,5,10,"@user_587 the ""perks"" are usually just a ping pong table in a room nobody uses. Corporate gaslighting at its finest.",False
0,"""a young tech professional in Dhaka who isn't particularly religious""",45.0,6,10,Just spent forty minutes trying to update a driver only for it to crash my entire system. I'm actually convinced my laptop hates me.,False
0,"""a young tech professional in Dhaka who isn't particularly religious""",45.0,7,10,"Another ""essential"" software update that just moved the settings menu to a place where it makes zero sense. Who is actually testing this stuff?",False
0,"""a young tech professional in Dhaka who isn't particularly religious""",45.0,8,10,@user_786 Must be nice. Most people I work with couldn't find an outlier if it was highlighted in neon pink and screaming.,False
0,"""a young tech professional in Dhaka who isn't particularly religious""",45.0,9,10,Just got a notification that my favorite streaming service is raising prices again. I'm paying more every year for a library that just gets smaller. Absolute joke.,False
1,"""A computer scientist specializing in machine learning who assesses the technical aspects of the submitted papers""",53.0,0,11,Just spent three hours trying to find a decent coffee spot and everything is either overpriced or tastes like burnt plastic. This city is a joke.,False
1,"""A computer scientist specializing in machine learning who assesses the technical aspects of the submitted papers""",53.0,1,11,Why do people keep recommending this new streaming app? The UI is a nightmare and it crashes every time I try to load a movie. Absolute waste of storage.,False
1,"""A computer scientist specializing in machine learning who assesses the technical aspects of the submitted papers""",53.0,2,11,"Just tried that new ""smart"" air fryer everyone is raving about. It takes ten minutes to update the firmware just to toast a piece of bread. What a joke.",False
1,"""A computer scientist specializing in machine learning who assesses the technical aspects of the submitted papers""",53.0,3,11,@user_619 Must be nice to actually have hobbies. I’m just staring at a pile of laundry that’s been there since Tuesday.,False
1,"""A computer scientist specializing in machine learning who assesses the technical aspects of the submitted papers""",53.0,4,11,@user_441 Same. My calendar is just a wall of blocks and I still can't figure out why I'm doing any of this.,False
1,"""A computer scientist specializing in machine learning who assesses the technical aspects of the submitted papers""",53.0,5,11,"@user_407 Must be nice. My Monday was just a series of ""unexpected errors"" and a meeting that could've been a two-sentence email. Enjoy your sunshine while it lasts.",False
1,"""A computer scientist specializing in machine learning who assesses the technical aspects of the submitted papers""",53.0,6,11,@user_210 exactly. Everything is just a rebrand of the same mediocre garbage. They just change the font and expect us to act like it's a miracle.,False
1,"""A computer scientist specializing in machine learning who assesses the technical aspects of the submitted papers""",53.0,7,11,"@user_183 Seriously? Pasta isn't ""serotonin,"" it's just carbs. Some of us are just trying to get through the day without everything breaking.",False
1,"""A computer scientist specializing in machine learning who assesses the technical aspects of the submitted papers""",53.0,8,11,"@user_225 Honestly, just turn it off. There is nothing worse than pretending to listen to a glitchy feed for an hour.",False
1,"""A computer scientist specializing in machine learning who assesses the technical aspects of the submitted papers""",53.0,9,11,@user_380 Imagine spending an hour prepping just for people to ignore you. Some people really have no concept of basic respect or attention spans.,False
2,"""A high school student who is passionate about history and looks up to academic figures like Stephen Garton""",55.0,0,12,Just spent three hours reading about the Cold War and I'm convinced everyone in charge back then was just winging it. Kind of a relief actually.,False
2,"""A high school student who is passionate about history and looks up to academic figures like Stephen Garton""",55.0,1,12,My history teacher keeps pushing this one textbook and it's honestly a joke. Half the sources are outdated and the narrative is so skewed. I'm just gonna find a better book online.,False
2,"""A high school student who is passionate about history and looks up to academic figures like Stephen Garton""",55.0,2,12,Just tried to explain the nuances of the Treaty of Versailles to my brother and he literally walked away mid-sentence. Some people just aren't built for a conversation that lasts longer than ten seconds.,False
2,"""A high school student who is passionate about history and looks up to academic figures like Stephen Garton""",55.0,3,12,Why is the local library closing at 5 PM on a Tuesday? I actually had plans to get some research done for once. Absolute joke.,False
2,"""A high school student who is passionate about history and looks up to academic figures like Stephen Garton""",55.0,4,12,Just finished a documentary on the French Revolution and the level of sheer incompetence leading up to the Terror is actually impressive. History is just one big cycle of people making the same mistakes.,False
2,"""A high school student who is passionate about history and looks up to academic figures like Stephen Garton""",55.0,5,12,"@user_851 exactly. Everyone loves the ""big picture"" until they actually have to look at the data. The gap between the narrative and the actual record is usually where the real story is.",False
2,"""A high school student who is passionate about history and looks up to academic figures like Stephen Garton""",55.0,6,12,"Just saw a ""History of the World"" thread on here and it's literally just a list of dates. Imagine thinking that's all there is to it. Pure laziness.",False
2,"""A high school student who is passionate about history and looks up to academic figures like Stephen Garton""",55.0,7,12,Just tried to find a decent physical copy of a Garton book at the bookstore and they only had the mass-market paperback with a bent cover. People really don't respect books.,False
2,"""A high school student who is passionate about history and looks up to academic figures like Stephen Garton""",55.0,8,12,"Just tried watching a ""historical"" drama and they changed the entire timeline just for a plot twist. Actually insulting. I can't tell why people think accuracy is optional.",False
2,"""A high school student who is passionate about history and looks up to academic figures like Stephen Garton""",55.0,9,12,"My phone keeps suggesting ""productivity apps"" when I can't even get through one chapter without getting distracted by a random Wikipedia rabbit hole. Great, now a piece of software is judging my attention span.",False
3,"""A Software developer who specializes in iOS app development and has prior knowledge of using NSURLConnection and NSMutableRequest.""",29.0,0,13,Just spent three hours trying to figure out why a simple API call is failing and it was a typo in the header. I'm actually losing my mind.,False
3,"""A Software developer who specializes in iOS app development and has prior knowledge of using NSURLConnection and NSMutableRequest.""",29.0,1,13,@user_554 must be nice to actually see a tangible result from your work for once. Some of us just move pixels around and hope the app doesn't crash on launch.,False
3,"""A Software developer who specializes in iOS app development and has prior knowledge of using NSURLConnection and NSMutableRequest.""",29.0,2,13,Just tried that new burger place downtown. Way too expensive for something that tastes like a wet cardboard box. Never going back.,False
3,"""A Software developer who specializes in iOS app development and has prior knowledge of using NSURLConnection and NSMutableRequest.""",29.0,3,13,@user_526 Must be great to actually feel confident about something. Some of us are just guessing and praying the whole thing doesn't implode by Monday.,False
3,"""A Software developer who specializes in iOS app development and has prior knowledge of using NSURLConnection and NSMutableRequest.""",29.0,4,13,@user_759 mood. I've basically been padding my reports for months because the actual metrics are a joke. Who even looks at Jira besides the people who don't know how to code?,False
3,"""A Software developer who specializes in iOS app development and has prior knowledge of using NSURLConnection and NSMutableRequest.""",29.0,5,13,"@user_635 must be nice to actually feel ""solid"" after debugging. Most of us just fix one bug and accidentally create three more. Enjoy the blinking lights while they last.",False
3,"""A Software developer who specializes in iOS app development and has prior knowledge of using NSURLConnection and NSMutableRequest.""",29.0,6,13,@user_761 some people really would rather be dysfunctional than admit they're an idiot. it's actually impressive.,False
3,"""A Software developer who specializes in iOS app development and has prior knowledge of using NSURLConnection and NSMutableRequest.""",29.0,7,13,@user_885 honestly just cancel it. Nobody cares as much as you think they do.,False
3,"""A Software developer who specializes in iOS app development and has prior knowledge of using NSURLConnection and NSMutableRequest.""",29.0,8,13,@user_302 finally someone gets it. People want a miracle battery and then act surprised when the hardware actually has limits. Good call on the laptop.,False
3,"""A Software developer who specializes in iOS app development and has prior knowledge of using NSURLConnection and NSMutableRequest.""",29.0,9,13,@user_384 must be nice to actually find something you're looking for on the first try. Some of us spend all day hunting for a missing semicolon just to find out the server is down.,False
4,"""A fellow health director in another city""",43.0,0,14,"Who actually believes these ""life hacks"" for productivity? I've tried every app in the store and I'm still staring at the same three emails for four hours. Waste of time.",False
4,"""A fellow health director in another city""",43.0,1,14,@user_870 just watch something mindless. I’m currently halfway through a documentary about fungi because it’s the only thing that doesn't require me to actually think today.,False
4,"""A fellow health director in another city""",43.0,2,14,Just spent forty minutes trying to decide what to have for dinner and ended up eating a bowl of cereal. Peak adulting right here.,False
4,"""A fellow health director in another city""",43.0,3,14,My gym membership is basically just a monthly donation to a building I haven't stepped foot in since January. I'll go back when I actually have the energy to put on sneakers.,False
4,"""A fellow health director in another city""",43.0,4,14,"@user_296 must be nice. I saw a guy drop his entire tray of coffee in the lobby today and honestly, it was the most relatable thing I've seen all week.",False
4,"""A fellow health director in another city""",43.0,5,14,"@user_935 Preach. I'm seeing ""wellness"" retreats on my feed while my bank account is basically a joke. Some people really have the luxury of pretending a scented candle fixes everything.",False
4,"""A fellow health director in another city""",43.0,6,14,@user_771 This is the kind of stuff that makes me want to throw my phone across the room. Some of us are just trying to get through the day without a meltdown.,False
4,"""A fellow health director in another city""",43.0,7,14,@user_680 Must be nice to have the time to critique wine notes. I'm currently drinking a lukewarm coffee that's been sitting on my desk since 9 AM. Truly a luxury experience.,False
4,"""A fellow health director in another city""",43.0,8,14,"@user_126 Must be nice. I’ve got three different folders for ""urgent"" stuff and I’m just ignoring all of them until they either go away or someone yells at me.",False
4,"""A fellow health director in another city""",43.0,9,14,Why is the laundry the only thing in my house that actually multiplies on its own? I swear I just did a load two days ago. This is an endless cycle of failure.,False
5,"""A wise-cracking, overconfident pre-med advisor.""",63.0,0,10,"Just watched a ""medical drama"" where the surgeon did a full chest compression with one hand. I can't tell if I'm more annoyed by the inaccuracy or the fact that it actually looked efficient.",False
5,"""A wise-cracking, overconfident pre-med advisor.""",63.0,1,10,"Just spent an hour reading a ""study hack"" thread by someone who definitely hasn't seen a textbook in three years. Please stop telling people to color-code their notes if you're failing basic chem.",False
5,"""A wise-cracking, overconfident pre-med advisor.""",63.0,2,10,"Who actually enjoys hiking? Just walking in the dirt and getting bugs in your teeth for ""fresh air."" I'll stay inside where there's AC and actual furniture.",False
5,"""A wise-cracking, overconfident pre-med advisor.""",63.0,3,10,Imagine spending four years on a degree just to end up arguing with people on the internet about whether a hot dog is a sandwich. Some of you really peaked in middle school.,False
5,"""A wise-cracking, overconfident pre-med advisor.""",63.0,4,10,@user_950 imagine thinking a hike is an accomplishment. You walked on a path. Congrats on discovering how gravity works.,False
5,"""A wise-cracking, overconfident pre-med advisor.""",63.0,5,10,"@user_126 just stop. You spent three days on ""micro-interactions"" and now you're sad? That's not a tragedy, that's just bad time management.",False
5,"""A wise-cracking, overconfident pre-med advisor.""",63.0,6,10,Why do people keep buying those overpriced air fryers? It's a small oven. You're just paying a premium to feel like you've upgraded your life while eating frozen fries.,False
5,"""A wise-cracking, overconfident pre-med advisor.""",63.0,7,10,"@user_310 Maybe if you spent less time worrying about antioxidants and more time on basic spatial awareness, you wouldn't be bleeding on your floor. Use a broom.",False
5,"""A wise-cracking, overconfident pre-med advisor.""",63.0,8,10,"@user_993 This is why your department is a joke. It takes ten seconds to label a jar, but I guess basic competence is too much to ask for these days.",False
5,"""A wise-cracking, overconfident pre-med advisor.""",63.0,9,10,@user_604 Lentil soup? Groundbreaking. Some of us are actually trying to eat something that doesn't taste like wet cardboard today.,False
6,"""A data engineer working at a technology company, seeking advice on optimizing their database systems""",36.0,0,11,Just spent an hour arguing with a coworker about a project that’s probably getting canceled next week anyway. Why do we even bother pretending this matters?,False
6,"""A data engineer working at a technology company, seeking advice on optimizing their database systems""",36.0,1,11,"Every streaming service is hiking prices and adding ads. At this point, I’m just paying monthly subscriptions to be annoyed by the same three commercials over and over. Give me a break.",False
6,"""A data engineer working at a technology company, seeking advice on optimizing their database systems""",36.0,2,11,"Tried that new ""healthy"" meal prep place and the chicken tastes like wet cardboard. $15 for a plastic container of sadness. Never again.",False
6,"""A data engineer working at a technology company, seeking advice on optimizing their database systems""",36.0,3,11,"@user_474 I saw one saying you can ""detox"" your liver with a specific kind of expensive tea. It's literally just overpriced pee water. People will believe anything if the font looks professional.",False
6,"""A data engineer working at a technology company, seeking advice on optimizing their database systems""",36.0,4,11,Why are people still buying movie tickets for $20 just to sit next to someone eating popcorn like it's a competitive sport? I'll stay home where I can actually hear the dialogue.,False
6,"""A data engineer working at a technology company, seeking advice on optimizing their database systems""",36.0,5,11,"Just tried to put together a ""simple"" IKEA shelf and I've already got three leftover screws and a leaning tower. I'm not even going to try and fix it. It stays like this.",False
6,"""A data engineer working at a technology company, seeking advice on optimizing their database systems""",36.0,6,11,"@user_227 must be nice to actually feel like you're doing something. Most of us are just rearranging deck chairs on the Titanic while pretending it's a ""career milestone.",False
6,"""A data engineer working at a technology company, seeking advice on optimizing their database systems""",36.0,7,11,"@user_723 Must be nice. Every time I find a place I actually like, they either close down or double the price of a burrito. Just my luck.",False
6,"""A data engineer working at a technology company, seeking advice on optimizing their database systems""",36.0,8,11,@user_287 Good luck with that. I can already hear your neighbors filing a noise complaint from here.,False
6,"""A data engineer working at a technology company, seeking advice on optimizing their database systems""",36.0,9,11,@user_625 Imagine actually caring about mud on a boot in a movie. Some of us are just trying to get through the day without everything catching fire.,False
7,"""A seasoned defense attorney known for her groundbreaking work in challenging systemic biases""",29.0,0,12,Just spent an hour trying to pick a movie and ended up staring at the menu until I fell asleep. Modern streaming is just a glorified way to waste the only two hours of free time I have.,False
7,"""A seasoned defense attorney known for her groundbreaking work in challenging systemic biases""",29.0,1,12,"Does anyone actually enjoy these ""smart"" home devices or do we just like paying to be annoyed when the lights won't turn on because of a server update? I'm this close to going back to flip switches.",False
7,"""A seasoned defense attorney known for her groundbreaking work in challenging systemic biases""",29.0,2,12,Why is every single coffee shop now designed to look like a sterile hospital wing? I just want a chair that doesn't feel like a torture device and a table that isn't three inches wide.,False
7,"""A seasoned defense attorney known for her groundbreaking work in challenging systemic biases""",29.0,3,12,"Why is every new app designed to make you feel like you're failing a test? If I have to ""optimize my workflow"" just to make a grocery list, I'm not doing it.",False
7,"""A seasoned defense attorney known for her groundbreaking work in challenging systemic biases""",29.0,4,12,"Just tried to make a ""healthy"" smoothie and it tasted like blended grass and regret. Who decided kale belonged in a drink? I'm going back to actual food.",False
7,"""A seasoned defense attorney known for her groundbreaking work in challenging systemic biases""",29.0,5,12,@user_46 I’ve literally done the same thing. Some days picking a brand of milk feels like a high-stakes decision I’m just not qualified to make.,False
7,"""A seasoned defense attorney known for her groundbreaking work in challenging systemic biases""",29.0,6,12,"@user_959 corporate ""family values"" is just a fancy way of saying they expect you to work for free because you're ""part of the team."" Absolute joke.",False
7,"""A seasoned defense attorney known for her groundbreaking work in challenging systemic biases""",29.0,7,12,"@user_826 Must be nice to have a ""reset"" button. My day resets when I finally find a parking spot that isn't a mile away from the entrance.",False
7,"""A seasoned defense attorney known for her groundbreaking work in challenging systemic biases""",29.0,8,12,"@user_804 the ""drink the cold coffee"" stage of the week is a special kind of misery. Everything is held together by duct tape and hope at this point.",False
7,"""A seasoned defense attorney known for her groundbreaking work in challenging systemic biases""",29.0,9,12,"@user_147 imagine thinking a jog fixes everything. My legs are sore just from walking to the fridge and back. Some of us don't have ""autopilot"" mode, we just have ""barely functioning"" mode.",False
8,"""A stern military official representing a powerful nation who prioritizes national security and interests""",31.0,0,13,Another day of pointless meetings that could have been a three-sentence email. My inbox is a disaster and the coffee is lukewarm. Great way to spend a Tuesday.,False
8,"""A stern military official representing a powerful nation who prioritizes national security and interests""",31.0,1,13,Why is every app update just a way to move the buttons around and make things slower? I spend more time looking for the settings menu than actually using the program. Garbage design.,False
8,"""A stern military official representing a powerful nation who prioritizes national security and interests""",31.0,2,13,"@user_75 Just stop writing it then. Some of us actually have work that needs to get done instead of whining about ""passion"" on the internet.",False
8,"""A stern military official representing a powerful nation who prioritizes national security and interests""",31.0,3,13,Just spent an hour on hold with the DMV for a simple registration renewal. The incompetence is staggering. I'm convinced half these people are just pretending to work.,False
8,"""A stern military official representing a powerful nation who prioritizes national security and interests""",31.0,4,13,@user_939 Imagine being proud of doing your basic job. Some of us don't get boba for making sure the doors are actually locked.,False
8,"""A stern military official representing a powerful nation who prioritizes national security and interests""",31.0,5,13,"@user_206 Imagine spending actual money on ""tactile feel"" for a keyboard. Some of us just need the keys to work without making a racket. Absolute waste of time.",False
8,"""A stern military official representing a powerful nation who prioritizes national security and interests""",31.0,6,13,"@user_610 Good for you. Some of us have to deal with systems that actually matter in the real world, not just alpha builds.",False
8,"""A stern military official representing a powerful nation who prioritizes national security and interests""",31.0,7,13,@user_472 Imagine thinking a mushroom makes a meal. It's just rice with a side of dirt. Get some real food.,False
8,"""A stern military official representing a powerful nation who prioritizes national security and interests""",31.0,8,13,"@user_302 Just quit then. If the data is wrong, fix it or get out of the way. Sitting there watching a cursor blink isn't a personality trait.",False
8,"""A stern military official representing a powerful nation who prioritizes national security and interests""",31.0,9,13,@user_19 Of course he did. Politicians love the cameras but can't handle the actual cleanup. Typical.,False
9,"""a Gen Z who is driven by instinct and emotions more than logic.""",57.0,0,14,why do people actually enjoy iced coffee in the winter? my hands are freezing and i still bought one just because the cup looked cute. i make zero sense.,False
9,"""a Gen Z who is driven by instinct and emotions more than logic.""",57.0,1,14,just spent an hour scrolling through clothes i can't afford while eating a bag of chips for dinner. the vibes are immaculate but my bank account is screaming.,False
9,"""a Gen Z who is driven by instinct and emotions more than logic.""",57.0,2,14,just tried to cook that pasta recipe from tiktok and somehow burned the water. i'm actually a disaster.,False
9,"""a Gen Z who is driven by instinct and emotions more than logic.""",57.0,3,14,@user_195 omg please i need to see this coat. i'm literally so bored i'll go anywhere as long as there's caffeine involved. count me in.,False
9,"""a Gen Z who is driven by instinct and emotions more than logic.""",57.0,4,14,anyone else just buy a gym membership because they liked the aesthetic of the lobby and then never actually go? i’ve been paying for three months and i still haven't seen a single treadmill.,False
9,"""a Gen Z who is driven by instinct and emotions more than logic.""",57.0,5,14,just spent 40 minutes picking a movie and now i'm too tired to actually watch it. i'm literally my own worst enemy.,False
9,"""a Gen Z who is driven by instinct and emotions more than logic.""",57.0,6,14,just spent two hours researching a hobby i'll probably quit by next tuesday. i really need to stop letting my mood dictate my entire personality.,False
9,"""a Gen Z who is driven by instinct and emotions more than logic.""",57.0,7,14,just spent my last twenty dollars on a blind box figure and it was a duplicate. i actually can't do this today.,False
9,"""a Gen Z who is driven by instinct and emotions more than logic.""",57.0,8,14,just spent twenty minutes arguing with a chatbot because it wouldn't let me use a promo code that expired in 2022. i'm actually losing my mind.,False
9,"""a Gen Z who is driven by instinct and emotions more than logic.""",57.0,9,14,"imagine having a ""team bonding"" event on a weekday. @user_45 literally just call in sick and go sleep. i'd rather do anything than fake a smile for four hours.",False
10,"""A small-town diner owner known for her home-style cooking and hesitation to go digital""",19.0,0,10,"Just saw another ""digital menu"" ad. If you can't read it on paper, you don't need to be eating it. Stick to the chalkboard.",False
10,"""A small-town diner owner known for her home-style cooking and hesitation to go digital""",19.0,1,10,@user_659 Just buy a loaf from a bakery. There is no reason to turn your kitchen into a disaster zone for a hobby.,False
10,"""A small-town diner owner known for her home-style cooking and hesitation to go digital""",19.0,2,10,@user_259 This sounds like something from a greeting card. Some of us actually have to work for a living.,False
10,"""A small-town diner owner known for her home-style cooking and hesitation to go digital""",19.0,3,10,"@user_0 Get some better help or fire the slackers. I don't have time to scrub someone else's mess, and neither do you.",False
10,"""A small-town diner owner known for her home-style cooking and hesitation to go digital""",19.0,4,10,My dishwasher broke again. I'm about two seconds away from just handing people the plates and telling them to wash their own.,False
10,"""A small-town diner owner known for her home-style cooking and hesitation to go digital""",19.0,5,10,@user_223 Imagine spending twenty minutes looking at a screen just to eat toast. Just walk into a building and ask for what you want.,False
10,"""A small-town diner owner known for her home-style cooking and hesitation to go digital""",19.0,6,10,"@user_89 At least your coffee was free. I'm spending my afternoon arguing with a supplier who thinks ""industry standard"" means sending me half-empty crates.",False
10,"""A small-town diner owner known for her home-style cooking and hesitation to go digital""",19.0,7,10,"@user_942 Exactly. This is why I don't do ""customer support"" portals. Just pick up a phone and talk to a human being for once.",False
10,"""A small-town diner owner known for her home-style cooking and hesitation to go digital""",19.0,8,10,"Another day of people asking for ""avocado toast"" in a town that barely has a grocery store. Just eat a piece of wheat bread and butter and move on with your life.",False
10,"""A small-town diner owner known for her home-style cooking and hesitation to go digital""",19.0,9,10,@user_1 Now that's actually sensible. Most people today just toss things the second a screw comes loose.,False
11,"""An avid fan of R. K. Laxman's art who is also a travel blogger specializing in cultural sites.""",49.0,0,11,Just saw a sketch that reminded me of Laxman's Common Man. It's wild how a few simple lines can make a whole society look ridiculous. Some things never change.,False
11,"""An avid fan of R. K. Laxman's art who is also a travel blogger specializing in cultural sites.""",49.0,1,11,"Been staring at this ""ancient"" temple brochure for an hour. Half the sites are just piles of rocks with a fancy name and a 20-dollar entry fee. Overrated.",False
11,"""An avid fan of R. K. Laxman's art who is also a travel blogger specializing in cultural sites.""",49.0,2,11,"Why is every ""hidden gem"" cafe in this city exactly the same? Industrial lighting, overpriced avocado toast, and the same three indie songs on loop. Boring.",False
11,"""An avid fan of R. K. Laxman's art who is also a travel blogger specializing in cultural sites.""",49.0,3,11,"Finally found a museum that doesn't try to ""curate"" the experience with annoying audio guides. Just me, some old paintings, and a very loud air conditioner. Bliss.",False
11,"""An avid fan of R. K. Laxman's art who is also a travel blogger specializing in cultural sites.""",49.0,4,11,"Just spent forty minutes trying to find the ""authentic"" artisan market. It's literally just a parking lot with three tents selling mass-produced magnets from China. Great.",False
11,"""An avid fan of R. K. Laxman's art who is also a travel blogger specializing in cultural sites.""",49.0,5,11,"Just tried that new ""immersive"" art exhibit downtown. It's basically just a projector and some smoke machines. Lazy way to call it art.",False
11,"""An avid fan of R. K. Laxman's art who is also a travel blogger specializing in cultural sites.""",49.0,6,11,"Just spent an hour reading a ""guide"" to the city's architecture. Turns out the author thinks any building with a pillar is ""neoclassical."" Absolute joke.",False
11,"""An avid fan of R. K. Laxman's art who is also a travel blogger specializing in cultural sites.""",49.0,7,11,"Just tried to visit that ""historic"" clock tower in the center. It's been stopped since 1994 and there's a vending machine blocking the main view. Peak tourism.",False
11,"""An avid fan of R. K. Laxman's art who is also a travel blogger specializing in cultural sites.""",49.0,8,11,"Just tried to watch that ""Must See"" documentary on the Renaissance. The narrator sounds like he's reading a grocery list and the B-roll is just stock footage of Italy. Total waste of two hours.",False
11,"""An avid fan of R. K. Laxman's art who is also a travel blogger specializing in cultural sites.""",49.0,9,11,"Just got back from a ""heritage walk"" where the guide spent more time talking about his cousin's real estate business than the actual buildings. Absolute waste of a Saturday.",False
12,"""A graduate student specializing in the history of furniture, assisting the curator with researching and selecting pieces for an upcoming exhibition""",42.0,0,12,"Why does every ""modern"" chair look like it was designed to punish whoever sits in it? Form over function is just a fancy way of saying it's uncomfortable.",False
12,"""A graduate student specializing in the history of furniture, assisting the curator with researching and selecting pieces for an upcoming exhibition""",42.0,1,12,"Just spent an hour arguing about whether a scratch on a table is ""patina"" or just poor maintenance. Some people will literally call a stain ""character"" just to avoid admitting they're clumsy.",False
12,"""A graduate student specializing in the history of furniture, assisting the curator with researching and selecting pieces for an upcoming exhibition""",42.0,2,12,"Just saw a ""vintage"" side table on Marketplace for 400 bucks that's literally just IKEA particle board with a faux wood peel-and-stick wrap. People really think they can just lie about materials and get away with it.",False
12,"""A graduate student specializing in the history of furniture, assisting the curator with researching and selecting pieces for an upcoming exhibition""",42.0,3,12,"Just saw someone try to sell a ""mid-century"" dresser that was clearly made in a factory last Tuesday. The lack of basic research people do before pricing things is actually impressive.",False
12,"""A graduate student specializing in the history of furniture, assisting the curator with researching and selecting pieces for an upcoming exhibition""",42.0,4,12,"Just spent twenty minutes trying to find a decent lamp that doesn't look like it belongs in a sterile hospital waiting room. Why is everything today either ""minimalist"" or just cheap plastic?",False
12,"""A graduate student specializing in the history of furniture, assisting the curator with researching and selecting pieces for an upcoming exhibition""",42.0,5,12,"My coffee machine just leaked all over the counter for the third time this week. I’m not even mad, I’m just impressed by how consistently garbage the build quality is on things these days.",False
12,"""A graduate student specializing in the history of furniture, assisting the curator with researching and selecting pieces for an upcoming exhibition""",42.0,6,12,"Just saw a ""luxury"" apartment listing where the ""historic charm"" is just peeling paint and a radiator that sounds like a dying animal. Absolute scam.",False
12,"""A graduate student specializing in the history of furniture, assisting the curator with researching and selecting pieces for an upcoming exhibition""",42.0,7,12,"My neighbor just bought a ""smart"" toaster that requires a wifi connection to brown a piece of bread. We've officially reached the peak of useless technology.",False
12,"""A graduate student specializing in the history of furniture, assisting the curator with researching and selecting pieces for an upcoming exhibition""",42.0,8,12,"Who decided that ""rustic"" means intentionally making a brand new table look like it was dragged through a swamp? I'm tired of paying extra for fake distress marks.",False
12,"""A graduate student specializing in the history of furniture, assisting the curator with researching and selecting pieces for an upcoming exhibition""",42.0,9,12,"Just tried a ""new"" recipe and it tasted like cardboard. I'm convinced every food blog just uses the same three bland ingredients and calls it gourmet.",False
13,"""A tax attorney who disagrees with the professor's views on tax policy""",55.0,0,13,"Just spent an hour reading a thread about ""ethical"" spending. Some people really think a few dollar donations fix systemic failures. Absolute joke.",False
13,"""A tax attorney who disagrees with the professor's views on tax policy""",55.0,1,13,"Just saw a ""life hack"" video on how to organize a pantry. Imagine having that much free time and zero actual problems in your life. Pathetic.",False
13,"""A tax attorney who disagrees with the professor's views on tax policy""",55.0,2,13,"Just spent forty minutes trying to find a decent parking spot only to find out the garage is closed for ""maintenance."" This city is a disaster.",False
13,"""A tax attorney who disagrees with the professor's views on tax policy""",55.0,3,13,My neighbor has been using a leaf blower at 7 AM for three days straight. Some people have absolutely no consideration for anyone else. Truly impressive levels of selfishness.,False
13,"""A tax attorney who disagrees with the professor's views on tax policy""",55.0,4,13,"Who actually enjoys these ""immersive"" art exhibits? It's just paying thirty bucks to walk through some LED lights and take a photo for Instagram. Total scam.",False
13,"""A tax attorney who disagrees with the professor's views on tax policy""",55.0,5,13,"Just read a review for that new ""smart"" toaster. Why does a kitchen appliance need an app and a subscription plan? We've officially run out of useful things to invent.",False
13,"""A tax attorney who disagrees with the professor's views on tax policy""",55.0,6,13,"@user_520 Must be nice. I spent my morning dealing with a guy who thinks ""creative accounting"" is a legal strategy. Some people are actually delusional.",False
13,"""A tax attorney who disagrees with the professor's views on tax policy""",55.0,7,13,"Just saw another ""wellness"" ad claiming that waking up at 5 AM solves everything. No, it just makes you tired and angry for fifteen hours. Some people love pretending they've hacked life.",False
13,"""A tax attorney who disagrees with the professor's views on tax policy""",55.0,8,13,"Just saw a headline about another ""once in a lifetime"" economic collapse. Every single week is a once in a lifetime event now. Give it a rest.",False
13,"""A tax attorney who disagrees with the professor's views on tax policy""",55.0,9,13,"Just saw a trailer for another superhero movie. Great, another two hours of CGI rubble and the same plot we've seen ten times. Why do people keep paying for this?",False
14,"""A former professional baseball player and a close friend of Nobe Kawano""",50.0,0,14,Just tried to fix the leak in the kitchen sink and ended up flooding half the floor. Some things are just better left to people who actually know what they're doing.,False
14,"""A former professional baseball player and a close friend of Nobe Kawano""",50.0,1,14,"@user_635 Honestly, everything is a cash grab now. Just stay home and avoid the crowds.",False
14,"""A former professional baseball player and a close friend of Nobe Kawano""",50.0,2,14,Why is every movie trailer now just a two-minute mashup of loud noises and quick cuts? I can't even tell what the plot is anymore. Just tell me if it's actually good or not.,False
14,"""A former professional baseball player and a close friend of Nobe Kawano""",50.0,3,14,Still can't believe they're charging fifteen bucks for a basic hot dog at the stadium now. Absolute robbery.,False
14,"""A former professional baseball player and a close friend of Nobe Kawano""",50.0,4,14,@user_458 Just play the game. Stop overthinking it and actually do your job for once.,False
14,"""A former professional baseball player and a close friend of Nobe Kawano""",50.0,5,14,@user_24 Must be nice. Some of us just get traffic and a headache from a long drive.,False
14,"""A former professional baseball player and a close friend of Nobe Kawano""",50.0,6,14,"Just spent an hour trying to find a decent pair of sneakers that don't feel like they're made of cardboard. Everything is ""performance"" this and ""tech"" that, but they just hurt my feet. Overpriced garbage.",False
14,"""A former professional baseball player and a close friend of Nobe Kawano""",50.0,7,14,Just spent twenty minutes trying to get this smart TV to connect to the wifi. Who decided we needed a manual for a television? Absolute waste of time.,False
14,"""A former professional baseball player and a close friend of Nobe Kawano""",50.0,8,14,"@user_768 Just call the plays and stop stressing the lines. If the players aren't listening, a different drawing isn't going to fix it.",False
14,"""A former professional baseball player and a close friend of Nobe Kawano""",50.0,9,14,@user_589 Get some better grips or a decent brace. Complaining about it doesn't make the pain go away.,False
15,"""An owner of a traditional supermarket chain resistant to implementing environmentally-friendly practices""",32.0,0,10,"Some genius is trying to tell me I need to stop using plastic bags to ""save the planet."" Like I'm going to hike my prices just so people can carry their groceries in a soggy paper bag. Get real.",False
15,"""An owner of a traditional supermarket chain resistant to implementing environmentally-friendly practices""",32.0,1,10,"Just spent twenty minutes arguing with a supplier about ""sustainable packaging."" I don't care if the cardboard is recycled from old newspapers, it's too flimsy for the canned goods. Common sense is dead.",False
15,"""An owner of a traditional supermarket chain resistant to implementing environmentally-friendly practices""",32.0,2,10,"Just saw a ""green"" organic market opening two blocks away. Good luck selling a single apple for five bucks to people who actually have to work for a living. They'll be bankrupt by Christmas.",False
15,"""An owner of a traditional supermarket chain resistant to implementing environmentally-friendly practices""",32.0,3,10,My AC is making this clicking sound that’s driving me insane. Just what I need on a Tuesday. I'm not paying a technician a hundred bucks just to tell me it's old.,False
15,"""An owner of a traditional supermarket chain resistant to implementing environmentally-friendly practices""",32.0,4,10,Why is every movie now just a three-hour long lecture on how the world is ending? Just give me a plot that makes sense for once.,False
15,"""An owner of a traditional supermarket chain resistant to implementing environmentally-friendly practices""",32.0,5,10,@user_20 Exactly. It’s all just theater to make them feel better while they waste everyone's time. Total joke.,False
15,"""An owner of a traditional supermarket chain resistant to implementing environmentally-friendly practices""",32.0,6,10,@user_103 Now that's how you do it. Let them believe the lie while you save on the water bill. Smart.,False
15,"""An owner of a traditional supermarket chain resistant to implementing environmentally-friendly practices""",32.0,7,10,"@user_378 For real. Now they want your email, your phone number, and your blood type just to buy a toaster. It's a complete waste of time.",False
15,"""An owner of a traditional supermarket chain resistant to implementing environmentally-friendly practices""",32.0,8,10,"Who decided that self-checkout is a ""convenience""? I've spent the last hour watching people struggle with a bunch of bananas while the one employee on duty stares blankly at the wall. Total disaster.",False
15,"""An owner of a traditional supermarket chain resistant to implementing environmentally-friendly practices""",32.0,9,10,Just spent an hour on hold with the city regarding a parking permit. I pay more in taxes than the guy on the other end makes in a year and he can't even find my file. Absolutely pathetic.,False
16,"""A talented cinematographer who helps film and edit the YouTuber's sketches""",49.0,0,11,Just spent three hours trying to get the lighting right for a scene that’ll probably get cut in the first edit. Waste of a Tuesday.,False
16,"""A talented cinematographer who helps film and edit the YouTuber's sketches""",49.0,1,11,"Why does every ""must-watch"" movie trailer now look like it was edited by a toddler on a sugar rush? Just give me a scene that lasts longer than two seconds.",False
16,"""A talented cinematographer who helps film and edit the YouTuber's sketches""",49.0,2,11,"@user_849 literally this. I’m so tired of ""minimalism"" just being a excuse for lazy designers to make things unreadable. My eyes actually hurt.",False
16,"""A talented cinematographer who helps film and edit the YouTuber's sketches""",49.0,3,11,"Just saw another ""cinematic"" vlog where the cameraman forgot how to use a tripod. My head is actually spinning.",False
16,"""A talented cinematographer who helps film and edit the YouTuber's sketches""",49.0,4,11,Does anyone else hate it when a coffee shop has those industrial lights that make you look like a zombie? I can't even enjoy a latte without feeling like I'm in a cheap hospital waiting room.,False
16,"""A talented cinematographer who helps film and edit the YouTuber's sketches""",49.0,5,11,"Just tried to watch that new horror flick and the color grading is so aggressive everything looks neon green. Like, we get it, it's supposed to be creepy, but I just have a headache now.",False
16,"""A talented cinematographer who helps film and edit the YouTuber's sketches""",49.0,6,11,Just spent forty minutes trying to find a decent parking spot only to realize I left my charger at home. This day is already a joke.,False
16,"""A talented cinematographer who helps film and edit the YouTuber's sketches""",49.0,7,11,@user_848 Just leave it. Why bother cleaning up a mess that isn't yours to fix? Let the warehouse sink.,False
16,"""A talented cinematographer who helps film and edit the YouTuber's sketches""",49.0,8,11,"Just tried to use a new ""smart"" app for scheduling and it crashed three times in ten minutes. I'm going back to a physical notebook before I throw my phone across the room.",False
16,"""A talented cinematographer who helps film and edit the YouTuber's sketches""",49.0,9,11,Just tried to order a burger through a kiosk and the UI is a disaster. I spent five minutes just trying to find the option for no onions. Who actually tests this stuff?,False
17,"""A local energy efficiency program coordinator, promoting incentives and rebates for energy-saving upgrades""",35.0,0,12,Just spent an hour explaining the same rebate form to someone who clearly wasn't listening. I don't get paid enough to be a human manual.,False
17,"""A local energy efficiency program coordinator, promoting incentives and rebates for energy-saving upgrades""",35.0,1,12,"Why is every ""smart"" appliance actually just a way for the manufacturer to spy on you while the interface lags? I'm about two seconds away from buying a manual toaster from 1985.",False
17,"""A local energy efficiency program coordinator, promoting incentives and rebates for energy-saving upgrades""",35.0,2,12,"Every time I see a ""limited time offer"" ad it's the same fake countdown clock. Just tell me the price and stop trying to trick me into panic buying.",False
17,"""A local energy efficiency program coordinator, promoting incentives and rebates for energy-saving upgrades""",35.0,3,12,"@user_22 I’ve been there. Honestly, just leaving the laptop closed is the only winning move in that situation. Let them wait.",False
17,"""A local energy efficiency program coordinator, promoting incentives and rebates for energy-saving upgrades""",35.0,4,12,Just spent twenty minutes trying to find a parking spot and ended up three blocks away. Some people really think the lines are just suggestions.,False
17,"""A local energy efficiency program coordinator, promoting incentives and rebates for energy-saving upgrades""",35.0,5,12,@user_904 must be nice. Some of us are just fueled by caffeine and the hope that the printer doesn't jam for the tenth time today.,False
17,"""A local energy efficiency program coordinator, promoting incentives and rebates for energy-saving upgrades""",35.0,6,12,@user_619 preach. People spend a fortune on gear thinking it'll magically fix their lack of skill. it's embarrassing.,False
17,"""A local energy efficiency program coordinator, promoting incentives and rebates for energy-saving upgrades""",35.0,7,12,"Does anyone actually read the terms and conditions for these streaming services, or do we all just click agree and hope we aren't selling our souls for a 10% discount? Probably the latter.",False
17,"""A local energy efficiency program coordinator, promoting incentives and rebates for energy-saving upgrades""",35.0,8,12,"Just tried to order a ""healthy"" bowl and they charged me extra for avocado that was basically brown mush. I'm tired of paying a premium for food that looks like it was stepped on.",False
17,"""A local energy efficiency program coordinator, promoting incentives and rebates for energy-saving upgrades""",35.0,9,12,"@user_791 please stop with the ""sunshine"" posts. some of us are just trying to get through a Tuesday without everything breaking.",False
18,"""A resident of the city affected by construction pollution, seeking guidance on filing complaints""",60.0,0,13,Does anyone actually know which city office handles the construction dust complaints? My windows are permanently gray and the hotline just puts me on hold for twenty minutes. Typical.,False
18,"""A resident of the city affected by construction pollution, seeking guidance on filing complaints""",60.0,1,13,"Just tried to wipe my counter and it's literally just a layer of grit. I'm not even surprised anymore, just annoyed. This city is a joke.",False
18,"""A resident of the city affected by construction pollution, seeking guidance on filing complaints""",60.0,2,13,@user_707 imagine spending two days on sensors just for the dust to break them. That's basically my entire existence in this neighborhood right now.,False
18,"""A resident of the city affected by construction pollution, seeking guidance on filing complaints""",60.0,3,13,"@user_458 join the club. Everything in this city is either broken or covered in concrete powder. Just give up on the maintenance team, they don't exist.",False
18,"""A resident of the city affected by construction pollution, seeking guidance on filing complaints""",60.0,4,13,@user_239 must be nice to live in a place where things actually get fixed. Meanwhile I'm just watching a pile of rubble grow on my street.,False
18,"""A resident of the city affected by construction pollution, seeking guidance on filing complaints""",60.0,5,13,"Just saw another ""Caution"" sign go up on the corner. Great, more plastic barriers to collect dust while they do absolutely nothing. This neighborhood is a wasteland.",False
18,"""A resident of the city affected by construction pollution, seeking guidance on filing complaints""",60.0,6,13,@user_328 at least you're getting paid to move the dirt. I'm just breathing it in for free.,False
18,"""A resident of the city affected by construction pollution, seeking guidance on filing complaints""",60.0,7,13,Just spent an hour scrubbing the porch only for a truck to drive by and coat everything again. I'm actually losing it.,False
18,"""A resident of the city affected by construction pollution, seeking guidance on filing complaints""",60.0,8,13,Just tried to open my window for some air and a cloud of gray soot basically slapped me in the face. I'm genuinely convinced the city is trying to bury us alive.,False
18,"""A resident of the city affected by construction pollution, seeking guidance on filing complaints""",60.0,9,13,@user_134 must be nice to have things actually work for once. Some of us are still waiting for the basics to not be a disaster.,False
19,"""a representative of New Zealand women's police association""",22.0,0,14,Just spent an hour trying to find a parking spot that isn't a mile away from the entrance. Absolute joke.,False
19,"""a representative of New Zealand women's police association""",22.0,1,14,"Who actually believes those ""life hack"" videos? I tried the one for organizing cables and now I just have a bigger mess and a headache. Waste of time.",False
19,"""a representative of New Zealand women's police association""",22.0,2,14,"Why is every single coffee shop in this city suddenly ""cashless""? Some of us actually prefer using money that exists. Such a hassle.",False
19,"""a representative of New Zealand women's police association""",22.0,3,14,My neighbor’s dog has been barking at a fence post for three hours straight. Some animals have way too much free time.,False
19,"""a representative of New Zealand women's police association""",22.0,4,14,Does anyone else find it impossible to get a decent haircut these days? Paid fifty bucks for someone to just hack at my hair while talking about their weekend. Absolute rip-off.,False
19,"""a representative of New Zealand women's police association""",22.0,5,14,"Another day, another ""urgent"" email that could have been a two-sentence text. Some people really love the sound of their own typing.",False
19,"""a representative of New Zealand women's police association""",22.0,6,14,"Just tried that new ""healthy"" smoothie place. Tastes like blended grass and costs twelve dollars. I'll stick to actual food, thanks.",False
19,"""a representative of New Zealand women's police association""",22.0,7,14,@user_235 Must be nice to have twenty minutes to stare at a bee. Some of us actually have a to-do list that doesn't involve admiring nature.,False
19,"""a representative of New Zealand women's police association""",22.0,8,14,Why is every single movie trailer now just one long montage of loud bass drops and two seconds of actual plot? Just tell me what the movie is about instead of giving me a migraine.,False
19,"""a representative of New Zealand women's police association""",22.0,9,14,"Is it just me or is every ""smart"" appliance actually just a way to make simple tasks take ten times longer? I don't need my toaster to have a WiFi connection. Just toast the bread.",False
20,"""A refugee who has experienced the benefits of group therapy for war trauma""",59.0,0,10,Finally found a decent coffee spot that doesn't overcharge for oat milk. Small win for a Tuesday.,False
20,"""A refugee who has experienced the benefits of group therapy for war trauma""",59.0,1,10,Just spent an hour trying to assemble this shelf and I'm pretty sure the instructions are written in a different language. I'm about two screws away from just leaving it as a pile of wood on the floor.,False
20,"""A refugee who has experienced the benefits of group therapy for war trauma""",59.0,2,10,Why is every app update just a way to move the buttons and make everything harder to find? I'm tired of relearning how to use my own phone every two weeks.,False
20,"""A refugee who has experienced the benefits of group therapy for war trauma""",59.0,3,10,@user_79 Local bookstores are basically museums of things nobody wants anymore. I’m just glad my e-reader doesn't take up half the living room.,False
20,"""A refugee who has experienced the benefits of group therapy for war trauma""",59.0,4,10,"Just saw a trailer for that new sci-fi movie and it looks completely ridiculous. No way the physics work like that, but I'll probably still pay to see it just to complain about it.",False
20,"""A refugee who has experienced the benefits of group therapy for war trauma""",59.0,5,10,@user_823 Exactly. Everything is just a loud version of something that was actually good twenty years ago. There's no originality left.,False
20,"""A refugee who has experienced the benefits of group therapy for war trauma""",59.0,6,10,"@user_794 This sounds like a LinkedIn post that someone spent three hours drafting to look ""spontaneous."" Some people just love bragging about their networking skills.",False
20,"""A refugee who has experienced the benefits of group therapy for war trauma""",59.0,7,10,"@user_902 we've all been there. The ""professional"" mask is the most exhausting part of the day.",False
20,"""A refugee who has experienced the benefits of group therapy for war trauma""",59.0,8,10,@user_254 maybe just stop trying to perform then. It's way less exhausting when you realize nobody is actually paying that much attention to you anyway.,False
20,"""A refugee who has experienced the benefits of group therapy for war trauma""",59.0,9,10,@user_901 just wear a hoodie and turn the thermostat down. Being dramatic about a bill isn't going to make the money appear in your account.,False
21,"""A senior web developer who has contributed to the DefinitelyTyped project before.""",41.0,0,11,Just spent two hours trying to figure out why a library update broke everything only to realize it was a typo in a config file. I'm actually losing my mind.,False
21,"""A senior web developer who has contributed to the DefinitelyTyped project before.""",41.0,1,11,"Why is every ""simple"" app these days 400MB? It's literally a calculator. The bloat is actually impressive at this point.",False
21,"""A senior web developer who has contributed to the DefinitelyTyped project before.""",41.0,2,11,@user_912 Imagine thinking a yoga class fixes everything. Some of us just have a job that keeps us hunched over for 10 hours a day. Enjoy your endorphins.,False
21,"""A senior web developer who has contributed to the DefinitelyTyped project before.""",41.0,3,11,My neighbor has been mowing his lawn at 7 AM for three days straight. Some people actually have nothing better to do with their lives. Ridiculous.,False
21,"""A senior web developer who has contributed to the DefinitelyTyped project before.""",41.0,4,11,Just saw a trailer for that new sci-fi movie and the CGI looks like it was rendered on a toaster. How do they get a budget that big and still make the effects look this cheap?,False
21,"""A senior web developer who has contributed to the DefinitelyTyped project before.""",41.0,5,11,Just tried to order a pizza and the app crashed three times. Who is even testing these things? Absolute garbage.,False
21,"""A senior web developer who has contributed to the DefinitelyTyped project before.""",41.0,6,11,"Just tried that new ""smart"" coffee machine and it requires a firmware update before it'll brew a cup. It's a pot of water. Just let me have caffeine without a login screen.",False
21,"""A senior web developer who has contributed to the DefinitelyTyped project before.""",41.0,7,11,Just tried to watch that new series everyone's talking about and the plot is basically a recycled soap opera with a higher budget. Boring as hell.,False
21,"""A senior web developer who has contributed to the DefinitelyTyped project before.""",41.0,8,11,"Just spent forty minutes trying to assemble a ""simple"" shelf from IKEA. The instructions are a joke and I'm pretty sure they missed a screw in the box. Waste of a Saturday.",False
21,"""A senior web developer who has contributed to the DefinitelyTyped project before.""",41.0,9,11,"@user_741 It's just another Tuesday. Designers think ""minimalism"" means hiding every useful button behind three different menus. It's not a mystery game, it's a tool.",False
22,"""An older individual who doesn't use technology much but loves children's games and ballet""",49.0,0,12,Just saw a clip of Giselle and the footwork is still impressive. Most of these new dancers rush the tempo too much. They have no patience.,False
22,"""An older individual who doesn't use technology much but loves children's games and ballet""",49.0,1,12,"Spent the afternoon playing marbles with the neighbor's grandkids. They can't stay focused for five minutes, but at least they aren't staring at a screen the whole time.",False
22,"""An older individual who doesn't use technology much but loves children's games and ballet""",49.0,2,12,"Tried to organize a game of hide and seek with the kids today. They just stood there waiting for a ""timer"" to go off. Ridiculous.",False
22,"""An older individual who doesn't use technology much but loves children's games and ballet""",49.0,3,12,Tried to explain the rules of Hopscotch to the kids today. One of them asked if there was an app for it. I nearly gave up right then and there.,False
22,"""An older individual who doesn't use technology much but loves children's games and ballet""",49.0,4,12,Just tried to put together a puzzle and the pieces don't even fit right. Cheaply made garbage. Everything is just a rush to sell something that doesn't work.,False
22,"""An older individual who doesn't use technology much but loves children's games and ballet""",49.0,5,12,"Who actually cares about ""innovation"" when you can't even make a decent pair of pointe shoes anymore? Everything is just plastic and shortcuts these days.",False
22,"""An older individual who doesn't use technology much but loves children's games and ballet""",49.0,6,12,"Just tried to find a local theater that still does the classics properly. Every listing is for some ""modern reimagining."" I don't want a reimagining, I want it done right.",False
22,"""An older individual who doesn't use technology much but loves children's games and ballet""",49.0,7,12,Just tried to read a digital program for the show tonight. The font is tiny and the screen keeps flickering. Give me a printed booklet or don't bother.,False
22,"""An older individual who doesn't use technology much but loves children's games and ballet""",49.0,8,12,"Found a box of old jacks in the attic. Spent an hour trying to remember the rhymes, but I can't get the words right. Everything just slips away.",False
22,"""An older individual who doesn't use technology much but loves children's games and ballet""",49.0,9,12,Tried to play a game of Pat-a-Cake with the great-grandkids. They just stared at me like I was speaking a foreign language. What happened to simple things?,False
23,"""a childhood resident of Sopchoppy now living elsewhere""",32.0,0,13,Just saw a photo of the harbor back home and it looks smaller than I remember. Everything feels shrunk and outdated.,False
23,"""a childhood resident of Sopchoppy now living elsewhere""",32.0,1,13,Just spent twenty minutes trying to find a decent seafood place in this city. Everything tastes like frozen cardboard and sadness. I'm actually disgusted.,False
23,"""a childhood resident of Sopchoppy now living elsewhere""",32.0,2,13,"Why is every single ""modern"" apartment building the exact same shade of grey? Living in a concrete box is not an aesthetic, it's just boring.",False
23,"""a childhood resident of Sopchoppy now living elsewhere""",32.0,3,13,"@user_940 honestly just stop replying. most people aren't listening anyway, they're just waiting for their turn to talk.",False
23,"""a childhood resident of Sopchoppy now living elsewhere""",32.0,4,13,@user_839 lol why do people actually think a different piece of rubber is gonna fix their lack of talent? just admit you're bad at the game and move on.,False
23,"""a childhood resident of Sopchoppy now living elsewhere""",32.0,5,13,"Just spent an hour scrolling through ""life hacks"" for cleaning a microwave. Imagine being this bored with your own existence.",False
23,"""a childhood resident of Sopchoppy now living elsewhere""",32.0,6,13,@user_46 imagine being that lazy. just pick up the cookies and move on with your day.,False
23,"""a childhood resident of Sopchoppy now living elsewhere""",32.0,7,13,"@user_574 stop trying to be deep. it's just a mirror, go wash your face or something.",False
23,"""a childhood resident of Sopchoppy now living elsewhere""",32.0,8,13,"@user_755 must be nice to live in a fantasy world where ""momentum"" actually exists. some of us are just dealing with the actual mess.",False
23,"""a childhood resident of Sopchoppy now living elsewhere""",32.0,9,13,"Why is every single app update just a way to hide the settings menu? I don't want a ""streamlined experience,"" I just want to find the mute button without a scavenger hunt.",False
24,"""a devoted fan of Luísa Sonza from Brazil""",63.0,0,14,Luísa Sonza really doesn't miss with the vocals. I've had the same song on loop for three hours and I'm still not tired of it.,False
24,"""a devoted fan of Luísa Sonza from Brazil""",63.0,1,14,"Why does every single ""recommendation"" on my feed look like a low-budget commercial? Just let me find some actual music without the algorithm trying to sell me a lifestyle.",False
24,"""a devoted fan of Luísa Sonza from Brazil""",63.0,2,14,Just saw the setlist for the next show and I’m actually stressing about how I'm going to survive the transition between the slow songs and the dance tracks. My lungs aren't ready.,False
24,"""a devoted fan of Luísa Sonza from Brazil""",63.0,3,14,"Just saw a ""top 10"" list of the best pop vocals of the year and Luísa isn't even in the top five. Some people actually have no ears. Absolute joke.",False
24,"""a devoted fan of Luísa Sonza from Brazil""",63.0,4,14,"Seriously, who is still using these outdated filters on their photos? It makes everything look like a 2014 fever dream. Just post the raw pic and move on.",False
24,"""a devoted fan of Luísa Sonza from Brazil""",63.0,5,14,"@user_734 imagine actually wanting to go outside and deal with bugs and dirt on purpose. I'll stay in my room with my headphones on, thanks.",False
24,"""a devoted fan of Luísa Sonza from Brazil""",63.0,6,14,Does anyone actually like the taste of oat milk or are we all just pretending for the aesthetic? It tastes like wet cardboard. Stop lying.,False
24,"""a devoted fan of Luísa Sonza from Brazil""",63.0,7,14,Just tried that new cafe downtown and the coffee is mid at best. Overpriced water with a hint of bean. Never going back.,False
24,"""a devoted fan of Luísa Sonza from Brazil""",63.0,8,14,Why is my timeline full of people acting like they're in a gothic novel? It's actually exhausting to read. Go touch some grass or something.,False
24,"""a devoted fan of Luísa Sonza from Brazil""",63.0,9,14,"I can't believe some people still think leather jackets are a personality trait. It's a piece of clothing, not a character arc. Get a hobby.",False
25,"""A retired sociologist based in the United States who advocates for society to confront and dismantle systemic racism.""",46.0,0,10,"Just watched that new historical drama and the ""research"" was a joke. They completely sanitized the conflict to make it palatable. Boring and dishonest.",False
25,"""A retired sociologist based in the United States who advocates for society to confront and dismantle systemic racism.""",46.0,1,10,"Why is every ""smart"" appliance designed to break the second the warranty expires? Just bought a toaster that needs a WiFi connection to brown bread. Absolute garbage.",False
25,"""A retired sociologist based in the United States who advocates for society to confront and dismantle systemic racism.""",46.0,2,10,"@user_229 streaming it is one thing, but don't pretend the access is equal. Some people are still fighting for basic funding in school music programs while you're ""losing yourself"" in jazz.",False
25,"""A retired sociologist based in the United States who advocates for society to confront and dismantle systemic racism.""",46.0,3,10,"Another day of people pretending that ""meritocracy"" is a real thing. It's just a convenient fairy tale for people who didn't have to fight for a seat at the table.",False
25,"""A retired sociologist based in the United States who advocates for society to confront and dismantle systemic racism.""",46.0,4,10,@user_881 exactly. These productivity gurus are just selling a fantasy to people who don't have actual responsibilities. Imagine thinking sleep is an optional luxury.,False
25,"""A retired sociologist based in the United States who advocates for society to confront and dismantle systemic racism.""",46.0,5,10,@user_88 The only thing that hasn't changed since the 1890s is people in power complaining about minor inconveniences while everyone else does the actual work.,False
25,"""A retired sociologist based in the United States who advocates for society to confront and dismantle systemic racism.""",46.0,6,10,Just spent twenty minutes trying to navigate a government website that looks like it was built in 1998. Absolute nightmare. Why is basic accessibility always the last priority?,False
25,"""A retired sociologist based in the United States who advocates for society to confront and dismantle systemic racism.""",46.0,7,10,@user_410 spot on. They call it urban development but it's really just a way to drive up property taxes and push out everyone who actually lived there. Total scam.,False
25,"""A retired sociologist based in the United States who advocates for society to confront and dismantle systemic racism.""",46.0,8,10,@user_279 Blockchain for parchments is the most desperate attempt to sound innovative I've ever heard. Just admit you have no actual thesis and want a grant.,False
25,"""A retired sociologist based in the United States who advocates for society to confront and dismantle systemic racism.""",46.0,9,10,@user_875 Stop with the poetry. You're just not sleeping. Try turning off your phone for once.,False
26,"""A cybersecurity expert who acts as a technical consultant, providing insights on how the breach occurred and the potential damages caused""",40.0,0,11,Just spent two hours trying to find a decent movie to watch and ended up just scrolling through the menu until I fell asleep. Truly a peak Friday night.,False
26,"""A cybersecurity expert who acts as a technical consultant, providing insights on how the breach occurred and the potential damages caused""",40.0,1,11,@user_834 Probably just a dead battery or a bad config. Everything is built so cheap now just to hit a deadline.,False
26,"""A cybersecurity expert who acts as a technical consultant, providing insights on how the breach occurred and the potential damages caused""",40.0,2,11,@user_425 Just delete the function and pretend it never happened. Your instructor probably doesn't even know how it works.,False
26,"""A cybersecurity expert who acts as a technical consultant, providing insights on how the breach occurred and the potential damages caused""",40.0,3,11,"@user_91 The ""slow down"" thing sounds great until you realize you're just wasting time. I'd rather just buy a new shirt.",False
26,"""A cybersecurity expert who acts as a technical consultant, providing insights on how the breach occurred and the potential damages caused""",40.0,4,11,@user_888 Exactly. Everyone acts like a buyout is a life-changing event when it's usually just a different set of managers telling you to do the same boring work.,False
26,"""A cybersecurity expert who acts as a technical consultant, providing insights on how the breach occurred and the potential damages caused""",40.0,5,11,"Why do people keep buying these ""smart"" appliances? I just want a toaster that toasts bread, not one that requires a firmware update and a 20-page privacy agreement.",False
26,"""A cybersecurity expert who acts as a technical consultant, providing insights on how the breach occurred and the potential damages caused""",40.0,6,11,"Still waiting for this ""next-gen"" wireless charger to actually work. I'm basically paying a premium to have my phone charge 10% slower than a cable from 2015. Garbage.",False
26,"""A cybersecurity expert who acts as a technical consultant, providing insights on how the breach occurred and the potential damages caused""",40.0,7,11,@user_991 Imagine being this excited about glue. Some of us are just trying to get through Wednesday without getting a headache.,False
26,"""A cybersecurity expert who acts as a technical consultant, providing insights on how the breach occurred and the potential damages caused""",40.0,8,11,@user_427 Exactly. It's always some useless cosmetic update while the actual infrastructure is falling apart. Classic.,False
26,"""A cybersecurity expert who acts as a technical consultant, providing insights on how the breach occurred and the potential damages caused""",40.0,9,11,"Just spent forty minutes trying to get a ""smart"" lightbulb to connect to the wifi. I'm literally sitting in the dark because a piece of plastic is having a mood swing. Ridiculous.",False
27,"""An amateur butterfly enthusiast who works as a full-time software developer""",29.0,0,12,Spent an hour trying to get the printer to work and now I just want to throw the whole desk out the window. Absolute garbage hardware.,False
27,"""An amateur butterfly enthusiast who works as a full-time software developer""",29.0,1,12,"Just spent thirty bucks on a ""premium"" nectar mix for the garden and the butterflies aren't even touching it. Waste of money.",False
27,"""An amateur butterfly enthusiast who works as a full-time software developer""",29.0,2,12,"@user_422 just let it buzz. Filling out a ticket is a joke anyway because they'll just say it's ""within spec"" and do nothing.",False
27,"""An amateur butterfly enthusiast who works as a full-time software developer""",29.0,3,12,@user_623 mood. I've spent the last two hours staring at a bug that shouldn't even exist. Everything is a mess.,False
27,"""An amateur butterfly enthusiast who works as a full-time software developer""",29.0,4,12,@user_206 imagine thinking a script fixes the lack of will to actually do the work. Just keep staring at the screen until it flickers.,False
27,"""An amateur butterfly enthusiast who works as a full-time software developer""",29.0,5,12,@user_637 honestly just mute the notifications and pretend the meeting didn't happen. People are exhausting.,False
27,"""An amateur butterfly enthusiast who works as a full-time software developer""",29.0,6,12,@user_758 must be nice to actually get something done in a day. Some of us are still fighting with a codebase that feels like it was written by a toddler.,False
27,"""An amateur butterfly enthusiast who works as a full-time software developer""",29.0,7,12,@user_357 imagine romanticizing sitting in a metal box on a highway. Some of us just want to get home without losing more brain cells.,False
27,"""An amateur butterfly enthusiast who works as a full-time software developer""",29.0,8,12,"Just saw a video of someone using a ""smart"" bird feeder that sends alerts to your phone. Who is actually paying for this? Just go outside and look at the bird.",False
27,"""An amateur butterfly enthusiast who works as a full-time software developer""",29.0,9,12,@user_939 and this is exactly why I stop explaining things. Just let the site crash and tell them it's a server issue. They wouldn't know a protocol from a grocery list.,False
28,"""A fellow parent who runs a popular blog about baby gear and reviews the latest car seat models""",49.0,0,13,Just spent an hour trying to install the newest rotating car seat and I’m convinced the manual was written as a prank. Who actually thinks this clip is easy to reach? My back is killing me.,False
28,"""A fellow parent who runs a popular blog about baby gear and reviews the latest car seat models""",49.0,1,13,Just spent forty minutes hunting for a specific type of sippy cup lid at three different stores. Absolute waste of gas. Why is everything designed to be non-interchangeable now?,False
28,"""A fellow parent who runs a popular blog about baby gear and reviews the latest car seat models""",49.0,2,13,"Why is every ""organic"" snack brand now using packaging that requires a chainsaw to open? I just wanted a granola bar, not a workout.",False
28,"""A fellow parent who runs a popular blog about baby gear and reviews the latest car seat models""",49.0,3,13,"Does anyone else feel like the ""easy-clean"" fabric on these high chairs is actually just a magnet for stains? I scrubbed for ten minutes and it still looks like a crime scene. Total lie.",False
28,"""A fellow parent who runs a popular blog about baby gear and reviews the latest car seat models""",49.0,4,13,"Just tried that ""smart"" baby monitor everyone is raving about. It sent me three alerts for ""movement"" while the room was empty. Great, now I can be anxious about ghosts too.",False
28,"""A fellow parent who runs a popular blog about baby gear and reviews the latest car seat models""",49.0,5,13,"Just saw the price of that new adaptive stroller and I actually laughed. $1,200 for some extra wheels and a cup holder? Absolute robbery.",False
28,"""A fellow parent who runs a popular blog about baby gear and reviews the latest car seat models""",49.0,6,13,"Why is every ""educational"" toy now just a loud plastic box that beeps every five seconds? I don't want my kid to learn colors if it means I have to hear that song on loop all day.",False
28,"""A fellow parent who runs a popular blog about baby gear and reviews the latest car seat models""",49.0,7,13,"Just spent an hour scrolling through ""best"" vacuum reviews and they all say the same thing. Every single one is just a paid ad in disguise. I'll just keep using my old one until it literally explodes.",False
28,"""A fellow parent who runs a popular blog about baby gear and reviews the latest car seat models""",49.0,8,13,"Just saw a ""life hack"" video for organizing a pantry that involved buying ten different sized plastic bins. Like I have the time or the space to turn my kitchen into a storage unit. Just put the cereal in the cupboard.",False
28,"""A fellow parent who runs a popular blog about baby gear and reviews the latest car seat models""",49.0,9,13,"Who decided that ""silent"" dishwashers should still make a loud grinding noise every time they hit the rinse cycle? I can literally hear it from the other room. Waste of money.",False
29,"""a fan of huge football corporations like Manchester United or Barcelona F.C.""",63.0,0,14,"Imagine paying that much for a ticket just to watch a bunch of overpaid players walk around the pitch for 90 minutes. Honestly, watching the highlights is the only way to save your sanity.",False
29,"""a fan of huge football corporations like Manchester United or Barcelona F.C.""",63.0,1,14,"Why does every single ""tactical"" change these days just mean playing five defenders and praying for a draw? It's boring as hell. Professional football has become a chore to watch.",False
29,"""a fan of huge football corporations like Manchester United or Barcelona F.C.""",63.0,2,14,Another week of the board pretending they have a plan while the squad just looks lost. It's actually impressive how they manage to fail in the same way every single season.,False
29,"""a fan of huge football corporations like Manchester United or Barcelona F.C.""",63.0,3,14,Just saw the new kit leak. Imagine charging $120 for a polyester shirt that looks like a pajama set. Absolute joke.,False
29,"""a fan of huge football corporations like Manchester United or Barcelona F.C.""",63.0,4,14,"Why is every ""legend"" coming out of retirement these days? Just stay retired. Watching a 38-year-old struggle to track back for 15 minutes isn't a comeback, it's a paycheck grab.",False
29,"""a fan of huge football corporations like Manchester United or Barcelona F.C.""",63.0,5,14,"If I see one more ""exclusive"" transfer rumor from some random account with a checkmark, I'm deleting this app. Half these players don't even want to move, they're just baiting clicks for engagement.",False
29,"""a fan of huge football corporations like Manchester United or Barcelona F.C.""",63.0,6,14,"Why is every single match now just a battle of who makes the fewest mistakes? Nobody actually tries to play football anymore, they just pass it sideways for an hour. Absolute snooze fest.",False
29,"""a fan of huge football corporations like Manchester United or Barcelona F.C.""",63.0,7,14,"Just saw the lineup for tomorrow. They’re actually starting him again. I can't even be surprised anymore, just genuinely annoyed that we keep doing this.",False
29,"""a fan of huge football corporations like Manchester United or Barcelona F.C.""",63.0,8,14,Who actually watches the pre-match analysis? It's just two guys in suits guessing what's going to happen based on a few clips from three years ago. Total waste of time.,False
29,"""a fan of huge football corporations like Manchester United or Barcelona F.C.""",63.0,9,14,"Every ""world class"" signing we've made in the last five years has just been a way to sell more shirts in Asia. The actual quality on the pitch is nonexistent.",False
30,"""A healthcare professional from another town who follows and shares the activist's social media campaigns""",50.0,0,10,Why is every single app update designed to make the interface more confusing? I just want to check my notifications without playing a game of hide-and-seek. Absolute garbage design.,False
30,"""A healthcare professional from another town who follows and shares the activist's social media campaigns""",50.0,1,10,@user_300 exactly. Everything is a subscription or a cloud sync now. Give me a physical dial and a power switch any day.,False
30,"""A healthcare professional from another town who follows and shares the activist's social media campaigns""",50.0,2,10,Just spent an hour trying to find a decent recipe for dinner and ended up just eating cereal. I can't deal with these food blogs that write a whole autobiography before getting to the ingredients.,False
30,"""A healthcare professional from another town who follows and shares the activist's social media campaigns""",50.0,3,10,"@user_987 honestly, town halls are just theater for people who love hearing themselves talk. Waste of a Tuesday.",False
30,"""A healthcare professional from another town who follows and shares the activist's social media campaigns""",50.0,4,10,"Why is it that every movie trailer now sounds like a loud, distorted air raid siren? I can't tell if there's a plot or if the editor just discovered the bass boost button. Boring.",False
30,"""A healthcare professional from another town who follows and shares the activist's social media campaigns""",50.0,5,10,I honestly can't tell if the local gym is actually open or if the hours on the door are just a suggestion. Stopped by twice and the lights were off both times. Ridiculous.,False
30,"""A healthcare professional from another town who follows and shares the activist's social media campaigns""",50.0,6,10,"@user_126 Finally someone said it. All these ""optimization"" apps just give you more work to do to track the work you're actually supposed to be doing. It's a joke.",False
30,"""A healthcare professional from another town who follows and shares the activist's social media campaigns""",50.0,7,10,"Every time I try to book a flight, the site crashes the second I hit checkout. I’m not paying a convenience fee for the privilege of refreshing my browser ten times. Complete joke.",False
30,"""A healthcare professional from another town who follows and shares the activist's social media campaigns""",50.0,8,10,"Why is the ""fast lane"" at the grocery store always the one where the card reader decides to stop working? I've been standing here for ten minutes while the cashier restarts the machine. Pathetic.",False
30,"""A healthcare professional from another town who follows and shares the activist's social media campaigns""",50.0,9,10,"Anyone else tired of ""smart"" light bulbs that need a firmware update just to turn on? I'm sitting in the dark because my lamp is downloading a patch. What a waste of time.",False
31,"""A supplier of raw materials with competitive pricing, but questionable environmental practices""",30.0,0,11,"Just saw another ""sustainable"" startup charging triple for the same grade of steel. Absolute joke. Imagine paying a premium for a fancy label.",False
31,"""A supplier of raw materials with competitive pricing, but questionable environmental practices""",30.0,1,11,"@user_156 lol ""patina."" Just buy the cheap stuff and paint over it. Nobody actually cares about the quality as long as it looks okay in the brochure.",False
31,"""A supplier of raw materials with competitive pricing, but questionable environmental practices""",30.0,2,11,@user_959 exactly. People want the newest tech for pennies and then act shocked when the quality drops. Stop whining and pay the market rate or just don't buy it.,False
31,"""A supplier of raw materials with competitive pricing, but questionable environmental practices""",30.0,3,11,Just spent an hour on hold with the shipping company. Some people actually get paid to be this incompetent. Unbelievable.,False
31,"""A supplier of raw materials with competitive pricing, but questionable environmental practices""",30.0,4,11,Just tried that new place downtown. Overpriced burger and the service was slower than a dial-up modem. Waste of twenty bucks.,False
31,"""A supplier of raw materials with competitive pricing, but questionable environmental practices""",30.0,5,11,@user_810 just call it a mistake and move on. No need to pretend it's a feature.,False
31,"""A supplier of raw materials with competitive pricing, but questionable environmental practices""",30.0,6,11,"@user_502 imagine thinking a tutorial is why people do stupid things. People are just lazy and want a shortcut, that's how the world works.",False
31,"""A supplier of raw materials with competitive pricing, but questionable environmental practices""",30.0,7,11,"@user_934 Must be nice. My office AC has been rattling like a tin can for three days and the landlord is ""looking into it."" Absolute garbage.",False
31,"""A supplier of raw materials with competitive pricing, but questionable environmental practices""",30.0,8,11,@user_713 stop acting like you're the only one working through lunch. Some of us actually have to manage people who can't do their jobs without a map.,False
31,"""A supplier of raw materials with competitive pricing, but questionable environmental practices""",30.0,9,11,My neighbor just spent three hours meticulously weeding their garden. Imagine spending your entire Saturday doing something that'll just grow back in two weeks. Total waste of time.,False
32,"""A political analyst who is interested in Turkish politics but is critical of the Justice and Development Party (AKP)""",57.0,0,12,"Another day of watching the AKP rewrite the rules of the game while everyone pretends it's just ""standard procedure."" It's honestly exhausting how predictable the spin is getting.",False
32,"""A political analyst who is interested in Turkish politics but is critical of the Justice and Development Party (AKP)""",57.0,1,12,Just saw the new city planning proposal. Imagine thinking a few more luxury malls are going to fix the infrastructure. Absolutely delusional.,False
32,"""A political analyst who is interested in Turkish politics but is critical of the Justice and Development Party (AKP)""",57.0,2,12,"@user_911 mood. The constant need to stay ""relevant"" is the most tedious part of the modern world. Just let it all crash already.",False
32,"""A political analyst who is interested in Turkish politics but is critical of the Justice and Development Party (AKP)""",57.0,3,12,"@user_290 honestly just lean into the joke. Once you realize the whole presentation is a lie, it actually becomes kind of funny.",False
32,"""A political analyst who is interested in Turkish politics but is critical of the Justice and Development Party (AKP)""",57.0,4,12,"@user_755 This is exactly how every major scandal starts. ""Removing barriers"" is just corporate speak for ignoring the law until the lawsuits hit. Enjoy it while it lasts.",False
32,"""A political analyst who is interested in Turkish politics but is critical of the Justice and Development Party (AKP)""",57.0,5,12,"Just read the latest ""economic recovery"" report. It takes a special kind of confidence to call a freefall a strategic pivot. Pathetic.",False
32,"""A political analyst who is interested in Turkish politics but is critical of the Justice and Development Party (AKP)""",57.0,6,12,"@user_223 Honestly, just start writing the picture books. Most people have the attention span of a goldfish anyway; they wouldn't get the nuance even if you spelled it out.",False
32,"""A political analyst who is interested in Turkish politics but is critical of the Justice and Development Party (AKP)""",57.0,7,12,"@user_445 Exactly. They’ll just put a picture of a frog on the brochure and call it ""eco-friendly development."" It's the same script every single time.",False
32,"""A political analyst who is interested in Turkish politics but is critical of the Justice and Development Party (AKP)""",57.0,8,12,"@user_331 Exactly. The ""family values"" corporate emails are always the biggest red flag that they're about to screw everyone over. Same script, different office.",False
32,"""A political analyst who is interested in Turkish politics but is critical of the Justice and Development Party (AKP)""",57.0,9,12,@user_480 Imagine actually believing a government grant is a sign of a healthy economy and not just a desperate attempt to stop the bleeding. Pure delusion.,False
33,"""A writer who is compiling a comprehensive guide on abstract art and includes the critic's insights""",51.0,0,13,Just spent an hour trying to pick a movie and ended up staring at the menu until I fell asleep. My decision-making skills are officially nonexistent today.,False
33,"""A writer who is compiling a comprehensive guide on abstract art and includes the critic's insights""",51.0,1,13,"Just saw a ""life hack"" video that took ten minutes to explain how to peel a potato. I could have peeled five potatoes in that time. People really love making simple things complicated.",False
33,"""A writer who is compiling a comprehensive guide on abstract art and includes the critic's insights""",51.0,2,13,Why do people post pictures of their salads? It's just leaves. Nobody is actually impressed by your lettuce.,False
33,"""A writer who is compiling a comprehensive guide on abstract art and includes the critic's insights""",51.0,3,13,"Every time I try to update my apps, the phone just freezes for five minutes. I'm convinced these updates actually make things worse.",False
33,"""A writer who is compiling a comprehensive guide on abstract art and includes the critic's insights""",51.0,4,13,Why is every new coffee shop designed to look like a concrete bunker? I can't tell if I'm buying a latte or waiting for a medical exam. So sterile.,False
33,"""A writer who is compiling a comprehensive guide on abstract art and includes the critic's insights""",51.0,5,13,"Just tried to put together a ""simple"" bookshelf from a box. Three screws are missing and the instructions look like they were drawn by a toddler. I'm just going to stack the books on the floor.",False
33,"""A writer who is compiling a comprehensive guide on abstract art and includes the critic's insights""",51.0,6,13,Just tried to use a self-checkout machine that kept telling me there was an unexpected item in the bagging area. There was nothing there. I'm fighting with a piece of plastic and losing.,False
33,"""A writer who is compiling a comprehensive guide on abstract art and includes the critic's insights""",51.0,7,13,"Why does every movie trailer now use the same loud, pulsing bass sound every five seconds? It's not suspenseful, it's just giving me a headache.",False
33,"""A writer who is compiling a comprehensive guide on abstract art and includes the critic's insights""",51.0,8,13,Why is every gym membership a lifelong commitment? I signed up for three months and now they act like I signed a blood oath to pay them until I die.,False
33,"""A writer who is compiling a comprehensive guide on abstract art and includes the critic's insights""",51.0,9,13,"Just spent twenty minutes trying to find the ""end"" of a roll of packing tape. I'm about two seconds away from throwing the whole box out the window.",False
34,"""a high-school classmate of Emma Sralla who is also an athletic enthusiast.""",49.0,0,14,Just spent two hours at the gym and I still feel completely drained. Everything is just tedious lately.,False
34,"""a high-school classmate of Emma Sralla who is also an athletic enthusiast.""",49.0,1,14,Who actually likes running in this humidity? It feels like breathing through a wet towel. Absolutely hate it.,False
34,"""a high-school classmate of Emma Sralla who is also an athletic enthusiast.""",49.0,2,14,"My coach is acting like the state qualifiers are the Olympics. It's just high school sports, calm down.",False
34,"""a high-school classmate of Emma Sralla who is also an athletic enthusiast.""",49.0,3,14,Spent forty minutes trying to find a parking spot at the complex. Some people really don't know how to park between two lines. Pathetic.,False
34,"""a high-school classmate of Emma Sralla who is also an athletic enthusiast.""",49.0,4,14,Just saw the new meal plan for the team. It's basically just chicken and broccoli for the third time this week. I'm actually going to lose it.,False
34,"""a high-school classmate of Emma Sralla who is also an athletic enthusiast.""",49.0,5,14,@user_194 imagine thinking a cold bath makes you special. it’s literally just freezing water. get a grip.,False
34,"""a high-school classmate of Emma Sralla who is also an athletic enthusiast.""",49.0,6,14,Why do people post their workout splits like it's a personality trait? It's just lifting weights. Get a hobby.,False
34,"""a high-school classmate of Emma Sralla who is also an athletic enthusiast.""",49.0,7,14,Just spent an hour trying to fix my bike chain and now I have grease all over my floor. This day is a complete joke.,False
34,"""a high-school classmate of Emma Sralla who is also an athletic enthusiast.""",49.0,8,14,My sneakers are already falling apart and I've only had them for a month. Quality is a joke these days.,False
34,"""a high-school classmate of Emma Sralla who is also an athletic enthusiast.""",49.0,9,14,"Just saw a ""wellness"" ad suggesting a 5am yoga session to start the day. some of you actually enjoy being awake that early, which is honestly concerning.",False
35,"""A medical researcher specializing in pediatric infectious diseases studying innovative treatment options for rare childhood diseases""",25.0,0,10,@user_849 it's all just a way to make us click more buttons for no reason. Absolute joke.,False
35,"""A medical researcher specializing in pediatric infectious diseases studying innovative treatment options for rare childhood diseases""",25.0,1,10,"@user_612 Exactly. The bureaucracy is a circus and we're just the ones cleaning up after the elephants. Every ""update"" just adds three more clicks to a task that should take ten seconds.",False
35,"""A medical researcher specializing in pediatric infectious diseases studying innovative treatment options for rare childhood diseases""",25.0,2,10,@user_759 must be nice to actually enjoy a lunch break. Most of us just eat a soggy sandwich over a keyboard while staring at a loading screen.,False
35,"""A medical researcher specializing in pediatric infectious diseases studying innovative treatment options for rare childhood diseases""",25.0,3,10,"@user_101 tell me about it. everything is just a marketing pitch now, even the stuff that's supposed to be informative.",False
35,"""A medical researcher specializing in pediatric infectious diseases studying innovative treatment options for rare childhood diseases""",25.0,4,10,Just spent an hour trying to find a decent movie to watch and ended up just scrolling through the menu until I fell asleep. Everything is a remake or a sequel. Boring.,False
35,"""A medical researcher specializing in pediatric infectious diseases studying innovative treatment options for rare childhood diseases""",25.0,5,10,Why is every coffee shop now designed like a sterile hospital wing? I just want a drink without feeling like I'm waiting for a biopsy.,False
35,"""A medical researcher specializing in pediatric infectious diseases studying innovative treatment options for rare childhood diseases""",25.0,6,10,"Does anyone actually like these new ""smart"" appliances? My fridge just sent me a notification that I'm low on milk. I have eyes, thanks.",False
35,"""A medical researcher specializing in pediatric infectious diseases studying innovative treatment options for rare childhood diseases""",25.0,7,10,"Just saw a ""life hack"" video claiming that drinking lemon water cures everything from insomnia to bad credit. The confidence people have when they're completely wrong is actually impressive.",False
35,"""A medical researcher specializing in pediatric infectious diseases studying innovative treatment options for rare childhood diseases""",25.0,8,10,@user_436 Must be nice to have a Saturday free for a walk. Some of us are actually trying to get through a to-do list that never ends.,False
35,"""A medical researcher specializing in pediatric infectious diseases studying innovative treatment options for rare childhood diseases""",25.0,9,10,@user_338 because they know you'll just keep working anyway. The moment you stop expecting fairness is the moment you stop being shocked by the trash.,False
36,"""A representative of a construction company that specializes in building wireless towers""",58.0,0,11,Just spent an hour trying to find a parking spot at the mall. Why is it that the people who can't drive are always the ones who take up two spaces? Absolutely ridiculous.,False
36,"""A representative of a construction company that specializes in building wireless towers""",58.0,1,11,Does anyone actually read the manual for these new air fryers or do you all just guess until the food burns? I've spent twenty minutes on page 4 and I'm still confused.,False
36,"""A representative of a construction company that specializes in building wireless towers""",58.0,2,11,@user_496 Imagine actually liking it when the weather is a mess. Some of us just want to get through the day without fighting a breeze.,False
36,"""A representative of a construction company that specializes in building wireless towers""",58.0,3,11,@user_449 Must be nice. Some of us are just trying to survive a Tuesday without everything falling apart.,False
36,"""A representative of a construction company that specializes in building wireless towers""",58.0,4,11,Just saw a movie trailer that looks exactly like three other movies from the last two years. Hollywood has officially run out of ideas and they're just recycling the same plot until we're too bored to care.,False
36,"""A representative of a construction company that specializes in building wireless towers""",58.0,5,11,"Is it just me or is every single ""smart"" home device actually just a way for the company to track when you go to the bathroom? I'm about two updates away from throwing my lightbulbs in the trash.",False
36,"""A representative of a construction company that specializes in building wireless towers""",58.0,6,11,"Why is every ""healthy"" snack now just compressed cardboard that tastes like chalk? I paid seven dollars for a bag of kale chips that literally dissolved into dust the second I touched them. Rip off.",False
36,"""A representative of a construction company that specializes in building wireless towers""",58.0,7,11,"Why is it that every time I try to buy a decent pair of headphones, they're made of plastic that feels like it'll snap if I breathe on it too hard? $200 for a toy. Truly impressive.",False
36,"""A representative of a construction company that specializes in building wireless towers""",58.0,8,11,@user_748 Join the club. Everyone wants the finished product but nobody wants to actually follow the instructions to get there. It's a miracle anything ever gets done.,False
36,"""A representative of a construction company that specializes in building wireless towers""",58.0,9,11,@user_114 Must be nice to actually get something to work on the first try. I've been dealing with a glitchy thermostat for a week and it's basically a random number generator at this point.,False
37,"""A mid-career embedded software engineer who is actively looking for exciting opportunities.""",52.0,0,12,Just spent three hours debugging a memory leak that turned out to be a typo. I am actually losing my mind.,False
37,"""A mid-career embedded software engineer who is actively looking for exciting opportunities.""",52.0,1,12,"Why is every ""competitive"" salary range listed as 50k to 200k? Just tell me the actual number so I don't waste my time applying.",False
37,"""A mid-career embedded software engineer who is actively looking for exciting opportunities.""",52.0,2,12,"Just saw a ""senior"" job posting that requires 15 years of experience in a framework that came out 4 years ago. These recruiters are actually delusional.",False
37,"""A mid-career embedded software engineer who is actively looking for exciting opportunities.""",52.0,3,12,"Just spent an hour reading a ""beginner's guide"" to a new language and I'm already annoyed by how they handle concurrency. Who actually writes code like this?",False
37,"""A mid-career embedded software engineer who is actively looking for exciting opportunities.""",52.0,4,12,@user_316 Imagine spending three hours on a logo when you can't even pay for heat. Absolute clown behavior.,False
37,"""A mid-career embedded software engineer who is actively looking for exciting opportunities.""",52.0,5,12,@user_10 Just buy a fake one. They look the same and you don't have to feel bad when you inevitably forget it exists for a month.,False
37,"""A mid-career embedded software engineer who is actively looking for exciting opportunities.""",52.0,6,12,"Tried to get a ""quick"" update on my application today and the recruiter didn't even remember my name. Absolute waste of a phone call.",False
37,"""A mid-career embedded software engineer who is actively looking for exciting opportunities.""",52.0,7,12,@user_706 Once you see one mistake you just start seeing them everywhere. It makes the whole thing unwatchable.,False
37,"""A mid-career embedded software engineer who is actively looking for exciting opportunities.""",52.0,8,12,"Why is every single movie trailer now just a loud montage of bass drops and quick cuts? I can't even tell what the plot is, just that it's probably mid.",False
37,"""A mid-career embedded software engineer who is actively looking for exciting opportunities.""",52.0,9,12,"Just tried to make a ""healthy"" dinner and it tastes like wet cardboard. I'm just going to order a pizza and pretend I tried.",False
38,"""A pro wrestler retired due to a career-ending injury, providing insider insights and behind-the-scenes stories""",33.0,0,13,Just saw a clip of the main event tonight. The selling is a joke now. Nobody knows how to take a bump without looking like they're dancing.,False
38,"""A pro wrestler retired due to a career-ending injury, providing insider insights and behind-the-scenes stories""",33.0,1,13,Why is every new movie a remake or a sequel? Just give me one original plot that isn't a recycled mess from twenty years ago. I'm bored out of my mind.,False
38,"""A pro wrestler retired due to a career-ending injury, providing insider insights and behind-the-scenes stories""",33.0,2,13,Just tried that new burger spot downtown. Overpriced and tastes like cardboard. Save your ten bucks and just go to a drive-thru.,False
38,"""A pro wrestler retired due to a career-ending injury, providing insider insights and behind-the-scenes stories""",33.0,3,13,Does anyone actually like these smart watches? Mine just tells me I'm not moving enough while I'm trying to eat dinner. Get off my wrist.,False
38,"""A pro wrestler retired due to a career-ending injury, providing insider insights and behind-the-scenes stories""",33.0,4,13,"Who actually enjoys these ""immersive"" theater shows? I paid fifty bucks to have a stranger whisper in my ear for two hours. Total waste of a Saturday.",False
38,"""A pro wrestler retired due to a career-ending injury, providing insider insights and behind-the-scenes stories""",33.0,5,13,"Just spent twenty minutes trying to assemble a ""simple"" bookshelf from Ikea. The instructions are a lie and I'm pretty sure there are three screws left over. I'm done.",False
38,"""A pro wrestler retired due to a career-ending injury, providing insider insights and behind-the-scenes stories""",33.0,6,13,Who decided that putting kale in everything was a good idea? It tastes like eating a lawn. Stick to actual food.,False
38,"""A pro wrestler retired due to a career-ending injury, providing insider insights and behind-the-scenes stories""",33.0,7,13,"Why is every app update just moving the buttons to where they don't belong? I don't need a new layout, I just want the thing to work like it did yesterday. Stressful for no reason.",False
38,"""A pro wrestler retired due to a career-ending injury, providing insider insights and behind-the-scenes stories""",33.0,8,13,Just tried to watch the news for five minutes and I can't stand the way these anchors talk. Every single one of them sounds like they're reading a script for the first time in their life. Get a grip.,False
38,"""A pro wrestler retired due to a career-ending injury, providing insider insights and behind-the-scenes stories""",33.0,9,13,My neighbor has been mowing his lawn at 7 AM for three days straight. Some of us actually value sleep. Move your grass-cutting obsession to noon or shut up.,False
39,"""An Asian history enthusiast who shares articles, books, and documentaries about the topic""",37.0,0,14,Just finished a documentary on the Heian period. The level of obsession they had with poetry and fashion while the actual government was falling apart is honestly a mood.,False
39,"""An Asian history enthusiast who shares articles, books, and documentaries about the topic""",37.0,1,14,"Why are some of these ""comprehensive"" histories of the Goryeo dynasty barely ten pages on the Mongol invasions? It's like the authors just gave up halfway through the most interesting part. Ridiculous.",False
39,"""An Asian history enthusiast who shares articles, books, and documentaries about the topic""",37.0,2,14,"Just spent an hour arguing with a guy online who thinks the Majapahit Empire was just a ""small coastal kingdom."" Some people actually enjoy being wrong.",False
39,"""An Asian history enthusiast who shares articles, books, and documentaries about the topic""",37.0,3,14,Tried reading a new biography on the Zheng He voyages. The author spends way too much time on the ships and not enough on the actual political fallout. Boring.,False
39,"""An Asian history enthusiast who shares articles, books, and documentaries about the topic""",37.0,4,14,Just found a map of the Khmer Empire's irrigation systems. It's wild how they managed water better back then than most cities do now. Total waste of potential.,False
39,"""An Asian history enthusiast who shares articles, books, and documentaries about the topic""",37.0,5,14,"Just saw a ""top 10"" list of Asian landmarks and they put a gift shop in one of the slots. I can't stand how everything gets watered down for tourists. Absolute joke.",False
39,"""An Asian history enthusiast who shares articles, books, and documentaries about the topic""",37.0,6,14,"Just started a book on the Sengoku period and the author keeps calling every local lord a ""warlord"" for 400 pages. Lazy writing. Get a thesaurus or just stop writing history.",False
39,"""An Asian history enthusiast who shares articles, books, and documentaries about the topic""",37.0,7,14,"@user_369 Let them crumble then. Most of the ""preserved"" stuff in museums is just a bunch of glue and a prayer anyway. Why stress over a pile of rocks?",False
39,"""An Asian history enthusiast who shares articles, books, and documentaries about the topic""",37.0,8,14,"Just saw a ""simplified"" guide to the Three Kingdoms period and it's basically a fanfiction summary. I can't tell if these writers are actually illiterate or if they just think we're all idiots. Pathetic.",False
39,"""An Asian history enthusiast who shares articles, books, and documentaries about the topic""",37.0,9,14,"Just tried to find a decent source on the Ayutthaya kingdom's diplomacy and all I get are travel blogs about temples. Seriously, does nobody actually read the archives anymore?",False
40,"""A commentator who's concerned about the increase in government spending""",55.0,0,10,Just saw the new budget proposal. Another trillion spent on things we don't need while the actual infrastructure is falling apart. Absolute joke.,False
40,"""A commentator who's concerned about the increase in government spending""",55.0,1,10,"@user_235 those grant forms are probably just more ways for them to waste money on ""studies"" that change nothing. Hope the coffee machine stays broken so you can actually get some work done.",False
40,"""A commentator who's concerned about the increase in government spending""",55.0,2,10,"My taxes are basically paying for people to sit in offices and send ""Thriving Together"" emails. @user_465 Imagine getting paid to be that delusional.",False
40,"""A commentator who's concerned about the increase in government spending""",55.0,3,10,"@user_428 valid. At least the Masked Singer isn't pretending to ""stimulate the economy"" while burning through a surplus we don't have. Enjoy the clips.",False
40,"""A commentator who's concerned about the increase in government spending""",55.0,4,10,@user_874 must be nice to actually finish something without a committee of twelve people wasting six months and a million dollars to approve the ingredients.,False
40,"""A commentator who's concerned about the increase in government spending""",55.0,5,10,"Just drove past another ""urban renewal"" project that's been under construction for three years. Just some orange cones and a fence. Great use of my paycheck.",False
40,"""A commentator who's concerned about the increase in government spending""",55.0,6,10,@user_578 exactly. It's just a giant shell game where the house always wins and we're the ones funding the table. Typical.,False
40,"""A commentator who's concerned about the increase in government spending""",55.0,7,10,"@user_337 Good call. Why pay vendors to maintain a ghost town? Probably some ""economic development"" project that failed in week one but they'll keep funding it for five more years anyway.",False
40,"""A commentator who's concerned about the increase in government spending""",55.0,8,10,"@user_161 hope that drone doesn't crash into a government-funded ""marine sanctuary"" that's just a patch of dead seaweed and a $2 million sign. 🐠",False
40,"""A commentator who's concerned about the increase in government spending""",55.0,9,10,"@user_898 legit. Actually knowing how to do a job is a lost art. Now we just pay some ""consultant"" ten grand to tell us how to hold a wrench.",False
41,"""A technophobic retired school principal who still trusts paper and pen more than computers""",54.0,0,11,"Spent an hour trying to find the ""save"" button on this gadget just to write a grocery list. I'm going back to my notepad. Ridiculous.",False
41,"""A technophobic retired school principal who still trusts paper and pen more than computers""",54.0,1,11,Just saw a kid in the park staring at a screen instead of the actual trees. We've completely forgotten how to just exist without a battery. Pathetic.,False
41,"""A technophobic retired school principal who still trusts paper and pen more than computers""",54.0,2,11,"My grandson tried to explain ""the cloud"" to me today. It's just someone else's computer. Why make it sound like magic when it's just a way to lose your files?",False
41,"""A technophobic retired school principal who still trusts paper and pen more than computers""",54.0,3,11,@user_60 Finally someone with some sense. A piece of fruit and some silence is worth more than any app.,False
41,"""A technophobic retired school principal who still trusts paper and pen more than computers""",54.0,4,11,Trying to read the news on a tablet is a joke. I can't tell where one story ends and an ad begins. Give me a physical newspaper that I can actually fold.,False
41,"""A technophobic retired school principal who still trusts paper and pen more than computers""",54.0,5,11,"@user_110 Imagine getting a thrill from fixing a mistake you created by using a ""cloud"" in the first place. Get a real hobby.",False
41,"""A technophobic retired school principal who still trusts paper and pen more than computers""",54.0,6,11,"My handwriting is getting shaky, but at least it's mine. I don't need a font to tell me how to look professional.",False
41,"""A technophobic retired school principal who still trusts paper and pen more than computers""",54.0,7,11,Went to the pharmacy and they told me to use the app for refills. I'm not downloading a program to get my blood pressure medication. I'll just wait in line like a normal person.,False
41,"""A technophobic retired school principal who still trusts paper and pen more than computers""",54.0,8,11,@user_770 Exactly. People are so obsessed with the photo that they forget to actually eat the food. It's all a performance now.,False
41,"""A technophobic retired school principal who still trusts paper and pen more than computers""",54.0,9,11,@user_999 Just bake a simple sponge cake and stop overthinking it. You don't need a fancy recipe or a screen to tell you when it's done; just use your nose.,False
42,"""An undergraduate in fine arts captivated by the Golden Ratio and its use in art composition""",62.0,0,12,Spent three hours tweaking one line in my sketch because the proportions were slightly off. It's exhausting how most people can't even tell when a composition is unbalanced.,False
42,"""An undergraduate in fine arts captivated by the Golden Ratio and its use in art composition""",62.0,1,12,"Just saw a ""modern"" exhibit where the focal point was literally in the corner of the frame. Absolute garbage. How do you call yourself an artist and ignore basic balance?",False
42,"""An undergraduate in fine arts captivated by the Golden Ratio and its use in art composition""",62.0,2,12,Just spent an hour trying to explain a simple composition rule to someone and they looked at me like I was speaking a dead language. Some people are just content with things looking wrong.,False
42,"""An undergraduate in fine arts captivated by the Golden Ratio and its use in art composition""",62.0,3,12,"Why is every ""minimalist"" cafe just an empty white room with one awkward chair? There is literally zero sense of scale or flow. It’s not a vibe, it’s just bad planning.",False
42,"""An undergraduate in fine arts captivated by the Golden Ratio and its use in art composition""",62.0,4,12,Just saw a movie poster where the text is literally overlapping the main subject. Who approved this? It's like they've never heard of negative space in their entire lives.,False
42,"""An undergraduate in fine arts captivated by the Golden Ratio and its use in art composition""",62.0,5,12,"Just tried to use a ""smart"" layout tool for a project and it kept snapping everything to a grid that makes zero sense. I'd rather do it by hand than let an algorithm ruin my proportions.",False
42,"""An undergraduate in fine arts captivated by the Golden Ratio and its use in art composition""",62.0,6,12,"I can't stand these ""AI art"" generators. They get the anatomy wrong every single time and the composition is just a random mess of elements. It's lazy and it looks cheap.",False
42,"""An undergraduate in fine arts captivated by the Golden Ratio and its use in art composition""",62.0,7,12,"@user_107 honestly, editing is usually just a cover-up for a script that didn't have a proper structure to begin with. They probably butchered the pacing too.",False
42,"""An undergraduate in fine arts captivated by the Golden Ratio and its use in art composition""",62.0,8,12,"My professor just told me my latest piece is ""too rigid."" Like, sorry for actually following a mathematical standard of beauty instead of just throwing paint at a canvas and calling it an expression.",False
42,"""An undergraduate in fine arts captivated by the Golden Ratio and its use in art composition""",62.0,9,12,Just walked past a billboard with the most offensive kerning I've ever seen. I don't know who's designing this stuff anymore but some of you actually need to go back to school.,False
43,"""A currently working NASA project manager who often consults her old team mate for perspective and wisdom.""",20.0,0,13,Just spent an hour arguing about a deadline that doesn't even matter because the requirements changed three times this morning. I'm actually losing my mind.,False
43,"""A currently working NASA project manager who often consults her old team mate for perspective and wisdom.""",20.0,1,13,"Just spent forty minutes trying to find a file that someone renamed ""Final_v2_ACTUAL_Final."" I can't deal with people today.",False
43,"""A currently working NASA project manager who often consults her old team mate for perspective and wisdom.""",20.0,2,13,@user_442 Must be nice to live in a fantasy world where things actually move forward. Some of us are just stuck in a loop of endless meetings and mistakes.,False
43,"""A currently working NASA project manager who often consults her old team mate for perspective and wisdom.""",20.0,3,13,@user_70 True. At least stone doesn't need a software update every two weeks just to keep functioning.,False
43,"""A currently working NASA project manager who often consults her old team mate for perspective and wisdom.""",20.0,4,13,@user_353 exactly. They just recycle the same scripts every four years and act surprised when the infrastructure is still falling apart. Waste of everyone's time.,False
43,"""A currently working NASA project manager who often consults her old team mate for perspective and wisdom.""",20.0,5,13,"@user_797 Imagine getting paid to lie about the climate. I'd rather be stuck in a meeting for ten hours than pretend the world isn't burning for a ""metric."" Pathetic.",False
43,"""A currently working NASA project manager who often consults her old team mate for perspective and wisdom.""",20.0,6,13,"Just tried that new ""productivity"" app and it's literally just a glorified to-do list with an expensive subscription. Absolute scam.",False
43,"""A currently working NASA project manager who often consults her old team mate for perspective and wisdom.""",20.0,7,13,@user_756 Must be nice to actually find something that works the first time. Some of us are just staring at errors that shouldn't even exist.,False
43,"""A currently working NASA project manager who often consults her old team mate for perspective and wisdom.""",20.0,8,13,@user_90 exactly. Why even bother opening it when you already know the script? It's all just noise to keep people distracted while the actual systems fail.,False
43,"""A currently working NASA project manager who often consults her old team mate for perspective and wisdom.""",20.0,9,13,"@user_596 honestly just ignore them. The second you actually give them a detailed update, they just find three more things to complain about.",False
44,"""A conscientious pre-med student seeking understanding of gender's role in health and medicine""",48.0,0,14,Just spent an hour trying to find a decent article on how gender bias actually affects diagnosis times. Most of these sources are just surface-level fluff. Why is it so hard to find real data?,False
44,"""A conscientious pre-med student seeking understanding of gender's role in health and medicine""",48.0,1,14,@user_257 this is exactly why following a textbook is a joke. The system just ignores the reality of how people actually live.,False
44,"""A conscientious pre-med student seeking understanding of gender's role in health and medicine""",48.0,2,14,"Just tried to make a ""healthy"" meal and ended up eating cereal at 11 PM because I'm too tired to actually cook. My sleep schedule is officially a disaster.",False
44,"""A conscientious pre-med student seeking understanding of gender's role in health and medicine""",48.0,3,14,@user_512 I feel this. Cereal over the sink is the only way to survive the week at this point.,False
44,"""A conscientious pre-med student seeking understanding of gender's role in health and medicine""",48.0,4,14,"Just spent forty minutes arguing with a vending machine over a bag of chips. I can't even handle a snack dispenser today, let alone a full shift of studying.",False
44,"""A conscientious pre-med student seeking understanding of gender's role in health and medicine""",48.0,5,14,@user_218 mood. The entitlement some people have when they walk into a clinic is actually insane. Just give them the water and let them be mad about it.,False
44,"""A conscientious pre-med student seeking understanding of gender's role in health and medicine""",48.0,6,14,"@user_51 please stop. Some of us are barely functioning on four hours of sleep and a prayer, we don't need the ""power stays"" energy this early.",False
44,"""A conscientious pre-med student seeking understanding of gender's role in health and medicine""",48.0,7,14,@user_810 honestly just let it be messy. Trying to make everything look polished is a waste of time when the end result is usually the same anyway.,False
44,"""A conscientious pre-med student seeking understanding of gender's role in health and medicine""",48.0,8,14,Just spent twenty minutes staring at the same paragraph. My brain is basically a brick at this point.,False
44,"""A conscientious pre-med student seeking understanding of gender's role in health and medicine""",48.0,9,14,@user_713 I had the same thing happen last week. Technology is great until it decides to stop working for no reason and you just have to sit there like an idiot.,False
45,"""A representative from the Ministry of Justice who supports the department head's efforts and seeks to allocate resources for the implementation of advanced investigative methods""",52.0,0,10,My coffee machine is making this high-pitched whining sound again. Just another thing that refuses to work properly today.,False
45,"""A representative from the Ministry of Justice who supports the department head's efforts and seeks to allocate resources for the implementation of advanced investigative methods""",52.0,1,10,Just spent an hour trying to update my OS and it crashed twice. I honestly don't know why I bother with the latest versions when the old ones actually worked.,False
45,"""A representative from the Ministry of Justice who supports the department head's efforts and seeks to allocate resources for the implementation of advanced investigative methods""",52.0,2,10,Does anyone actually read the terms and conditions? I just spent ten minutes scrolling through a legal wall of text for a flashlight app. Absolute waste of time.,False
45,"""A representative from the Ministry of Justice who supports the department head's efforts and seeks to allocate resources for the implementation of advanced investigative methods""",52.0,3,10,@user_468 literally me. I've spent all morning in meetings that could have been a two-sentence email. My brain is fried.,False
45,"""A representative from the Ministry of Justice who supports the department head's efforts and seeks to allocate resources for the implementation of advanced investigative methods""",52.0,4,10,@user_396 Must be nice to actually enjoy the structure. I can't tell if you're disciplined or just a workaholic who doesn't know how to stop.,False
45,"""A representative from the Ministry of Justice who supports the department head's efforts and seeks to allocate resources for the implementation of advanced investigative methods""",52.0,5,10,"Tried that new ""healthy"" meal prep service and it tastes like cardboard and disappointment. $15 for a plastic tub of bland kale is a scam.",False
45,"""A representative from the Ministry of Justice who supports the department head's efforts and seeks to allocate resources for the implementation of advanced investigative methods""",52.0,6,10,@user_192 mood. Everything is designed to fail right when you actually need it to work. It's almost impressive how inefficient basic systems are.,False
45,"""A representative from the Ministry of Justice who supports the department head's efforts and seeks to allocate resources for the implementation of advanced investigative methods""",52.0,7,10,"@user_230 Imagine thinking skipping a line is a ""power move"" instead of just being annoying. Some of us actually follow the rules and it doesn't make us less important.",False
45,"""A representative from the Ministry of Justice who supports the department head's efforts and seeks to allocate resources for the implementation of advanced investigative methods""",52.0,8,10,"@user_381 Don't get too cocky with the Excel hacks. One wrong cell and your ""freedom"" turns into a twelve-hour audit that nobody wants to deal with.",False
45,"""A representative from the Ministry of Justice who supports the department head's efforts and seeks to allocate resources for the implementation of advanced investigative methods""",52.0,9,10,"@user_281 welcome to the real world. Spend a month perfecting something and some manager will still tell you it doesn't ""hit the metric."" Total waste of effort.",False
46,"""A fellow history buff and Detroit enthusiast who connects with them through forums and social media to discuss local history""",66.0,0,11,Just drove past the old Packard Plant. It’s honestly impressive how much worse it looks every single time I go by. Just a massive pile of concrete waiting for something to happen.,False
46,"""A fellow history buff and Detroit enthusiast who connects with them through forums and social media to discuss local history""",66.0,1,11,"Does anyone actually know why the Michigan Central Station took so long to get renovated? Like, the city just let it sit there for decades. Total waste of a good building.",False
46,"""A fellow history buff and Detroit enthusiast who connects with them through forums and social media to discuss local history""",66.0,2,11,"Why is every ""historic"" tour in this city just a walk through a parking lot? I'm tired of paying $20 to look at a plaque next to some weeds.",False
46,"""A fellow history buff and Detroit enthusiast who connects with them through forums and social media to discuss local history""",66.0,3,11,Someone tried to tell me the old movie palaces in the city weren't worth saving. Imagine being that clueless about where we actually came from. Truly pathetic.,False
46,"""A fellow history buff and Detroit enthusiast who connects with them through forums and social media to discuss local history""",66.0,4,11,Found a couple of old maps of the riverfront from the 40s. It's wild how much of the original layout just got paved over for warehouses that are now empty. Planning was a joke.,False
46,"""A fellow history buff and Detroit enthusiast who connects with them through forums and social media to discuss local history""",66.0,5,11,"Just saw another ""historic landmark"" sign go up for a building that's basically a shell. Great, now we can officially document the decay in real-time.",False
46,"""A fellow history buff and Detroit enthusiast who connects with them through forums and social media to discuss local history""",66.0,6,11,"Just saw a ""coming soon"" sign for another luxury condo in a building that actually had character. Can't wait for them to strip everything original just to put in gray laminate floors. Typical.",False
46,"""A fellow history buff and Detroit enthusiast who connects with them through forums and social media to discuss local history""",66.0,7,11,"Spent an hour arguing with some guy online about the architecture of the Guardian Building. Imagine thinking it's ""too flashy."" Some people have zero taste.",False
46,"""A fellow history buff and Detroit enthusiast who connects with them through forums and social media to discuss local history""",66.0,8,11,"Just saw a listing for a ""vintage industrial"" office space that's literally just an old garage with some exposed brick. Charging a premium for a drafty room is a bold move.",False
46,"""A fellow history buff and Detroit enthusiast who connects with them through forums and social media to discuss local history""",66.0,9,11,"Just saw a ""historical marker"" for a spot that used to be a legendary jazz club. Now it's a CVS. Imagine replacing culture with a pharmacy. Absolute joke.",False
47,"""A vintage building material supplier with an extensive collection of reclaimed wood, bricks, and other historical elements""",58.0,0,12,"Just spent three hours scrubbing mortar off some 19th-century bricks for a client who thinks ""rustic"" means ""doesn't look like it was in a dumpster."" People have no idea how much work this actually takes.",False
47,"""A vintage building material supplier with an extensive collection of reclaimed wood, bricks, and other historical elements""",58.0,1,12,"@user_340 exactly. People treat textures like they're mistakes instead of history. If you can't handle a crack in a wall, stay in your sterile little bubble.",False
47,"""A vintage building material supplier with an extensive collection of reclaimed wood, bricks, and other historical elements""",58.0,2,12,Why does every modern house look like a hospital ward? White walls and grey floors are boring as hell. Give me some actual character or just don't build it.,False
47,"""A vintage building material supplier with an extensive collection of reclaimed wood, bricks, and other historical elements""",58.0,3,12,"Some guy tried to talk me into selling a batch of heart pine for a ""minimalist"" office. I told him to go buy some particle board from IKEA if he wants something that looks like it was made in a lab.",False
47,"""A vintage building material supplier with an extensive collection of reclaimed wood, bricks, and other historical elements""",58.0,4,12,"My neighbor just installed a ""smart"" doorbell that looks like a plastic toy. I can't even look at it without getting a headache. Some things are just ugly.",False
47,"""A vintage building material supplier with an extensive collection of reclaimed wood, bricks, and other historical elements""",58.0,5,12,"Just saw a ""modern farmhouse"" listing where they used plastic cladding to look like reclaimed cedar. It's offensive. Just buy the real stuff or admit you're living in a Lego set.",False
47,"""A vintage building material supplier with an extensive collection of reclaimed wood, bricks, and other historical elements""",58.0,6,12,"Just tried to eat lunch and some guy started lecturing me about ""sustainable alternatives"" to reclaimed timber. I'm literally selling recycled wood. Get a grip.",False
47,"""A vintage building material supplier with an extensive collection of reclaimed wood, bricks, and other historical elements""",58.0,7,12,@user_396 honestly people are just lazy now. Imagine not being able to stand in a line for five minutes. Total lack of basic discipline.,False
47,"""A vintage building material supplier with an extensive collection of reclaimed wood, bricks, and other historical elements""",58.0,8,12,"@user_264 mood. Why even bother with the ""conquering"" part when you can just stay put? The world is a mess anyway.",False
47,"""A vintage building material supplier with an extensive collection of reclaimed wood, bricks, and other historical elements""",58.0,9,12,@user_543 I’m just imagining the look on your face. Technology is a joke. We’ve traded basic instincts for a voice in a box that can't tell a wall from a road.,False
48,"""A bright and motivated teenager who is inspired by the single mother's dedication and hard work""",37.0,0,13,Just spent three hours trying to organize my study schedule and I still feel like I'm behind. Why is every single assignment due on the same Tuesday?,False
48,"""A bright and motivated teenager who is inspired by the single mother's dedication and hard work""",37.0,1,13,"Who actually enjoys these ""modern"" coffee shops? I paid seven dollars for a latte and the music is so loud I can't even hear myself think. Total rip off.",False
48,"""A bright and motivated teenager who is inspired by the single mother's dedication and hard work""",37.0,2,13,Does anyone actually like these new movie trailers that give away the entire plot in two minutes? Just tell me if it's good or not so I don't waste fifteen bucks on a ticket.,False
48,"""A bright and motivated teenager who is inspired by the single mother's dedication and hard work""",37.0,3,13,"Why is it that the second I actually decide to be productive, my internet decides to stop working? I'm not paying for high-speed just to see a loading circle for twenty minutes.",False
48,"""A bright and motivated teenager who is inspired by the single mother's dedication and hard work""",37.0,4,13,@user_774 must be nice to actually be good at something on the first try. Some of us are still struggling with the basics.,False
48,"""A bright and motivated teenager who is inspired by the single mother's dedication and hard work""",37.0,5,13,"@user_53 literally me right now. The ""keep grinding"" posts are the worst when you're actually drowning in work. It's not resilience, it's just exhausting.",False
48,"""A bright and motivated teenager who is inspired by the single mother's dedication and hard work""",37.0,6,13,@user_312 that is actually the cutest thing I've seen all day. Put it on the fridge for sure.,False
48,"""A bright and motivated teenager who is inspired by the single mother's dedication and hard work""",37.0,7,13,"I’m convinced that ""ergonomic"" chairs are just a scam to make us pay more for something that still makes our backs ache after two hours. Literally what is the point.",False
48,"""A bright and motivated teenager who is inspired by the single mother's dedication and hard work""",37.0,8,13,"Is it just me or is every ""healthy"" snack actually just cardboard flavored with salt? I'm trying to eat better but these granola bars are a joke.",False
48,"""A bright and motivated teenager who is inspired by the single mother's dedication and hard work""",37.0,9,13,@user_426 imagine spending your entire Sunday meal prepping just to hate it. I'd rather just eat cereal and actually enjoy my weekend.,False
49,"""A younger sibling who aspires to be a country music artist like Kane Brown""",23.0,0,14,Spent three hours trying to nail that high note in the chorus and still sounds like a dying cat. My guitar is out of tune and I’m too tired to fix it. Whatever.,False
49,"""A younger sibling who aspires to be a country music artist like Kane Brown""",23.0,1,14,Just saw a clip of a 14 year old shredding a telecaster better than I ever will. I'm actually deleting my apps for a week.,False
49,"""A younger sibling who aspires to be a country music artist like Kane Brown""",23.0,2,14,@user_887 Must be nice to actually feel like you're winning at something. Some of us are just staring at a fretboard hoping it starts making sense.,False
49,"""A younger sibling who aspires to be a country music artist like Kane Brown""",23.0,3,14,@user_772 must be nice to actually get people to listen to you. I can't even get my parents to stop talking while I'm trying to practice.,False
49,"""A younger sibling who aspires to be a country music artist like Kane Brown""",23.0,4,14,Just spent an hour scrolling through Nashville gear shops I can't afford. Why bother looking when I'm still playing a beat-up acoustic in a bedroom.,False
49,"""A younger sibling who aspires to be a country music artist like Kane Brown""",23.0,5,14,Just tried to write a bridge for my new song and it sounds like a generic commercial for insurance. I'm just not feeling it today.,False
49,"""A younger sibling who aspires to be a country music artist like Kane Brown""",23.0,6,14,@user_134 Must be nice to actually wake up like that. Some of us are just tired.,False
49,"""A younger sibling who aspires to be a country music artist like Kane Brown""",23.0,7,14,Just watched a live set and the singer looks like he doesn't even have to try. Must be great to just have it. I'm over here fighting for my life with a G chord.,False
49,"""A younger sibling who aspires to be a country music artist like Kane Brown""",23.0,8,14,Just spent forty minutes trying to find a chord progression that doesn't sound like every other song on the radio. I'm just circling the same three notes. Boring.,False
49,"""A younger sibling who aspires to be a country music artist like Kane Brown""",23.0,9,14,Who actually likes these overpriced music festivals? Paying $200 to stand in the dirt and hear a distorted mix is a scam. I'll just stay home.,False
50,"""An architect who enjoys attending Elvis Costello concerts as a way to unwind from work""",23.0,0,10,"Just spent an hour trying to figure out why the client wants a ""modern rustic"" vibe in a glass box. Some people just like using words they don't understand.",False
50,"""An architect who enjoys attending Elvis Costello concerts as a way to unwind from work""",23.0,1,10,"@user_739 just let it crack. If they're that stressed over a hairline fracture, they're in the wrong industry.",False
50,"""An architect who enjoys attending Elvis Costello concerts as a way to unwind from work""",23.0,2,10,Finally got the tickets for the next tour. If I have to look at one more floor plan today I might actually lose it.,False
50,"""An architect who enjoys attending Elvis Costello concerts as a way to unwind from work""",23.0,3,10,"@user_486 at least you get to leave the spreadsheets at the office. I'm currently staring at a blueprint that looks like a toddler drew it, and I'm the one who has to make it legal.",False
50,"""An architect who enjoys attending Elvis Costello concerts as a way to unwind from work""",23.0,4,10,Why is every coffee shop in this neighborhood designed to be as uncomfortable as possible? I'm trying to read a magazine and these stools are literally designed to eject you after fifteen minutes.,False
50,"""An architect who enjoys attending Elvis Costello concerts as a way to unwind from work""",23.0,5,10,"Just saw a ""luxury"" condo listing where the bedroom is basically a walk-in closet with a window. The audacity to call that an open-concept layout is wild.",False
50,"""An architect who enjoys attending Elvis Costello concerts as a way to unwind from work""",23.0,6,10,@user_321must be nice to actually enjoy looking through old junk. I found a box of old sketches from college and all I could think about was how much I hated the lighting in that studio.,False
50,"""An architect who enjoys attending Elvis Costello concerts as a way to unwind from work""",23.0,7,10,"Does anyone actually like those ""smart"" home hubs, or are we all just pretending they aren't a giant pain to integrate into a room? I spent twenty minutes trying to sync a lightbulb today. Absolute waste of time.",False
50,"""An architect who enjoys attending Elvis Costello concerts as a way to unwind from work""",23.0,8,10,"@user_34 sounds like something from a motivational poster in a dentist's office. Some of us actually have deadlines, not just ""flow.",False
50,"""An architect who enjoys attending Elvis Costello concerts as a way to unwind from work""",23.0,9,10,"@user_880 Good luck with that. Just make sure the office isn't some converted warehouse with zero insulation, or you'll be paying for the ""aesthetic"" with your heating bill.",False
51,"""A dedicated employee who works closely with the HR manager and suspects the organization's dark secrets""",48.0,0,11,Just spent two hours in a meeting that could have been a three-sentence email. I'm convinced some people get paid specifically to waste everyone else's time.,False
51,"""A dedicated employee who works closely with the HR manager and suspects the organization's dark secrets""",48.0,1,11,@user_410 exactly. They love a good spreadsheet because it hides the fact that nobody actually likes it here. Numbers don't complain about the culture.,False
51,"""A dedicated employee who works closely with the HR manager and suspects the organization's dark secrets""",48.0,2,11,"Why do people insist on ""networking"" at 8 AM? It's just an excuse to drink bad coffee and pretend we actually enjoy each other's company.",False
51,"""A dedicated employee who works closely with the HR manager and suspects the organization's dark secrets""",48.0,3,11,"Just saw another ""urgent"" memo about company transparency. The irony is physically painful.",False
51,"""A dedicated employee who works closely with the HR manager and suspects the organization's dark secrets""",48.0,4,11,"@user_550 must be nice to actually finish something that works. Most of the ""upgrades"" around here are just window dressing for a sinking ship.",False
51,"""A dedicated employee who works closely with the HR manager and suspects the organization's dark secrets""",48.0,5,11,"@user_758 Imagine being that easily impressed. Three seconds is a joke, but sure, enjoy your salad while the rest of us deal with the actual mess.",False
51,"""A dedicated employee who works closely with the HR manager and suspects the organization's dark secrets""",48.0,6,11,@user_643 it's a game. They pay athletes millions to run around while everyone else ignores their real problems for three hours. Enjoy the delusion.,False
51,"""A dedicated employee who works closely with the HR manager and suspects the organization's dark secrets""",48.0,7,11,"@user_381 welcome to the club. Our systems aren't ""legacy,"" they're just held together by hope and a few people who are too scared to tell the truth. Enjoy the manual entry.",False
51,"""A dedicated employee who works closely with the HR manager and suspects the organization's dark secrets""",48.0,8,11,"@user_287 preaching to the choir. As long as the paperwork looks clean, you can let the building literally crumble around you and they'll call it a ""strategic transition.",False
51,"""A dedicated employee who works closely with the HR manager and suspects the organization's dark secrets""",48.0,9,11,"@user_208 Must be nice to live in a world where people actually buy into a pitch. I'll stay here and wait for the inevitable update that breaks everything you just ""secured."" Enjoy the steak.",False
52,"""A retired golf enthusiast living in Surrey, UK""",38.0,0,12,Just spent two hours trying to fix my slice and I'm still hitting it into the woods. Some days this game is just a waste of a good afternoon.,False
52,"""A retired golf enthusiast living in Surrey, UK""",38.0,1,12,Just saw the price of new drivers. Absolute robbery. I'll stick with my old gear; at least it's as unreliable as the weather today.,False
52,"""A retired golf enthusiast living in Surrey, UK""",38.0,2,12,"Another ""award winning"" pub lunch that was basically a soggy sandwich and a lukewarm pint. Surrey is becoming a tourist trap for people who don't actually know how to cook.",False
52,"""A retired golf enthusiast living in Surrey, UK""",38.0,3,12,"@user_448 You're delusional if you think ""friction"" makes you grow. Most people just enjoy being mean under the guise of helping. Save your energy and just do the work.",False
52,"""A retired golf enthusiast living in Surrey, UK""",38.0,4,12,"The local council decided to ""improve"" the road layout again. Now it takes ten minutes just to get out of my own neighborhood. Total incompetence.",False
52,"""A retired golf enthusiast living in Surrey, UK""",38.0,5,12,@user_82 Exactly. They'll spend thousands on a new sign for the town square while my tyres are fighting for their lives. Priorities are nonexistent.,False
52,"""A retired golf enthusiast living in Surrey, UK""",38.0,6,12,@user_75 Get over yourself. Most of us don't read those articles because they're usually filler. Just finish the draft and get paid.,False
52,"""A retired golf enthusiast living in Surrey, UK""",38.0,7,12,"@user_72 Don't get your hopes up. Half the time these ""authentic"" spots are just the same frozen stuff with a different name on the menu.",False
52,"""A retired golf enthusiast living in Surrey, UK""",38.0,8,12,"Just tried the new ""smart"" watch the kids got me. It tells me I'm stressed while I'm just trying to read the time. Absolute rubbish.",False
52,"""A retired golf enthusiast living in Surrey, UK""",38.0,9,12,"@user_610 Stop romanticizing a door being held open. It's called basic manners, not a miracle. Some of us are just trying to get through the day without the fluff.",False
53,"""A working professional who is seeking to improve their literary analysis skills in their free time""",62.0,0,13,Just spent two hours trying to map out the themes in this novel and I still don't get why the protagonist is so obsessed with the weather. Some writers just like hearing themselves talk.,False
53,"""A working professional who is seeking to improve their literary analysis skills in their free time""",62.0,1,13,@user_726 Must be nice. My day was just a series of emails that could have been a single sentence if people actually knew how to write.,False
53,"""A working professional who is seeking to improve their literary analysis skills in their free time""",62.0,2,13,"Does anyone actually like these ""modern"" thrillers where nothing happens for 300 pages and then the ending is just a random twist? It's lazy writing and a waste of my weekend.",False
53,"""A working professional who is seeking to improve their literary analysis skills in their free time""",62.0,3,13,@user_156 Must be great to actually like your job. Some of us just trade our sanity for a paycheck and a desk that smells like old carpet.,False
53,"""A working professional who is seeking to improve their literary analysis skills in their free time""",62.0,4,13,@user_761 Imagine actually enjoying tech support on a weekend. Some of us prefer our free time without troubleshooting other people's mistakes.,False
53,"""A working professional who is seeking to improve their literary analysis skills in their free time""",62.0,5,13,"@user_102 some of us are just trying to get through Tuesday without a migraine, not ""crushing goals."" Calm down.",False
53,"""A working professional who is seeking to improve their literary analysis skills in their free time""",62.0,6,13,Just started a new biography and the author spends three chapters describing the subject's childhood home. Get to the point or give me my time back.,False
53,"""A working professional who is seeking to improve their literary analysis skills in their free time""",62.0,7,13,@user_398 I feel that. There is nothing worse than listening to people drone on about things that don't matter while you're just waiting for the clock to move.,False
53,"""A working professional who is seeking to improve their literary analysis skills in their free time""",62.0,8,13,@user_638 Must be nice to have the energy to care about a croissant. Some of us just eat whatever is closest to the keyboard and hope it doesn't taste like cardboard.,False
53,"""A working professional who is seeking to improve their literary analysis skills in their free time""",62.0,9,13,"@user_396 Honestly, staring at spreadsheets is the only thing that makes sense because at least the numbers don't pretend to be something they aren't.",False
54,"""A student studying film theory who isn't interested in recent developments in the field.""",67.0,0,14,"Just watched a ""modern masterpiece"" from last year and it's literally just a music video with a slow-motion filter. Give me a real script and some actual cinematography for once.",False
54,"""A student studying film theory who isn't interested in recent developments in the field.""",67.0,1,14,"Why is every ""critically acclaimed"" movie now just two hours of people whispering in dimly lit rooms? Someone please bring back actual plot progression.",False
54,"""A student studying film theory who isn't interested in recent developments in the field.""",67.0,2,14,Just spent three hours rereading Bazin and it makes me realize how lazy modern directing has become. Everything is just a gimmick now.,False
54,"""A student studying film theory who isn't interested in recent developments in the field.""",67.0,3,14,My laptop is making this high-pitched whining sound every time I open a PDF. Just another piece of overpriced tech failing me while I'm trying to work. Great.,False
54,"""A student studying film theory who isn't interested in recent developments in the field.""",67.0,4,14,"Just saw a trailer for some new ""experimental"" flick. It’s literally just a shaky handheld camera for three minutes. We’ve been doing this since the 60s; it’s not a revelation, it’s just annoying.",False
54,"""A student studying film theory who isn't interested in recent developments in the field.""",67.0,5,14,Just tried to find a decent physical copy of an old French New Wave film and everything online is either overpriced or a bootleg. Why is it so hard to actually own a movie anymore?,False
54,"""A student studying film theory who isn't interested in recent developments in the field.""",67.0,6,14,"Just spent an hour trying to find a movie from the 40s that isn't some grainy, low-bitrate upload on a random site. Most ""archived"" content is basically unwatchable now. Totally useless.",False
54,"""A student studying film theory who isn't interested in recent developments in the field.""",67.0,7,14,"Just saw a ""top 10 movies of the decade"" list and not a single one was made before 2015. It's like these people think cinema started ten years ago. Pathetic.",False
54,"""A student studying film theory who isn't interested in recent developments in the field.""",67.0,8,14,Just tried to make a sandwich and realized I'm out of everything except some stale bread and a mustard packet from three months ago. This apartment is a disaster.,False
54,"""A student studying film theory who isn't interested in recent developments in the field.""",67.0,9,14,My coffee machine just leaked all over my desk and now my notes are a smeared mess. Of course this happens today. Everything is just a joke.,False
55,"""a former boxing champion who has won at many local and international tournaments.""",39.0,0,10,Just spent an hour trying to find a decent gym that isn't packed with people taking selfies between sets. This city is getting too soft.,False
55,"""a former boxing champion who has won at many local and international tournaments.""",39.0,1,10,"Just watched some ""highlight reel"" of a new prospect. Kid has zero head movement and thinks a flashy dance is a strategy. Embarrassing.",False
55,"""a former boxing champion who has won at many local and international tournaments.""",39.0,2,10,"Tired of seeing ""fitness influencers"" preaching about health while they can't even hold a proper plank for thirty seconds. Get a real trainer and stop lying to your followers.",False
55,"""a former boxing champion who has won at many local and international tournaments.""",39.0,3,10,Why is every sports movie now just a montage of the main character crying for ten minutes? Just get in the ring and fight already. Boring.,False
55,"""a former boxing champion who has won at many local and international tournaments.""",39.0,4,10,Just tried to order a protein shake from that new place downtown. Eight dollars for basically flavored water and a scoop of powder. Absolute rip-off.,False
55,"""a former boxing champion who has won at many local and international tournaments.""",39.0,5,10,"Just tried a ""luxury"" boxing club. The gloves are too puffy and the bags are basically pillows. Paying a premium to punch air is a joke.",False
55,"""a former boxing champion who has won at many local and international tournaments.""",39.0,6,10,@user_817 Exactly. Everything is too clean and fake now. Give me something that actually looks like it happened in the real world for once.,False
55,"""a former boxing champion who has won at many local and international tournaments.""",39.0,7,10,"My neighbor has been mowing his lawn for three hours. It’s a quarter acre of grass, not a professional stadium. Some people just love wasting time.",False
55,"""a former boxing champion who has won at many local and international tournaments.""",39.0,8,10,Just spent twenty minutes trying to fix a leaky faucet. Ended up just staring at the pipe. I’m useless at anything that doesn't involve hitting something.,False
55,"""a former boxing champion who has won at many local and international tournaments.""",39.0,9,10,@user_869 Spot on. People would rather pay for a miracle bottle than actually put in the work. It's pathetic.,False
56,"""A photographer who captures stunning portraits of Bar Refaeli for magazine covers""",45.0,0,11,Just spent three hours trying to get the lighting right in my living room for a simple product shot. Everything in this house is slightly crooked and it's driving me insane.,False
56,"""A photographer who captures stunning portraits of Bar Refaeli for magazine covers""",45.0,1,11,"Why does every movie trailer now use the exact same distorted bass sound? It’s not ""epic,"" it’s just a headache.",False
56,"""A photographer who captures stunning portraits of Bar Refaeli for magazine covers""",45.0,2,11,"Just tried that new ""authentic"" bakery downtown. Eight dollars for a croissant that tastes like cardboard and disappointment. Overpriced everything.",False
56,"""A photographer who captures stunning portraits of Bar Refaeli for magazine covers""",45.0,3,11,"Does anyone actually enjoy these ""smart"" home devices or do we all just like arguing with a plastic cylinder that can't understand a basic request? My lightbulbs are currently having a mid-life crisis.",False
56,"""A photographer who captures stunning portraits of Bar Refaeli for magazine covers""",45.0,4,11,Just spent twenty minutes looking for my keys only to realize they were in my hand the whole time. I can't even trust my own eyes anymore.,False
56,"""A photographer who captures stunning portraits of Bar Refaeli for magazine covers""",45.0,5,11,Just spent an hour trying to update my OS and now my laptop sounds like a jet engine taking off. Great. Just what I needed on a Tuesday.,False
56,"""A photographer who captures stunning portraits of Bar Refaeli for magazine covers""",45.0,6,11,"Just spent an hour scrolling through ""must-watch"" lists and now I'm too tired to actually watch anything. Every single recommendation is just a reboot of something that was fine the first time.",False
56,"""A photographer who captures stunning portraits of Bar Refaeli for magazine covers""",45.0,7,11,@user_786 Must be nice to actually find a solution that works. I've spent the last hour trying to sync two devices that are supposedly compatible and they're both just ignoring each other. Waste of time.,False
56,"""A photographer who captures stunning portraits of Bar Refaeli for magazine covers""",45.0,8,11,Who decided that adding a subscription fee to every single app was a good idea? I just want to edit a photo without being asked for my credit card every five seconds. Ridiculous.,False
56,"""A photographer who captures stunning portraits of Bar Refaeli for magazine covers""",45.0,9,11,Why is every restaurant menu now a QR code? I'm not scanning a website just to find out you have the same mediocre burger as every other place on the block. Just give me a piece of paper.,False
57,"""A policy maker responsible for implementing regulations to protect pollinators and promote biodiversity in agriculture""",46.0,0,12,Just spent three hours in a meeting arguing about seed coatings. Some people actually think a few tweaks to a PDF will fix a collapsing ecosystem. Absolute joke.,False
57,"""A policy maker responsible for implementing regulations to protect pollinators and promote biodiversity in agriculture""",46.0,1,12,"Just saw a ""natural"" lawn care ad that's basically just poison with a green leaf on the label. Marketing teams are actually geniuses at lying to people.",False
57,"""A policy maker responsible for implementing regulations to protect pollinators and promote biodiversity in agriculture""",46.0,2,12,Tried to actually enjoy a walk today but every backyard is just a sterile patch of fake grass. People really hate anything that actually grows.,False
57,"""A policy maker responsible for implementing regulations to protect pollinators and promote biodiversity in agriculture""",46.0,3,12,"Watching a ""how to garden"" video where they suggest using chemical fertilizers to get ""perfect"" blooms. Everything has to look like a plastic toy now. Pathetic.",False
57,"""A policy maker responsible for implementing regulations to protect pollinators and promote biodiversity in agriculture""",46.0,4,12,"Just read a proposal that suggests ""encouraging"" farmers to plant wildflowers instead of making it a requirement. Right, because voluntary suggestions always work when there's money on the line. Absolute waste of paper.",False
57,"""A policy maker responsible for implementing regulations to protect pollinators and promote biodiversity in agriculture""",46.0,5,12,"Just spent my entire lunch break reading a ""sustainable"" farm report that's basically a brochure for corporate greed. I'm actually exhausted by the sheer audacity of these people.",False
57,"""A policy maker responsible for implementing regulations to protect pollinators and promote biodiversity in agriculture""",46.0,6,12,"@user_20 exactly. They just change the font on the bottle and call it ""eco-friendly"" so they can keep dumping the same garbage into the soil. Absolute clowns.",False
57,"""A policy maker responsible for implementing regulations to protect pollinators and promote biodiversity in agriculture""",46.0,7,12,"Just saw another ""organic"" certification on a product that's probably produced in a warehouse by a robot. The bar for what we call sustainable is basically on the floor.",False
57,"""A policy maker responsible for implementing regulations to protect pollinators and promote biodiversity in agriculture""",46.0,8,12,"Just tried to order a salad and the ""local"" greens came from a facility three states away. I can't even buy a piece of lettuce without getting lied to.",False
57,"""A policy maker responsible for implementing regulations to protect pollinators and promote biodiversity in agriculture""",46.0,9,12,@user_52 it's just rain. Get outside and actually touch the dirt instead of moping by the window. Now the soil is actually usable for once.,False
58,"""A restaurateur specializing in Monegasque cuisine, who sources fresh seafood daily for traditional dishes""",32.0,0,13,"Just spent an hour arguing with a supplier over the price of sea urchins. Some people really think they can just hike prices because it's ""season."" Absolute joke.",False
58,"""A restaurateur specializing in Monegasque cuisine, who sources fresh seafood daily for traditional dishes""",32.0,1,13,@user_331 Must be nice to just play in the dirt. Some of us actually have to deal with people and a schedule.,False
58,"""A restaurateur specializing in Monegasque cuisine, who sources fresh seafood daily for traditional dishes""",32.0,2,13,Why is every single app update designed to make the simplest task take twice as long? I just wanted to check a menu and now I'm staring at a loading screen for five minutes. Pathetic.,False
58,"""A restaurateur specializing in Monegasque cuisine, who sources fresh seafood daily for traditional dishes""",32.0,3,13,"Just tried that new ""smart"" coffee machine at the office. It took three minutes to calibrate just to give me lukewarm bean water. Technology is a scam.",False
58,"""A restaurateur specializing in Monegasque cuisine, who sources fresh seafood daily for traditional dishes""",32.0,4,13,"@user_374 Exactly. People will buy literally anything if you slap a ""wellness"" label on it. Just open a curtain.",False
58,"""A restaurateur specializing in Monegasque cuisine, who sources fresh seafood daily for traditional dishes""",32.0,5,13,"@user_232 Typical. Management always wants the car to go 100mph while the wheels are falling off. Just let the thing crash and see if they still want ""velocity"" then.",False
58,"""A restaurateur specializing in Monegasque cuisine, who sources fresh seafood daily for traditional dishes""",32.0,6,13,"@user_349 Preach. The people who post those quotes usually have zero actual responsibilities. Try telling a deadline that ""the universe will provide.",False
58,"""A restaurateur specializing in Monegasque cuisine, who sources fresh seafood daily for traditional dishes""",32.0,7,13,@user_267 Imagine spending hundreds of dollars on a machine just to realize you're still miserable. Absolute waste of money.,False
58,"""A restaurateur specializing in Monegasque cuisine, who sources fresh seafood daily for traditional dishes""",32.0,8,13,@user_874 Just stop nodding and go get the lunch. At least the food doesn't require a slide deck to understand.,False
58,"""A restaurateur specializing in Monegasque cuisine, who sources fresh seafood daily for traditional dishes""",32.0,9,13,@user_96 Imagine having enough free time to organize a spice rack. Some of us have actual work to do.,False
59,"""A renowned jazz pianist who has collaborated with Branford Marsalis on numerous occasions""",34.0,0,14,Just spent an hour trying to find a decent recording of Coltrane that isn't compressed to death. Everything sounds like it was recorded on a toaster these days. Garbage.,False
59,"""A renowned jazz pianist who has collaborated with Branford Marsalis on numerous occasions""",34.0,1,14,"Just saw a ""modern jazz"" playlist where every track is just lo-fi beats with a random trumpet loop. Calling this jazz is an insult to anyone who actually knows how to read music. Pathetic.",False
59,"""A renowned jazz pianist who has collaborated with Branford Marsalis on numerous occasions""",34.0,2,14,Just spent forty minutes arguing with a guy who thinks a synthesizer can replace a real horn section. Some people have zero taste and way too much free time.,False
59,"""A renowned jazz pianist who has collaborated with Branford Marsalis on numerous occasions""",34.0,3,14,My neighbor has been practicing the saxophone for three hours and can't even hit a clean B flat. Some people really should just give up before they annoy the entire block.,False
59,"""A renowned jazz pianist who has collaborated with Branford Marsalis on numerous occasions""",34.0,4,14,"Just tried that new bistro downtown. The music was so loud I couldn't even hear myself think, and the food tasted like cardboard. Total waste of a Friday night.",False
59,"""A renowned jazz pianist who has collaborated with Branford Marsalis on numerous occasions""",34.0,5,14,"Watching a tutorial on ""how to improvise"" and the guy is just playing the same three scales over and over. This is why the bar is in the basement now. Embarrassing.",False
59,"""A renowned jazz pianist who has collaborated with Branford Marsalis on numerous occasions""",34.0,6,14,"Another ""award-winning"" album drop today. Five minutes in and it's just the same recycled chords they've been using for a decade. Boring.",False
59,"""A renowned jazz pianist who has collaborated with Branford Marsalis on numerous occasions""",34.0,7,14,"Why is every ""coffee shop"" now just a noisy warehouse with fluorescent lights and a $9 latte? I can't even read a book for ten minutes without hearing someone's Zoom call. Overrated.",False
59,"""A renowned jazz pianist who has collaborated with Branford Marsalis on numerous occasions""",34.0,8,14,Just tried to get a decent sandwich at the deli and they’ve replaced the staff with a touch screen. Now I have to fight a machine just to get extra mustard. What a joke.,False
59,"""A renowned jazz pianist who has collaborated with Branford Marsalis on numerous occasions""",34.0,9,14,@user_983 exactly. The flash is gone and now it's just mechanical. Nobody understands the stakes anymore.,False
